{"year":1978,"name":"root","categoryName":"root","children":[{"categoryName":"Eastern","children":[{"categoryName":"Atlantic","children":[{"num":108.2,"categoryName":"Boston_Celtics","children":[{"num":20.6,"categoryName":"Bob McAdoo","name":"1_14_1_40"},{"num":19,"categoryName":"Cedric Maxwell","name":"1_14_1_36"},{"num":16.6,"categoryName":"Dave Cowens","name":"1_14_1_3"},{"num":15.6,"categoryName":"Chris Ford","name":"1_14_1_41"},{"num":13.9,"categoryName":"Billy Knight","name":"1_14_1_42"},{"num":12.5,"categoryName":"Jo Jo White","name":"1_14_1_2"},{"num":12.4,"categoryName":"Rick Robey","name":"1_14_1_43"},{"num":11,"categoryName":"Tiny Archibald","name":"1_14_1_44"},{"num":8.8,"categoryName":"Jeff Judkins","name":"1_14_1_45"},{"num":8.1,"categoryName":"Marvin Barnes","name":"1_14_1_46"},{"num":6.7,"categoryName":"Curtis Rowe","name":"1_14_1_30"},{"num":6.7,"categoryName":"Earl Tatum","name":"1_14_1_47"},{"num":6.1,"categoryName":"Earl Williams","name":"1_14_1_48"},{"num":5.9,"categoryName":"Don Chaney","name":"1_14_1_5"},{"num":5.5,"categoryName":"Frankie Sanders","name":"1_14_1_49"},{"num":4.9,"categoryName":"Kevin Stacom","name":"1_14_1_22"},{"num":4.4,"categoryName":"Tom Barker","name":"1_14_1_50"},{"num":2.2,"categoryName":"Dennis Awtrey","name":"1_14_1_51"}],"name":"1_14_1_0"},{"num":107.7,"categoryName":"New_Jersey_Nets","children":[{"num":22.2,"categoryName":"John Williamson","name":"1_14_6_1"},{"num":21.6,"categoryName":"Bernard King","name":"1_14_6_2"},{"num":16.7,"categoryName":"Eric Money","name":"1_14_6_19"},{"num":12.4,"categoryName":"Eddie Jordan","name":"1_14_6_9"},{"num":9.3,"categoryName":"Winford Boynes","name":"1_14_6_20"},{"num":8.8,"categoryName":"Bob Elliott","name":"1_14_6_21"},{"num":8.1,"categoryName":"Wilson Washington","name":"1_14_6_10"},{"num":7.9,"categoryName":"Al Skinner","name":"1_14_6_4"},{"num":6.9,"categoryName":"Ralph Simpson","name":"1_14_6_22"},{"num":6.7,"categoryName":"J. Van Breda Kolff","name":"1_14_6_16"},{"num":6.6,"categoryName":"George Johnson","name":"1_14_6_11"},{"num":6.3,"categoryName":"Phil Jackson","name":"1_14_6_23"},{"num":6.1,"categoryName":"Harvey Catchings","name":"1_14_6_24"},{"num":3.9,"categoryName":"Tim Bassett","name":"1_14_6_15"}],"name":"1_14_6_0"},{"num":107.7,"categoryName":"New_York_Knicks","children":[{"num":26.9,"categoryName":"Bob McAdoo","name":"1_14_3_38"},{"num":17.8,"categoryName":"Spencer Haywood","name":"1_14_3_33"},{"num":17.3,"categoryName":"Ray Williams","name":"1_14_3_44"},{"num":16.6,"categoryName":"Toby Knight","name":"1_14_3_46"},{"num":12.3,"categoryName":"Earl Monroe","name":"1_14_3_15"},{"num":11.3,"categoryName":"Marvin Webster","name":"1_14_3_48"},{"num":9.5,"categoryName":"Joe Meriweather","name":"1_14_3_49"},{"num":9.5,"categoryName":"Jim Cleamons","name":"1_14_3_45"},{"num":7.8,"categoryName":"Mike Glenn","name":"1_14_3_50"},{"num":6.5,"categoryName":"M.R. Richardson","name":"1_14_3_51"},{"num":5,"categoryName":"Glen Gondrezick","name":"1_14_3_47"},{"num":4.6,"categoryName":"Tom Barker","name":"1_14_3_52"},{"num":3.2,"categoryName":"John Rudd","name":"1_14_3_53"},{"num":3.1,"categoryName":"Butch Beard","name":"1_14_3_34"},{"num":2.4,"categoryName":"Ron Behagen","name":"1_14_3_54"},{"num":2.3,"categoryName":"Greg Bunch","name":"1_14_3_55"}],"name":"1_14_3_0"},{"num":109.5,"categoryName":"Philadelphia_76ers","children":[{"num":23.1,"categoryName":"Julius Erving","name":"1_14_4_57"},{"num":19.5,"categoryName":"Doug Collins","name":"1_14_4_38"},{"num":13.1,"categoryName":"Darryl Dawkins","name":"1_14_4_55"},{"num":12.2,"categoryName":"Henry Bibby","name":"1_14_4_58"},{"num":12.1,"categoryName":"Bobby Jones","name":"1_14_4_66"},{"num":11.8,"categoryName":"Eric Money","name":"1_14_4_67"},{"num":9.3,"categoryName":"Steve Mix","name":"1_14_4_36"},{"num":9.3,"categoryName":"Caldwell Jones","name":"1_14_4_59"},{"num":8.4,"categoryName":"Maurice Cheeks","name":"1_14_4_68"},{"num":7.6,"categoryName":"Joe Bryant","name":"1_14_4_54"},{"num":5.5,"categoryName":"Ralph Simpson","name":"1_14_4_69"},{"num":4.5,"categoryName":"Al Skinner","name":"1_14_4_70"},{"num":2.8,"categoryName":"Harvey Catchings","name":"1_14_4_50"},{"num":0.5,"categoryName":"Marlon Redmond","name":"1_14_4_71"}],"name":"1_14_4_0"},{"num":114.9,"categoryName":"Washington_Bullets","children":[{"num":21.8,"categoryName":"Elvin Hayes","name":"1_14_7_1"},{"num":20.4,"categoryName":"Bob Dandridge","name":"1_14_7_2"},{"num":15.5,"categoryName":"Kevin Grevey","name":"1_14_7_3"},{"num":14.6,"categoryName":"Mitch Kupchak","name":"1_14_7_4"},{"num":10.9,"categoryName":"Wes Unseld","name":"1_14_7_5"},{"num":10.8,"categoryName":"Tom Henderson","name":"1_14_7_6"},{"num":9.3,"categoryName":"Larry Wright","name":"1_14_7_7"},{"num":9.2,"categoryName":"Charles Johnson","name":"1_14_7_8"},{"num":7.8,"categoryName":"Greg Ballard","name":"1_14_7_9"},{"num":5.8,"categoryName":"Phil Chenier","name":"1_14_7_10"},{"num":3,"categoryName":"Dave Corzine","name":"1_14_7_11"},{"num":2.8,"categoryName":"Roger Phegley","name":"1_14_7_12"}],"name":"1_14_7_0"}],"name":"1_14_0_0","num":548},{"categoryName":"Central","children":[{"num":109.1,"categoryName":"Atlanta_Hawks","children":[{"num":22.7,"categoryName":"John Drew","name":"1_15_1_32"},{"num":16,"categoryName":"Eddie Johnson","name":"1_15_1_55"},{"num":15.3,"categoryName":"Dan Roundfield","name":"1_15_1_60"},{"num":10.5,"categoryName":"Steve Hawes","name":"1_15_1_47"},{"num":10.2,"categoryName":"Armond Hill","name":"1_15_1_49"},{"num":9.9,"categoryName":"Terry Furlow","name":"1_15_1_61"},{"num":8.4,"categoryName":"Tree Rollins","name":"1_15_1_58"},{"num":7.7,"categoryName":"Jack Givens","name":"1_15_1_62"},{"num":7.7,"categoryName":"Butch Lee","name":"1_15_1_63"},{"num":7,"categoryName":"Tom McMillen","name":"1_15_1_56"},{"num":5.3,"categoryName":"Charlie Criss","name":"1_15_1_53"},{"num":3,"categoryName":"Rick Wilson","name":"1_15_1_64"},{"num":2.9,"categoryName":"Keith Herron","name":"1_15_1_65"}],"name":"1_15_1_0"},{"num":106.5,"categoryName":"Cleveland_Cavaliers","children":[{"num":21.9,"categoryName":"Campy Russell","name":"1_15_4_35"},{"num":17,"categoryName":"Austin Carr","name":"1_15_4_17"},{"num":13.4,"categoryName":"Jim Chones","name":"1_15_4_33"},{"num":13.3,"categoryName":"Terry Furlow","name":"1_15_4_46"},{"num":11.5,"categoryName":"Butch Lee","name":"1_15_4_48"},{"num":11.2,"categoryName":"Bingo Smith","name":"1_15_4_3"},{"num":10.8,"categoryName":"Walt Frazier","name":"1_15_4_45"},{"num":10.7,"categoryName":"Mike Mitchell","name":"1_15_4_49"},{"num":10.1,"categoryName":"Foots Walker","name":"1_15_4_36"},{"num":6.5,"categoryName":"Elmore Smith","name":"1_15_4_41"},{"num":5,"categoryName":"Kenny Higgs","name":"1_15_4_50"},{"num":4.7,"categoryName":"John Lambert","name":"1_15_4_39"},{"num":4.6,"categoryName":"Jim Brewer","name":"1_15_4_30"},{"num":4.1,"categoryName":"Harry Davis","name":"1_15_4_51"}],"name":"1_15_4_0"},{"num":110,"categoryName":"Detroit_Pistons","children":[{"num":23.6,"categoryName":"Bob Lanier","name":"1_15_10_1"},{"num":18.7,"categoryName":"M.L. Carr","name":"1_15_10_2"},{"num":16.1,"categoryName":"John Long","name":"1_15_10_3"},{"num":15.4,"categoryName":"Kevin Porter","name":"1_15_10_4"},{"num":12.9,"categoryName":"Terry Tyler","name":"1_15_10_5"},{"num":11.4,"categoryName":"Leon Douglas","name":"1_15_10_6"},{"num":11,"categoryName":"Chris Ford","name":"1_15_10_7"},{"num":7.8,"categoryName":"Earl Tatum","name":"1_15_10_8"},{"num":6.7,"categoryName":"Ben Poquette","name":"1_15_10_9"},{"num":6.6,"categoryName":"Rickey Green","name":"1_15_10_10"},{"num":4.5,"categoryName":"Robert Hawkins","name":"1_15_10_11"},{"num":4.5,"categoryName":"Otis Howard","name":"1_15_10_12"},{"num":2.8,"categoryName":"Essie Hollis","name":"1_15_10_13"},{"num":2.6,"categoryName":"Larry McNeill","name":"1_15_10_14"},{"num":2.4,"categoryName":"Andre Wakefield","name":"1_15_10_15"},{"num":2.3,"categoryName":"Jim Brewer","name":"1_15_10_16"},{"num":1.6,"categoryName":"Steve Sheppard","name":"1_15_10_17"},{"num":1.5,"categoryName":"Gus Gerard","name":"1_15_10_18"},{"num":1.2,"categoryName":"Dennis Boyd","name":"1_15_10_19"},{"num":0,"categoryName":"Ron Behagen","name":"1_15_10_20"}],"name":"1_15_10_0"},{"num":113.4,"categoryName":"Houston_Rockets","children":[{"num":24.8,"categoryName":"Moses Malone","name":"1_15_5_27"},{"num":20.2,"categoryName":"Calvin Murphy","name":"1_15_5_5"},{"num":19,"categoryName":"Rudy Tomjanovich","name":"1_15_5_1"},{"num":13.5,"categoryName":"Rick Barry","name":"1_15_5_41"},{"num":10.9,"categoryName":"Robert Reid","name":"1_15_5_33"},{"num":10.2,"categoryName":"Mike Newlin","name":"1_15_5_4"},{"num":8,"categoryName":"Mike Dunleavy","name":"1_15_5_36"},{"num":5.7,"categoryName":"Dwight Jones","name":"1_15_5_29"},{"num":3.7,"categoryName":"Slick Watts","name":"1_15_5_42"},{"num":2.8,"categoryName":"Alonzo Bradley","name":"1_15_5_34"},{"num":2.8,"categoryName":"Jacky Dorsey","name":"1_15_5_43"},{"num":1.8,"categoryName":"E.C. Coleman","name":"1_15_5_18"},{"num":1.6,"categoryName":"Tom Barker","name":"1_15_5_44"}],"name":"1_15_5_0"},{"num":108.3,"categoryName":"New_Orleans_Jazz","children":[{"num":24.2,"categoryName":"Truck Robinson","name":"1_15_7_31"},{"num":24,"categoryName":"Spencer Haywood","name":"1_15_7_36"},{"num":22.6,"categoryName":"Pete Maravich","name":"1_15_7_1"},{"num":16.9,"categoryName":"Jim McElroy","name":"1_15_7_24"},{"num":15.7,"categoryName":"Rich Kelley","name":"1_15_7_25"},{"num":12.7,"categoryName":"Gail Goodrich","name":"1_15_7_27"},{"num":10,"categoryName":"Aaron James","name":"1_15_7_4"},{"num":6.7,"categoryName":"Ron Lee","name":"1_15_7_37"},{"num":6.7,"categoryName":"James Hardy","name":"1_15_7_38"},{"num":6.1,"categoryName":"Joe Meriweather","name":"1_15_7_32"},{"num":5.3,"categoryName":"Marty Byrnes","name":"1_15_7_39"},{"num":4.9,"categoryName":"Ira Terrell","name":"1_15_7_40"},{"num":3.9,"categoryName":"Paul Griffin","name":"1_15_7_29"},{"num":3.9,"categoryName":"Tommie Green","name":"1_15_7_41"},{"num":2,"categoryName":"Gus Bailey","name":"1_15_7_35"}],"name":"1_15_7_0"},{"num":119.3,"categoryName":"San_Antonio_Spurs","children":[{"num":29.6,"categoryName":"George Gervin","name":"1_15_9_1"},{"num":22.1,"categoryName":"Larry Kenon","name":"1_15_9_2"},{"num":16,"categoryName":"James Silas","name":"1_15_9_7"},{"num":11.5,"categoryName":"Billy Paultz","name":"1_15_9_3"},{"num":9.4,"categoryName":"Mark Olberding","name":"1_15_9_5"},{"num":8,"categoryName":"Mike Gale","name":"1_15_9_6"},{"num":7.5,"categoryName":"Mike Green","name":"1_15_9_15"},{"num":6.5,"categoryName":"Coby Dietrick","name":"1_15_9_9"},{"num":6.4,"categoryName":"Allan Bristow","name":"1_15_9_4"},{"num":6,"categoryName":"Frankie Sanders","name":"1_15_9_19"},{"num":3.9,"categoryName":"Louie Dampier","name":"1_15_9_10"},{"num":3.3,"categoryName":"Glenn Mosley","name":"1_15_9_20"}],"name":"1_15_9_0"}],"name":"1_15_0_0","num":666.5999999999999}],"name":"1_0_0_0","num":1214.6},{"categoryName":"Western","children":[{"categoryName":"Midwest","children":[{"num":104.7,"categoryName":"Chicago_Bulls","children":[{"num":23.7,"categoryName":"Artis Gilmore","name":"2_32_1_37"},{"num":16.3,"categoryName":"Reggie Theus","name":"2_32_1_54"},{"num":15.4,"categoryName":"Mickey Johnson","name":"2_32_1_30"},{"num":12.6,"categoryName":"Wilbur Holland","name":"2_32_1_38"},{"num":11,"categoryName":"John Mengelt","name":"2_32_1_40"},{"num":9.2,"categoryName":"Ollie Johnson","name":"2_32_1_55"},{"num":8.1,"categoryName":"Mark Landsberger","name":"2_32_1_47"},{"num":5,"categoryName":"John Brown","name":"2_32_1_56"},{"num":4,"categoryName":"Scott May","name":"2_32_1_39"},{"num":2.7,"categoryName":"Charles Dudley","name":"2_32_1_57"},{"num":2.7,"categoryName":"Steve Sheppard","name":"2_32_1_50"},{"num":2.5,"categoryName":"Tate Armstrong","name":"2_32_1_49"},{"num":1.7,"categoryName":"Scott Lloyd","name":"2_32_1_58"},{"num":0,"categoryName":"Andre Wakefield","name":"2_32_1_59"}],"name":"2_32_1_0"},{"num":110.7,"categoryName":"Denver_Nuggets","children":[{"num":24,"categoryName":"David Thompson","name":"2_32_7_1"},{"num":22.6,"categoryName":"George McGinnis","name":"2_32_7_25"},{"num":17,"categoryName":"Dan Issel","name":"2_32_7_2"},{"num":12,"categoryName":"Charlie Scott","name":"2_32_7_26"},{"num":11.4,"categoryName":"Bob Wilkerson","name":"2_32_7_16"},{"num":10.6,"categoryName":"Tom Boswell","name":"2_32_7_27"},{"num":7.9,"categoryName":"Anthony Roberts","name":"2_32_7_17"},{"num":6.4,"categoryName":"Robert Smith","name":"2_32_7_22"},{"num":2.7,"categoryName":"Bo Ellis","name":"2_32_7_20"},{"num":2.6,"categoryName":"Kim Hughes","name":"2_32_7_28"},{"num":2,"categoryName":"Phil Hicks","name":"2_32_7_29"},{"num":1.4,"categoryName":"John Kuester","name":"2_32_7_30"},{"num":1.3,"categoryName":"Geoff Crompton","name":"2_32_7_31"}],"name":"2_32_7_0"},{"num":108.6,"categoryName":"Indiana_Pacers","children":[{"num":18.3,"categoryName":"Johnny Davis","name":"2_32_8_27"},{"num":17.3,"categoryName":"Ricky Sobers","name":"2_32_8_18"},{"num":16.7,"categoryName":"James Edwards","name":"2_32_8_19"},{"num":16,"categoryName":"Alex English","name":"2_32_8_28"},{"num":14.7,"categoryName":"Billy Knight","name":"2_32_8_1"},{"num":14.7,"categoryName":"Mike Bantom","name":"2_32_8_20"},{"num":8.6,"categoryName":"Rick Robey","name":"2_32_8_29"},{"num":4.7,"categoryName":"Corky Calhoun","name":"2_32_8_30"},{"num":4.2,"categoryName":"Len Elmore","name":"2_32_8_13"},{"num":4.2,"categoryName":"Kevin Stacom","name":"2_32_8_31"},{"num":3.9,"categoryName":"Wayne Radford","name":"2_32_8_32"},{"num":2.7,"categoryName":"Brad Davis","name":"2_32_8_33"},{"num":2.7,"categoryName":"Steve Green","name":"2_32_8_10"}],"name":"2_32_8_0"},{"num":113.1,"categoryName":"Kansas_City_Kings","children":[{"num":21.7,"categoryName":"Otis Birdsong","name":"2_32_6_21"},{"num":18.3,"categoryName":"Scott Wedman","name":"2_32_6_3"},{"num":15.9,"categoryName":"Phil Ford","name":"2_32_6_28"},{"num":13.4,"categoryName":"Bill Robinzine","name":"2_32_6_7"},{"num":10.6,"categoryName":"Sam Lacey","name":"2_32_6_4"},{"num":7.8,"categoryName":"Billy McKinney","name":"2_32_6_29"},{"num":7.8,"categoryName":"Tom Burleson","name":"2_32_6_23"},{"num":7.2,"categoryName":"Marlon Redmond","name":"2_32_6_30"},{"num":7,"categoryName":"Darnell Hillman","name":"2_32_6_31"},{"num":6.4,"categoryName":"Bob Nash","name":"2_32_6_24"},{"num":6,"categoryName":"Ron Behagen","name":"2_32_6_32"},{"num":5.1,"categoryName":"Lucius Allen","name":"2_32_6_22"},{"num":3.8,"categoryName":"Gus Gerard","name":"2_32_6_33"},{"num":2.1,"categoryName":"Richard Washington","name":"2_32_6_17"}],"name":"2_32_6_0"},{"num":114.1,"categoryName":"Milwaukee_Bucks","children":[{"num":25.6,"categoryName":"Marques Johnson","name":"2_32_3_51"},{"num":19.8,"categoryName":"Brian Winters","name":"2_32_3_37"},{"num":15.5,"categoryName":"Junior Bridgeman","name":"2_32_3_39"},{"num":12.3,"categoryName":"Kent Benson","name":"2_32_3_53"},{"num":10.3,"categoryName":"Ernie Grunfeld","name":"2_32_3_54"},{"num":7.2,"categoryName":"Quinn Buckner","name":"2_32_3_44"},{"num":7.1,"categoryName":"John Gianelli","name":"2_32_3_52"},{"num":7.1,"categoryName":"Kevin Restani","name":"2_32_3_33"},{"num":6.2,"categoryName":"George Johnson","name":"2_32_3_57"},{"num":5,"categoryName":"Lloyd Walton","name":"2_32_3_49"},{"num":3.5,"categoryName":"Sam Smith","name":"2_32_3_58"},{"num":3.3,"categoryName":"Otis Howard","name":"2_32_3_59"},{"num":2.8,"categoryName":"Norm Van Lier","name":"2_32_3_60"},{"num":0,"categoryName":"Del Beshore","name":"2_32_3_61"}],"name":"2_32_3_0"}],"name":"2_32_0_0","num":551.2},{"categoryName":"Pacific","children":[{"num":105.1,"categoryName":"Golden_State_Warriors","children":[{"num":19.9,"categoryName":"Phil Smith","name":"2_33_6_21"},{"num":17.2,"categoryName":"Robert Parish","name":"2_33_6_29"},{"num":16.1,"categoryName":"John Lucas","name":"2_33_6_38"},{"num":15.2,"categoryName":"Sonny Parker","name":"2_33_6_30"},{"num":12.3,"categoryName":"Jo Jo White","name":"2_33_6_39"},{"num":10.6,"categoryName":"Purvis Short","name":"2_33_6_40"},{"num":8.3,"categoryName":"Nate Williams","name":"2_33_6_33"},{"num":6.9,"categoryName":"Clifford Ray","name":"2_33_6_20"},{"num":6,"categoryName":"Tom Abernethy","name":"2_33_6_41"},{"num":4.7,"categoryName":"Wesley Cox","name":"2_33_6_35"},{"num":4.7,"categoryName":"Raymond Townsend","name":"2_33_6_42"},{"num":4.6,"categoryName":"Wayne Cooper","name":"2_33_6_43"},{"num":3,"categoryName":"Tony Robertson","name":"2_33_6_44"},{"num":2,"categoryName":"Ray Epps","name":"2_33_6_45"}],"name":"2_33_6_0"},{"num":112.9,"categoryName":"Los_Angeles_Lakers","children":[{"num":23.8,"categoryName":"K. Abdul-Jabbar","name":"2_33_1_35"},{"num":18.6,"categoryName":"Jamaal Wilkes","name":"2_33_1_57"},{"num":17.3,"categoryName":"Adrian Dantley","name":"2_33_1_53"},{"num":17.1,"categoryName":"Norm Nixon","name":"2_33_1_56"},{"num":9.8,"categoryName":"Lou Hudson","name":"2_33_1_55"},{"num":7.4,"categoryName":"Ron Boone","name":"2_33_1_63"},{"num":7.4,"categoryName":"Kenny Carr","name":"2_33_1_59"},{"num":6.7,"categoryName":"Don Ford","name":"2_33_1_37"},{"num":5.3,"categoryName":"Jim Price","name":"2_33_1_19"},{"num":4.8,"categoryName":"Dave Robisch","name":"2_33_1_60"},{"num":3.8,"categoryName":"Brad Davis","name":"2_33_1_62"},{"num":3.1,"categoryName":"Ron Carter","name":"2_33_1_64"},{"num":2,"categoryName":"Michael Cooper","name":"2_33_1_65"}],"name":"2_33_1_0"},{"num":115.4,"categoryName":"Phoenix_Suns","children":[{"num":24,"categoryName":"Paul Westphal","name":"2_33_8_26"},{"num":23.6,"categoryName":"Walter Davis","name":"2_33_8_39"},{"num":17.8,"categoryName":"Alvan Adams","name":"2_33_8_27"},{"num":16,"categoryName":"Truck Robinson","name":"2_33_8_45"},{"num":9.8,"categoryName":"Ron Lee","name":"2_33_8_34"},{"num":8.1,"categoryName":"Mike Bratz","name":"2_33_8_42"},{"num":7.8,"categoryName":"Don Buse","name":"2_33_8_40"},{"num":6.8,"categoryName":"Marty Byrnes","name":"2_33_8_46"},{"num":6.7,"categoryName":"Alvin Scott","name":"2_33_8_41"},{"num":6.3,"categoryName":"Gar Heard","name":"2_33_8_28"},{"num":5.9,"categoryName":"Joel Kramer","name":"2_33_8_47"},{"num":4.6,"categoryName":"Ted McClain","name":"2_33_8_48"},{"num":4,"categoryName":"Bayard Forrest","name":"2_33_8_43"}],"name":"2_33_8_0"},{"num":108.4,"categoryName":"Portland_Trail_Blazers","children":[{"num":20.4,"categoryName":"Maurice Lucas","name":"2_33_2_47"},{"num":18.5,"categoryName":"Tom Owens","name":"2_33_2_55"},{"num":15.3,"categoryName":"Lionel Hollins","name":"2_33_2_42"},{"num":14.7,"categoryName":"Mychal Thompson","name":"2_33_2_59"},{"num":13.3,"categoryName":"Ron Brewer","name":"2_33_2_60"},{"num":10.4,"categoryName":"Dave Twardzik","name":"2_33_2_48"},{"num":9.7,"categoryName":"Bob Gross","name":"2_33_2_44"},{"num":7.7,"categoryName":"T.R. Dunn","name":"2_33_2_58"},{"num":7.2,"categoryName":"Larry Steele","name":"2_33_2_19"},{"num":4.5,"categoryName":"Willie Smith","name":"2_33_2_61"},{"num":3.8,"categoryName":"Ira Terrell","name":"2_33_2_62"},{"num":3.6,"categoryName":"Jim McMillian","name":"2_33_2_63"},{"num":3.2,"categoryName":"Clemon Johnson","name":"2_33_2_64"},{"num":3,"categoryName":"Kim Anderson","name":"2_33_2_65"},{"num":2.3,"categoryName":"Lloyd Neal","name":"2_33_2_22"}],"name":"2_33_2_0"},{"num":113.1,"categoryName":"San_Diego_Clippers","children":[{"num":28.8,"categoryName":"World B. Free","name":"2_33_9_1"},{"num":20.5,"categoryName":"Randy Smith","name":"2_33_9_2"},{"num":13.8,"categoryName":"Nick Weatherspoon","name":"2_33_9_3"},{"num":11.3,"categoryName":"Kermit Washington","name":"2_33_9_4"},{"num":10.7,"categoryName":"Swen Nater","name":"2_33_9_5"},{"num":10.4,"categoryName":"Freeman Williams","name":"2_33_9_6"},{"num":9.8,"categoryName":"Sidney Wicks","name":"2_33_9_7"},{"num":7.3,"categoryName":"Connie Norman","name":"2_33_9_8"},{"num":6.5,"categoryName":"Kevin Kunnert","name":"2_33_9_9"},{"num":3.8,"categoryName":"Brian Taylor","name":"2_33_9_10"},{"num":2.9,"categoryName":"Bob Bigelow","name":"2_33_9_11"},{"num":1.3,"categoryName":"John Olive","name":"2_33_9_12"},{"num":1.2,"categoryName":"Jerome Whitehead","name":"2_33_9_13"},{"num":1,"categoryName":"Stan Pietkiewicz","name":"2_33_9_14"},{"num":0,"categoryName":"Scott Lloyd","name":"2_33_9_15"}],"name":"2_33_9_0"},{"num":106.6,"categoryName":"Seattle_Supersonics","children":[{"num":19.2,"categoryName":"Gus Williams","name":"2_33_5_50"},{"num":15.9,"categoryName":"Dennis Johnson","name":"2_33_5_46"},{"num":15.6,"categoryName":"Jack Sikma","name":"2_33_5_53"},{"num":14,"categoryName":"Fred Brown","name":"2_33_5_16"},{"num":13.5,"categoryName":"Lonnie Shelton","name":"2_33_5_59"},{"num":11,"categoryName":"John Johnson","name":"2_33_5_52"},{"num":11,"categoryName":"Tom LaGarde","name":"2_33_5_60"},{"num":6.6,"categoryName":"Wally Walker","name":"2_33_5_54"},{"num":5.6,"categoryName":"Paul Silas","name":"2_33_5_55"},{"num":5.1,"categoryName":"Lars Hansen","name":"2_33_5_61"},{"num":4.1,"categoryName":"Joe Hassett","name":"2_33_5_56"},{"num":3.8,"categoryName":"Jackie Robinson","name":"2_33_5_62"},{"num":3.7,"categoryName":"Dick Snyder","name":"2_33_5_4"},{"num":2,"categoryName":"Dennis Awtrey","name":"2_33_5_63"}],"name":"2_33_5_0"}],"name":"2_33_0_0","num":661.5}],"name":"2_0_0_0","num":1212.7}],"num":2427.3}