{"year":1947,"name":"root","categoryName":"root","children":[{"categoryName":"Eastern","children":[{"num":68.8,"categoryName":"Boston_Celtics","children":[{"num":19.4,"categoryName":"Ed Sadowski","name":"1_1_21_0"},{"num":10.2,"categoryName":"Mel Riebe","name":"1_1_22_0"},{"num":9.2,"categoryName":"Mike Bloom","name":"1_1_23_0"},{"num":7.8,"categoryName":"Connie Simmons","name":"1_1_1_0"},{"num":7.7,"categoryName":"Saul Mariaschin","name":"1_1_24_0"},{"num":7.2,"categoryName":"Bulbs Ehlers","name":"1_1_25_0"},{"num":6.1,"categoryName":"Jack Garfinkel","name":"1_1_10_0"},{"num":4,"categoryName":"Art Spector","name":"1_1_5_0"},{"num":3.5,"categoryName":"Stan Noszka","name":"1_1_26_0"},{"num":3.4,"categoryName":"George Munroe","name":"1_1_27_0"},{"num":3.3,"categoryName":"Gene Stump","name":"1_1_28_0"},{"num":3,"categoryName":"Chuck Connors","name":"1_1_9_0"},{"num":2.8,"categoryName":"Cecil Hankins","name":"1_1_29_0"},{"num":2.7,"categoryName":"Jack Hewson","name":"1_1_30_0"},{"num":1.4,"categoryName":"Charlie Hoefer","name":"1_1_4_0"},{"num":1,"categoryName":"John Janisch","name":"1_1_31_0"}],"name":"1_1_0_0"},{"num":74.5,"categoryName":"New_York_Knicks","children":[{"num":14.3,"categoryName":"Carl Braun","name":"1_2_21_0"},{"num":13,"categoryName":"Bud Palmer","name":"1_2_1_0"},{"num":10.5,"categoryName":"Dick Holub","name":"1_2_22_0"},{"num":10.1,"categoryName":"Sid Tanenbaum","name":"1_2_23_0"},{"num":7,"categoryName":"Stan Stutz","name":"1_2_4_0"},{"num":6.4,"categoryName":"Tommy Byrnes","name":"1_2_6_0"},{"num":5.4,"categoryName":"Lee Knorek","name":"1_2_5_0"},{"num":5.2,"categoryName":"Ray Kuka","name":"1_2_24_0"},{"num":4.9,"categoryName":"Leo Gottlieb","name":"1_2_8_0"},{"num":4.1,"categoryName":"B. Van Breda Kolff","name":"1_2_18_0"},{"num":3.4,"categoryName":"Paul Noel","name":"1_2_25_0"},{"num":2.3,"categoryName":"Wat Misaka","name":"1_2_26_0"},{"num":1.3,"categoryName":"Sonny Hertzberg","name":"1_2_2_0"}],"name":"1_2_0_0"},{"num":68.6,"categoryName":"Philadelphia_Warriors","children":[{"num":23.2,"categoryName":"Joe Fulks","name":"1_3_1_0"},{"num":9.4,"categoryName":"Angelo Musi","name":"1_3_2_0"},{"num":8.8,"categoryName":"Howie Dallmar","name":"1_3_3_0"},{"num":7,"categoryName":"Ralph Kaplowitz","name":"1_3_4_0"},{"num":6.3,"categoryName":"George Senesky","name":"1_3_5_0"},{"num":6,"categoryName":"Art Hillhouse","name":"1_3_6_0"},{"num":4.5,"categoryName":"Jerry Fleishman","name":"1_3_7_0"},{"num":3.4,"categoryName":"Fred Sheffield","name":"1_3_8_0"},{"num":2.9,"categoryName":"Petey Rosenberg","name":"1_3_9_0"},{"num":2.5,"categoryName":"Jerry Rullo","name":"1_3_10_0"},{"num":1.7,"categoryName":"Matt Guokas, Sr.","name":"1_3_11_0"},{"num":0.7,"categoryName":"John Murphy","name":"1_3_12_0"}],"name":"1_3_0_0"},{"num":69.1,"categoryName":"Providence_Steam_Rollers","children":[{"num":12.7,"categoryName":"Kenny Sailors","name":"1_4_18_0"},{"num":11.9,"categoryName":"Ernie Calverley","name":"1_4_1_0"},{"num":11.6,"categoryName":"George Nostrand","name":"1_4_19_0"},{"num":10.9,"categoryName":"Jack Toomay","name":"1_4_20_0"},{"num":10.1,"categoryName":"Johnny Ezersky","name":"1_4_21_0"},{"num":8,"categoryName":"Earl Shannon","name":"1_4_4_0"},{"num":6.8,"categoryName":"Hank Beenders","name":"1_4_2_0"},{"num":6.3,"categoryName":"Lee Robbins","name":"1_4_22_0"},{"num":5.6,"categoryName":"Mel Thurston","name":"1_4_23_0"},{"num":5.4,"categoryName":"Bob Hubbard","name":"1_4_24_0"},{"num":4.9,"categoryName":"John Janisch","name":"1_4_25_0"},{"num":4.6,"categoryName":"Ray Wertis","name":"1_4_26_0"},{"num":3.9,"categoryName":"Ariel Maughan","name":"1_4_27_0"},{"num":3.8,"categoryName":"Pop Goodwin","name":"1_4_7_0"},{"num":3.2,"categoryName":"Dino Martin","name":"1_4_3_0"},{"num":2.5,"categoryName":"George Mearns","name":"1_4_6_0"},{"num":2,"categoryName":"Jerry Kelly","name":"1_4_28_0"},{"num":2,"categoryName":"Nat Hickey","name":"1_4_29_0"},{"num":0,"categoryName":"Bill Downey","name":"1_4_30_0"},{"num":0,"categoryName":"Dick Fitzgerald","name":"1_4_31_0"},{"num":0,"categoryName":"Wyndol Gray","name":"1_4_32_0"}],"name":"1_4_0_0"}],"name":"1_0_0_0","num":281},{"categoryName":"Western","children":[{"num":74.4,"categoryName":"Baltimore_Bullets_(1st)","children":[{"num":12,"categoryName":"Kleggie Hermsen","name":"2_6_1_0"},{"num":11.5,"categoryName":"Chick Reiser","name":"2_6_2_0"},{"num":11.1,"categoryName":"Mike Bloom","name":"2_6_3_0"},{"num":10.7,"categoryName":"Buddy Jeannette","name":"2_6_4_0"},{"num":10.6,"categoryName":"Connie Simmons","name":"2_6_5_0"},{"num":10.5,"categoryName":"Paul Hoffman","name":"2_6_6_0"},{"num":8,"categoryName":"Dick Schulz","name":"2_6_7_0"},{"num":7.1,"categoryName":"Grady Lewis","name":"2_6_8_0"},{"num":5.3,"categoryName":"Carl Meinhold","name":"2_6_9_0"},{"num":4.4,"categoryName":"Irv Rothenberg","name":"2_6_10_0"},{"num":3.5,"categoryName":"Paul Seymour","name":"2_6_11_0"},{"num":2.6,"categoryName":"Herm Fuetsch","name":"2_6_12_0"},{"num":2.5,"categoryName":"Johnny Jorgensen","name":"2_6_13_0"},{"num":1.4,"categoryName":"Herm Klotz","name":"2_6_14_0"},{"num":1,"categoryName":"Elmer Gainer","name":"2_6_15_0"},{"num":0.4,"categoryName":"John Abramovic","name":"2_6_16_0"},{"num":0,"categoryName":"Chet McNabb","name":"2_6_17_0"},{"num":0,"categoryName":"Jerry Rullo","name":"2_6_18_0"}],"name":"2_6_0_0"},{"num":75.8,"categoryName":"Chicago_Stags","children":[{"num":21,"categoryName":"Max Zaslofsky","name":"2_1_1_0"},{"num":14.9,"categoryName":"Stan Miasek","name":"2_1_17_0"},{"num":10.8,"categoryName":"Andy Phillip","name":"2_1_18_0"},{"num":9.6,"categoryName":"Chuck Gilmur","name":"2_1_10_0"},{"num":8.4,"categoryName":"Gene Vance","name":"2_1_19_0"},{"num":6.2,"categoryName":"Jim Seminoff","name":"2_1_6_0"},{"num":5.2,"categoryName":"Chick Halbert","name":"2_1_2_0"},{"num":4,"categoryName":"Johnny Jorgensen","name":"2_1_20_0"},{"num":3.6,"categoryName":"Paul Huston","name":"2_1_21_0"},{"num":2.7,"categoryName":"Mickey Rottner","name":"2_1_5_0"},{"num":1.5,"categoryName":"Jack Toomay","name":"2_1_22_0"},{"num":1.5,"categoryName":"Ben Schadler","name":"2_1_23_0"},{"num":0.9,"categoryName":"Gene Rock","name":"2_1_24_0"},{"num":0,"categoryName":"Kenny Sailors","name":"2_1_25_0"}],"name":"2_1_0_0"},{"num":71.5,"categoryName":"St._Louis_Bombers","children":[{"num":13.4,"categoryName":"John Logan","name":"2_5_1_0"},{"num":12.7,"categoryName":"Red Rocha","name":"2_5_15_0"},{"num":11.1,"categoryName":"Belus Smawley","name":"2_5_2_0"},{"num":10.6,"categoryName":"Bob Doll","name":"2_5_3_0"},{"num":7.8,"categoryName":"Irv Rothenberg","name":"2_5_16_0"},{"num":6.9,"categoryName":"Grady Lewis","name":"2_5_17_0"},{"num":6.4,"categoryName":"Don Putman","name":"2_5_5_0"},{"num":4.6,"categoryName":"Ariel Maughan","name":"2_5_18_0"},{"num":3.9,"categoryName":"Buddy O'Grady","name":"2_5_19_0"},{"num":3.8,"categoryName":"Giff Roux","name":"2_5_6_0"},{"num":2.2,"categoryName":"Don Martin","name":"2_5_10_0"},{"num":1.2,"categoryName":"Wyndol Gray","name":"2_5_20_0"},{"num":1,"categoryName":"John Abramovic","name":"2_5_21_0"}],"name":"2_5_0_0"},{"num":73.7,"categoryName":"Washington_Capitols","children":[{"num":16.1,"categoryName":"Bob Feerick","name":"2_7_1_0"},{"num":12.5,"categoryName":"Fred Scolari","name":"2_7_2_0"},{"num":11.3,"categoryName":"Bones McKinney","name":"2_7_3_0"},{"num":9.8,"categoryName":"Johnny Norlander","name":"2_7_4_0"},{"num":7.4,"categoryName":"Sonny Hertzberg","name":"2_7_5_0"},{"num":7.2,"categoryName":"Irv Torgoff","name":"2_7_6_0"},{"num":6.6,"categoryName":"John Mahnken","name":"2_7_7_0"},{"num":4.2,"categoryName":"Dick O'Keefe","name":"2_7_8_0"},{"num":4.2,"categoryName":"Irv Rothenberg","name":"2_7_9_0"},{"num":2.4,"categoryName":"Jack Tingle","name":"2_7_10_0"}],"name":"2_7_0_0"}],"name":"2_0_0_0","num":295.4}],"num":576.4}