{
  "year": 1959,
  "name": "root",
  "categoryName": "root",
  "children": [
    {
      "categoryName": "Eastern",
      "children": [
        {
          "num": 124.5,
          "categoryName": "Boston_Celtics",
          "children": [
            {
              "num": 21.7,
              "categoryName": "Tom Heinsohn",
              "name": "1_1_89_0"
            },
            {
              "num": 19.4,
              "categoryName": "Bob Cousy",
              "name": "1_1_58_0"
            },
            {
              "num": 19.3,
              "categoryName": "Bill Sharman",
              "name": "1_1_70_0"
            },
            {
              "num": 18.2,
              "categoryName": "Bill Russell",
              "name": "1_1_90_0"
            },
            {
              "num": 15.3,
              "categoryName": "Frank Ramsey",
              "name": "1_1_80_0"
            },
            {
              "num": 11.9,
              "categoryName": "Sam Jones",
              "name": "1_1_93_0"
            },
            {
              "num": 10,
              "categoryName": "Maury King",
              "name": "1_1_96_0"
            },
            {
              "num": 6.7,
              "categoryName": "Gene Conley",
              "name": "1_1_74_0"
            },
            {
              "num": 6.3,
              "categoryName": "K.C. Jones",
              "name": "1_1_95_0"
            },
            {
              "num": 5.5,
              "categoryName": "Jim Loscutoff",
              "name": "1_1_86_0"
            },
            {
              "num": 4.3,
              "categoryName": "John Richter",
              "name": "1_1_97_0"
            },
            {
              "num": 3,
              "categoryName": "Gene Guarilia",
              "name": "1_1_98_0"
            }
          ],
          "name": "1_1_0_0"
        },
        {
          "num": 117.3,
          "categoryName": "New_York_Knicks",
          "children": [
            {
              "num": 21.8,
              "categoryName": "Richie Guerin",
              "name": "1_2_73_0"
            },
            {
              "num": 21.4,
              "categoryName": "Willie Naulls",
              "name": "1_2_72_0"
            },
            {
              "num": 18.5,
              "categoryName": "Kenny Sears",
              "name": "1_2_68_0"
            },
            {
              "num": 12.9,
              "categoryName": "Carl Braun",
              "name": "1_2_21_0"
            },
            {
              "num": 12.9,
              "categoryName": "Dick Garmaker",
              "name": "1_2_90_0"
            },
            {
              "num": 12.8,
              "categoryName": "Charlie Tyra",
              "name": "1_2_80_0"
            },
            {
              "num": 11.4,
              "categoryName": "Cal Ramsey",
              "name": "1_2_91_0"
            },
            {
              "num": 9.5,
              "categoryName": "Jack George",
              "name": "1_2_86_0"
            },
            {
              "num": 8,
              "categoryName": "Jim Palmer",
              "name": "1_2_92_0"
            },
            {
              "num": 7.4,
              "categoryName": "Mike Farmer",
              "name": "1_2_87_0"
            },
            {
              "num": 7,
              "categoryName": "Johnny Green",
              "name": "1_2_93_0"
            },
            {
              "num": 6.9,
              "categoryName": "Ron Sobie",
              "name": "1_2_75_0"
            },
            {
              "num": 5.4,
              "categoryName": "Whitey Bell",
              "name": "1_2_94_0"
            },
            {
              "num": 5.1,
              "categoryName": "Ray Felix",
              "name": "1_2_57_0"
            },
            {
              "num": 4,
              "categoryName": "Bob Anderegg",
              "name": "1_2_95_0"
            },
            {
              "num": 1.3,
              "categoryName": "Brendan McCann",
              "name": "1_2_84_0"
            }
          ],
          "name": "1_2_0_0"
        },
        {
          "num": 118.6,
          "categoryName": "Philadelphia_Warriors",
          "children": [],
          "name": "1_3_0_0"
        },
        {
          "num": 118.9,
          "categoryName": "Syracuse_Nationals",
          "children": [],
          "name": "1_8_0_0"
        }
      ],
      "name": "1_0_0_0",
      "num": 479.29999999999995
    },
    {
      "categoryName": "Western",
      "children": [
        {
          "num": 111.1,
          "categoryName": "Cincinnati_Royals",
          "children": [],
          "name": "2_20_0_0"
        },
        {
          "num": 111.6,
          "categoryName": "Detroit_Pistons",
          "children": [
            {
              "num": 22.8,
              "categoryName": "Gene Shue",
              "name": "2_21_2_0"
            },
            {
              "num": 17.8,
              "categoryName": "Bailey Howell",
              "name": "2_21_22_0"
            },
            {
              "num": 15.2,
              "categoryName": "Walter Dukes",
              "name": "2_21_4_0"
            },
            {
              "num": 11.3,
              "categoryName": "Chuck Noble",
              "name": "2_21_9_0"
            },
            {
              "num": 11.2,
              "categoryName": "Ed Conlin",
              "name": "2_21_17_0"
            },
            {
              "num": 9.7,
              "categoryName": "Archie Dees",
              "name": "2_21_23_0"
            },
            {
              "num": 8.9,
              "categoryName": "Shellie McMillon",
              "name": "2_21_20_0"
            },
            {
              "num": 8.9,
              "categoryName": "Earl Lloyd",
              "name": "2_21_18_0"
            },
            {
              "num": 7.1,
              "categoryName": "Dick McGuire",
              "name": "2_21_6_0"
            },
            {
              "num": 6.9,
              "categoryName": "Barney Cable",
              "name": "2_21_21_0"
            },
            {
              "num": 5.1,
              "categoryName": "Billy Kenville",
              "name": "2_21_10_0"
            },
            {
              "num": 4,
              "categoryName": "Tony Windis",
              "name": "2_21_24_0"
            },
            {
              "num": 4,
              "categoryName": "Gary Alcorn",
              "name": "2_21_25_0"
            }
          ],
          "name": "2_21_0_0"
        },
        {
          "num": 107.3,
          "categoryName": "Minneapolis_Lakers",
          "children": [],
          "name": "2_10_0_0"
        },
        {
          "num": 113.4,
          "categoryName": "St._Louis_Hawks",
          "children": [],
          "name": "2_19_0_0"
        }
      ],
      "name": "2_0_0_0",
      "num": 443.4
    }
  ],
  "num": 922.6999999999999
}