{"year":1995,"name":"root","categoryName":"root","children":[{"categoryName":"Eastern","children":[{"categoryName":"Atlantic","children":[{"num":103.6,"categoryName":"Boston_Celtics","children":[{"num":19.7,"categoryName":"Dino Radja","name":"1_14_1_116"},{"num":14,"categoryName":"Rick Fox","name":"1_14_1_103"},{"num":13,"categoryName":"Dana Barros","name":"1_14_1_133"},{"num":12.3,"categoryName":"David Wesley","name":"1_14_1_125"},{"num":12,"categoryName":"Todd Day","name":"1_14_1_134"},{"num":10.7,"categoryName":"Eric Williams","name":"1_14_1_135"},{"num":10.7,"categoryName":"Dee Brown","name":"1_14_1_98"},{"num":9.8,"categoryName":"Sherman Douglas","name":"1_14_1_104"},{"num":9.6,"categoryName":"Greg Minor","name":"1_14_1_129"},{"num":7.2,"categoryName":"Eric Montross","name":"1_14_1_124"},{"num":5.3,"categoryName":"Pervis Ellison","name":"1_14_1_127"},{"num":3.1,"categoryName":"Junior Burrough","name":"1_14_1_136"},{"num":2.3,"categoryName":"Alton Lister","name":"1_14_1_137"},{"num":2.3,"categoryName":"Thomas Hamilton","name":"1_14_1_138"},{"num":1.9,"categoryName":"Doug Smith","name":"1_14_1_139"},{"num":0.7,"categoryName":"Todd Mundt","name":"1_14_1_140"},{"num":0.7,"categoryName":"Charles Claxton","name":"1_14_1_141"},{"num":0,"categoryName":"Larry Sykes","name":"1_14_1_142"}],"name":"1_14_1_0"},{"num":96.5,"categoryName":"Miami_Heat","children":[{"num":23.2,"categoryName":"Alonzo Mourning","name":"1_14_9_38"},{"num":17.2,"categoryName":"Tim Hardaway","name":"1_14_9_39"},{"num":15.2,"categoryName":"Chris Gatling","name":"1_14_9_40"},{"num":14.8,"categoryName":"Billy Owens","name":"1_14_9_32"},{"num":14,"categoryName":"Rex Chapman","name":"1_14_9_41"},{"num":13.4,"categoryName":"Sasha Danilovic","name":"1_14_9_42"},{"num":12.8,"categoryName":"Bimbo Coles","name":"1_14_9_16"},{"num":12,"categoryName":"Walt Williams","name":"1_14_9_43"},{"num":10.2,"categoryName":"Kevin Willis","name":"1_14_9_31"},{"num":9,"categoryName":"Kurt Thomas","name":"1_14_9_44"},{"num":6.9,"categoryName":"Kevin Gamble","name":"1_14_9_34"},{"num":6.1,"categoryName":"Keith Askins","name":"1_14_9_18"},{"num":5.9,"categoryName":"Voshon Lenard","name":"1_14_9_45"},{"num":4.7,"categoryName":"Pete Myers","name":"1_14_9_46"},{"num":4.6,"categoryName":"Tyrone Corbin","name":"1_14_9_47"},{"num":4.4,"categoryName":"Jeff Malone","name":"1_14_9_48"},{"num":4.4,"categoryName":"Tony Smith","name":"1_14_9_49"},{"num":3.2,"categoryName":"Danny Schayes","name":"1_14_9_50"},{"num":3,"categoryName":"Terrence Rencher","name":"1_14_9_51"},{"num":2.5,"categoryName":"Stacey King","name":"1_14_9_52"},{"num":2.4,"categoryName":"Ron Grandison","name":"1_14_9_53"},{"num":1.1,"categoryName":"LeRon Ellis","name":"1_14_9_54"}],"name":"1_14_9_0"},{"num":93.7,"categoryName":"New_Jersey_Nets","children":[{"num":18.3,"categoryName":"Armen Gilliam","name":"1_14_6_133"},{"num":17.5,"categoryName":"Kendall Gill","name":"1_14_6_144"},{"num":15.3,"categoryName":"Kenny Anderson","name":"1_14_6_120"},{"num":12.8,"categoryName":"Chris Childs","name":"1_14_6_141"},{"num":12.5,"categoryName":"Shawn Bradley","name":"1_14_6_145"},{"num":11.6,"categoryName":"Kevin Edwards","name":"1_14_6_132"},{"num":11.3,"categoryName":"P.J. Brown","name":"1_14_6_136"},{"num":9,"categoryName":"Jayson Williams","name":"1_14_6_126"},{"num":7.7,"categoryName":"Vern Fleming","name":"1_14_6_146"},{"num":6.2,"categoryName":"Ed O'Bannon","name":"1_14_6_147"},{"num":4.1,"categoryName":"Greg Graham","name":"1_14_6_148"},{"num":3.8,"categoryName":"Khalid Reeves","name":"1_14_6_149"},{"num":3,"categoryName":"Rex Walters","name":"1_14_6_138"},{"num":3,"categoryName":"Robert Werdann","name":"1_14_6_150"},{"num":2.8,"categoryName":"Yinka Dare","name":"1_14_6_143"},{"num":2.4,"categoryName":"Rick Mahorn","name":"1_14_6_127"},{"num":2.4,"categoryName":"Tim Perry","name":"1_14_6_151"},{"num":2.1,"categoryName":"Gerald Glass","name":"1_14_6_152"}],"name":"1_14_6_0"},{"num":97.2,"categoryName":"New_York_Knicks","children":[{"num":22.5,"categoryName":"Patrick Ewing","name":"1_14_3_90"},{"num":14.6,"categoryName":"Anthony Mason","name":"1_14_3_124"},{"num":14,"categoryName":"Derek Harper","name":"1_14_3_139"},{"num":12.6,"categoryName":"John Starks","name":"1_14_3_120"},{"num":11.4,"categoryName":"Charles Oakley","name":"1_14_3_112"},{"num":10.7,"categoryName":"Hubert Davis","name":"1_14_3_135"},{"num":7.4,"categoryName":"Charles Smith","name":"1_14_3_131"},{"num":6.6,"categoryName":"J.R. Reid","name":"1_14_3_148"},{"num":6,"categoryName":"Matt Fish","name":"1_14_3_149"},{"num":5,"categoryName":"Willie Anderson","name":"1_14_3_150"},{"num":4.9,"categoryName":"Gary Grant","name":"1_14_3_151"},{"num":4,"categoryName":"Doug Christie","name":"1_14_3_145"},{"num":3.9,"categoryName":"Charlie Ward","name":"1_14_3_144"},{"num":3.9,"categoryName":"Brad Lohaus","name":"1_14_3_152"},{"num":2.4,"categoryName":"Herb Williams","name":"1_14_3_137"},{"num":3,"categoryName":"Ron Grandison","name":"1_14_3_146"},{"num":1.4,"categoryName":"Monty Williams","name":"1_14_3_143"}],"name":"1_14_3_0"},{"num":104.5,"categoryName":"Orlando_Magic","children":[{"num":26.6,"categoryName":"Shaquille O'Neal","name":"1_14_10_18"},{"num":21.7,"categoryName":"Penny Hardaway","name":"1_14_10_25"},{"num":17.5,"categoryName":"Dennis Scott","name":"1_14_10_1"},{"num":14.7,"categoryName":"Nick Anderson","name":"1_14_10_2"},{"num":13.4,"categoryName":"Horace Grant","name":"1_14_10_33"},{"num":6.6,"categoryName":"Brian Shaw","name":"1_14_10_34"},{"num":5.3,"categoryName":"Donald Royal","name":"1_14_10_19"},{"num":4.6,"categoryName":"Joe Wolf","name":"1_14_10_37"},{"num":4.2,"categoryName":"Brooks Thompson","name":"1_14_10_36"},{"num":4.2,"categoryName":"Anthony Bowie","name":"1_14_10_4"},{"num":3.6,"categoryName":"Jeff Turner","name":"1_14_10_11"},{"num":3.3,"categoryName":"Anthony Bonner","name":"1_14_10_38"},{"num":3.2,"categoryName":"Darrell Armstrong","name":"1_14_10_35"},{"num":3,"categoryName":"Jon Koncak","name":"1_14_10_39"},{"num":1.9,"categoryName":"David Vaughn","name":"1_14_10_40"},{"num":1.3,"categoryName":"Geert Hammink","name":"1_14_10_29"}],"name":"1_14_10_0"},{"num":94.5,"categoryName":"Philadelphia_76ers","children":[{"num":19.2,"categoryName":"Jerry Stackhouse","name":"1_14_4_185"},{"num":16.7,"categoryName":"C. Weatherspoon","name":"1_14_4_157"},{"num":16.2,"categoryName":"Vernon Maxwell","name":"1_14_4_186"},{"num":12.8,"categoryName":"Trevor Ruffin","name":"1_14_4_187"},{"num":11.2,"categoryName":"Derrick Coleman","name":"1_14_4_188"},{"num":10.5,"categoryName":"Sharone Wright","name":"1_14_4_174"},{"num":9.9,"categoryName":"Tony Massenburg","name":"1_14_4_189"},{"num":8.8,"categoryName":"Shawn Bradley","name":"1_14_4_165"},{"num":8,"categoryName":"Sean Higgins","name":"1_14_4_190"},{"num":7,"categoryName":"Greg Graham","name":"1_14_4_168"},{"num":6.3,"categoryName":"Greg Sutton","name":"1_14_4_191"},{"num":6.3,"categoryName":"Scott Skiles","name":"1_14_4_192"},{"num":6.2,"categoryName":"Jeff Malone","name":"1_14_4_162"},{"num":6.2,"categoryName":"Derrick Alston","name":"1_14_4_177"},{"num":6.2,"categoryName":"Richard Dumas","name":"1_14_4_193"},{"num":5.6,"categoryName":"Ed Pinckney","name":"1_14_4_194"},{"num":4.6,"categoryName":"Rex Walters","name":"1_14_4_195"},{"num":4.1,"categoryName":"Greg Grant","name":"1_14_4_154"},{"num":3.8,"categoryName":"Trevor Wilson","name":"1_14_4_196"},{"num":3.1,"categoryName":"Scott Williams","name":"1_14_4_176"},{"num":2.9,"categoryName":"Mike Brown","name":"1_14_4_197"},{"num":2.4,"categoryName":"Tim Perry","name":"1_14_4_159"},{"num":1.9,"categoryName":"LaSalle Thompson","name":"1_14_4_198"},{"num":1.4,"categoryName":"Elmer Bennett","name":"1_14_4_199"}],"name":"1_14_4_0"},{"num":102.5,"categoryName":"Washington_Bullets","children":[{"num":23.7,"categoryName":"Chris Webber","name":"1_14_7_116"},{"num":22.1,"categoryName":"Juwan Howard","name":"1_14_7_117"},{"num":18.1,"categoryName":"Robert Pack","name":"1_14_7_118"},{"num":15.1,"categoryName":"Calbert Cheaney","name":"1_14_7_106"},{"num":14.5,"categoryName":"Gheorghe Muresan","name":"1_14_7_109"},{"num":10.1,"categoryName":"Rasheed Wallace","name":"1_14_7_119"},{"num":10,"categoryName":"Brent Price","name":"1_14_7_103"},{"num":9.4,"categoryName":"Tim Legler","name":"1_14_7_120"},{"num":8.6,"categoryName":"Ledell Eackles","name":"1_14_7_79"},{"num":8,"categoryName":"Mark Price","name":"1_14_7_121"},{"num":7.1,"categoryName":"Chris Whitney","name":"1_14_7_122"},{"num":3.9,"categoryName":"Mitchell Butler","name":"1_14_7_107"},{"num":3.5,"categoryName":"Kevin Pritchard","name":"1_14_7_123"},{"num":3,"categoryName":"Bob McCann","name":"1_14_7_124"},{"num":2.4,"categoryName":"Greg Grant","name":"1_14_7_125"},{"num":2.3,"categoryName":"Jim McIlvaine","name":"1_14_7_126"},{"num":2,"categoryName":"Michael Curry","name":"1_14_7_127"},{"num":1.6,"categoryName":"Jeff Webster","name":"1_14_7_128"},{"num":1.3,"categoryName":"Cedric Lewis","name":"1_14_7_129"},{"num":0.4,"categoryName":"Bob Thornton","name":"1_14_7_130"},{"num":0,"categoryName":"Mike Peplowski","name":"1_14_7_131"}],"name":"1_14_7_0"}],"name":"1_14_0_0","num":692.5},{"categoryName":"Central","children":[{"num":98.3,"categoryName":"Atlanta_Hawks","children":[{"num":18.1,"categoryName":"Steve Smith","name":"1_15_1_152"},{"num":15.7,"categoryName":"Mookie Blaylock","name":"1_15_1_139"},{"num":14.2,"categoryName":"Christian Laettner","name":"1_15_1_161"},{"num":13.1,"categoryName":"Grant Long","name":"1_15_1_154"},{"num":12.9,"categoryName":"Andrew Lang","name":"1_15_1_148"},{"num":12.7,"categoryName":"Stacey Augmon","name":"1_15_1_131"},{"num":8.9,"categoryName":"Ken Norman","name":"1_15_1_153"},{"num":8.5,"categoryName":"Craig Ehlo","name":"1_15_1_147"},{"num":6.4,"categoryName":"Alan Henderson","name":"1_15_1_162"},{"num":5.9,"categoryName":"Spud Webb","name":"1_15_1_102"},{"num":5.8,"categoryName":"Sean Rooks","name":"1_15_1_163"},{"num":3.9,"categoryName":"Reggie Jordan","name":"1_15_1_164"},{"num":3.8,"categoryName":"Matt Bullard","name":"1_15_1_165"},{"num":3,"categoryName":"Donnie Boyce","name":"1_15_1_166"},{"num":2.6,"categoryName":"Howard Nathan","name":"1_15_1_167"},{"num":1.3,"categoryName":"Todd Mundt","name":"1_15_1_168"},{"num":1,"categoryName":"Ron Grandison","name":"1_15_1_169"},{"num":0,"categoryName":"Tim Kempton","name":"1_15_1_170"}],"name":"1_15_1_0"},{"num":102.8,"categoryName":"Charlotte_Hornets","children":[{"num":21.6,"categoryName":"Glen Rice","name":"1_15_15_49"},{"num":20.5,"categoryName":"Larry Johnson","name":"1_15_15_18"},{"num":15.2,"categoryName":"Kenny Anderson","name":"1_15_15_50"},{"num":14.5,"categoryName":"Dell Curry","name":"1_15_15_7"},{"num":13.2,"categoryName":"Scott Burrell","name":"1_15_15_37"},{"num":12.9,"categoryName":"Kendall Gill","name":"1_15_15_6"},{"num":11.2,"categoryName":"Matt Geiger","name":"1_15_15_51"},{"num":8.1,"categoryName":"Khalid Reeves","name":"1_15_15_52"},{"num":5.5,"categoryName":"Anthony Goldwire","name":"1_15_15_53"},{"num":5.4,"categoryName":"Michael Adams","name":"1_15_15_42"},{"num":4.3,"categoryName":"Darrin Hancock","name":"1_15_15_45"},{"num":4,"categoryName":"George Zidek","name":"1_15_15_54"},{"num":3.9,"categoryName":"Robert Parish","name":"1_15_15_44"},{"num":3.4,"categoryName":"Greg Sutton","name":"1_15_15_43"},{"num":3.2,"categoryName":"Rafael Addison","name":"1_15_15_55"},{"num":2.9,"categoryName":"Pete Myers","name":"1_15_15_56"},{"num":2.3,"categoryName":"Muggsy Bogues","name":"1_15_15_10"},{"num":1,"categoryName":"Gerald Glass","name":"1_15_15_57"},{"num":1,"categoryName":"Corey Beck","name":"1_15_15_58"},{"num":0,"categoryName":"Donald Hodge","name":"1_15_15_59"},{"num":0,"categoryName":"Joe Wolf","name":"1_15_15_46"}],"name":"1_15_15_0"},{"num":105.2,"categoryName":"Chicago_Bulls","children":[{"num":30.4,"categoryName":"Michael Jordan","name":"1_15_12_32"},{"num":19.4,"categoryName":"Scottie Pippen","name":"1_15_12_60"},{"num":13.1,"categoryName":"Toni Kukoc","name":"1_15_12_90"},{"num":9.1,"categoryName":"Luc Longley","name":"1_15_12_92"},{"num":8.4,"categoryName":"Steve Kerr","name":"1_15_12_91"},{"num":7.4,"categoryName":"Ron Harper","name":"1_15_12_96"},{"num":5.5,"categoryName":"Dennis Rodman","name":"1_15_12_101"},{"num":5.3,"categoryName":"Bill Wennington","name":"1_15_12_93"},{"num":5,"categoryName":"Jack Haley","name":"1_15_12_68"},{"num":3.8,"categoryName":"Jud Buechler","name":"1_15_12_99"},{"num":3.6,"categoryName":"Dickey Simpkins","name":"1_15_12_100"},{"num":3.5,"categoryName":"James Edwards","name":"1_15_12_102"},{"num":3.2,"categoryName":"Jason Caffey","name":"1_15_12_103"},{"num":2.7,"categoryName":"Randy Brown","name":"1_15_12_104"},{"num":2.1,"categoryName":"John Salley","name":"1_15_12_105"}],"name":"1_15_12_0"},{"num":91.1,"categoryName":"Cleveland_Cavaliers","children":[{"num":19.3,"categoryName":"Terrell Brandon","name":"1_15_4_150"},{"num":15.1,"categoryName":"Chris Mills","name":"1_15_4_157"},{"num":14.6,"categoryName":"Bobby Phills","name":"1_15_4_152"},{"num":13.3,"categoryName":"Danny Ferry","name":"1_15_4_144"},{"num":10.6,"categoryName":"Dan Majerle","name":"1_15_4_169"},{"num":7.8,"categoryName":"Tyrone Hill","name":"1_15_4_156"},{"num":6,"categoryName":"Michael Cage","name":"1_15_4_164"},{"num":5.3,"categoryName":"Bob Sura","name":"1_15_4_170"},{"num":3.2,"categoryName":"Harold Miner","name":"1_15_4_171"},{"num":3,"categoryName":"John Crotty","name":"1_15_4_172"},{"num":2.8,"categoryName":"Antonio Lang","name":"1_15_4_173"},{"num":2.8,"categoryName":"John Amaechi","name":"1_15_4_174"},{"num":2.3,"categoryName":"Donny Marshall","name":"1_15_4_175"},{"num":1.7,"categoryName":"Joe Courtney","name":"1_15_4_176"},{"num":1.1,"categoryName":"Darryl Johnson","name":"1_15_4_177"}],"name":"1_15_4_0"},{"num":95.4,"categoryName":"Detroit_Pistons","children":[{"num":20.2,"categoryName":"Grant Hill","name":"1_15_10_132"},{"num":19.7,"categoryName":"Allan Houston","name":"1_15_10_121"},{"num":14.2,"categoryName":"Otis Thorpe","name":"1_15_10_143"},{"num":11.8,"categoryName":"Joe Dumars","name":"1_15_10_75"},{"num":9.4,"categoryName":"Terry Mills","name":"1_15_10_110"},{"num":8.5,"categoryName":"Lindsey Hunter","name":"1_15_10_120"},{"num":4.9,"categoryName":"Michael Curry","name":"1_15_10_144"},{"num":4.5,"categoryName":"Theo Ratliff","name":"1_15_10_145"},{"num":3.8,"categoryName":"Don Reid","name":"1_15_10_146"},{"num":3.2,"categoryName":"Mark Macon","name":"1_15_10_125"},{"num":3.2,"categoryName":"Mark West","name":"1_15_10_135"},{"num":2.4,"categoryName":"Eric Leckner","name":"1_15_10_138"},{"num":2.4,"categoryName":"Steve Bardo","name":"1_15_10_147"},{"num":1.8,"categoryName":"Lou Roe","name":"1_15_10_148"}],"name":"1_15_10_0"},{"num":99.3,"categoryName":"Indiana_Pacers","children":[{"num":21.1,"categoryName":"Reggie Miller","name":"1_15_11_67"},{"num":18.5,"categoryName":"Rik Smits","name":"1_15_11_73"},{"num":11.7,"categoryName":"Derrick McKey","name":"1_15_11_94"},{"num":10.3,"categoryName":"Dale Davis","name":"1_15_11_88"},{"num":10,"categoryName":"Mark Jackson","name":"1_15_11_101"},{"num":9.7,"categoryName":"Ricky Pierce","name":"1_15_11_106"},{"num":8.8,"categoryName":"Antonio Davis","name":"1_15_11_96"},{"num":7.7,"categoryName":"Eddie Johnson","name":"1_15_11_107"},{"num":3.7,"categoryName":"Travis Best","name":"1_15_11_108"},{"num":3.7,"categoryName":"Duane Ferrell","name":"1_15_11_102"},{"num":3.6,"categoryName":"Haywoode Workman","name":"1_15_11_97"},{"num":3.4,"categoryName":"Dwayne Schintzius","name":"1_15_11_109"},{"num":2.2,"categoryName":"Adrian Caldwell","name":"1_15_11_110"},{"num":2.1,"categoryName":"Fred Hoiberg","name":"1_15_11_111"}],"name":"1_15_11_0"},{"num":95.6,"categoryName":"Milwaukee_Bucks","children":[{"num":21.1,"categoryName":"Vin Baker","name":"1_15_13_105"},{"num":20.2,"categoryName":"Glenn Robinson","name":"1_15_13_111"},{"num":11.5,"categoryName":"Sherman Douglas","name":"1_15_13_119"},{"num":10.8,"categoryName":"Johnny Newman","name":"1_15_13_113"},{"num":9.1,"categoryName":"Todd Day","name":"1_15_13_94"},{"num":8,"categoryName":"Terry Cummings","name":"1_15_13_34"},{"num":7.8,"categoryName":"Benoit Benjamin","name":"1_15_13_120"},{"num":6.9,"categoryName":"Eric Murdock","name":"1_15_13_93"},{"num":5.3,"categoryName":"Marty Conlon","name":"1_15_13_112"},{"num":5.1,"categoryName":"Lee Mayberry","name":"1_15_13_99"},{"num":4.9,"categoryName":"Shawn Respert","name":"1_15_13_121"},{"num":3.4,"categoryName":"Randolph Keys","name":"1_15_13_122"},{"num":2.9,"categoryName":"Jerry Reynolds","name":"1_15_13_46"},{"num":1.4,"categoryName":"Alton Lister","name":"1_15_13_15"},{"num":1.4,"categoryName":"Mike Peplowski","name":"1_15_13_123"},{"num":1.2,"categoryName":"Eric Mobley","name":"1_15_13_114"},{"num":1.1,"categoryName":"Kevin Duckworth","name":"1_15_13_124"}],"name":"1_15_13_0"},{"num":97.5,"categoryName":"Toronto_Raptors","children":[{"num":19,"categoryName":"Damon Stoudamire","name":"1_15_16_1"},{"num":16.5,"categoryName":"Sharone Wright","name":"1_15_16_2"},{"num":16.2,"categoryName":"Tracy Murray","name":"1_15_16_3"},{"num":12.9,"categoryName":"Oliver Miller","name":"1_15_16_4"},{"num":12.4,"categoryName":"Willie Anderson","name":"1_15_16_5"},{"num":10.1,"categoryName":"Tony Massenburg","name":"1_15_16_6"},{"num":10.1,"categoryName":"Doug Christie","name":"1_15_16_7"},{"num":9.3,"categoryName":"Alvin Robertson","name":"1_15_16_8"},{"num":7.7,"categoryName":"Carlos Rogers","name":"1_15_16_9"},{"num":7.7,"categoryName":"Zan Tabak","name":"1_15_16_10"},{"num":7.5,"categoryName":"Acie Earl","name":"1_15_16_11"},{"num":7,"categoryName":"Ed Pinckney","name":"1_15_16_12"},{"num":6.6,"categoryName":"Dan O'Sullivan","name":"1_15_16_13"},{"num":6,"categoryName":"Herb Williams","name":"1_15_16_14"},{"num":6,"categoryName":"John Salley","name":"1_15_16_15"},{"num":5,"categoryName":"Dwayne Whitfield","name":"1_15_16_16"},{"num":4.7,"categoryName":"Martin Lewis","name":"1_15_16_17"},{"num":4.5,"categoryName":"Jimmy King","name":"1_15_16_18"},{"num":3.9,"categoryName":"Vincenzo Esposito","name":"1_15_16_19"}],"name":"1_15_16_0"}],"name":"1_15_0_0","num":785.1999999999999}],"name":"1_0_0_0","num":1477.6999999999998},{"categoryName":"Western","children":[{"categoryName":"Midwest","children":[{"num":102.5,"categoryName":"Dallas_Mavericks","children":[{"num":23.4,"categoryName":"Jamal Mashburn","name":"2_32_10_86"},{"num":19.6,"categoryName":"Jim Jackson","name":"2_32_10_77"},{"num":18.9,"categoryName":"George McCloud","name":"2_32_10_95"},{"num":16.6,"categoryName":"Jason Kidd","name":"2_32_10_94"},{"num":11.6,"categoryName":"Tony Dumas","name":"2_32_10_97"},{"num":11.3,"categoryName":"Popeye Jones","name":"2_32_10_88"},{"num":7.9,"categoryName":"Lucious Harris","name":"2_32_10_89"},{"num":5.1,"categoryName":"Scott Brooks","name":"2_32_10_96"},{"num":5,"categoryName":"Loren Meyer","name":"2_32_10_98"},{"num":4.9,"categoryName":"David Wood","name":"2_32_10_99"},{"num":4.9,"categoryName":"Terry Davis","name":"2_32_10_68"},{"num":3.9,"categoryName":"Cherokee Parks","name":"2_32_10_100"},{"num":3.7,"categoryName":"Reggie Slater","name":"2_32_10_101"},{"num":3,"categoryName":"Lorenzo Williams","name":"2_32_10_91"},{"num":1.4,"categoryName":"Donald Hodge","name":"2_32_10_72"}],"name":"2_32_10_0"},{"num":97.7,"categoryName":"Denver_Nuggets","children":[{"num":19.2,"categoryName":"Mahmoud Abdul-Rauf","name":"2_32_7_88"},{"num":14.9,"categoryName":"Dale Ellis","name":"2_32_7_119"},{"num":13.6,"categoryName":"Bryant Stith","name":"2_32_7_109"},{"num":13.4,"categoryName":"Antonio McDyess","name":"2_32_7_125"},{"num":11.2,"categoryName":"Don MacLean","name":"2_32_7_126"},{"num":11,"categoryName":"Dikembe Mutombo","name":"2_32_7_101"},{"num":10.5,"categoryName":"LaPhonso Ellis","name":"2_32_7_107"},{"num":10,"categoryName":"Jalen Rose","name":"2_32_7_120"},{"num":4.8,"categoryName":"Tom Hammonds","name":"2_32_7_110"},{"num":4.6,"categoryName":"Reggie Williams","name":"2_32_7_87"},{"num":3.5,"categoryName":"Reggie Slater","name":"2_32_7_121"},{"num":3.3,"categoryName":"Doug Overton","name":"2_32_7_127"},{"num":2.5,"categoryName":"Matt Fish","name":"2_32_7_128"},{"num":2.4,"categoryName":"Randy Woods","name":"2_32_7_129"},{"num":1.4,"categoryName":"Greg Grant","name":"2_32_7_123"},{"num":0.7,"categoryName":"Rastko Cvetkovic","name":"2_32_7_130"},{"num":0,"categoryName":"Elmore Spencer","name":"2_32_7_131"}],"name":"2_32_7_0"},{"num":102.5,"categoryName":"Houston_Rockets","children":[{"num":26.9,"categoryName":"Hakeem Olajuwon","name":"2_32_11_29"},{"num":19.3,"categoryName":"Clyde Drexler","name":"2_32_11_85"},{"num":14.5,"categoryName":"Sam Cassell","name":"2_32_11_80"},{"num":12,"categoryName":"Robert Horry","name":"2_32_11_74"},{"num":11.4,"categoryName":"Tracy Moore","name":"2_32_11_92"},{"num":11.1,"categoryName":"Mario Elie","name":"2_32_11_79"},{"num":10.8,"categoryName":"Sam Mack","name":"2_32_11_93"},{"num":8.6,"categoryName":"Mark Bryant","name":"2_32_11_94"},{"num":8.6,"categoryName":"Chucky Brown","name":"2_32_11_86"},{"num":8.5,"categoryName":"Kenny Smith","name":"2_32_11_63"},{"num":6.9,"categoryName":"Eldridge Recasner","name":"2_32_11_95"},{"num":4.3,"categoryName":"Henry James","name":"2_32_11_96"},{"num":4,"categoryName":"Melvin Booker","name":"2_32_11_97"},{"num":3,"categoryName":"Tim Breaux","name":"2_32_11_89"},{"num":2.7,"categoryName":"Pete Chilcutt","name":"2_32_11_87"},{"num":2,"categoryName":"Alvin Heggs","name":"2_32_11_98"},{"num":2,"categoryName":"Jaren Jackson","name":"2_32_11_99"},{"num":0.3,"categoryName":"Charles Jones","name":"2_32_11_91"}],"name":"2_32_11_0"},{"num":97.9,"categoryName":"Minnesota_Timberwolves","children":[{"num":19.6,"categoryName":"Isaiah Rider","name":"2_32_16_37"},{"num":18,"categoryName":"Christian Laettner","name":"2_32_16_29"},{"num":16.2,"categoryName":"Tom Gugliotta","name":"2_32_16_44"},{"num":10.8,"categoryName":"Sam Mitchell","name":"2_32_16_3"},{"num":10.4,"categoryName":"Kevin Garnett","name":"2_32_16_54"},{"num":9.4,"categoryName":"Terry Porter","name":"2_32_16_55"},{"num":9.4,"categoryName":"Spud Webb","name":"2_32_16_56"},{"num":8.8,"categoryName":"Andrew Lang","name":"2_32_16_57"},{"num":7.3,"categoryName":"Darrick Martin","name":"2_32_16_47"},{"num":6.8,"categoryName":"Sean Rooks","name":"2_32_16_45"},{"num":6.4,"categoryName":"Doug West","name":"2_32_16_12"},{"num":6.1,"categoryName":"Micheal Williams","name":"2_32_16_31"},{"num":3.7,"categoryName":"Eric Riley","name":"2_32_16_58"},{"num":3.3,"categoryName":"Mark Davis","name":"2_32_16_59"},{"num":2.6,"categoryName":"Jerome Allen","name":"2_32_16_60"},{"num":2.5,"categoryName":"Marques Bragg","name":"2_32_16_61"},{"num":0.8,"categoryName":"Charles Smith","name":"2_32_16_62"}],"name":"2_32_16_0"},{"num":103.4,"categoryName":"San_Antonio_Spurs","children":[{"num":25,"categoryName":"David Robinson","name":"2_32_12_100"},{"num":20,"categoryName":"Sean Elliott","name":"2_32_12_104"},{"num":14.5,"categoryName":"Vinny Del Negro","name":"2_32_12_133"},{"num":13.1,"categoryName":"Avery Johnson","name":"2_32_12_114"},{"num":10.9,"categoryName":"Chuck Person","name":"2_32_12_145"},{"num":9.6,"categoryName":"Charles Smith","name":"2_32_12_151"},{"num":6.5,"categoryName":"J.R. Reid","name":"2_32_12_131"},{"num":5.2,"categoryName":"Will Perdue","name":"2_32_12_152"},{"num":4,"categoryName":"Doc Rivers","name":"2_32_12_146"},{"num":3.3,"categoryName":"Brad Lohaus","name":"2_32_12_153"},{"num":3.3,"categoryName":"Dell Demps","name":"2_32_12_154"},{"num":2.9,"categoryName":"Monty Williams","name":"2_32_12_155"},{"num":2.8,"categoryName":"Cory Alexander","name":"2_32_12_156"},{"num":1.9,"categoryName":"Carl Herrera","name":"2_32_12_157"},{"num":1.2,"categoryName":"Greg Anderson","name":"2_32_12_74"}],"name":"2_32_12_0"},{"num":102.5,"categoryName":"Utah_Jazz","children":[{"num":25.7,"categoryName":"Karl Malone","name":"2_32_9_51"},{"num":15.2,"categoryName":"Jeff Hornacek","name":"2_32_9_95"},{"num":14.7,"categoryName":"John Stockton","name":"2_32_9_48"},{"num":10.5,"categoryName":"Chris Morris","name":"2_32_9_109"},{"num":8.2,"categoryName":"David Benoit","name":"2_32_9_83"},{"num":7.3,"categoryName":"Antoine Carr","name":"2_32_9_106"},{"num":6.1,"categoryName":"Adam Keefe","name":"2_32_9_107"},{"num":5.6,"categoryName":"Felton Spencer","name":"2_32_9_97"},{"num":4.4,"categoryName":"Howard Eisley","name":"2_32_9_110"},{"num":3.8,"categoryName":"Greg Foster","name":"2_32_9_111"},{"num":3.6,"categoryName":"Greg Ostertag","name":"2_32_9_112"},{"num":3,"categoryName":"Jamie Watson","name":"2_32_9_108"},{"num":2.9,"categoryName":"Bryon Russell","name":"2_32_9_98"},{"num":1.7,"categoryName":"Andy Toolson","name":"2_32_9_78"}],"name":"2_32_9_0"},{"num":89.8,"categoryName":"Vancouver_Grizzlies","children":[{"num":14,"categoryName":"Greg Anthony","name":"2_32_18_1"},{"num":13.9,"categoryName":"Benoit Benjamin","name":"2_32_18_2"},{"num":13.3,"categoryName":"Bryant Reeves","name":"2_32_18_3"},{"num":12.7,"categoryName":"Blue Edwards","name":"2_32_18_4"},{"num":10.2,"categoryName":"Byron Scott","name":"2_32_18_5"},{"num":9.2,"categoryName":"Kenny Gattison","name":"2_32_18_6"},{"num":9.1,"categoryName":"Eric Murdock","name":"2_32_18_7"},{"num":7.9,"categoryName":"Chris King","name":"2_32_18_8"},{"num":6.7,"categoryName":"Gerald Wilkins","name":"2_32_18_9"},{"num":6.7,"categoryName":"Darrick Martin","name":"2_32_18_10"},{"num":6.6,"categoryName":"Lawrence Moten","name":"2_32_18_11"},{"num":6.3,"categoryName":"Ashraf Amaya","name":"2_32_18_12"},{"num":5.8,"categoryName":"Anthony Avent","name":"2_32_18_13"},{"num":5.4,"categoryName":"Antonio Harvey","name":"2_32_18_14"},{"num":5.4,"categoryName":"Eric Mobley","name":"2_32_18_15"},{"num":3.7,"categoryName":"Rich Manning","name":"2_32_18_16"},{"num":3,"categoryName":"Doug Edwards","name":"2_32_18_17"},{"num":2.3,"categoryName":"Cuonzo Martin","name":"2_32_18_18"}],"name":"2_32_18_0"}],"name":"2_32_0_0","num":696.3},{"categoryName":"Pacific","children":[{"num":101.6,"categoryName":"Golden_State_Warriors","children":[{"num":18.9,"categoryName":"Latrell Sprewell","name":"2_33_6_146"},{"num":15.3,"categoryName":"Joe Smith","name":"2_33_6_173"},{"num":14.1,"categoryName":"Tim Hardaway","name":"2_33_6_117"},{"num":13.3,"categoryName":"Chris Mullin","name":"2_33_6_87"},{"num":12.3,"categoryName":"B.J. Armstrong","name":"2_33_6_174"},{"num":12.1,"categoryName":"Rony Seikaly","name":"2_33_6_165"},{"num":11.3,"categoryName":"Kevin Willis","name":"2_33_6_175"},{"num":9.1,"categoryName":"Chris Gatling","name":"2_33_6_140"},{"num":7.9,"categoryName":"Bimbo Coles","name":"2_33_6_176"},{"num":6.7,"categoryName":"Jerome Kersey","name":"2_33_6_177"},{"num":5.5,"categoryName":"Donyell Marshall","name":"2_33_6_163"},{"num":3.8,"categoryName":"Jon Barry","name":"2_33_6_178"},{"num":3.1,"categoryName":"Clifford Rozier","name":"2_33_6_170"},{"num":2.7,"categoryName":"Andrew DeClercq","name":"2_33_6_179"},{"num":1.5,"categoryName":"Robert Churchwell","name":"2_33_6_180"},{"num":1.3,"categoryName":"Geert Hammink","name":"2_33_6_181"},{"num":1,"categoryName":"David Wood","name":"2_33_6_171"}],"name":"2_33_6_0"},{"num":99.4,"categoryName":"Los_Angeles_Clippers","children":[{"num":16.2,"categoryName":"Loy Vaught","name":"2_33_10_69"},{"num":15.8,"categoryName":"Bison Dele","name":"2_33_10_107"},{"num":12.4,"categoryName":"Terry Dehere","name":"2_33_10_95"},{"num":11.7,"categoryName":"Pooh Richardson","name":"2_33_10_101"},{"num":11.6,"categoryName":"Rodney Rogers","name":"2_33_10_108"},{"num":11.5,"categoryName":"Malik Sealy","name":"2_33_10_100"},{"num":10.1,"categoryName":"Brent Barry","name":"2_33_10_109"},{"num":8.4,"categoryName":"Lamond Murray","name":"2_33_10_99"},{"num":7,"categoryName":"Stanley Roberts","name":"2_33_10_82"},{"num":4.6,"categoryName":"Eric Piatkowski","name":"2_33_10_103"},{"num":3.6,"categoryName":"Bo Outlaw","name":"2_33_10_94"},{"num":2.9,"categoryName":"Antonio Harvey","name":"2_33_10_110"},{"num":2.4,"categoryName":"Keith Tower","name":"2_33_10_111"},{"num":0.6,"categoryName":"L. Vander Velden","name":"2_33_10_112"}],"name":"2_33_10_0"},{"num":102.9,"categoryName":"Los_Angeles_Lakers","children":[{"num":21.2,"categoryName":"Cedric Ceballos","name":"2_33_1_147"},{"num":14.9,"categoryName":"Nick Van Exel","name":"2_33_1_140"},{"num":14.6,"categoryName":"Magic Johnson","name":"2_33_1_66"},{"num":13.9,"categoryName":"Elden Campbell","name":"2_33_1_125"},{"num":12.9,"categoryName":"Vlade Divac","name":"2_33_1_115"},{"num":12.8,"categoryName":"Eddie Jones","name":"2_33_1_148"},{"num":9.7,"categoryName":"Anthony Peeler","name":"2_33_1_135"},{"num":7.3,"categoryName":"Sedale Threatt","name":"2_33_1_128"},{"num":3.8,"categoryName":"George Lynch","name":"2_33_1_142"},{"num":3.7,"categoryName":"Fred Roberts","name":"2_33_1_153"},{"num":3.4,"categoryName":"Derek Strong","name":"2_33_1_154"},{"num":3.2,"categoryName":"Corie Blount","name":"2_33_1_155"},{"num":1.3,"categoryName":"Anthony Miller","name":"2_33_1_150"},{"num":1.2,"categoryName":"Frankie King","name":"2_33_1_156"}],"name":"2_33_1_0"},{"num":104.3,"categoryName":"Phoenix_Suns","children":[{"num":23.2,"categoryName":"Charles Barkley","name":"2_33_8_114"},{"num":18.7,"categoryName":"Kevin Johnson","name":"2_33_8_84"},{"num":15,"categoryName":"Michael Finley","name":"2_33_8_135"},{"num":13.4,"categoryName":"Danny Manning","name":"2_33_8_128"},{"num":12.7,"categoryName":"Wesley Person","name":"2_33_8_129"},{"num":10.7,"categoryName":"Wayman Tisdale","name":"2_33_8_130"},{"num":8.6,"categoryName":"Elliot Perry","name":"2_33_8_122"},{"num":7.5,"categoryName":"A.C. Green","name":"2_33_8_121"},{"num":7.3,"categoryName":"Hot Rod Williams","name":"2_33_8_136"},{"num":5.6,"categoryName":"Tony Smith","name":"2_33_8_137"},{"num":4.5,"categoryName":"Mario Bennett","name":"2_33_8_138"},{"num":4,"categoryName":"Chris Carr","name":"2_33_8_139"},{"num":2.9,"categoryName":"Joe Kleine","name":"2_33_8_123"},{"num":1.6,"categoryName":"John Coker","name":"2_33_8_140"},{"num":1.5,"categoryName":"Terrence Rencher","name":"2_33_8_141"},{"num":1.1,"categoryName":"Stefano Rusconi","name":"2_33_8_142"},{"num":1,"categoryName":"David Wood","name":"2_33_8_143"}],"name":"2_33_8_0"},{"num":99.3,"categoryName":"Portland_Trail_Blazers","children":[{"num":21.1,"categoryName":"Clifford Robinson","name":"2_33_2_128"},{"num":18.7,"categoryName":"Rod Strickland","name":"2_33_2_139"},{"num":14.5,"categoryName":"Arvydas Sabonis","name":"2_33_2_156"},{"num":10.7,"categoryName":"Aaron McKie","name":"2_33_2_152"},{"num":9.3,"categoryName":"Harvey Grant","name":"2_33_2_146"},{"num":8.5,"categoryName":"James Robinson","name":"2_33_2_147"},{"num":7.5,"categoryName":"Gary Trent","name":"2_33_2_157"},{"num":7.3,"categoryName":"Buck Williams","name":"2_33_2_127"},{"num":5.7,"categoryName":"Rumeal Robinson","name":"2_33_2_158"},{"num":5.1,"categoryName":"Chris Dudley","name":"2_33_2_149"},{"num":3.8,"categoryName":"Dontonio Wingfield","name":"2_33_2_159"},{"num":3,"categoryName":"Randolph Childress","name":"2_33_2_160"},{"num":1.5,"categoryName":"Reggie Slater","name":"2_33_2_161"},{"num":1.4,"categoryName":"Anthony Cook","name":"2_33_2_162"},{"num":1.3,"categoryName":"Elmore Spencer","name":"2_33_2_163"}],"name":"2_33_2_0"},{"num":99.5,"categoryName":"Sacramento_Kings","children":[{"num":23.1,"categoryName":"Mitch Richmond","name":"2_33_11_41"},{"num":14.6,"categoryName":"Walt Williams","name":"2_33_11_51"},{"num":14.4,"categoryName":"Brian Grant","name":"2_33_11_66"},{"num":12.2,"categoryName":"Olden Polynice","name":"2_33_11_58"},{"num":10.8,"categoryName":"S. Marciulionis","name":"2_33_11_71"},{"num":10.8,"categoryName":"Tyus Edney","name":"2_33_11_72"},{"num":9.9,"categoryName":"Billy Owens","name":"2_33_11_73"},{"num":6.4,"categoryName":"Tyrone Corbin","name":"2_33_11_74"},{"num":5.6,"categoryName":"Corliss Williamson","name":"2_33_11_75"},{"num":5.5,"categoryName":"Michael Smith","name":"2_33_11_67"},{"num":4.6,"categoryName":"Lionel Simmons","name":"2_33_11_26"},{"num":3.9,"categoryName":"Kevin Gamble","name":"2_33_11_76"},{"num":3.4,"categoryName":"Byron Houston","name":"2_33_11_77"},{"num":3.4,"categoryName":"Duane Causwell","name":"2_33_11_31"},{"num":3.1,"categoryName":"Bobby Hurley","name":"2_33_11_60"},{"num":2.5,"categoryName":"Clint McDaniel","name":"2_33_11_78"}],"name":"2_33_11_0"},{"num":104.5,"categoryName":"Seattle_Supersonics","children":[{"num":19.6,"categoryName":"Shawn Kemp","name":"2_33_5_126"},{"num":19.3,"categoryName":"Gary Payton","name":"2_33_5_133"},{"num":17.1,"categoryName":"Detlef Schrempf","name":"2_33_5_143"},{"num":15.6,"categoryName":"Hersey Hawkins","name":"2_33_5_152"},{"num":11.8,"categoryName":"Sam Perkins","name":"2_33_5_139"},{"num":8.4,"categoryName":"Vincent Askew","name":"2_33_5_140"},{"num":5.5,"categoryName":"Ervin Johnson","name":"2_33_5_147"},{"num":5.4,"categoryName":"Frank Brickowski","name":"2_33_5_93"},{"num":5,"categoryName":"Nate McMillan","name":"2_33_5_108"},{"num":3.7,"categoryName":"David Wingate","name":"2_33_5_153"},{"num":3.2,"categoryName":"Sherell Ford","name":"2_33_5_154"},{"num":2.7,"categoryName":"Eric Snow","name":"2_33_5_155"},{"num":1.7,"categoryName":"Steve Scheffler","name":"2_33_5_142"}],"name":"2_33_5_0"}],"name":"2_33_0_0","num":711.5}],"name":"2_0_0_0","num":1407.8}],"num":2885.5}