{"year":1999,"name":"root","categoryName":"root","children":[{"categoryName":"Eastern","children":[{"categoryName":"Atlantic","children":[{"num":99.3,"categoryName":"Boston_Celtics","children":[{"num":20.5,"categoryName":"Antoine Walker","name":"1_14_1_143"},{"num":19.5,"categoryName":"Paul Pierce","name":"1_14_1_164"},{"num":14,"categoryName":"Kenny Anderson","name":"1_14_1_152"},{"num":9.2,"categoryName":"Vitaly Potapenko","name":"1_14_1_165"},{"num":7.6,"categoryName":"Danny Fortson","name":"1_14_1_172"},{"num":7.2,"categoryName":"Eric Williams","name":"1_14_1_135"},{"num":7.2,"categoryName":"Dana Barros","name":"1_14_1_133"},{"num":6.7,"categoryName":"Adrian Griffin","name":"1_14_1_173"},{"num":6.6,"categoryName":"Tony Battie","name":"1_14_1_166"},{"num":4,"categoryName":"Calbert Cheaney","name":"1_14_1_174"},{"num":3.8,"categoryName":"Walter McCarty","name":"1_14_1_154"},{"num":3.7,"categoryName":"Jamel Thomas","name":"1_14_1_175"},{"num":3.2,"categoryName":"Doug Overton","name":"1_14_1_176"},{"num":1.8,"categoryName":"Pervis Ellison","name":"1_14_1_127"},{"num":1.3,"categoryName":"Wayne Turner","name":"1_14_1_177"}],"name":"1_14_1_0"},{"num":94.4,"categoryName":"Miami_Heat","children":[{"num":21.7,"categoryName":"Alonzo Mourning","name":"1_14_9_38"},{"num":17.5,"categoryName":"Jamal Mashburn","name":"1_14_9_55"},{"num":13.4,"categoryName":"Tim Hardaway","name":"1_14_9_39"},{"num":11.9,"categoryName":"Voshon Lenard","name":"1_14_9_45"},{"num":9.6,"categoryName":"P.J. Brown","name":"1_14_9_58"},{"num":7.3,"categoryName":"Dan Majerle","name":"1_14_9_56"},{"num":7.2,"categoryName":"C. Weatherspoon","name":"1_14_9_78"},{"num":6.3,"categoryName":"Anthony Carter","name":"1_14_9_82"},{"num":5.5,"categoryName":"Otis Thorpe","name":"1_14_9_83"},{"num":5.1,"categoryName":"Bruce Bowen","name":"1_14_9_66"},{"num":4.9,"categoryName":"Mark Strickland","name":"1_14_9_63"},{"num":4.3,"categoryName":"Rodney Buford","name":"1_14_9_84"},{"num":2.8,"categoryName":"Rex Walters","name":"1_14_9_74"},{"num":2.8,"categoryName":"Tim James","name":"1_14_9_85"},{"num":2.6,"categoryName":"Duane Causwell","name":"1_14_9_73"},{"num":1.5,"categoryName":"Harold Jamison","name":"1_14_9_86"}],"name":"1_14_9_0"},{"num":98,"categoryName":"New_Jersey_Nets","children":[{"num":22.2,"categoryName":"Stephon Marbury","name":"1_14_6_176"},{"num":19.2,"categoryName":"Keith Van Horn","name":"1_14_6_167"},{"num":13.1,"categoryName":"Kendall Gill","name":"1_14_6_144"},{"num":13,"categoryName":"Kerry Kittles","name":"1_14_6_156"},{"num":10,"categoryName":"Johnny Newman","name":"1_14_6_134"},{"num":6.7,"categoryName":"Lucious Harris","name":"1_14_6_172"},{"num":6.1,"categoryName":"Scott Burrell","name":"1_14_6_180"},{"num":6,"categoryName":"Sherman Douglas","name":"1_14_6_168"},{"num":5.7,"categoryName":"Jamie Feick","name":"1_14_6_179"},{"num":5.3,"categoryName":"Elliot Perry","name":"1_14_6_185"},{"num":3.5,"categoryName":"Gheorghe Muresan","name":"1_14_6_188"},{"num":2.9,"categoryName":"Evan Eschmeyer","name":"1_14_6_189"},{"num":2.4,"categoryName":"Jim McIlvaine","name":"1_14_6_186"},{"num":1.4,"categoryName":"Michael Cage","name":"1_14_6_174"},{"num":0.2,"categoryName":"Mark Hendrickson","name":"1_14_6_182"}],"name":"1_14_6_0"},{"num":92.1,"categoryName":"New_York_Knicks","children":[{"num":19.7,"categoryName":"Allan Houston","name":"1_14_3_153"},{"num":18.6,"categoryName":"Latrell Sprewell","name":"1_14_3_167"},{"num":15,"categoryName":"Patrick Ewing","name":"1_14_3_90"},{"num":10.7,"categoryName":"Larry Johnson","name":"1_14_3_154"},{"num":10.2,"categoryName":"Marcus Camby","name":"1_14_3_169"},{"num":8,"categoryName":"Kurt Thomas","name":"1_14_3_168"},{"num":7.3,"categoryName":"Charlie Ward","name":"1_14_3_144"},{"num":6.5,"categoryName":"John Wallace","name":"1_14_3_157"},{"num":5.3,"categoryName":"Chris Childs","name":"1_14_3_155"},{"num":3.1,"categoryName":"Andrew Lang","name":"1_14_3_173"},{"num":1.9,"categoryName":"Rick Brunson","name":"1_14_3_171"},{"num":1.5,"categoryName":"Etdrick Bohannon","name":"1_14_3_174"},{"num":1.2,"categoryName":"DeMarco Johnson","name":"1_14_3_175"},{"num":1.2,"categoryName":"Chris Dudley","name":"1_14_3_163"},{"num":0.6,"categoryName":"Mirsad Turkcan","name":"1_14_3_176"},{"num":0.3,"categoryName":"David Wingate","name":"1_14_3_172"}],"name":"1_14_3_0"},{"num":100.1,"categoryName":"Orlando_Magic","children":[{"num":16.2,"categoryName":"Darrell Armstrong","name":"1_14_10_35"},{"num":15.2,"categoryName":"Ron Mercer","name":"1_14_10_70"},{"num":13.3,"categoryName":"Chris Gatling","name":"1_14_10_71"},{"num":12.2,"categoryName":"Tariq Abdul-Wahad","name":"1_14_10_72"},{"num":10.5,"categoryName":"John Amaechi","name":"1_14_10_73"},{"num":9.5,"categoryName":"Chucky Atkins","name":"1_14_10_74"},{"num":8.7,"categoryName":"Monty Williams","name":"1_14_10_75"},{"num":8.4,"categoryName":"Corey Maggette","name":"1_14_10_76"},{"num":8.2,"categoryName":"Pat Garrity","name":"1_14_10_77"},{"num":7,"categoryName":"Michael Doleac","name":"1_14_10_64"},{"num":6,"categoryName":"Earl Boykins","name":"1_14_10_78"},{"num":6,"categoryName":"Bo Outlaw","name":"1_14_10_50"},{"num":4.8,"categoryName":"Ben Wallace","name":"1_14_10_79"},{"num":4,"categoryName":"Matt Harpring","name":"1_14_10_63"},{"num":3.6,"categoryName":"Anthony Parker","name":"1_14_10_80"},{"num":3.4,"categoryName":"Anthony Johnson","name":"1_14_10_81"},{"num":2.7,"categoryName":"Derek Strong","name":"1_14_10_43"},{"num":2.2,"categoryName":"Johnny Taylor","name":"1_14_10_57"},{"num":1.3,"categoryName":"Kiwane Garris","name":"1_14_10_82"}],"name":"1_14_10_0"},{"num":94.8,"categoryName":"Philadelphia_76ers","children":[{"num":28.4,"categoryName":"Allen Iverson","name":"1_14_4_200"},{"num":12.4,"categoryName":"Toni Kukoc","name":"1_14_4_233"},{"num":12,"categoryName":"Tyrone Hill","name":"1_14_4_227"},{"num":11.9,"categoryName":"Theo Ratliff","name":"1_14_4_212"},{"num":10,"categoryName":"Larry Hughes","name":"1_14_4_226"},{"num":9.7,"categoryName":"Matt Geiger","name":"1_14_4_225"},{"num":9.6,"categoryName":"George Lynch","name":"1_14_4_228"},{"num":8,"categoryName":"Aaron McKie","name":"1_14_4_220"},{"num":7.9,"categoryName":"Eric Snow","name":"1_14_4_219"},{"num":5.9,"categoryName":"Billy Owens","name":"1_14_4_234"},{"num":3.7,"categoryName":"Todd MacCulloch","name":"1_14_4_235"},{"num":2,"categoryName":"Stanley Roberts","name":"1_14_4_236"},{"num":1.9,"categoryName":"Nazr Mohammed","name":"1_14_4_231"},{"num":1.8,"categoryName":"Kevin Ollie","name":"1_14_4_237"},{"num":1.7,"categoryName":"Jumaine Jones","name":"1_14_4_238"},{"num":1.4,"categoryName":"Bruce Bowen","name":"1_14_4_239"},{"num":1,"categoryName":"Antonio Lang","name":"1_14_4_240"},{"num":0.5,"categoryName":"Ira Bowman","name":"1_14_4_241"}],"name":"1_14_4_0"},{"num":96.6,"categoryName":"Washington_Wizards","children":[{"num":17.4,"categoryName":"Mitch Richmond","name":"1_14_11_17"},{"num":14.9,"categoryName":"Juwan Howard","name":"1_14_11_2"},{"num":12.6,"categoryName":"Rod Strickland","name":"1_14_11_3"},{"num":10.2,"categoryName":"Tracy Murray","name":"1_14_11_4"},{"num":9,"categoryName":"Richard Hamilton","name":"1_14_11_24"},{"num":7.8,"categoryName":"Chris Whitney","name":"1_14_11_7"},{"num":7.6,"categoryName":"Aaron Williams","name":"1_14_11_25"},{"num":7.1,"categoryName":"Jahidi White","name":"1_14_11_21"},{"num":6.7,"categoryName":"Isaac Austin","name":"1_14_11_26"},{"num":6.4,"categoryName":"Don Reid","name":"1_14_11_27"},{"num":6.3,"categoryName":"Michael Smith","name":"1_14_11_28"},{"num":5.3,"categoryName":"Gerard King","name":"1_14_11_29"},{"num":3.8,"categoryName":"Calvin Booth","name":"1_14_11_30"},{"num":1.8,"categoryName":"Lorenzo Williams","name":"1_14_11_14"},{"num":1.5,"categoryName":"Laron Profit","name":"1_14_11_31"},{"num":1.1,"categoryName":"Reggie Jordan","name":"1_14_11_32"}],"name":"1_14_11_0"}],"name":"1_14_0_0","num":675.3},{"categoryName":"Central","children":[{"num":94.3,"categoryName":"Atlanta_Hawks","children":[{"num":19.3,"categoryName":"Isaiah Rider","name":"1_15_1_194"},{"num":16.7,"categoryName":"Jim Jackson","name":"1_15_1_195"},{"num":13.2,"categoryName":"Alan Henderson","name":"1_15_1_162"},{"num":11.5,"categoryName":"Dikembe Mutombo","name":"1_15_1_171"},{"num":8.4,"categoryName":"LaPhonso Ellis","name":"1_15_1_188"},{"num":8.1,"categoryName":"Jason Terry","name":"1_15_1_196"},{"num":8.1,"categoryName":"Bimbo Coles","name":"1_15_1_197"},{"num":7.2,"categoryName":"Roshown McLeod","name":"1_15_1_190"},{"num":6.5,"categoryName":"Dion Glover","name":"1_15_1_198"},{"num":6,"categoryName":"Lorenzen Wright","name":"1_15_1_199"},{"num":4.6,"categoryName":"Chris Crawford","name":"1_15_1_183"},{"num":2.7,"categoryName":"Cal Bowdler","name":"1_15_1_200"},{"num":2.4,"categoryName":"Anthony Johnson","name":"1_15_1_189"},{"num":2.4,"categoryName":"Drew Barry","name":"1_15_1_185"}],"name":"1_15_1_0"},{"num":98.4,"categoryName":"Charlotte_Hornets","children":[{"num":20.1,"categoryName":"Eddie Jones","name":"1_15_15_77"},{"num":16.7,"categoryName":"Derrick Coleman","name":"1_15_15_79"},{"num":13.6,"categoryName":"David Wesley","name":"1_15_15_69"},{"num":13.6,"categoryName":"Bobby Phills","name":"1_15_15_70"},{"num":12.7,"categoryName":"Elden Campbell","name":"1_15_15_78"},{"num":11.6,"categoryName":"Anthony Mason","name":"1_15_15_60"},{"num":7.7,"categoryName":"Brad Miller","name":"1_15_15_81"},{"num":7,"categoryName":"Eddie Robinson","name":"1_15_15_87"},{"num":5.9,"categoryName":"Baron Davis","name":"1_15_15_88"},{"num":4.7,"categoryName":"Ricky Davis","name":"1_15_15_84"},{"num":4.4,"categoryName":"Chucky Brown","name":"1_15_15_80"},{"num":3.3,"categoryName":"Todd Fuller","name":"1_15_15_89"},{"num":2.3,"categoryName":"Dale Ellis","name":"1_15_15_90"},{"num":1,"categoryName":"Eldridge Recasner","name":"1_15_15_83"},{"num":0.7,"categoryName":"Michael Hawkins","name":"1_15_15_91"},{"num":0,"categoryName":"Derek Hood","name":"1_15_15_92"},{"num":0,"categoryName":"Jason Miskiri","name":"1_15_15_93"}],"name":"1_15_15_0"},{"num":84.8,"categoryName":"Chicago_Bulls","children":[{"num":20.1,"categoryName":"Elton Brand","name":"1_15_12_121"},{"num":18,"categoryName":"Toni Kukoc","name":"1_15_12_90"},{"num":12,"categoryName":"Metta World Peace","name":"1_15_12_122"},{"num":9.8,"categoryName":"Chris Carr","name":"1_15_12_123"},{"num":9.3,"categoryName":"Rusty LaRue","name":"1_15_12_110"},{"num":9,"categoryName":"Fred Hoiberg","name":"1_15_12_124"},{"num":7.9,"categoryName":"Hersey Hawkins","name":"1_15_12_125"},{"num":7.7,"categoryName":"Corey Benjamin","name":"1_15_12_119"},{"num":7.6,"categoryName":"Dedric Willoughby","name":"1_15_12_126"},{"num":7.5,"categoryName":"John Starks","name":"1_15_12_127"},{"num":7.4,"categoryName":"B.J. Armstrong","name":"1_15_12_74"},{"num":6.5,"categoryName":"Kornel David","name":"1_15_12_116"},{"num":6.4,"categoryName":"Randy Brown","name":"1_15_12_104"},{"num":6.4,"categoryName":"Matt Maloney","name":"1_15_12_128"},{"num":6,"categoryName":"Chris Anstey","name":"1_15_12_129"},{"num":4.2,"categoryName":"Dickey Simpkins","name":"1_15_12_100"},{"num":3.7,"categoryName":"Khalid Reeves","name":"1_15_12_130"},{"num":2.5,"categoryName":"Will Perdue","name":"1_15_12_67"},{"num":2.2,"categoryName":"Michael Ruffin","name":"1_15_12_131"},{"num":1.7,"categoryName":"Lari Ketner","name":"1_15_12_132"}],"name":"1_15_12_0"},{"num":97,"categoryName":"Cleveland_Cavaliers","children":[{"num":17.8,"categoryName":"Shawn Kemp","name":"1_15_4_182"},{"num":15.9,"categoryName":"Lamond Murray","name":"1_15_4_197"},{"num":13.8,"categoryName":"Bob Sura","name":"1_15_4_170"},{"num":11.1,"categoryName":"Andre Miller","name":"1_15_4_198"},{"num":9.3,"categoryName":"Brevin Knight","name":"1_15_4_187"},{"num":9.2,"categoryName":"Wesley Person","name":"1_15_4_183"},{"num":7.3,"categoryName":"Danny Ferry","name":"1_15_4_144"},{"num":6.6,"categoryName":"Andrew DeClercq","name":"1_15_4_192"},{"num":5.7,"categoryName":"Mark Bryant","name":"1_15_4_199"},{"num":5.4,"categoryName":"Cedric Henderson","name":"1_15_4_186"},{"num":5.3,"categoryName":"Earl Boykins","name":"1_15_4_195"},{"num":4.9,"categoryName":"Trajan Langdon","name":"1_15_4_200"},{"num":2.1,"categoryName":"Ryan Stack","name":"1_15_4_194"},{"num":1.8,"categoryName":"Donny Marshall","name":"1_15_4_175"},{"num":1.8,"categoryName":"Kornel David","name":"1_15_4_201"},{"num":1.5,"categoryName":"Lari Ketner","name":"1_15_4_202"},{"num":1.2,"categoryName":"Mark Hendrickson","name":"1_15_4_203"},{"num":1,"categoryName":"A.J. Bramlett","name":"1_15_4_204"},{"num":0.7,"categoryName":"Benoit Benjamin","name":"1_15_4_205"},{"num":0,"categoryName":"Pete Chilcutt","name":"1_15_4_206"}],"name":"1_15_4_0"},{"num":103.5,"categoryName":"Detroit_Pistons","children":[{"num":25.8,"categoryName":"Grant Hill","name":"1_15_10_132"},{"num":23.6,"categoryName":"Jerry Stackhouse","name":"1_15_10_157"},{"num":12.7,"categoryName":"Lindsey Hunter","name":"1_15_10_120"},{"num":12.2,"categoryName":"Christian Laettner","name":"1_15_10_163"},{"num":8.4,"categoryName":"Jerome Williams","name":"1_15_10_155"},{"num":7.9,"categoryName":"Mikki Moore","name":"1_15_10_168"},{"num":6.7,"categoryName":"Terry Mills","name":"1_15_10_110"},{"num":6.2,"categoryName":"Michael Curry","name":"1_15_10_144"},{"num":4.7,"categoryName":"John Crotty","name":"1_15_10_170"},{"num":2.2,"categoryName":"Jud Buechler","name":"1_15_10_164"},{"num":1.7,"categoryName":"Loy Vaught","name":"1_15_10_166"},{"num":1.7,"categoryName":"Marcus Brown","name":"1_15_10_171"},{"num":1.7,"categoryName":"Don Reid","name":"1_15_10_146"},{"num":1,"categoryName":"Jermaine Jackson","name":"1_15_10_172"},{"num":0.8,"categoryName":"Eric Montross","name":"1_15_10_160"}],"name":"1_15_10_0"},{"num":101.3,"categoryName":"Indiana_Pacers","children":[{"num":18.2,"categoryName":"Jalen Rose","name":"1_15_11_112"},{"num":18.1,"categoryName":"Reggie Miller","name":"1_15_11_67"},{"num":12.9,"categoryName":"Rik Smits","name":"1_15_11_73"},{"num":10.3,"categoryName":"Austin Croshere","name":"1_15_11_120"},{"num":10,"categoryName":"Dale Davis","name":"1_15_11_88"},{"num":8.9,"categoryName":"Travis Best","name":"1_15_11_108"},{"num":8.1,"categoryName":"Mark Jackson","name":"1_15_11_101"},{"num":6.6,"categoryName":"Sam Perkins","name":"1_15_11_124"},{"num":6.6,"categoryName":"Al Harrington","name":"1_15_11_125"},{"num":5.1,"categoryName":"Chris Mullin","name":"1_15_11_119"},{"num":4.3,"categoryName":"Derrick McKey","name":"1_15_11_94"},{"num":2.7,"categoryName":"Jonathan Bender","name":"1_15_11_126"},{"num":2.3,"categoryName":"Jeff Foster","name":"1_15_11_127"},{"num":2.1,"categoryName":"Zan Tabak","name":"1_15_11_128"}],"name":"1_15_11_0"},{"num":101.2,"categoryName":"Milwaukee_Bucks","children":[{"num":22.1,"categoryName":"Ray Allen","name":"1_15_13_125"},{"num":20.9,"categoryName":"Glenn Robinson","name":"1_15_13_111"},{"num":18.6,"categoryName":"Sam Cassell","name":"1_15_13_147"},{"num":11.8,"categoryName":"Tim Thomas","name":"1_15_13_149"},{"num":7.6,"categoryName":"Scott Williams","name":"1_15_13_154"},{"num":6.8,"categoryName":"Dale Ellis","name":"1_15_13_82"},{"num":5.2,"categoryName":"Vinny Del Negro","name":"1_15_13_152"},{"num":5.1,"categoryName":"Darvin Ham","name":"1_15_13_157"},{"num":4.8,"categoryName":"Ervin Johnson","name":"1_15_13_139"},{"num":4.6,"categoryName":"Danny Manning","name":"1_15_13_158"},{"num":4.4,"categoryName":"J.R. Reid","name":"1_15_13_159"},{"num":3.6,"categoryName":"Robert Traylor","name":"1_15_13_153"},{"num":2.9,"categoryName":"Mirsad Turkcan","name":"1_15_13_160"},{"num":2.9,"categoryName":"Haywoode Workman","name":"1_15_13_150"},{"num":2.2,"categoryName":"Rafer Alston","name":"1_15_13_161"}],"name":"1_15_13_0"},{"num":97.2,"categoryName":"Toronto_Raptors","children":[{"num":25.7,"categoryName":"Vince Carter","name":"1_15_16_46"},{"num":15.4,"categoryName":"Tracy McGrady","name":"1_15_16_37"},{"num":12.4,"categoryName":"Doug Christie","name":"1_15_16_7"},{"num":11.5,"categoryName":"Antonio Davis","name":"1_15_16_55"},{"num":7.6,"categoryName":"Kevin Willis","name":"1_15_16_47"},{"num":7.6,"categoryName":"Dell Curry","name":"1_15_16_56"},{"num":6.9,"categoryName":"Dee Brown","name":"1_15_16_35"},{"num":6.9,"categoryName":"Charles Oakley","name":"1_15_16_48"},{"num":5.3,"categoryName":"Alvin Williams","name":"1_15_16_39"},{"num":5.1,"categoryName":"Muggsy Bogues","name":"1_15_16_57"},{"num":2.3,"categoryName":"A. Radojevic","name":"1_15_16_58"},{"num":2.1,"categoryName":"John Thomas","name":"1_15_16_41"},{"num":1.6,"categoryName":"Sean Marks","name":"1_15_16_50"},{"num":1.5,"categoryName":"Haywoode Workman","name":"1_15_16_59"},{"num":1.4,"categoryName":"Michael Stewart","name":"1_15_16_49"},{"num":0.4,"categoryName":"Antonio Lang","name":"1_15_16_60"}],"name":"1_15_16_0"}],"name":"1_15_0_0","num":777.7}],"name":"1_0_0_0","num":1453},{"categoryName":"Western","children":[{"categoryName":"Midwest","children":[{"num":101.4,"categoryName":"Dallas_Mavericks","children":[{"num":22.6,"categoryName":"Michael Finley","name":"2_32_10_104"},{"num":17.5,"categoryName":"Dirk Nowitzki","name":"2_32_10_132"},{"num":16.6,"categoryName":"Cedric Ceballos","name":"2_32_10_121"},{"num":13.7,"categoryName":"Gary Trent","name":"2_32_10_131"},{"num":12.8,"categoryName":"Erick Strickland","name":"2_32_10_108"},{"num":8.9,"categoryName":"Robert Pack","name":"2_32_10_107"},{"num":8.6,"categoryName":"Steve Nash","name":"2_32_10_133"},{"num":8.4,"categoryName":"Shawn Bradley","name":"2_32_10_105"},{"num":7.4,"categoryName":"Hubert Davis","name":"2_32_10_123"},{"num":5.7,"categoryName":"Greg Buckner","name":"2_32_10_136"},{"num":4.4,"categoryName":"Sean Rooks","name":"2_32_10_78"},{"num":3.9,"categoryName":"Damon Jones","name":"2_32_10_137"},{"num":3.9,"categoryName":"Rick Hughes","name":"2_32_10_138"},{"num":2.8,"categoryName":"Dennis Rodman","name":"2_32_10_139"},{"num":1.9,"categoryName":"Bruno Sundov","name":"2_32_10_134"},{"num":0,"categoryName":"Randell Jackson","name":"2_32_10_140"},{"num":0,"categoryName":"Rodrick Rhodes","name":"2_32_10_141"}],"name":"2_32_10_0"},{"num":99,"categoryName":"Denver_Nuggets","children":[{"num":19.1,"categoryName":"Antonio McDyess","name":"2_32_7_125"},{"num":18.3,"categoryName":"Ron Mercer","name":"2_32_7_171"},{"num":16.1,"categoryName":"Nick Van Exel","name":"2_32_7_161"},{"num":12.4,"categoryName":"Raef LaFrentz","name":"2_32_7_163"},{"num":10.4,"categoryName":"Chris Gatling","name":"2_32_7_172"},{"num":10.1,"categoryName":"George McCloud","name":"2_32_7_173"},{"num":8.9,"categoryName":"Tariq Abdul-Wahad","name":"2_32_7_174"},{"num":8.6,"categoryName":"Chauncey Billups","name":"2_32_7_162"},{"num":8.6,"categoryName":"Keon Clark","name":"2_32_7_166"},{"num":8.2,"categoryName":"James Posey","name":"2_32_7_175"},{"num":5.6,"categoryName":"Bryant Stith","name":"2_32_7_109"},{"num":3.1,"categoryName":"Chris Herren","name":"2_32_7_176"},{"num":2.8,"categoryName":"Cory Alexander","name":"2_32_7_152"},{"num":2.6,"categoryName":"Popeye Jones","name":"2_32_7_177"},{"num":2.5,"categoryName":"Ryan Bowen","name":"2_32_7_178"},{"num":2.2,"categoryName":"Roy Rogers","name":"2_32_7_179"},{"num":0,"categoryName":"Johnny Taylor","name":"2_32_7_164"}],"name":"2_32_7_0"},{"num":99.5,"categoryName":"Houston_Rockets","children":[{"num":18,"categoryName":"Steve Francis","name":"2_32_11_119"},{"num":15.8,"categoryName":"Cuttino Mobley","name":"2_32_11_114"},{"num":14.5,"categoryName":"Charles Barkley","name":"2_32_11_100"},{"num":12.3,"categoryName":"Shandon Anderson","name":"2_32_11_120"},{"num":10.9,"categoryName":"Walt Williams","name":"2_32_11_121"},{"num":10.3,"categoryName":"Hakeem Olajuwon","name":"2_32_11_29"},{"num":8.7,"categoryName":"Kelvin Cato","name":"2_32_11_122"},{"num":8.3,"categoryName":"Kenny Thomas","name":"2_32_11_123"},{"num":8,"categoryName":"Carlos Rogers","name":"2_32_11_124"},{"num":6.9,"categoryName":"Moochie Norris","name":"2_32_11_125"},{"num":6.8,"categoryName":"Matt Bullard","name":"2_32_11_67"},{"num":5.8,"categoryName":"Bryce Drew","name":"2_32_11_115"},{"num":4.6,"categoryName":"Tony Massenburg","name":"2_32_11_126"},{"num":3.7,"categoryName":"Thomas Hamilton","name":"2_32_11_127"},{"num":3.7,"categoryName":"Anthony Miller","name":"2_32_11_117"},{"num":3,"categoryName":"Bill Curley","name":"2_32_11_128"},{"num":2.3,"categoryName":"Devin Gray","name":"2_32_11_129"}],"name":"2_32_11_0"},{"num":98.5,"categoryName":"Minnesota_Timberwolves","children":[{"num":22.9,"categoryName":"Kevin Garnett","name":"2_32_16_54"},{"num":17.1,"categoryName":"Terrell Brandon","name":"2_32_16_77"},{"num":11.6,"categoryName":"Wally Szczerbiak","name":"2_32_16_87"},{"num":11.3,"categoryName":"Malik Sealy","name":"2_32_16_80"},{"num":9.9,"categoryName":"Joe Smith","name":"2_32_16_78"},{"num":9.8,"categoryName":"Anthony Peeler","name":"2_32_16_71"},{"num":6.5,"categoryName":"Sam Mitchell","name":"2_32_16_3"},{"num":5.7,"categoryName":"Rasho Nesterovic","name":"2_32_16_82"},{"num":5.1,"categoryName":"Bobby Jackson","name":"2_32_16_81"},{"num":2.6,"categoryName":"William Avery","name":"2_32_16_88"},{"num":2.1,"categoryName":"Tom Hammonds","name":"2_32_16_73"},{"num":2,"categoryName":"Dean Garrett","name":"2_32_16_65"},{"num":1.2,"categoryName":"Andrae Patterson","name":"2_32_16_83"}],"name":"2_32_16_0"},{"num":96.2,"categoryName":"San_Antonio_Spurs","children":[{"num":23.2,"categoryName":"Tim Duncan","name":"2_32_12_167"},{"num":17.8,"categoryName":"David Robinson","name":"2_32_12_100"},{"num":11.2,"categoryName":"Avery Johnson","name":"2_32_12_114"},{"num":9.4,"categoryName":"Terry Porter","name":"2_32_12_179"},{"num":7.5,"categoryName":"Mario Elie","name":"2_32_12_172"},{"num":6.7,"categoryName":"Malik Rose","name":"2_32_12_169"},{"num":6.3,"categoryName":"Jaren Jackson","name":"2_32_12_168"},{"num":6.3,"categoryName":"Chucky Brown","name":"2_32_12_180"},{"num":6.2,"categoryName":"Antonio Daniels","name":"2_32_12_173"},{"num":6,"categoryName":"Sean Elliott","name":"2_32_12_104"},{"num":5.1,"categoryName":"Samaki Walker","name":"2_32_12_181"},{"num":5,"categoryName":"Derrick Dial","name":"2_32_12_182"},{"num":4.5,"categoryName":"Jerome Kersey","name":"2_32_12_175"},{"num":2.8,"categoryName":"Steve Kerr","name":"2_32_12_174"},{"num":1.9,"categoryName":"Felton Spencer","name":"2_32_12_183"}],"name":"2_32_12_0"},{"num":96.5,"categoryName":"Utah_Jazz","children":[{"num":25.5,"categoryName":"Karl Malone","name":"2_32_9_51"},{"num":14.1,"categoryName":"Bryon Russell","name":"2_32_9_98"},{"num":12.4,"categoryName":"Jeff Hornacek","name":"2_32_9_95"},{"num":12.1,"categoryName":"John Stockton","name":"2_32_9_48"},{"num":8.6,"categoryName":"Howard Eisley","name":"2_32_9_110"},{"num":6.7,"categoryName":"Armen Gilliam","name":"2_32_9_122"},{"num":5.3,"categoryName":"Olden Polynice","name":"2_32_9_123"},{"num":4.5,"categoryName":"Greg Ostertag","name":"2_32_9_112"},{"num":3.8,"categoryName":"Quincy Lewis","name":"2_32_9_124"},{"num":3.7,"categoryName":"Jacque Vaughn","name":"2_32_9_116"},{"num":2.6,"categoryName":"Scott Padgett","name":"2_32_9_125"},{"num":2.2,"categoryName":"Adam Keefe","name":"2_32_9_107"},{"num":1.8,"categoryName":"Pete Chilcutt","name":"2_32_9_126"}],"name":"2_32_9_0"},{"num":93.9,"categoryName":"Vancouver_Grizzlies","children":[{"num":20.3,"categoryName":"S. Abdur-Rahim","name":"2_32_18_19"},{"num":18.2,"categoryName":"Michael Dickerson","name":"2_32_18_48"},{"num":14.5,"categoryName":"Mike Bibby","name":"2_32_18_37"},{"num":13.1,"categoryName":"Othella Harrington","name":"2_32_18_49"},{"num":8.9,"categoryName":"Bryant Reeves","name":"2_32_18_3"},{"num":5.6,"categoryName":"Dennis Scott","name":"2_32_18_50"},{"num":4.8,"categoryName":"Grant Long","name":"2_32_18_51"},{"num":4.5,"categoryName":"Felipe Lopez","name":"2_32_18_38"},{"num":4,"categoryName":"Doug West","name":"2_32_18_39"},{"num":3.4,"categoryName":"Brent Price","name":"2_32_18_52"},{"num":3.2,"categoryName":"Obinna Ekezie","name":"2_32_18_53"},{"num":3.2,"categoryName":"Antoine Carr","name":"2_32_18_54"},{"num":3.2,"categoryName":"Joe Stephens","name":"2_32_18_55"},{"num":3,"categoryName":"Cherokee Parks","name":"2_32_18_40"},{"num":2,"categoryName":"Milt Palacio","name":"2_32_18_56"}],"name":"2_32_18_0"}],"name":"2_32_0_0","num":684.9999999999999},{"categoryName":"Pacific","children":[{"num":95.5,"categoryName":"Golden_State_Warriors","children":[{"num":22.7,"categoryName":"Larry Hughes","name":"2_33_6_207"},{"num":19.6,"categoryName":"Antawn Jamison","name":"2_33_6_205"},{"num":16.1,"categoryName":"Chris Mills","name":"2_33_6_204"},{"num":14.7,"categoryName":"John Starks","name":"2_33_6_112"},{"num":14.2,"categoryName":"Donyell Marshall","name":"2_33_6_163"},{"num":12,"categoryName":"Jason Caffey","name":"2_33_6_192"},{"num":11.3,"categoryName":"Mookie Blaylock","name":"2_33_6_208"},{"num":9.4,"categoryName":"Vonteego Cummings","name":"2_33_6_209"},{"num":8.4,"categoryName":"Terry Cummings","name":"2_33_6_206"},{"num":8,"categoryName":"Erick Dampier","name":"2_33_6_191"},{"num":6.4,"categoryName":"Billy Owens","name":"2_33_6_138"},{"num":6.3,"categoryName":"Tony Farmer","name":"2_33_6_210"},{"num":6.2,"categoryName":"Mark Davis","name":"2_33_6_211"},{"num":5.6,"categoryName":"Chris Carr","name":"2_33_6_212"},{"num":5.5,"categoryName":"Adonal Foyle","name":"2_33_6_200"},{"num":5.2,"categoryName":"Damon Jones","name":"2_33_6_213"},{"num":5,"categoryName":"Sam Jacobson","name":"2_33_6_214"},{"num":5,"categoryName":"Sam Mack","name":"2_33_6_215"},{"num":3.3,"categoryName":"Tim Legler","name":"2_33_6_169"},{"num":1.9,"categoryName":"Bill Curley","name":"2_33_6_216"},{"num":2.8,"categoryName":"Drew Barry","name":"2_33_6_217"},{"num":2.2,"categoryName":"Tim Young","name":"2_33_6_218"},{"num":1.5,"categoryName":"Jamel Thomas","name":"2_33_6_219"}],"name":"2_33_6_0"},{"num":92,"categoryName":"Los_Angeles_Clippers","children":[{"num":17.1,"categoryName":"Maurice Taylor","name":"2_33_10_119"},{"num":16.9,"categoryName":"Derek Anderson","name":"2_33_10_129"},{"num":16.6,"categoryName":"Lamar Odom","name":"2_33_10_130"},{"num":13.3,"categoryName":"Tyrone Nesby","name":"2_33_10_124"},{"num":9.8,"categoryName":"Michael Olowokandi","name":"2_33_10_125"},{"num":8.8,"categoryName":"Troy Hudson","name":"2_33_10_127"},{"num":8.7,"categoryName":"Eric Piatkowski","name":"2_33_10_103"},{"num":7.2,"categoryName":"Jeff McInnis","name":"2_33_10_131"},{"num":5.6,"categoryName":"Eric Murdock","name":"2_33_10_132"},{"num":5.4,"categoryName":"Brian Skinner","name":"2_33_10_128"},{"num":4.2,"categoryName":"Keith Closs","name":"2_33_10_121"},{"num":3.4,"categoryName":"Charles Jones","name":"2_33_10_133"},{"num":3,"categoryName":"Pete Chilcutt","name":"2_33_10_134"},{"num":2.4,"categoryName":"Etdrick Bohannon","name":"2_33_10_135"},{"num":1.7,"categoryName":"Anthony Avent","name":"2_33_10_136"},{"num":0.7,"categoryName":"Marty Conlon","name":"2_33_10_137"},{"num":0,"categoryName":"Mario Bennett","name":"2_33_10_138"}],"name":"2_33_10_0"},{"num":100.8,"categoryName":"Los_Angeles_Lakers","children":[{"num":29.7,"categoryName":"Shaquille O'Neal","name":"2_33_1_157"},{"num":22.5,"categoryName":"Kobe Bryant","name":"2_33_1_159"},{"num":15.9,"categoryName":"Glen Rice","name":"2_33_1_172"},{"num":7,"categoryName":"Ron Harper","name":"2_33_1_179"},{"num":6.5,"categoryName":"Rick Fox","name":"2_33_1_168"},{"num":6.3,"categoryName":"Derek Fisher","name":"2_33_1_163"},{"num":6,"categoryName":"Tyronn Lue","name":"2_33_1_175"},{"num":5.7,"categoryName":"Robert Horry","name":"2_33_1_158"},{"num":5,"categoryName":"A.C. Green","name":"2_33_1_100"},{"num":4.1,"categoryName":"Brian Shaw","name":"2_33_1_180"},{"num":3.3,"categoryName":"Sam Jacobson","name":"2_33_1_176"},{"num":3.2,"categoryName":"Devean George","name":"2_33_1_181"},{"num":2.3,"categoryName":"John Celestand","name":"2_33_1_182"},{"num":1.7,"categoryName":"Travis Knight","name":"2_33_1_161"},{"num":1.6,"categoryName":"John Salley","name":"2_33_1_183"}],"name":"2_33_1_0"},{"num":98.9,"categoryName":"Phoenix_Suns","children":[{"num":18.5,"categoryName":"Clifford Robinson","name":"2_33_8_159"},{"num":16.9,"categoryName":"Penny Hardaway","name":"2_33_8_174"},{"num":14.3,"categoryName":"Jason Kidd","name":"2_33_8_146"},{"num":13.8,"categoryName":"Rodney Rogers","name":"2_33_8_175"},{"num":13.7,"categoryName":"Tom Gugliotta","name":"2_33_8_164"},{"num":10.2,"categoryName":"Shawn Marion","name":"2_33_8_176"},{"num":6.8,"categoryName":"Todd Day","name":"2_33_8_177"},{"num":6.7,"categoryName":"Kevin Johnson","name":"2_33_8_84"},{"num":6.6,"categoryName":"Rex Chapman","name":"2_33_8_145"},{"num":6.3,"categoryName":"Oliver Miller","name":"2_33_8_117"},{"num":6.3,"categoryName":"Luc Longley","name":"2_33_8_166"},{"num":4.8,"categoryName":"Randy Livingston","name":"2_33_8_165"},{"num":3.5,"categoryName":"Toby Bailey","name":"2_33_8_170"},{"num":2.8,"categoryName":"Corie Blount","name":"2_33_8_178"},{"num":2.6,"categoryName":"Don MacLean","name":"2_33_8_179"},{"num":0.8,"categoryName":"Ben Davis","name":"2_33_8_157"},{"num":0.7,"categoryName":"Mark West","name":"2_33_8_85"}],"name":"2_33_8_0"},{"num":97.5,"categoryName":"Portland_Trail_Blazers","children":[{"num":16.4,"categoryName":"Rasheed Wallace","name":"2_33_2_166"},{"num":14.9,"categoryName":"Steve Smith","name":"2_33_2_190"},{"num":12.5,"categoryName":"Damon Stoudamire","name":"2_33_2_174"},{"num":12.5,"categoryName":"Scottie Pippen","name":"2_33_2_191"},{"num":11.8,"categoryName":"Arvydas Sabonis","name":"2_33_2_156"},{"num":8.8,"categoryName":"Bonzi Wells","name":"2_33_2_188"},{"num":7.5,"categoryName":"Detlef Schrempf","name":"2_33_2_192"},{"num":7.3,"categoryName":"Brian Grant","name":"2_33_2_175"},{"num":6.3,"categoryName":"Greg Anthony","name":"2_33_2_187"},{"num":4,"categoryName":"Gary Grant","name":"2_33_2_178"},{"num":3.9,"categoryName":"Jermaine O'Neal","name":"2_33_2_168"},{"num":3.4,"categoryName":"Stacey Augmon","name":"2_33_2_167"},{"num":2.2,"categoryName":"Antonio Harvey","name":"2_33_2_193"},{"num":1.6,"categoryName":"Joe Kleine","name":"2_33_2_194"}],"name":"2_33_2_0"},{"num":105,"categoryName":"Sacramento_Kings","children":[{"num":24.5,"categoryName":"Chris Webber","name":"2_33_11_93"},{"num":12.3,"categoryName":"Jason Williams","name":"2_33_11_95"},{"num":12.3,"categoryName":"Vlade Divac","name":"2_33_11_94"},{"num":11.9,"categoryName":"Peja Stojakovic","name":"2_33_11_97"},{"num":10.8,"categoryName":"Nick Anderson","name":"2_33_11_105"},{"num":10.3,"categoryName":"Corliss Williamson","name":"2_33_11_75"},{"num":8,"categoryName":"Jon Barry","name":"2_33_11_99"},{"num":6.4,"categoryName":"L. Funderburke","name":"2_33_11_84"},{"num":6.4,"categoryName":"Tony Delk","name":"2_33_11_106"},{"num":5.7,"categoryName":"Darrick Martin","name":"2_33_11_107"},{"num":5.4,"categoryName":"Scot Pollard","name":"2_33_11_98"},{"num":5,"categoryName":"Ryan Robertson","name":"2_33_11_108"},{"num":4.1,"categoryName":"Tyrone Corbin","name":"2_33_11_74"},{"num":2,"categoryName":"Bill Wennington","name":"2_33_11_34"}],"name":"2_33_11_0"},{"num":99.1,"categoryName":"Seattle_Supersonics","children":[{"num":24.2,"categoryName":"Gary Payton","name":"2_33_5_133"},{"num":16.6,"categoryName":"Vin Baker","name":"2_33_5_163"},{"num":11.8,"categoryName":"Brent Barry","name":"2_33_5_178"},{"num":11.6,"categoryName":"Ruben Patterson","name":"2_33_5_179"},{"num":10.9,"categoryName":"Vernon Maxwell","name":"2_33_5_180"},{"num":8.2,"categoryName":"Rashard Lewis","name":"2_33_5_176"},{"num":8.1,"categoryName":"Horace Grant","name":"2_33_5_181"},{"num":5.2,"categoryName":"Shammond Williams","name":"2_33_5_182"},{"num":4.3,"categoryName":"Jelani McCoy","name":"2_33_5_174"},{"num":4,"categoryName":"Emanual Davis","name":"2_33_5_183"},{"num":3.6,"categoryName":"Lazaro Borrell","name":"2_33_5_184"},{"num":3.4,"categoryName":"Greg Foster","name":"2_33_5_185"},{"num":2.8,"categoryName":"Chuck Person","name":"2_33_5_186"},{"num":2.5,"categoryName":"Vladimir Stepania","name":"2_33_5_173"},{"num":1.6,"categoryName":"Fred Vinson","name":"2_33_5_187"}],"name":"2_33_5_0"}],"name":"2_33_0_0","num":688.8000000000001}],"name":"2_0_0_0","num":1373.8}],"num":2826.8}