{"year":1987,"name":"root","categoryName":"root","children":[{"categoryName":"Eastern","children":[{"categoryName":"Atlantic","children":[{"num":113.6,"categoryName":"Boston_Celtics","children":[{"num":29.9,"categoryName":"Larry Bird","name":"1_14_1_52"},{"num":22.6,"categoryName":"Kevin McHale","name":"1_14_1_58"},{"num":15.7,"categoryName":"Danny Ainge","name":"1_14_1_61"},{"num":14.3,"categoryName":"Robert Parish","name":"1_14_1_57"},{"num":12.6,"categoryName":"Dennis Johnson","name":"1_14_1_67"},{"num":8.7,"categoryName":"Jim Paxson","name":"1_14_1_81"},{"num":6.1,"categoryName":"Fred Roberts","name":"1_14_1_77"},{"num":6,"categoryName":"Darren Daye","name":"1_14_1_78"},{"num":4.5,"categoryName":"Reggie Lewis","name":"1_14_1_82"},{"num":4.2,"categoryName":"Brad Lohaus","name":"1_14_1_83"},{"num":4.1,"categoryName":"Jerry Sichting","name":"1_14_1_73"},{"num":3.6,"categoryName":"Mark Acres","name":"1_14_1_84"},{"num":3.5,"categoryName":"Artis Gilmore","name":"1_14_1_85"},{"num":3.4,"categoryName":"Conner Henry","name":"1_14_1_79"},{"num":3.2,"categoryName":"Dirk Minniefield","name":"1_14_1_86"},{"num":1.5,"categoryName":"Greg Kite","name":"1_14_1_68"}],"name":"1_14_1_0"},{"num":100.4,"categoryName":"New_Jersey_Nets","children":[{"num":18.3,"categoryName":"Buck Williams","name":"1_14_6_41"},{"num":17.6,"categoryName":"Roy Hinson","name":"1_14_6_78"},{"num":16.9,"categoryName":"Mike Gminski","name":"1_14_6_32"},{"num":16.4,"categoryName":"Orlando Woolridge","name":"1_14_6_72"},{"num":14.1,"categoryName":"Tim McCormick","name":"1_14_6_79"},{"num":12,"categoryName":"John Bagley","name":"1_14_6_80"},{"num":11,"categoryName":"Ben Coleman","name":"1_14_6_76"},{"num":10.9,"categoryName":"Otis Birdsong","name":"1_14_6_42"},{"num":9.6,"categoryName":"Dennis Hopson","name":"1_14_6_81"},{"num":9.3,"categoryName":"Pearl Washington","name":"1_14_6_74"},{"num":6.7,"categoryName":"Dudley Bradley","name":"1_14_6_82"},{"num":6.7,"categoryName":"Adrian Branch","name":"1_14_6_83"},{"num":5.6,"categoryName":"Dallas Comegys","name":"1_14_6_84"},{"num":4.7,"categoryName":"Jamie Waller","name":"1_14_6_85"},{"num":4.5,"categoryName":"Mike O'Koren","name":"1_14_6_34"},{"num":4.1,"categoryName":"Kevin McKenna","name":"1_14_6_64"},{"num":3.6,"categoryName":"Duane Washington","name":"1_14_6_86"},{"num":3.5,"categoryName":"Ricky Wilson","name":"1_14_6_87"},{"num":1.9,"categoryName":"Chris Engler","name":"1_14_6_67"},{"num":0,"categoryName":"Johnny Moore","name":"1_14_6_88"}],"name":"1_14_6_0"},{"num":105.5,"categoryName":"New_York_Knicks","children":[{"num":20.2,"categoryName":"Patrick Ewing","name":"1_14_3_90"},{"num":17.4,"categoryName":"Gerald Wilkins","name":"1_14_3_91"},{"num":13.6,"categoryName":"Mark Jackson","name":"1_14_3_103"},{"num":11.1,"categoryName":"Bill Cartwright","name":"1_14_3_56"},{"num":10.1,"categoryName":"Kenny Walker","name":"1_14_3_97"},{"num":10,"categoryName":"Johnny Newman","name":"1_14_3_104"},{"num":7.8,"categoryName":"Sidney Green","name":"1_14_3_105"},{"num":7.1,"categoryName":"Trent Tucker","name":"1_14_3_73"},{"num":5.5,"categoryName":"Pat Cummings","name":"1_14_3_84"},{"num":4.3,"categoryName":"Ray Tolbert","name":"1_14_3_106"},{"num":3.6,"categoryName":"Tony White","name":"1_14_3_107"},{"num":3.5,"categoryName":"Chris McNealy","name":"1_14_3_92"},{"num":3.3,"categoryName":"Rory Sparrow","name":"1_14_3_71"},{"num":2.8,"categoryName":"Rick Carlisle","name":"1_14_3_108"},{"num":2.7,"categoryName":"Sedric Toney","name":"1_14_3_109"},{"num":2.4,"categoryName":"Bob Thornton","name":"1_14_3_93"},{"num":2.4,"categoryName":"Billy Donovan","name":"1_14_3_110"},{"num":2.3,"categoryName":"Gerald Henderson","name":"1_14_3_96"},{"num":1.4,"categoryName":"Louis Orr","name":"1_14_3_74"},{"num":0.5,"categoryName":"Carey Scurry","name":"1_14_3_111"}],"name":"1_14_3_0"},{"num":105.7,"categoryName":"Philadelphia_76ers","children":[{"num":28.3,"categoryName":"Charles Barkley","name":"1_14_4_95"},{"num":19,"categoryName":"Cliff Robinson","name":"1_14_4_108"},{"num":16.9,"categoryName":"Mike Gminski","name":"1_14_4_116"},{"num":13.7,"categoryName":"Maurice Cheeks","name":"1_14_4_68"},{"num":11.6,"categoryName":"Roy Hinson","name":"1_14_4_109"},{"num":8.9,"categoryName":"David Wingate","name":"1_14_4_112"},{"num":8.4,"categoryName":"Gerald Henderson","name":"1_14_4_117"},{"num":7.8,"categoryName":"Tim McCormick","name":"1_14_4_110"},{"num":7.3,"categoryName":"Andrew Toney","name":"1_14_4_76"},{"num":7.2,"categoryName":"Albert King","name":"1_14_4_118"},{"num":6.9,"categoryName":"Ben Coleman","name":"1_14_4_119"},{"num":5.7,"categoryName":"Dave Henderson","name":"1_14_4_120"},{"num":4.8,"categoryName":"Chris Welp","name":"1_14_4_121"},{"num":3.7,"categoryName":"Vincent Askew","name":"1_14_4_122"},{"num":3.6,"categoryName":"Mark McNamara","name":"1_14_4_87"},{"num":3.6,"categoryName":"Bob Thornton","name":"1_14_4_123"},{"num":3.1,"categoryName":"Steve Colter","name":"1_14_4_113"},{"num":2.1,"categoryName":"Danny Vranes","name":"1_14_4_115"}],"name":"1_14_4_0"},{"num":105.5,"categoryName":"Washington_Bullets","children":[{"num":20.5,"categoryName":"Jeff Malone","name":"1_14_7_47"},{"num":20.3,"categoryName":"Moses Malone","name":"1_14_7_65"},{"num":17.2,"categoryName":"Bernard King","name":"1_14_7_74"},{"num":12.8,"categoryName":"John Williams","name":"1_14_7_68"},{"num":10.7,"categoryName":"Terry Catledge","name":"1_14_7_67"},{"num":8,"categoryName":"Steve Colter","name":"1_14_7_75"},{"num":7.4,"categoryName":"Frank Johnson","name":"1_14_7_32"},{"num":6,"categoryName":"Darrell Walker","name":"1_14_7_76"},{"num":5.2,"categoryName":"Mark Alarie","name":"1_14_7_77"},{"num":5,"categoryName":"Muggsy Bogues","name":"1_14_7_78"},{"num":2.9,"categoryName":"Charles Jones","name":"1_14_7_51"},{"num":2.3,"categoryName":"Manute Bol","name":"1_14_7_61"},{"num":2.2,"categoryName":"Jay Murphy","name":"1_14_7_71"}],"name":"1_14_7_0"}],"name":"1_14_0_0","num":530.7},{"categoryName":"Central","children":[{"num":107.9,"categoryName":"Atlanta_Hawks","children":[{"num":30.7,"categoryName":"Dominique Wilkins","name":"1_15_1_79"},{"num":14.2,"categoryName":"Doc Rivers","name":"1_15_1_86"},{"num":11.6,"categoryName":"Kevin Willis","name":"1_15_1_93"},{"num":10.6,"categoryName":"John Battle","name":"1_15_1_103"},{"num":10,"categoryName":"Randy Wittman","name":"1_15_1_88"},{"num":10,"categoryName":"Cliff Levingston","name":"1_15_1_92"},{"num":8.8,"categoryName":"Antoine Carr","name":"1_15_1_94"},{"num":6,"categoryName":"Spud Webb","name":"1_15_1_102"},{"num":5.7,"categoryName":"Jon Koncak","name":"1_15_1_101"},{"num":4.6,"categoryName":"Mike McGee","name":"1_15_1_106"},{"num":4.4,"categoryName":"Tree Rollins","name":"1_15_1_58"},{"num":3.4,"categoryName":"Leon Wood","name":"1_15_1_110"},{"num":2.2,"categoryName":"Ennis Whatley","name":"1_15_1_111"},{"num":2,"categoryName":"Scott Hastings","name":"1_15_1_85"},{"num":2,"categoryName":"Chris Washburn","name":"1_15_1_112"}],"name":"1_15_1_0"},{"num":105,"categoryName":"Chicago_Bulls","children":[{"num":35,"categoryName":"Michael Jordan","name":"1_15_12_32"},{"num":13,"categoryName":"Sam Vincent","name":"1_15_12_59"},{"num":12.4,"categoryName":"Charles Oakley","name":"1_15_12_39"},{"num":10.1,"categoryName":"Dave Corzine","name":"1_15_12_20"},{"num":9.5,"categoryName":"Brad Sellers","name":"1_15_12_47"},{"num":7.9,"categoryName":"Scottie Pippen","name":"1_15_12_60"},{"num":7.9,"categoryName":"John Paxson","name":"1_15_12_42"},{"num":7.7,"categoryName":"Horace Grant","name":"1_15_12_61"},{"num":6.6,"categoryName":"Sedale Threatt","name":"1_15_12_48"},{"num":4.5,"categoryName":"Rory Sparrow","name":"1_15_12_62"},{"num":4.3,"categoryName":"Mike Brown","name":"1_15_12_51"},{"num":4.2,"categoryName":"Artis Gilmore","name":"1_15_12_2"},{"num":1,"categoryName":"Elston Turner","name":"1_15_12_52"},{"num":0.8,"categoryName":"Granville Waiters","name":"1_15_12_55"},{"num":0,"categoryName":"Tony White","name":"1_15_12_63"}],"name":"1_15_12_0"},{"num":104.5,"categoryName":"Cleveland_Cavaliers","children":[{"num":18.7,"categoryName":"Brad Daugherty","name":"1_15_4_118"},{"num":16.2,"categoryName":"Larry Nance","name":"1_15_4_125"},{"num":16,"categoryName":"Mark Price","name":"1_15_4_120"},{"num":15.4,"categoryName":"Ron Harper","name":"1_15_4_117"},{"num":10.9,"categoryName":"Hot Rod Williams","name":"1_15_4_119"},{"num":10,"categoryName":"Dell Curry","name":"1_15_4_126"},{"num":8.5,"categoryName":"Mark West","name":"1_15_4_109"},{"num":8.4,"categoryName":"Phil Hubbard","name":"1_15_4_78"},{"num":7.3,"categoryName":"Kevin Johnson","name":"1_15_4_127"},{"num":7.3,"categoryName":"Tyrone Corbin","name":"1_15_4_123"},{"num":7.1,"categoryName":"Craig Ehlo","name":"1_15_4_121"},{"num":6.8,"categoryName":"Mike Sanders","name":"1_15_4_128"},{"num":3.1,"categoryName":"Chris Dudley","name":"1_15_4_129"},{"num":2.6,"categoryName":"Johnny Rogers","name":"1_15_4_130"},{"num":2.5,"categoryName":"Kent Benson","name":"1_15_4_131"},{"num":1.8,"categoryName":"Kevin Henderson","name":"1_15_4_132"},{"num":0.5,"categoryName":"Kannard Johnson","name":"1_15_4_133"}],"name":"1_15_4_0"},{"num":109.2,"categoryName":"Detroit_Pistons","children":[{"num":20,"categoryName":"Adrian Dantley","name":"1_15_10_80"},{"num":19.5,"categoryName":"Isiah Thomas","name":"1_15_10_44"},{"num":14.2,"categoryName":"Joe Dumars","name":"1_15_10_75"},{"num":13.5,"categoryName":"Bill Laimbeer","name":"1_15_10_45"},{"num":12.2,"categoryName":"Vinnie Johnson","name":"1_15_10_47"},{"num":11.6,"categoryName":"Dennis Rodman","name":"1_15_10_82"},{"num":10.7,"categoryName":"Rick Mahorn","name":"1_15_10_76"},{"num":8.5,"categoryName":"John Salley","name":"1_15_10_83"},{"num":5.4,"categoryName":"James Edwards","name":"1_15_10_88"},{"num":2.7,"categoryName":"William Bedford","name":"1_15_10_89"},{"num":2,"categoryName":"Darryl Dawkins","name":"1_15_10_90"},{"num":1.7,"categoryName":"Ralph Lewis","name":"1_15_10_91"},{"num":1.1,"categoryName":"Ron Moore","name":"1_15_10_92"},{"num":1,"categoryName":"Chuck Nevitt","name":"1_15_10_77"},{"num":0,"categoryName":"Walker Russell","name":"1_15_10_58"}],"name":"1_15_10_0"},{"num":104.6,"categoryName":"Indiana_Pacers","children":[{"num":17,"categoryName":"Chuck Person","name":"1_15_11_60"},{"num":16.1,"categoryName":"Wayman Tisdale","name":"1_15_11_53"},{"num":13.9,"categoryName":"Vern Fleming","name":"1_15_11_44"},{"num":13.5,"categoryName":"Steve Stipanovich","name":"1_15_11_35"},{"num":12.8,"categoryName":"John Long","name":"1_15_11_61"},{"num":10,"categoryName":"Reggie Miller","name":"1_15_11_67"},{"num":10,"categoryName":"Herb Williams","name":"1_15_11_24"},{"num":7.3,"categoryName":"Ron Anderson","name":"1_15_11_54"},{"num":4.4,"categoryName":"Scott Skiles","name":"1_15_11_68"},{"num":3,"categoryName":"Stuart Gray","name":"1_15_11_51"},{"num":2.5,"categoryName":"Clinton Wheeler","name":"1_15_11_69"},{"num":1.7,"categoryName":"Greg Dreiling","name":"1_15_11_66"},{"num":1.5,"categoryName":"Brian Rowsom","name":"1_15_11_70"}],"name":"1_15_11_0"},{"num":106.1,"categoryName":"Milwaukee_Bucks","children":[{"num":21.3,"categoryName":"Terry Cummings","name":"1_15_13_34"},{"num":16.5,"categoryName":"Jack Sikma","name":"1_15_13_51"},{"num":16.4,"categoryName":"Ricky Pierce","name":"1_15_13_36"},{"num":13.1,"categoryName":"Paul Pressey","name":"1_15_13_21"},{"num":12,"categoryName":"Randy Breuer","name":"1_15_13_31"},{"num":10.8,"categoryName":"Sidney Moncrief","name":"1_15_13_4"},{"num":9.2,"categoryName":"Craig Hodges","name":"1_15_13_35"},{"num":9.2,"categoryName":"John Lucas","name":"1_15_13_50"},{"num":8,"categoryName":"Jerry Reynolds","name":"1_15_13_46"},{"num":7.2,"categoryName":"Larry Krystkowiak","name":"1_15_13_60"},{"num":4.2,"categoryName":"Paul Mokeski","name":"1_15_13_25"},{"num":3.7,"categoryName":"Dave Hoppen","name":"1_15_13_61"},{"num":3.5,"categoryName":"Pace Mannion","name":"1_15_13_62"},{"num":2.7,"categoryName":"Jay Humphries","name":"1_15_13_63"},{"num":2.4,"categoryName":"Charles Davis","name":"1_15_13_38"},{"num":2.3,"categoryName":"Conner Henry","name":"1_15_13_64"},{"num":1.9,"categoryName":"John Stroeder","name":"1_15_13_65"},{"num":1.3,"categoryName":"Andre Moore","name":"1_15_13_66"},{"num":1,"categoryName":"Rickie Winslow","name":"1_15_13_67"},{"num":0,"categoryName":"Dudley Bradley","name":"1_15_13_56"}],"name":"1_15_13_0"}],"name":"1_15_0_0","num":637.3}],"name":"1_0_0_0","num":1168},{"categoryName":"Western","children":[{"categoryName":"Midwest","children":[{"num":109.3,"categoryName":"Dallas_Mavericks","children":[{"num":25.1,"categoryName":"Mark Aguirre","name":"2_32_10_23"},{"num":18.7,"categoryName":"Rolando Blackman","name":"2_32_10_24"},{"num":17,"categoryName":"Derek Harper","name":"2_32_10_34"},{"num":14.2,"categoryName":"Sam Perkins","name":"2_32_10_37"},{"num":13.5,"categoryName":"Roy Tarpley","name":"2_32_10_47"},{"num":8.5,"categoryName":"Detlef Schrempf","name":"2_32_10_43"},{"num":7.2,"categoryName":"Brad Davis","name":"2_32_10_5"},{"num":7,"categoryName":"James Donaldson","name":"2_32_10_42"},{"num":2.2,"categoryName":"Uwe Blab","name":"2_32_10_45"},{"num":2.1,"categoryName":"Steve Alford","name":"2_32_10_51"},{"num":2.1,"categoryName":"Bill Wennington","name":"2_32_10_44"},{"num":2,"categoryName":"Jim Farmer","name":"2_32_10_52"}],"name":"2_32_10_0"},{"num":116.7,"categoryName":"Denver_Nuggets","children":[{"num":25,"categoryName":"Alex English","name":"2_32_7_32"},{"num":18.9,"categoryName":"Fat Lever","name":"2_32_7_60"},{"num":15.4,"categoryName":"Jay Vincent","name":"2_32_7_71"},{"num":13.9,"categoryName":"Danny Schayes","name":"2_32_7_49"},{"num":13.9,"categoryName":"Michael Adams","name":"2_32_7_72"},{"num":12.7,"categoryName":"Blair Rasmussen","name":"2_32_7_65"},{"num":9.6,"categoryName":"Calvin Natt","name":"2_32_7_59"},{"num":6.4,"categoryName":"Wayne Cooper","name":"2_32_7_61"},{"num":6.3,"categoryName":"Otis Smith","name":"2_32_7_70"},{"num":6.1,"categoryName":"Mike Evans","name":"2_32_7_51"},{"num":4.5,"categoryName":"Bill Hanzlik","name":"2_32_7_52"},{"num":2.9,"categoryName":"Andre Moore","name":"2_32_7_73"},{"num":2.7,"categoryName":"Michael Brooks","name":"2_32_7_74"},{"num":2.2,"categoryName":"T.R. Dunn","name":"2_32_7_44"},{"num":2.2,"categoryName":"Maurice Martin","name":"2_32_7_69"},{"num":1,"categoryName":"Brad Wright","name":"2_32_7_75"}],"name":"2_32_7_0"},{"num":109,"categoryName":"Houston_Rockets","children":[{"num":22.8,"categoryName":"Hakeem Olajuwon","name":"2_32_11_29"},{"num":15.9,"categoryName":"Ralph Sampson","name":"2_32_11_24"},{"num":14.3,"categoryName":"Purvis Short","name":"2_32_11_44"},{"num":13.1,"categoryName":"Sleepy Floyd","name":"2_32_11_45"},{"num":12.4,"categoryName":"Rodney McCray","name":"2_32_11_26"},{"num":12,"categoryName":"Joe Barry Carroll","name":"2_32_11_46"},{"num":10.2,"categoryName":"Allen Leavell","name":"2_32_11_6"},{"num":8.9,"categoryName":"Jim Petersen","name":"2_32_11_34"},{"num":6.4,"categoryName":"World B. Free","name":"2_32_11_47"},{"num":6.3,"categoryName":"Robert Reid","name":"2_32_11_3"},{"num":5.9,"categoryName":"Steve Harris","name":"2_32_11_36"},{"num":5.4,"categoryName":"Buck Johnson","name":"2_32_11_40"},{"num":3.8,"categoryName":"Cedric Maxwell","name":"2_32_11_39"},{"num":2.9,"categoryName":"Andre Turner","name":"2_32_11_48"},{"num":2.7,"categoryName":"Richard Anderson","name":"2_32_11_42"},{"num":2.5,"categoryName":"Lester Conner","name":"2_32_11_49"}],"name":"2_32_11_0"},{"num":108,"categoryName":"Sacramento_Kings","children":[{"num":21.6,"categoryName":"Reggie Theus","name":"2_32_13_2"},{"num":20.8,"categoryName":"Otis Thorpe","name":"2_32_13_6"},{"num":14.2,"categoryName":"Mike McGee","name":"2_32_13_23"},{"num":13.8,"categoryName":"Kenny Smith","name":"2_32_13_24"},{"num":12.7,"categoryName":"Derek Smith","name":"2_32_13_15"},{"num":9.8,"categoryName":"Joe Kleine","name":"2_32_13_9"},{"num":9.7,"categoryName":"Harold Pressley","name":"2_32_13_17"},{"num":8.3,"categoryName":"Franklin Edwards","name":"2_32_13_20"},{"num":8,"categoryName":"LaSalle Thompson","name":"2_32_13_4"},{"num":7.8,"categoryName":"Conner Henry","name":"2_32_13_25"},{"num":6.2,"categoryName":"Ed Pinckney","name":"2_32_13_26"},{"num":5.5,"categoryName":"Terry Tyler","name":"2_32_13_7"},{"num":5.5,"categoryName":"Jawann Oldham","name":"2_32_13_27"},{"num":3.8,"categoryName":"Joe Arlauckas","name":"2_32_13_28"},{"num":2.7,"categoryName":"Michael Jackson","name":"2_32_13_29"},{"num":0.6,"categoryName":"Martin Nessley","name":"2_32_13_30"}],"name":"2_32_13_0"},{"num":113.6,"categoryName":"San_Antonio_Spurs","children":[{"num":19.6,"categoryName":"Alvin Robertson","name":"2_32_12_46"},{"num":17.4,"categoryName":"Walter Berry","name":"2_32_12_65"},{"num":16,"categoryName":"Frank Brickowski","name":"2_32_12_70"},{"num":15.8,"categoryName":"Johnny Dawkins","name":"2_32_12_67"},{"num":13.5,"categoryName":"Mike Mitchell","name":"2_32_12_15"},{"num":11.7,"categoryName":"Greg Anderson","name":"2_32_12_74"},{"num":9.3,"categoryName":"Leon Wood","name":"2_32_12_75"},{"num":8.6,"categoryName":"Dave Greenwood","name":"2_32_12_56"},{"num":8.1,"categoryName":"Jon Sundvold","name":"2_32_12_57"},{"num":5.8,"categoryName":"Ricky Wilson","name":"2_32_12_76"},{"num":5.8,"categoryName":"Charles Davis","name":"2_32_12_77"},{"num":5.7,"categoryName":"Petur Gudmundsson","name":"2_32_12_78"},{"num":5.1,"categoryName":"Pete Myers","name":"2_32_12_79"},{"num":4.4,"categoryName":"Kurt Nimphius","name":"2_32_12_80"},{"num":4,"categoryName":"Richard Rellford","name":"2_32_12_81"},{"num":3.8,"categoryName":"Phil Zevenbergen","name":"2_32_12_82"},{"num":3.7,"categoryName":"Nate Blackwell","name":"2_32_12_83"},{"num":2.1,"categoryName":"Ed Nealy","name":"2_32_12_71"},{"num":2,"categoryName":"Johnny Moore","name":"2_32_12_8"}],"name":"2_32_12_0"},{"num":108.5,"categoryName":"Utah_Jazz","children":[{"num":27.7,"categoryName":"Karl Malone","name":"2_32_9_51"},{"num":19.6,"categoryName":"Thurl Bailey","name":"2_32_9_45"},{"num":14.7,"categoryName":"John Stockton","name":"2_32_9_48"},{"num":11.3,"categoryName":"Darrell Griffith","name":"2_32_9_21"},{"num":9.6,"categoryName":"Bob Hansen","name":"2_32_9_46"},{"num":7.5,"categoryName":"Kelly Tripucka","name":"2_32_9_56"},{"num":7,"categoryName":"Mark Eaton","name":"2_32_9_42"},{"num":5.9,"categoryName":"Melvin Turpin","name":"2_32_9_59"},{"num":4.9,"categoryName":"Rickey Green","name":"2_32_9_22"},{"num":4.8,"categoryName":"Carey Scurry","name":"2_32_9_52"},{"num":4.5,"categoryName":"Marc Iavaroni","name":"2_32_9_53"},{"num":3.2,"categoryName":"Scott Roth","name":"2_32_9_60"},{"num":1.5,"categoryName":"Eddie Hughes","name":"2_32_9_61"},{"num":1.5,"categoryName":"Darryl Dawkins","name":"2_32_9_62"},{"num":1.3,"categoryName":"Bart Kofoed","name":"2_32_9_63"}],"name":"2_32_9_0"}],"name":"2_32_0_0","num":665.1},{"categoryName":"Pacific","children":[{"num":107,"categoryName":"Golden_State_Warriors","children":[{"num":21.2,"categoryName":"Sleepy Floyd","name":"2_33_6_68"},{"num":20.2,"categoryName":"Chris Mullin","name":"2_33_6_87"},{"num":15.5,"categoryName":"Rod Higgins","name":"2_33_6_93"},{"num":15.5,"categoryName":"Joe Barry Carroll","name":"2_33_6_52"},{"num":15.4,"categoryName":"Ralph Sampson","name":"2_33_6_99"},{"num":13.1,"categoryName":"Otis Smith","name":"2_33_6_100"},{"num":12.6,"categoryName":"Terry Teagle","name":"2_33_6_81"},{"num":12.4,"categoryName":"Winston Garland","name":"2_33_6_101"},{"num":10.3,"categoryName":"Steve Harris","name":"2_33_6_102"},{"num":8.1,"categoryName":"Tellis Frank","name":"2_33_6_103"},{"num":7.6,"categoryName":"Ben McDonald","name":"2_33_6_94"},{"num":6.5,"categoryName":"Dave Feitl","name":"2_33_6_104"},{"num":6.4,"categoryName":"Larry Smith","name":"2_33_6_53"},{"num":6.2,"categoryName":"Tony White","name":"2_33_6_105"},{"num":5.9,"categoryName":"Dirk Minniefield","name":"2_33_6_106"},{"num":5.9,"categoryName":"Dave Hoppen","name":"2_33_6_107"},{"num":5.7,"categoryName":"Jerome Whitehead","name":"2_33_6_80"},{"num":4.1,"categoryName":"Chris Washburn","name":"2_33_6_95"},{"num":4,"categoryName":"Kevin Henderson","name":"2_33_6_98"},{"num":2.7,"categoryName":"Kermit Washington","name":"2_33_6_108"},{"num":0.7,"categoryName":"Mark Wade","name":"2_33_6_109"}],"name":"2_33_6_0"},{"num":98.8,"categoryName":"Los_Angeles_Clippers","children":[{"num":18,"categoryName":"Mike Woodson","name":"2_33_10_24"},{"num":14.5,"categoryName":"Michael Cage","name":"2_33_10_7"},{"num":13.4,"categoryName":"Quintin Dailey","name":"2_33_10_26"},{"num":13,"categoryName":"Benoit Benjamin","name":"2_33_10_17"},{"num":10.5,"categoryName":"Eric White","name":"2_33_10_33"},{"num":10.4,"categoryName":"Reggie Williams","name":"2_33_10_34"},{"num":10.3,"categoryName":"Larry Drew","name":"2_33_10_25"},{"num":9,"categoryName":"Steve Burtt","name":"2_33_10_35"},{"num":8.6,"categoryName":"Ken Norman","name":"2_33_10_36"},{"num":7.6,"categoryName":"Joe Wolf","name":"2_33_10_37"},{"num":7.4,"categoryName":"Kenny Fields","name":"2_33_10_27"},{"num":7.1,"categoryName":"Darnell Valentine","name":"2_33_10_18"},{"num":5.8,"categoryName":"Claude Gregory","name":"2_33_10_38"},{"num":5.3,"categoryName":"Norris Coleman","name":"2_33_10_39"},{"num":5.1,"categoryName":"Greg Kite","name":"2_33_10_40"},{"num":5,"categoryName":"Tod Murphy","name":"2_33_10_41"},{"num":4.5,"categoryName":"Michael Phelps","name":"2_33_10_42"},{"num":4.3,"categoryName":"Earl Cureton","name":"2_33_10_28"},{"num":3.5,"categoryName":"Lancaster Gordon","name":"2_33_10_10"},{"num":1.2,"categoryName":"Martin Nessley","name":"2_33_10_43"}],"name":"2_33_10_0"},{"num":112.8,"categoryName":"Los_Angeles_Lakers","children":[{"num":21.7,"categoryName":"Byron Scott","name":"2_33_1_91"},{"num":19.7,"categoryName":"James Worthy","name":"2_33_1_86"},{"num":19.6,"categoryName":"Magic Johnson","name":"2_33_1_66"},{"num":14.6,"categoryName":"K. Abdul-Jabbar","name":"2_33_1_35"},{"num":11.6,"categoryName":"Mychal Thompson","name":"2_33_1_102"},{"num":11.4,"categoryName":"A.C. Green","name":"2_33_1_100"},{"num":11,"categoryName":"Tony Campbell","name":"2_33_1_108"},{"num":8.7,"categoryName":"Michael Cooper","name":"2_33_1_65"},{"num":5.7,"categoryName":"Wes Matthews","name":"2_33_1_105"},{"num":4,"categoryName":"Kurt Rambis","name":"2_33_1_83"},{"num":3.8,"categoryName":"Milt Wagner","name":"2_33_1_109"},{"num":3,"categoryName":"Ray Tolbert","name":"2_33_1_110"},{"num":2.8,"categoryName":"Mike Smrek","name":"2_33_1_107"},{"num":1.6,"categoryName":"Billy Thompson","name":"2_33_1_103"},{"num":0.7,"categoryName":"Jeff Lamp","name":"2_33_1_111"}],"name":"2_33_1_0"},{"num":108.5,"categoryName":"Phoenix_Suns","children":[{"num":21.1,"categoryName":"Larry Nance","name":"2_33_8_55"},{"num":17.9,"categoryName":"Walter Davis","name":"2_33_8_39"},{"num":17.7,"categoryName":"Eddie Johnson","name":"2_33_8_82"},{"num":15.7,"categoryName":"James Edwards","name":"2_33_8_60"},{"num":14.8,"categoryName":"Armen Gilliam","name":"2_33_8_83"},{"num":12.7,"categoryName":"Jay Humphries","name":"2_33_8_67"},{"num":12.6,"categoryName":"Kevin Johnson","name":"2_33_8_84"},{"num":11.8,"categoryName":"Mark West","name":"2_33_8_85"},{"num":10.1,"categoryName":"Craig Hodges","name":"2_33_8_86"},{"num":9.5,"categoryName":"Jeff Hornacek","name":"2_33_8_80"},{"num":7.7,"categoryName":"Tyrone Corbin","name":"2_33_8_87"},{"num":7.5,"categoryName":"Alvan Adams","name":"2_33_8_27"},{"num":5.8,"categoryName":"Mike Sanders","name":"2_33_8_66"},{"num":5.2,"categoryName":"Bernard Thompson","name":"2_33_8_72"},{"num":4.4,"categoryName":"James Bailey","name":"2_33_8_88"},{"num":4,"categoryName":"Bill Martin","name":"2_33_8_89"},{"num":3,"categoryName":"Winston Crite","name":"2_33_8_90"},{"num":2.8,"categoryName":"Ron Moore","name":"2_33_8_91"},{"num":1.5,"categoryName":"Jeff Cook","name":"2_33_8_50"}],"name":"2_33_8_0"},{"num":116.1,"categoryName":"Portland_Trail_Blazers","children":[{"num":27,"categoryName":"Clyde Drexler","name":"2_33_2_92"},{"num":20.2,"categoryName":"Kiki Vandeweghe","name":"2_33_2_95"},{"num":19.2,"categoryName":"Jerome Kersey","name":"2_33_2_98"},{"num":15.8,"categoryName":"Kevin Duckworth","name":"2_33_2_106"},{"num":15.4,"categoryName":"Steve Johnson","name":"2_33_2_105"},{"num":14.9,"categoryName":"Terry Porter","name":"2_33_2_101"},{"num":6.7,"categoryName":"Richard Anderson","name":"2_33_2_114"},{"num":6.1,"categoryName":"Maurice Lucas","name":"2_33_2_47"},{"num":6.1,"categoryName":"Jim Paxson","name":"2_33_2_71"},{"num":5.3,"categoryName":"Mike Holton","name":"2_33_2_107"},{"num":4.2,"categoryName":"Caldwell Jones","name":"2_33_2_102"},{"num":4.1,"categoryName":"Jerry Sichting","name":"2_33_2_115"},{"num":2,"categoryName":"Ronnie Murphy","name":"2_33_2_116"},{"num":1.4,"categoryName":"Charles Jones","name":"2_33_2_117"},{"num":1.3,"categoryName":"Nikita Wilson","name":"2_33_2_118"},{"num":0,"categoryName":"Kevin Gamble","name":"2_33_2_119"}],"name":"2_33_2_0"},{"num":111.4,"categoryName":"Seattle_Supersonics","children":[{"num":25.8,"categoryName":"Dale Ellis","name":"2_33_5_104"},{"num":21.4,"categoryName":"Xavier McDaniel","name":"2_33_5_97"},{"num":20.4,"categoryName":"Tom Chambers","name":"2_33_5_81"},{"num":8.5,"categoryName":"Derrick McKey","name":"2_33_5_114"},{"num":7.6,"categoryName":"Nate McMillan","name":"2_33_5_108"},{"num":7.5,"categoryName":"Sedale Threatt","name":"2_33_5_115"},{"num":6.3,"categoryName":"Kevin Williams","name":"2_33_5_109"},{"num":6,"categoryName":"Russ Schoene","name":"2_33_5_112"},{"num":5.6,"categoryName":"Alton Lister","name":"2_33_5_105"},{"num":4.5,"categoryName":"Sam Vincent","name":"2_33_5_116"},{"num":4.1,"categoryName":"Olden Polynice","name":"2_33_5_117"},{"num":3.2,"categoryName":"Danny Young","name":"2_33_5_96"},{"num":1.6,"categoryName":"Clemon Johnson","name":"2_33_5_111"}],"name":"2_33_5_0"}],"name":"2_33_0_0","num":654.6}],"name":"2_0_0_0","num":1319.7}],"num":2487.7}