{"year":1985,"name":"root","categoryName":"root","children":[{"categoryName":"Eastern","children":[{"categoryName":"Atlantic","children":[{"num":114.1,"categoryName":"Boston_Celtics","children":[{"num":25.8,"categoryName":"Larry Bird","name":"1_14_1_52"},{"num":21.3,"categoryName":"Kevin McHale","name":"1_14_1_58"},{"num":16.1,"categoryName":"Robert Parish","name":"1_14_1_57"},{"num":15.6,"categoryName":"Dennis Johnson","name":"1_14_1_67"},{"num":10.7,"categoryName":"Danny Ainge","name":"1_14_1_61"},{"num":8,"categoryName":"Scott Wedman","name":"1_14_1_65"},{"num":7.6,"categoryName":"Bill Walton","name":"1_14_1_72"},{"num":6.5,"categoryName":"Jerry Sichting","name":"1_14_1_73"},{"num":3.3,"categoryName":"David Thirdkill","name":"1_14_1_74"},{"num":3.2,"categoryName":"Sam Vincent","name":"1_14_1_75"},{"num":2.8,"categoryName":"Sly Williams","name":"1_14_1_76"},{"num":2.6,"categoryName":"Rick Carlisle","name":"1_14_1_71"},{"num":1.3,"categoryName":"Greg Kite","name":"1_14_1_68"}],"name":"1_14_1_0"},{"num":109.1,"categoryName":"New_Jersey_Nets","children":[{"num":16.5,"categoryName":"Mike Gminski","name":"1_14_6_32"},{"num":15.9,"categoryName":"Buck Williams","name":"1_14_6_41"},{"num":15.8,"categoryName":"Otis Birdsong","name":"1_14_6_42"},{"num":15.7,"categoryName":"M.R. Richardson","name":"1_14_6_52"},{"num":15.3,"categoryName":"Darryl Dawkins","name":"1_14_6_53"},{"num":14.3,"categoryName":"Albert King","name":"1_14_6_43"},{"num":8,"categoryName":"Darwin Cook","name":"1_14_6_33"},{"num":7.8,"categoryName":"Mickey Johnson","name":"1_14_6_51"},{"num":7.4,"categoryName":"Kelvin Ransey","name":"1_14_6_58"},{"num":6.4,"categoryName":"Ray Williams","name":"1_14_6_40"},{"num":5.2,"categoryName":"Mike O'Koren","name":"1_14_6_34"},{"num":4.3,"categoryName":"Jeff Turner","name":"1_14_6_63"},{"num":3.2,"categoryName":"Bobby Cattage","name":"1_14_6_69"},{"num":3,"categoryName":"Rod Higgins","name":"1_14_6_70"},{"num":2,"categoryName":"Yvon Joseph","name":"1_14_6_71"}],"name":"1_14_6_0"},{"num":98.7,"categoryName":"New_York_Knicks","children":[{"num":20,"categoryName":"Patrick Ewing","name":"1_14_3_90"},{"num":15.7,"categoryName":"Pat Cummings","name":"1_14_3_84"},{"num":12.5,"categoryName":"Gerald Wilkins","name":"1_14_3_91"},{"num":11.9,"categoryName":"Louis Orr","name":"1_14_3_74"},{"num":11.1,"categoryName":"James Bailey","name":"1_14_3_88"},{"num":10.8,"categoryName":"Rory Sparrow","name":"1_14_3_71"},{"num":10.6,"categoryName":"Trent Tucker","name":"1_14_3_73"},{"num":10.3,"categoryName":"Darrell Walker","name":"1_14_3_80"},{"num":8.6,"categoryName":"Ken Bannister","name":"1_14_3_86"},{"num":6,"categoryName":"Bill Cartwright","name":"1_14_3_56"},{"num":5.7,"categoryName":"Chris McNealy","name":"1_14_3_92"},{"num":5.4,"categoryName":"Ernie Grunfeld","name":"1_14_3_76"},{"num":4.7,"categoryName":"Bob Thornton","name":"1_14_3_93"},{"num":4.4,"categoryName":"Ken Green","name":"1_14_3_94"},{"num":3.7,"categoryName":"Fred Cofield","name":"1_14_3_95"},{"num":1,"categoryName":"Butch Carter","name":"1_14_3_85"}],"name":"1_14_3_0"},{"num":110.4,"categoryName":"Philadelphia_76ers","children":[{"num":23.8,"categoryName":"Moses Malone","name":"1_14_4_82"},{"num":20,"categoryName":"Charles Barkley","name":"1_14_4_95"},{"num":18.1,"categoryName":"Julius Erving","name":"1_14_4_57"},{"num":15.4,"categoryName":"Maurice Cheeks","name":"1_14_4_68"},{"num":10.1,"categoryName":"Bob McAdoo","name":"1_14_4_99"},{"num":9.9,"categoryName":"Sedale Threatt","name":"1_14_4_91"},{"num":7.8,"categoryName":"Paul Thompson","name":"1_14_4_100"},{"num":7.7,"categoryName":"Terry Catledge","name":"1_14_4_101"},{"num":7,"categoryName":"Bobby Jones","name":"1_14_4_66"},{"num":5.3,"categoryName":"Leon Wood","name":"1_14_4_97"},{"num":4.4,"categoryName":"Kenny Green","name":"1_14_4_102"},{"num":4.2,"categoryName":"Andrew Toney","name":"1_14_4_76"},{"num":4.2,"categoryName":"Perry Moss","name":"1_14_4_103"},{"num":4.1,"categoryName":"Greg Stokes","name":"1_14_4_104"},{"num":3.8,"categoryName":"Butch Carter","name":"1_14_4_105"},{"num":3.5,"categoryName":"Clemon Johnson","name":"1_14_4_83"},{"num":1.5,"categoryName":"Voise Winters","name":"1_14_4_106"},{"num":0,"categoryName":"Michael Young","name":"1_14_4_107"}],"name":"1_14_4_0"},{"num":103,"categoryName":"Washington_Bullets","children":[{"num":22.4,"categoryName":"Jeff Malone","name":"1_14_7_47"},{"num":19,"categoryName":"Jeff Ruland","name":"1_14_7_30"},{"num":18.7,"categoryName":"Cliff Robinson","name":"1_14_7_48"},{"num":13.5,"categoryName":"Gus Williams","name":"1_14_7_46"},{"num":12.6,"categoryName":"Frank Johnson","name":"1_14_7_32"},{"num":11.6,"categoryName":"Dan Roundfield","name":"1_14_7_55"},{"num":9.7,"categoryName":"Leon Wood","name":"1_14_7_56"},{"num":8.7,"categoryName":"Darren Daye","name":"1_14_7_50"},{"num":7.7,"categoryName":"Freeman Williams","name":"1_14_7_57"},{"num":5.8,"categoryName":"Tom McMillen","name":"1_14_7_49"},{"num":5.8,"categoryName":"Kevin McKenna","name":"1_14_7_58"},{"num":5.5,"categoryName":"Kenny Green","name":"1_14_7_59"},{"num":4.6,"categoryName":"Perry Moss","name":"1_14_7_60"},{"num":3.9,"categoryName":"Charles Jones","name":"1_14_7_51"},{"num":3.7,"categoryName":"Manute Bol","name":"1_14_7_61"},{"num":2.8,"categoryName":"Dudley Bradley","name":"1_14_7_52"},{"num":2.8,"categoryName":"Ennis Whatley","name":"1_14_7_62"},{"num":2,"categoryName":"George Johnson","name":"1_14_7_63"},{"num":1,"categoryName":"Claude Gregory","name":"1_14_7_64"}],"name":"1_14_7_0"}],"name":"1_14_0_0","num":535.3},{"categoryName":"Central","children":[{"num":108.6,"categoryName":"Atlanta_Hawks","children":[{"num":30.3,"categoryName":"Dominique Wilkins","name":"1_15_1_79"},{"num":12.9,"categoryName":"Randy Wittman","name":"1_15_1_88"},{"num":12.3,"categoryName":"Kevin Willis","name":"1_15_1_93"},{"num":11.5,"categoryName":"Doc Rivers","name":"1_15_1_86"},{"num":10.1,"categoryName":"Eddie Johnson","name":"1_15_1_55"},{"num":9.3,"categoryName":"Cliff Levingston","name":"1_15_1_92"},{"num":8.4,"categoryName":"Ray Williams","name":"1_15_1_100"},{"num":8.3,"categoryName":"Jon Koncak","name":"1_15_1_101"},{"num":7.8,"categoryName":"Spud Webb","name":"1_15_1_102"},{"num":6.8,"categoryName":"Antoine Carr","name":"1_15_1_94"},{"num":5.6,"categoryName":"Tree Rollins","name":"1_15_1_58"},{"num":5.3,"categoryName":"Johnny Davis","name":"1_15_1_80"},{"num":4.3,"categoryName":"John Battle","name":"1_15_1_103"},{"num":3.4,"categoryName":"Lorenzo Charles","name":"1_15_1_104"},{"num":3.1,"categoryName":"Scott Hastings","name":"1_15_1_85"},{"num":1.7,"categoryName":"Sedric Toney","name":"1_15_1_105"}],"name":"1_15_1_0"},{"num":109.3,"categoryName":"Chicago_Bulls","children":[{"num":22.7,"categoryName":"Michael Jordan","name":"1_15_12_32"},{"num":20.7,"categoryName":"Orlando Woolridge","name":"1_15_12_14"},{"num":16.3,"categoryName":"Quintin Dailey","name":"1_15_12_19"},{"num":16.2,"categoryName":"George Gervin","name":"1_15_12_37"},{"num":13.5,"categoryName":"Sidney Green","name":"1_15_12_30"},{"num":10.9,"categoryName":"Gene Banks","name":"1_15_12_38"},{"num":9.6,"categoryName":"Charles Oakley","name":"1_15_12_39"},{"num":9.6,"categoryName":"Dave Corzine","name":"1_15_12_20"},{"num":8.6,"categoryName":"Kyle Macy","name":"1_15_12_40"},{"num":7.4,"categoryName":"Jawann Oldham","name":"1_15_12_23"},{"num":7.1,"categoryName":"Mike Holton","name":"1_15_12_41"},{"num":5.3,"categoryName":"John Paxson","name":"1_15_12_42"},{"num":4.6,"categoryName":"Rod Higgins","name":"1_15_12_21"},{"num":4.5,"categoryName":"Tony Brown","name":"1_15_12_43"},{"num":2.8,"categoryName":"Mike Smrek","name":"1_15_12_44"},{"num":2.4,"categoryName":"Billy McKinney","name":"1_15_12_45"},{"num":1.8,"categoryName":"Ron Brewer","name":"1_15_12_46"}],"name":"1_15_12_0"},{"num":107.8,"categoryName":"Cleveland_Cavaliers","children":[{"num":23.4,"categoryName":"World B. Free","name":"1_15_4_87"},{"num":19.6,"categoryName":"Roy Hinson","name":"1_15_4_99"},{"num":13.7,"categoryName":"Melvin Turpin","name":"1_15_4_105"},{"num":11.7,"categoryName":"John Bagley","name":"1_15_4_91"},{"num":11.4,"categoryName":"Phil Hubbard","name":"1_15_4_78"},{"num":9.8,"categoryName":"Eddie Johnson","name":"1_15_4_112"},{"num":9.7,"categoryName":"Edgar Jones","name":"1_15_4_106"},{"num":7.4,"categoryName":"Keith Lee","name":"1_15_4_113"},{"num":7,"categoryName":"Johnny Davis","name":"1_15_4_104"},{"num":5.5,"categoryName":"Dirk Minniefield","name":"1_15_4_114"},{"num":5.1,"categoryName":"Ron Brewer","name":"1_15_4_71"},{"num":5.1,"categoryName":"Ron Anderson","name":"1_15_4_108"},{"num":5,"categoryName":"Ben Poquette","name":"1_15_4_102"},{"num":4.5,"categoryName":"Lonnie Shelton","name":"1_15_4_97"},{"num":4.2,"categoryName":"Mark West","name":"1_15_4_109"},{"num":2.9,"categoryName":"Ben McDonald","name":"1_15_4_115"},{"num":2.8,"categoryName":"Ennis Whatley","name":"1_15_4_116"}],"name":"1_15_4_0"},{"num":114.2,"categoryName":"Detroit_Pistons","children":[{"num":20.9,"categoryName":"Isiah Thomas","name":"1_15_10_44"},{"num":20,"categoryName":"Kelly Tripucka","name":"1_15_10_43"},{"num":16.6,"categoryName":"Bill Laimbeer","name":"1_15_10_45"},{"num":13.9,"categoryName":"Vinnie Johnson","name":"1_15_10_47"},{"num":10,"categoryName":"John Long","name":"1_15_10_3"},{"num":9.4,"categoryName":"Joe Dumars","name":"1_15_10_75"},{"num":8.6,"categoryName":"Earl Cureton","name":"1_15_10_63"},{"num":7.9,"categoryName":"Tony Campbell","name":"1_15_10_68"},{"num":6.5,"categoryName":"Kent Benson","name":"1_15_10_23"},{"num":4.9,"categoryName":"Rick Mahorn","name":"1_15_10_76"},{"num":1.6,"categoryName":"Chuck Nevitt","name":"1_15_10_77"},{"num":1.5,"categoryName":"Mike Gibson","name":"1_15_10_78"},{"num":0,"categoryName":"Walker Russell","name":"1_15_10_58"},{"num":0,"categoryName":"Ron Crevier","name":"1_15_10_79"}],"name":"1_15_10_0"},{"num":103.9,"categoryName":"Indiana_Pacers","children":[{"num":19.9,"categoryName":"Herb Williams","name":"1_15_11_24"},{"num":17.6,"categoryName":"Clark Kellogg","name":"1_15_11_28"},{"num":14.7,"categoryName":"Wayman Tisdale","name":"1_15_11_53"},{"num":14.2,"categoryName":"Vern Fleming","name":"1_15_11_44"},{"num":13.6,"categoryName":"Steve Stipanovich","name":"1_15_11_35"},{"num":10.4,"categoryName":"Ron Anderson","name":"1_15_11_54"},{"num":9.7,"categoryName":"Clint Richardson","name":"1_15_11_55"},{"num":7,"categoryName":"Bryan Warrick","name":"1_15_11_56"},{"num":6.7,"categoryName":"Terence Stansbury","name":"1_15_11_45"},{"num":5,"categoryName":"Bill Martin","name":"1_15_11_57"},{"num":4.3,"categoryName":"Bill Garnett","name":"1_15_11_47"},{"num":3.7,"categoryName":"Quinn Buckner","name":"1_15_11_58"},{"num":3.5,"categoryName":"Dwayne McClain","name":"1_15_11_59"},{"num":2.3,"categoryName":"Stuart Gray","name":"1_15_11_51"}],"name":"1_15_11_0"},{"num":114.5,"categoryName":"Milwaukee_Bucks","children":[{"num":20.2,"categoryName":"Sidney Moncrief","name":"1_15_13_4"},{"num":19.8,"categoryName":"Terry Cummings","name":"1_15_13_34"},{"num":14.3,"categoryName":"Paul Pressey","name":"1_15_13_21"},{"num":13.9,"categoryName":"Ricky Pierce","name":"1_15_13_36"},{"num":10.8,"categoryName":"Craig Hodges","name":"1_15_13_35"},{"num":9.8,"categoryName":"Alton Lister","name":"1_15_13_15"},{"num":8.4,"categoryName":"Randy Breuer","name":"1_15_13_31"},{"num":7.7,"categoryName":"Charles Davis","name":"1_15_13_38"},{"num":6.4,"categoryName":"Kenny Fields","name":"1_15_13_39"},{"num":6.3,"categoryName":"Jeff Lamp","name":"1_15_13_44"},{"num":6.2,"categoryName":"Mike Glenn","name":"1_15_13_45"},{"num":3.7,"categoryName":"Jerry Reynolds","name":"1_15_13_46"},{"num":3.2,"categoryName":"Paul Mokeski","name":"1_15_13_25"},{"num":2,"categoryName":"Bryan Warrick","name":"1_15_13_47"},{"num":1.5,"categoryName":"Derrick Rowland","name":"1_15_13_48"},{"num":1.1,"categoryName":"Earl Jones","name":"1_15_13_49"}],"name":"1_15_13_0"}],"name":"1_15_0_0","num":658.3}],"name":"1_0_0_0","num":1193.6},{"categoryName":"Western","children":[{"categoryName":"Midwest","children":[{"num":115.3,"categoryName":"Dallas_Mavericks","children":[{"num":22.6,"categoryName":"Mark Aguirre","name":"2_32_10_23"},{"num":21.5,"categoryName":"Rolando Blackman","name":"2_32_10_24"},{"num":15.4,"categoryName":"Sam Perkins","name":"2_32_10_37"},{"num":13.8,"categoryName":"Jay Vincent","name":"2_32_10_22"},{"num":12.2,"categoryName":"Derek Harper","name":"2_32_10_34"},{"num":9.3,"categoryName":"Brad Davis","name":"2_32_10_5"},{"num":8.3,"categoryName":"James Donaldson","name":"2_32_10_42"},{"num":7.1,"categoryName":"Dale Ellis","name":"2_32_10_33"},{"num":7,"categoryName":"Kurt Nimphius","name":"2_32_10_28"},{"num":6.2,"categoryName":"Detlef Schrempf","name":"2_32_10_43"},{"num":3.4,"categoryName":"Bill Wennington","name":"2_32_10_44"},{"num":3.1,"categoryName":"Wallace Bryant","name":"2_32_10_38"},{"num":2.6,"categoryName":"Uwe Blab","name":"2_32_10_45"},{"num":2.2,"categoryName":"Harold Keeling","name":"2_32_10_46"}],"name":"2_32_10_0"},{"num":114.8,"categoryName":"Denver_Nuggets","children":[{"num":29.8,"categoryName":"Alex English","name":"2_32_7_32"},{"num":17.7,"categoryName":"Calvin Natt","name":"2_32_7_59"},{"num":13.8,"categoryName":"Fat Lever","name":"2_32_7_60"},{"num":13.1,"categoryName":"Wayne Cooper","name":"2_32_7_61"},{"num":12.5,"categoryName":"Bill Hanzlik","name":"2_32_7_52"},{"num":9.5,"categoryName":"Mike Evans","name":"2_32_7_51"},{"num":8.2,"categoryName":"Danny Schayes","name":"2_32_7_49"},{"num":5.1,"categoryName":"Elston Turner","name":"2_32_7_62"},{"num":5,"categoryName":"T.R. Dunn","name":"2_32_7_44"},{"num":4,"categoryName":"Willie White","name":"2_32_7_64"},{"num":3.2,"categoryName":"Blair Rasmussen","name":"2_32_7_65"},{"num":2.8,"categoryName":"Pete Williams","name":"2_32_7_66"}],"name":"2_32_7_0"},{"num":114.4,"categoryName":"Houston_Rockets","children":[{"num":23.5,"categoryName":"Hakeem Olajuwon","name":"2_32_11_29"},{"num":18.9,"categoryName":"Ralph Sampson","name":"2_32_11_24"},{"num":16.9,"categoryName":"Lewis Lloyd","name":"2_32_11_25"},{"num":15.5,"categoryName":"John Lucas","name":"2_32_11_30"},{"num":12,"categoryName":"Robert Reid","name":"2_32_11_3"},{"num":10.3,"categoryName":"Rodney McCray","name":"2_32_11_26"},{"num":7.9,"categoryName":"Allen Leavell","name":"2_32_11_6"},{"num":6.8,"categoryName":"Mitchell Wiggins","name":"2_32_11_31"},{"num":6.2,"categoryName":"Jim Petersen","name":"2_32_11_34"},{"num":4.5,"categoryName":"Steve Harris","name":"2_32_11_36"},{"num":3,"categoryName":"Hank McDowell","name":"2_32_11_35"},{"num":2.7,"categoryName":"Craig Ehlo","name":"2_32_11_28"},{"num":0.6,"categoryName":"Granville Waiters","name":"2_32_11_37"}],"name":"2_32_11_0"},{"num":108.8,"categoryName":"Sacramento_Kings","children":[{"num":18.7,"categoryName":"Eddie Johnson","name":"2_32_13_1"},{"num":18.3,"categoryName":"Reggie Theus","name":"2_32_13_2"},{"num":15.6,"categoryName":"Mike Woodson","name":"2_32_13_3"},{"num":12.8,"categoryName":"LaSalle Thompson","name":"2_32_13_4"},{"num":11.9,"categoryName":"Larry Drew","name":"2_32_13_5"},{"num":9.9,"categoryName":"Otis Thorpe","name":"2_32_13_6"},{"num":9.5,"categoryName":"Terry Tyler","name":"2_32_13_7"},{"num":7.6,"categoryName":"Mark Olberding","name":"2_32_13_8"},{"num":5.2,"categoryName":"Joe Kleine","name":"2_32_13_9"},{"num":2.8,"categoryName":"Carl Henry","name":"2_32_13_10"},{"num":2.2,"categoryName":"Michael Adams","name":"2_32_13_11"},{"num":2.1,"categoryName":"Mike Bratz","name":"2_32_13_12"},{"num":2,"categoryName":"Rich Kelley","name":"2_32_13_13"},{"num":1.5,"categoryName":"David Cooke","name":"2_32_13_14"}],"name":"2_32_13_0"},{"num":111.2,"categoryName":"San_Antonio_Spurs","children":[{"num":23.4,"categoryName":"Mike Mitchell","name":"2_32_12_15"},{"num":17,"categoryName":"Alvin Robertson","name":"2_32_12_46"},{"num":16.7,"categoryName":"Artis Gilmore","name":"2_32_12_23"},{"num":13.8,"categoryName":"Steve Johnson","name":"2_32_12_53"},{"num":13,"categoryName":"Johnny Moore","name":"2_32_12_8"},{"num":11.1,"categoryName":"Jeff Lamp","name":"2_32_12_54"},{"num":10.9,"categoryName":"Wes Matthews","name":"2_32_12_55"},{"num":7.9,"categoryName":"Dave Greenwood","name":"2_32_12_56"},{"num":7.1,"categoryName":"Jon Sundvold","name":"2_32_12_57"},{"num":7.1,"categoryName":"Ray Williams","name":"2_32_12_58"},{"num":5.2,"categoryName":"Alfredrick Hughes","name":"2_32_12_59"},{"num":4.8,"categoryName":"Jeff Wilkins","name":"2_32_12_60"},{"num":4.5,"categoryName":"Marc Iavaroni","name":"2_32_12_48"},{"num":4.3,"categoryName":"Rod Higgins","name":"2_32_12_61"},{"num":4,"categoryName":"Tyrone Corbin","name":"2_32_12_62"},{"num":2.4,"categoryName":"Jeff Cook","name":"2_32_12_50"},{"num":1.7,"categoryName":"Mike Brittain","name":"2_32_12_63"},{"num":1,"categoryName":"Ennis Whatley","name":"2_32_12_64"}],"name":"2_32_12_0"},{"num":108.2,"categoryName":"Utah_Jazz","children":[{"num":29.8,"categoryName":"Adrian Dantley","name":"2_32_9_1"},{"num":14.9,"categoryName":"Karl Malone","name":"2_32_9_51"},{"num":14.6,"categoryName":"Thurl Bailey","name":"2_32_9_45"},{"num":11.7,"categoryName":"Rickey Green","name":"2_32_9_22"},{"num":8.7,"categoryName":"Bob Hansen","name":"2_32_9_46"},{"num":8.5,"categoryName":"Mark Eaton","name":"2_32_9_42"},{"num":7.7,"categoryName":"John Stockton","name":"2_32_9_48"},{"num":4.7,"categoryName":"Carey Scurry","name":"2_32_9_52"},{"num":4.6,"categoryName":"Jeff Wilkins","name":"2_32_9_26"},{"num":4.5,"categoryName":"Pace Mannion","name":"2_32_9_49"},{"num":4,"categoryName":"Marc Iavaroni","name":"2_32_9_53"},{"num":3.7,"categoryName":"Fred Roberts","name":"2_32_9_47"},{"num":3.5,"categoryName":"Jeff Cook","name":"2_32_9_54"},{"num":1.5,"categoryName":"Steve Hayes","name":"2_32_9_55"}],"name":"2_32_9_0"}],"name":"2_32_0_0","num":672.7},{"categoryName":"Pacific","children":[{"num":113.4,"categoryName":"Golden_State_Warriors","children":[{"num":25.5,"categoryName":"Purvis Short","name":"2_33_6_40"},{"num":21.2,"categoryName":"Joe Barry Carroll","name":"2_33_6_52"},{"num":17.2,"categoryName":"Sleepy Floyd","name":"2_33_6_68"},{"num":14.2,"categoryName":"Terry Teagle","name":"2_33_6_81"},{"num":14,"categoryName":"Chris Mullin","name":"2_33_6_87"},{"num":9.6,"categoryName":"Larry Smith","name":"2_33_6_53"},{"num":8.8,"categoryName":"Greg Ballard","name":"2_33_6_88"},{"num":5.5,"categoryName":"Peter Thibeaux","name":"2_33_6_83"},{"num":4.2,"categoryName":"Geoff Huston","name":"2_33_6_89"},{"num":4,"categoryName":"Lester Conner","name":"2_33_6_70"},{"num":3.9,"categoryName":"Jerome Whitehead","name":"2_33_6_80"},{"num":3.4,"categoryName":"Pete Verhoeven","name":"2_33_6_90"},{"num":1.4,"categoryName":"Guy Williams","name":"2_33_6_91"},{"num":0,"categoryName":"Ron Crevier","name":"2_33_6_92"}],"name":"2_33_6_0"},{"num":108.6,"categoryName":"Los_Angeles_Clippers","children":[{"num":23.5,"categoryName":"Derek Smith","name":"2_33_10_1"},{"num":20.3,"categoryName":"Marques Johnson","name":"2_33_10_3"},{"num":14.6,"categoryName":"Norm Nixon","name":"2_33_10_2"},{"num":14.1,"categoryName":"Cedric Maxwell","name":"2_33_10_15"},{"num":12,"categoryName":"Kurt Nimphius","name":"2_33_10_16"},{"num":11.7,"categoryName":"Rory White","name":"2_33_10_9"},{"num":11.1,"categoryName":"Benoit Benjamin","name":"2_33_10_17"},{"num":10.2,"categoryName":"James Donaldson","name":"2_33_10_5"},{"num":9,"categoryName":"Franklin Edwards","name":"2_33_10_8"},{"num":8.8,"categoryName":"Junior Bridgeman","name":"2_33_10_4"},{"num":6.7,"categoryName":"Michael Cage","name":"2_33_10_7"},{"num":5.9,"categoryName":"Darnell Valentine","name":"2_33_10_18"},{"num":5.8,"categoryName":"Jamaal Wilkes","name":"2_33_10_19"},{"num":5.2,"categoryName":"Lancaster Gordon","name":"2_33_10_10"},{"num":2.9,"categoryName":"Jay Murphy","name":"2_33_10_14"},{"num":2.2,"categoryName":"Jim Thomas","name":"2_33_10_20"},{"num":1.6,"categoryName":"Wallace Bryant","name":"2_33_10_21"},{"num":1.2,"categoryName":"Jeff Cross","name":"2_33_10_22"},{"num":0,"categoryName":"Ozell Jones","name":"2_33_10_23"}],"name":"2_33_10_0"},{"num":117.3,"categoryName":"Los_Angeles_Lakers","children":[{"num":23.4,"categoryName":"K. Abdul-Jabbar","name":"2_33_1_35"},{"num":20,"categoryName":"James Worthy","name":"2_33_1_86"},{"num":18.8,"categoryName":"Magic Johnson","name":"2_33_1_66"},{"num":15.4,"categoryName":"Byron Scott","name":"2_33_1_91"},{"num":10.2,"categoryName":"Maurice Lucas","name":"2_33_1_98"},{"num":9.2,"categoryName":"Michael Cooper","name":"2_33_1_65"},{"num":8.3,"categoryName":"Mike McGee","name":"2_33_1_82"},{"num":7.3,"categoryName":"Petur Gudmundsson","name":"2_33_1_99"},{"num":6.4,"categoryName":"A.C. Green","name":"2_33_1_100"},{"num":6,"categoryName":"Mitch Kupchak","name":"2_33_1_80"},{"num":5.5,"categoryName":"Kurt Rambis","name":"2_33_1_83"},{"num":5,"categoryName":"Larry Spriggs","name":"2_33_1_94"},{"num":4,"categoryName":"Jerome Henderson","name":"2_33_1_101"},{"num":2.5,"categoryName":"Chuck Nevitt","name":"2_33_1_96"},{"num":2.5,"categoryName":"Ronnie Lester","name":"2_33_1_95"}],"name":"2_33_1_0"},{"num":110,"categoryName":"Phoenix_Suns","children":[{"num":21.8,"categoryName":"Walter Davis","name":"2_33_8_39"},{"num":20.2,"categoryName":"Larry Nance","name":"2_33_8_55"},{"num":16.3,"categoryName":"James Edwards","name":"2_33_8_60"},{"num":11,"categoryName":"Jay Humphries","name":"2_33_8_67"},{"num":11,"categoryName":"Mike Sanders","name":"2_33_8_66"},{"num":10.8,"categoryName":"Alvan Adams","name":"2_33_8_27"},{"num":8.5,"categoryName":"Ed Pinckney","name":"2_33_8_71"},{"num":8.5,"categoryName":"Bernard Thompson","name":"2_33_8_72"},{"num":7.5,"categoryName":"Sedric Toney","name":"2_33_8_73"},{"num":5.1,"categoryName":"Charles Pittman","name":"2_33_8_63"},{"num":4.9,"categoryName":"Nick Vanos","name":"2_33_8_74"},{"num":4.9,"categoryName":"Georgi Glouchkov","name":"2_33_8_75"},{"num":4.7,"categoryName":"Charles Jones","name":"2_33_8_69"},{"num":4.3,"categoryName":"Devin Durrant","name":"2_33_8_76"},{"num":4.2,"categoryName":"Rod Foster","name":"2_33_8_64"},{"num":3.8,"categoryName":"Rick Robey","name":"2_33_8_65"},{"num":3,"categoryName":"Mike Holton","name":"2_33_8_68"}],"name":"2_33_8_0"},{"num":115.1,"categoryName":"Portland_Trail_Blazers","children":[{"num":24.8,"categoryName":"Kiki Vandeweghe","name":"2_33_2_95"},{"num":18.5,"categoryName":"Clyde Drexler","name":"2_33_2_92"},{"num":14.7,"categoryName":"Mychal Thompson","name":"2_33_2_59"},{"num":13.1,"categoryName":"Jim Paxson","name":"2_33_2_71"},{"num":11.8,"categoryName":"Sam Bowie","name":"2_33_2_96"},{"num":11.1,"categoryName":"Kenny Carr","name":"2_33_2_84"},{"num":9.1,"categoryName":"Darnell Valentine","name":"2_33_2_78"},{"num":8.7,"categoryName":"Steve Colter","name":"2_33_2_97"},{"num":8.5,"categoryName":"Jerome Kersey","name":"2_33_2_98"},{"num":7.1,"categoryName":"Terry Porter","name":"2_33_2_101"},{"num":4.7,"categoryName":"Caldwell Jones","name":"2_33_2_102"},{"num":4.1,"categoryName":"Ken Johnson","name":"2_33_2_103"},{"num":0.8,"categoryName":"Brian Martin","name":"2_33_2_104"}],"name":"2_33_2_0"},{"num":104.4,"categoryName":"Seattle_Supersonics","children":[{"num":18.5,"categoryName":"Tom Chambers","name":"2_33_5_81"},{"num":17.1,"categoryName":"Jack Sikma","name":"2_33_5_53"},{"num":17.1,"categoryName":"Xavier McDaniel","name":"2_33_5_97"},{"num":13.1,"categoryName":"Gerald Henderson","name":"2_33_5_89"},{"num":11.6,"categoryName":"Al Wood","name":"2_33_5_82"},{"num":8.8,"categoryName":"Tim McCormick","name":"2_33_5_91"},{"num":7.7,"categoryName":"Ricky Sobers","name":"2_33_5_90"},{"num":6.9,"categoryName":"Danny Young","name":"2_33_5_96"},{"num":4,"categoryName":"Michael Phelps","name":"2_33_5_98"},{"num":3.8,"categoryName":"Danny Vranes","name":"2_33_5_75"},{"num":2,"categoryName":"Frank Brickowski","name":"2_33_5_93"},{"num":1.9,"categoryName":"David Pope","name":"2_33_5_99"},{"num":1.8,"categoryName":"Rod Higgins","name":"2_33_5_100"},{"num":1,"categoryName":"Alex Stivrins","name":"2_33_5_101"},{"num":0.9,"categoryName":"George Johnson","name":"2_33_5_102"},{"num":0.7,"categoryName":"Brian Martin","name":"2_33_5_103"}],"name":"2_33_5_0"}],"name":"2_33_0_0","num":668.8}],"name":"2_0_0_0","num":1341.5}],"num":2535.1}