{"year":1991,"name":"root","categoryName":"root","children":[{"categoryName":"Eastern","children":[{"categoryName":"Atlantic","children":[{"num":106.6,"categoryName":"Boston_Celtics","children":[{"num":20.8,"categoryName":"Reggie Lewis","name":"1_14_1_82"},{"num":20.2,"categoryName":"Larry Bird","name":"1_14_1_52"},{"num":14.1,"categoryName":"Robert Parish","name":"1_14_1_57"},{"num":13.9,"categoryName":"Kevin McHale","name":"1_14_1_58"},{"num":13.5,"categoryName":"Kevin Gamble","name":"1_14_1_91"},{"num":11.7,"categoryName":"Dee Brown","name":"1_14_1_98"},{"num":10.3,"categoryName":"Brian Shaw","name":"1_14_1_88"},{"num":8,"categoryName":"Rick Fox","name":"1_14_1_103"},{"num":7.6,"categoryName":"Ed Pinckney","name":"1_14_1_87"},{"num":7.3,"categoryName":"Sherman Douglas","name":"1_14_1_104"},{"num":7.2,"categoryName":"John Bagley","name":"1_14_1_96"},{"num":4.7,"categoryName":"Joe Kleine","name":"1_14_1_90"},{"num":4.2,"categoryName":"Kevin Pritchard","name":"1_14_1_105"},{"num":4.1,"categoryName":"Rickey Green","name":"1_14_1_106"},{"num":2,"categoryName":"Larry Robinson","name":"1_14_1_107"},{"num":1.9,"categoryName":"Stojko Vrankovic","name":"1_14_1_101"},{"num":1.8,"categoryName":"Kenny Battle","name":"1_14_1_108"},{"num":1.4,"categoryName":"Tony Massenburg","name":"1_14_1_109"}],"name":"1_14_1_0"},{"num":105,"categoryName":"Miami_Heat","children":[{"num":22.3,"categoryName":"Glen Rice","name":"1_14_9_3"},{"num":16.4,"categoryName":"Rony Seikaly","name":"1_14_9_1"},{"num":14.8,"categoryName":"Grant Long","name":"1_14_9_7"},{"num":12,"categoryName":"Steve Smith","name":"1_14_9_20"},{"num":11.2,"categoryName":"Willie Burton","name":"1_14_9_14"},{"num":10.1,"categoryName":"Kevin Edwards","name":"1_14_9_4"},{"num":10.1,"categoryName":"Bimbo Coles","name":"1_14_9_16"},{"num":7.4,"categoryName":"Sherman Douglas","name":"1_14_9_2"},{"num":7,"categoryName":"Brian Shaw","name":"1_14_9_21"},{"num":5.3,"categoryName":"Alec Kessler","name":"1_14_9_15"},{"num":4.4,"categoryName":"John Morton","name":"1_14_9_22"},{"num":3.7,"categoryName":"Keith Askins","name":"1_14_9_18"},{"num":2.5,"categoryName":"Alan Ogg","name":"1_14_9_19"},{"num":2,"categoryName":"Milos Babic","name":"1_14_9_23"},{"num":1,"categoryName":"Jon Sundvold","name":"1_14_9_8"},{"num":1,"categoryName":"Winston Bennett","name":"1_14_9_24"}],"name":"1_14_9_0"},{"num":105.4,"categoryName":"New_Jersey_Nets","children":[{"num":20.6,"categoryName":"Drazen Petrovic","name":"1_14_6_114"},{"num":19.8,"categoryName":"Derrick Coleman","name":"1_14_6_113"},{"num":15,"categoryName":"Sam Bowie","name":"1_14_6_100"},{"num":13.8,"categoryName":"Mookie Blaylock","name":"1_14_6_103"},{"num":11.4,"categoryName":"Chris Morris","name":"1_14_6_89"},{"num":9,"categoryName":"Terry Mills","name":"1_14_6_116"},{"num":7,"categoryName":"Kenny Anderson","name":"1_14_6_120"},{"num":6,"categoryName":"Tate George","name":"1_14_6_117"},{"num":5.8,"categoryName":"Rafael Addison","name":"1_14_6_121"},{"num":5.6,"categoryName":"Chris Dudley","name":"1_14_6_105"},{"num":4,"categoryName":"Jud Buechler","name":"1_14_6_118"},{"num":2.6,"categoryName":"Doug Lee","name":"1_14_6_122"},{"num":2.4,"categoryName":"Dave Feitl","name":"1_14_6_123"}],"name":"1_14_6_0"},{"num":101.6,"categoryName":"New_York_Knicks","children":[{"num":24,"categoryName":"Patrick Ewing","name":"1_14_3_90"},{"num":13.9,"categoryName":"John Starks","name":"1_14_3_120"},{"num":13.7,"categoryName":"Xavier McDaniel","name":"1_14_3_123"},{"num":12.4,"categoryName":"Gerald Wilkins","name":"1_14_3_91"},{"num":11.3,"categoryName":"Mark Jackson","name":"1_14_3_103"},{"num":7,"categoryName":"Anthony Mason","name":"1_14_3_124"},{"num":7,"categoryName":"Kiki Vandeweghe","name":"1_14_3_113"},{"num":6.2,"categoryName":"Charles Oakley","name":"1_14_3_112"},{"num":5.5,"categoryName":"Greg Anthony","name":"1_14_3_125"},{"num":3.1,"categoryName":"Brian Quinnett","name":"1_14_3_118"},{"num":2.2,"categoryName":"Kennard Winchester","name":"1_14_3_126"},{"num":2,"categoryName":"Carlton McKinney","name":"1_14_3_127"},{"num":1.9,"categoryName":"Tim McCormick","name":"1_14_3_128"},{"num":1,"categoryName":"Patrick Eddie","name":"1_14_3_129"},{"num":0.9,"categoryName":"James Donaldson","name":"1_14_3_130"}],"name":"1_14_3_0"},{"num":101.6,"categoryName":"Orlando_Magic","children":[{"num":19.9,"categoryName":"Dennis Scott","name":"1_14_10_1"},{"num":19.9,"categoryName":"Nick Anderson","name":"1_14_10_2"},{"num":14.8,"categoryName":"Terry Catledge","name":"1_14_10_3"},{"num":14.6,"categoryName":"Anthony Bowie","name":"1_14_10_4"},{"num":14.1,"categoryName":"Scott Skiles","name":"1_14_10_5"},{"num":12.1,"categoryName":"Jerry Reynolds","name":"1_14_10_6"},{"num":10.5,"categoryName":"Sam Vincent","name":"1_14_10_7"},{"num":10.4,"categoryName":"Stanley Roberts","name":"1_14_10_8"},{"num":9.1,"categoryName":"Bison Dele","name":"1_14_10_9"},{"num":8.6,"categoryName":"Sean Higgins","name":"1_14_10_10"},{"num":7.1,"categoryName":"Jeff Turner","name":"1_14_10_11"},{"num":5.6,"categoryName":"Otis Smith","name":"1_14_10_12"},{"num":5,"categoryName":"Chris Corchiani","name":"1_14_10_13"},{"num":3.2,"categoryName":"Greg Kite","name":"1_14_10_14"},{"num":3.1,"categoryName":"Mark Acres","name":"1_14_10_15"},{"num":2.3,"categoryName":"Morlon Wiley","name":"1_14_10_16"},{"num":2,"categoryName":"Stephen Thompson","name":"1_14_10_17"}],"name":"1_14_10_0"},{"num":101.9,"categoryName":"Philadelphia_76ers","children":[{"num":23.1,"categoryName":"Charles Barkley","name":"1_14_4_95"},{"num":19,"categoryName":"Hersey Hawkins","name":"1_14_4_125"},{"num":16.9,"categoryName":"Armen Gilliam","name":"1_14_4_140"},{"num":13.7,"categoryName":"Ron Anderson","name":"1_14_4_124"},{"num":12,"categoryName":"Johnny Dawkins","name":"1_14_4_131"},{"num":6.6,"categoryName":"C. Shackleford","name":"1_14_4_151"},{"num":4.3,"categoryName":"Mitchell Wiggins","name":"1_14_4_152"},{"num":4.3,"categoryName":"Tharon Mayes","name":"1_14_4_153"},{"num":4.1,"categoryName":"Jayson Williams","name":"1_14_4_144"},{"num":4.1,"categoryName":"Greg Grant","name":"1_14_4_154"},{"num":3.9,"categoryName":"Jeff Ruland","name":"1_14_4_111"},{"num":2.9,"categoryName":"Kenny Payne","name":"1_14_4_134"},{"num":2.4,"categoryName":"Brian Oliver","name":"1_14_4_143"},{"num":1.9,"categoryName":"Michael Ansley","name":"1_14_4_155"},{"num":1.5,"categoryName":"Manute Bol","name":"1_14_4_147"},{"num":0.8,"categoryName":"Dave Hoppen","name":"1_14_4_148"}],"name":"1_14_4_0"},{"num":101.4,"categoryName":"Washington_Bullets","children":[{"num":28.4,"categoryName":"Bernard King","name":"1_14_7_74"},{"num":18.2,"categoryName":"Harvey Grant","name":"1_14_7_80"},{"num":13,"categoryName":"Ledell Eackles","name":"1_14_7_79"},{"num":12.5,"categoryName":"John Williams","name":"1_14_7_68"},{"num":10.4,"categoryName":"Pervis Ellison","name":"1_14_7_87"},{"num":8.8,"categoryName":"A.J. English","name":"1_14_7_88"},{"num":6.7,"categoryName":"Larry Robinson","name":"1_14_7_89"},{"num":8,"categoryName":"Haywoode Workman","name":"1_14_7_90"},{"num":7.8,"categoryName":"Darrell Walker","name":"1_14_7_76"},{"num":5.8,"categoryName":"Mark Alarie","name":"1_14_7_77"},{"num":5.2,"categoryName":"Tom Hammonds","name":"1_14_7_83"},{"num":5.2,"categoryName":"Byron Irvin","name":"1_14_7_91"},{"num":4.4,"categoryName":"Greg Foster","name":"1_14_7_92"},{"num":2.6,"categoryName":"Charles Jones","name":"1_14_7_51"},{"num":1.4,"categoryName":"Clinton Smith","name":"1_14_7_93"}],"name":"1_14_7_0"}],"name":"1_14_0_0","num":723.5},{"categoryName":"Central","children":[{"num":106.2,"categoryName":"Atlanta_Hawks","children":[{"num":28.1,"categoryName":"Dominique Wilkins","name":"1_15_1_79"},{"num":18.3,"categoryName":"Kevin Willis","name":"1_15_1_93"},{"num":13.3,"categoryName":"Stacey Augmon","name":"1_15_1_131"},{"num":13,"categoryName":"Rumeal Robinson","name":"1_15_1_125"},{"num":12.7,"categoryName":"Duane Ferrell","name":"1_15_1_115"},{"num":10.1,"categoryName":"Paul Graham","name":"1_15_1_132"},{"num":9,"categoryName":"Blair Rasmussen","name":"1_15_1_133"},{"num":8.6,"categoryName":"Alexander Volkov","name":"1_15_1_121"},{"num":8.5,"categoryName":"Travis Mays","name":"1_15_1_134"},{"num":4.6,"categoryName":"Maurice Cheeks","name":"1_15_1_135"},{"num":4.3,"categoryName":"Morlon Wiley","name":"1_15_1_136"},{"num":3.9,"categoryName":"Jeff Sanders","name":"1_15_1_137"},{"num":3.4,"categoryName":"Rodney Monroe","name":"1_15_1_138"},{"num":3.1,"categoryName":"Jon Koncak","name":"1_15_1_101"},{"num":2,"categoryName":"Gary Leonard","name":"1_15_1_130"}],"name":"1_15_1_0"},{"num":109.5,"categoryName":"Charlotte_Hornets","children":[{"num":20.5,"categoryName":"Kendall Gill","name":"1_15_15_6"},{"num":19.2,"categoryName":"Larry Johnson","name":"1_15_15_18"},{"num":15.7,"categoryName":"Dell Curry","name":"1_15_15_7"},{"num":15.3,"categoryName":"Johnny Newman","name":"1_15_15_2"},{"num":12.7,"categoryName":"Kenny Gattison","name":"1_15_15_8"},{"num":12.4,"categoryName":"Rex Chapman","name":"1_15_15_3"},{"num":11,"categoryName":"J.R. Reid","name":"1_15_15_5"},{"num":8.9,"categoryName":"Muggsy Bogues","name":"1_15_15_10"},{"num":5.9,"categoryName":"Anthony Frederick","name":"1_15_15_19"},{"num":5.8,"categoryName":"Mike Gminski","name":"1_15_15_4"},{"num":4.1,"categoryName":"Kevin Lynch","name":"1_15_15_20"},{"num":3.3,"categoryName":"Ron Grandison","name":"1_15_15_21"},{"num":3.3,"categoryName":"Eric Leckner","name":"1_15_15_11"},{"num":3,"categoryName":"Michael Ansley","name":"1_15_15_22"},{"num":2.8,"categoryName":"Elliot Perry","name":"1_15_15_23"},{"num":0.3,"categoryName":"Tony Massenburg","name":"1_15_15_24"},{"num":0.1,"categoryName":"Greg Grant","name":"1_15_15_25"},{"num":0,"categoryName":"Cedric Hunter","name":"1_15_15_26"}],"name":"1_15_15_0"},{"num":109.9,"categoryName":"Chicago_Bulls","children":[{"num":30.1,"categoryName":"Michael Jordan","name":"1_15_12_32"},{"num":21,"categoryName":"Scottie Pippen","name":"1_15_12_60"},{"num":14.2,"categoryName":"Horace Grant","name":"1_15_12_61"},{"num":9.9,"categoryName":"B.J. Armstrong","name":"1_15_12_74"},{"num":8,"categoryName":"Bill Cartwright","name":"1_15_12_64"},{"num":7,"categoryName":"John Paxson","name":"1_15_12_42"},{"num":7,"categoryName":"Stacey King","name":"1_15_12_73"},{"num":4.5,"categoryName":"Will Perdue","name":"1_15_12_67"},{"num":4.3,"categoryName":"Craig Hodges","name":"1_15_12_65"},{"num":3.9,"categoryName":"Cliff Levingston","name":"1_15_12_78"},{"num":3.4,"categoryName":"Scott Williams","name":"1_15_12_79"},{"num":2.5,"categoryName":"Bob Hansen","name":"1_15_12_80"},{"num":1.7,"categoryName":"Mark Randall","name":"1_15_12_81"},{"num":1,"categoryName":"Dennis Hopson","name":"1_15_12_77"},{"num":0.8,"categoryName":"Rory Sparrow","name":"1_15_12_62"},{"num":0.5,"categoryName":"Chuck Nevitt","name":"1_15_12_82"}],"name":"1_15_12_0"},{"num":108.9,"categoryName":"Cleveland_Cavaliers","children":[{"num":21.5,"categoryName":"Brad Daugherty","name":"1_15_4_118"},{"num":17.3,"categoryName":"Mark Price","name":"1_15_4_120"},{"num":17,"categoryName":"Larry Nance","name":"1_15_4_125"},{"num":12.3,"categoryName":"Craig Ehlo","name":"1_15_4_121"},{"num":11.9,"categoryName":"Hot Rod Williams","name":"1_15_4_119"},{"num":10.3,"categoryName":"John Battle","name":"1_15_4_149"},{"num":9.2,"categoryName":"Mike Sanders","name":"1_15_4_128"},{"num":7.4,"categoryName":"Terrell Brandon","name":"1_15_4_150"},{"num":6.6,"categoryName":"Steve Kerr","name":"1_15_4_139"},{"num":6.4,"categoryName":"Henry James","name":"1_15_4_145"},{"num":5.1,"categoryName":"Danny Ferry","name":"1_15_4_144"},{"num":3.7,"categoryName":"Winston Bennett","name":"1_15_4_140"},{"num":3.6,"categoryName":"Jimmy Oliver","name":"1_15_4_151"},{"num":3.5,"categoryName":"John Morton","name":"1_15_4_141"},{"num":3.1,"categoryName":"Bobby Phills","name":"1_15_4_152"},{"num":2.5,"categoryName":"Chucky Brown","name":"1_15_4_137"}],"name":"1_15_4_0"},{"num":98.9,"categoryName":"Detroit_Pistons","children":[{"num":19.9,"categoryName":"Joe Dumars","name":"1_15_10_75"},{"num":18.5,"categoryName":"Isiah Thomas","name":"1_15_10_44"},{"num":14,"categoryName":"Orlando Woolridge","name":"1_15_10_105"},{"num":11.3,"categoryName":"Mark Aguirre","name":"1_15_10_93"},{"num":9.8,"categoryName":"Dennis Rodman","name":"1_15_10_82"},{"num":9.7,"categoryName":"Bill Laimbeer","name":"1_15_10_45"},{"num":9.5,"categoryName":"John Salley","name":"1_15_10_83"},{"num":5.2,"categoryName":"Darrell Walker","name":"1_15_10_106"},{"num":3.6,"categoryName":"William Bedford","name":"1_15_10_89"},{"num":3,"categoryName":"Gerald Henderson","name":"1_15_10_99"},{"num":2.4,"categoryName":"Brad Sellers","name":"1_15_10_107"},{"num":1.5,"categoryName":"Lance Blanks","name":"1_15_10_103"},{"num":1.3,"categoryName":"Charles Thomas","name":"1_15_10_108"},{"num":1.2,"categoryName":"Bob McCann","name":"1_15_10_109"}],"name":"1_15_10_0"},{"num":112.2,"categoryName":"Indiana_Pacers","children":[{"num":20.7,"categoryName":"Reggie Miller","name":"1_15_11_67"},{"num":18.5,"categoryName":"Chuck Person","name":"1_15_11_60"},{"num":17.3,"categoryName":"Detlef Schrempf","name":"1_15_11_71"},{"num":15,"categoryName":"Micheal Williams","name":"1_15_11_84"},{"num":13.8,"categoryName":"Rik Smits","name":"1_15_11_73"},{"num":8.9,"categoryName":"Vern Fleming","name":"1_15_11_44"},{"num":6.6,"categoryName":"George McCloud","name":"1_15_11_82"},{"num":6.2,"categoryName":"Dale Davis","name":"1_15_11_88"},{"num":4.9,"categoryName":"LaSalle Thompson","name":"1_15_11_72"},{"num":4.2,"categoryName":"Kenny Williams","name":"1_15_11_85"},{"num":4,"categoryName":"Sean Green","name":"1_15_11_89"},{"num":2.7,"categoryName":"Mike Sanders","name":"1_15_11_79"},{"num":2,"categoryName":"Jerome Lane","name":"1_15_11_90"},{"num":2,"categoryName":"Greg Dreiling","name":"1_15_11_66"},{"num":0.7,"categoryName":"Randy Wittman","name":"1_15_11_74"}],"name":"1_15_11_0"},{"num":105,"categoryName":"Milwaukee_Bucks","children":[{"num":15.7,"categoryName":"Dale Ellis","name":"1_15_13_82"},{"num":15.6,"categoryName":"Moses Malone","name":"1_15_13_89"},{"num":14,"categoryName":"Jay Humphries","name":"1_15_13_63"},{"num":12.3,"categoryName":"Alvin Robertson","name":"1_15_13_75"},{"num":11.4,"categoryName":"Frank Brickowski","name":"1_15_13_83"},{"num":9.6,"categoryName":"Fred Roberts","name":"1_15_13_69"},{"num":9,"categoryName":"Larry Krystkowiak","name":"1_15_13_60"},{"num":9,"categoryName":"Jeff Grayer","name":"1_15_13_68"},{"num":5.8,"categoryName":"Brad Lohaus","name":"1_15_13_76"},{"num":5.6,"categoryName":"Danny Schayes","name":"1_15_13_84"},{"num":3.5,"categoryName":"Lester Conner","name":"1_15_13_87"},{"num":3,"categoryName":"Steve Henson","name":"1_15_13_86"},{"num":1.5,"categoryName":"Jerome Lane","name":"1_15_13_90"},{"num":1.4,"categoryName":"Dave Popson","name":"1_15_13_91"}],"name":"1_15_13_0"}],"name":"1_15_0_0","num":750.6}],"name":"1_0_0_0","num":1474.1},{"categoryName":"Western","children":[{"categoryName":"Midwest","children":[{"num":97.6,"categoryName":"Dallas_Mavericks","children":[{"num":18.3,"categoryName":"Rolando Blackman","name":"2_32_10_24"},{"num":17.7,"categoryName":"Derek Harper","name":"2_32_10_34"},{"num":11.5,"categoryName":"Herb Williams","name":"2_32_10_54"},{"num":11.2,"categoryName":"Fat Lever","name":"2_32_10_64"},{"num":10.2,"categoryName":"Terry Davis","name":"2_32_10_68"},{"num":9.3,"categoryName":"Mike Iuzzolino","name":"2_32_10_69"},{"num":9,"categoryName":"Rodney McCray","name":"2_32_10_62"},{"num":8.8,"categoryName":"Doug Smith","name":"2_32_10_70"},{"num":8.5,"categoryName":"Tracy Moore","name":"2_32_10_71"},{"num":8.4,"categoryName":"Donald Hodge","name":"2_32_10_72"},{"num":6.4,"categoryName":"Randy White","name":"2_32_10_58"},{"num":6.2,"categoryName":"James Donaldson","name":"2_32_10_42"},{"num":4.9,"categoryName":"Brian Howard","name":"2_32_10_73"},{"num":2.8,"categoryName":"Brad Davis","name":"2_32_10_5"},{"num":2.7,"categoryName":"Brian Quinnett","name":"2_32_10_74"},{"num":2,"categoryName":"Joao Vianna","name":"2_32_10_75"},{"num":1.7,"categoryName":"Tom Garrick","name":"2_32_10_76"}],"name":"2_32_10_0"},{"num":99.7,"categoryName":"Denver_Nuggets","children":[{"num":18.2,"categoryName":"Reggie Williams","name":"2_32_7_87"},{"num":16.6,"categoryName":"Dikembe Mutombo","name":"2_32_7_101"},{"num":11.5,"categoryName":"Greg Anderson","name":"2_32_7_97"},{"num":10.8,"categoryName":"Winston Garland","name":"2_32_7_102"},{"num":10.6,"categoryName":"Mark Macon","name":"2_32_7_103"},{"num":10.3,"categoryName":"Mahmoud Abdul-Rauf","name":"2_32_7_88"},{"num":9.9,"categoryName":"Walter Davis","name":"2_32_7_76"},{"num":9.3,"categoryName":"Marcus Liberty","name":"2_32_7_93"},{"num":6.6,"categoryName":"Todd Lichti","name":"2_32_7_83"},{"num":3.8,"categoryName":"Joe Wolf","name":"2_32_7_92"},{"num":3.1,"categoryName":"Jerome Lane","name":"2_32_7_79"},{"num":2.8,"categoryName":"Kevin Brooks","name":"2_32_7_104"},{"num":1.7,"categoryName":"Steve Scheffler","name":"2_32_7_105"},{"num":1.5,"categoryName":"Anthony Cook","name":"2_32_7_96"},{"num":1.5,"categoryName":"Scott Hastings","name":"2_32_7_106"}],"name":"2_32_7_0"},{"num":102,"categoryName":"Houston_Rockets","children":[{"num":21.6,"categoryName":"Hakeem Olajuwon","name":"2_32_11_29"},{"num":17.3,"categoryName":"Otis Thorpe","name":"2_32_11_50"},{"num":17.2,"categoryName":"Vernon Maxwell","name":"2_32_11_58"},{"num":14,"categoryName":"Kenny Smith","name":"2_32_11_63"},{"num":9.1,"categoryName":"Sleepy Floyd","name":"2_32_11_45"},{"num":8.6,"categoryName":"Buck Johnson","name":"2_32_11_40"},{"num":6.4,"categoryName":"Matt Bullard","name":"2_32_11_67"},{"num":5.1,"categoryName":"Avery Johnson","name":"2_32_11_68"},{"num":4.4,"categoryName":"Carl Herrera","name":"2_32_11_69"},{"num":4,"categoryName":"Dave Jamerson","name":"2_32_11_66"},{"num":2.8,"categoryName":"John Turner","name":"2_32_11_70"},{"num":2.3,"categoryName":"Larry Smith","name":"2_32_11_61"},{"num":2,"categoryName":"Tree Rollins","name":"2_32_11_71"},{"num":1.5,"categoryName":"Gerald Henderson","name":"2_32_11_72"},{"num":0.5,"categoryName":"Kennard Winchester","name":"2_32_11_65"},{"num":0,"categoryName":"Dan Godfread","name":"2_32_11_73"}],"name":"2_32_11_0"},{"num":100.5,"categoryName":"Minnesota_Timberwolves","children":[{"num":16.8,"categoryName":"Tony Campbell","name":"2_32_16_1"},{"num":16.5,"categoryName":"Pooh Richardson","name":"2_32_16_4"},{"num":14.4,"categoryName":"Tyrone Corbin","name":"2_32_16_2"},{"num":14,"categoryName":"Doug West","name":"2_32_16_12"},{"num":11.7,"categoryName":"Thurl Bailey","name":"2_32_16_23"},{"num":11.5,"categoryName":"Gerald Glass","name":"2_32_16_17"},{"num":10.1,"categoryName":"Sam Mitchell","name":"2_32_16_3"},{"num":6.6,"categoryName":"Felton Spencer","name":"2_32_16_16"},{"num":5.4,"categoryName":"Randy Breuer","name":"2_32_16_5"},{"num":5.1,"categoryName":"Scott Brooks","name":"2_32_16_18"},{"num":4.6,"categoryName":"Tellis Frank","name":"2_32_16_24"},{"num":4.3,"categoryName":"Luc Longley","name":"2_32_16_25"},{"num":3.7,"categoryName":"Mark Randall","name":"2_32_16_26"},{"num":2.3,"categoryName":"Myron Brown","name":"2_32_16_27"},{"num":2.1,"categoryName":"Tod Murphy","name":"2_32_16_6"},{"num":1.9,"categoryName":"Tom Garrick","name":"2_32_16_28"}],"name":"2_32_16_0"},{"num":104,"categoryName":"San_Antonio_Spurs","children":[{"num":23.2,"categoryName":"David Robinson","name":"2_32_12_100"},{"num":17.3,"categoryName":"Terry Cummings","name":"2_32_12_101"},{"num":16.3,"categoryName":"Sean Elliott","name":"2_32_12_104"},{"num":13.8,"categoryName":"Rod Strickland","name":"2_32_12_102"},{"num":13.1,"categoryName":"Willie Anderson","name":"2_32_12_84"},{"num":10.9,"categoryName":"Antoine Carr","name":"2_32_12_120"},{"num":8,"categoryName":"Vinnie Johnson","name":"2_32_12_121"},{"num":6.8,"categoryName":"Avery Johnson","name":"2_32_12_114"},{"num":6.5,"categoryName":"Trent Tucker","name":"2_32_12_122"},{"num":5.2,"categoryName":"Tom Garrick","name":"2_32_12_123"},{"num":4.6,"categoryName":"Sidney Green","name":"2_32_12_113"},{"num":4.2,"categoryName":"Donald Royal","name":"2_32_12_124"},{"num":3.7,"categoryName":"Greg Sutton","name":"2_32_12_125"},{"num":3,"categoryName":"Jud Buechler","name":"2_32_12_126"},{"num":2.7,"categoryName":"Paul Pressey","name":"2_32_12_112"},{"num":2.5,"categoryName":"Sean Higgins","name":"2_32_12_116"},{"num":2,"categoryName":"Morlon Wiley","name":"2_32_12_127"},{"num":2,"categoryName":"Tony Massenburg","name":"2_32_12_119"},{"num":1.5,"categoryName":"Tom Copa","name":"2_32_12_128"},{"num":0,"categoryName":"Steve Bardo","name":"2_32_12_129"}],"name":"2_32_12_0"},{"num":108.3,"categoryName":"Utah_Jazz","children":[{"num":28,"categoryName":"Karl Malone","name":"2_32_9_51"},{"num":20.2,"categoryName":"Jeff Malone","name":"2_32_9_75"},{"num":15.8,"categoryName":"John Stockton","name":"2_32_9_48"},{"num":12.6,"categoryName":"Blue Edwards","name":"2_32_9_70"},{"num":9.4,"categoryName":"Thurl Bailey","name":"2_32_9_45"},{"num":9,"categoryName":"Tyrone Corbin","name":"2_32_9_82"},{"num":7.7,"categoryName":"Mike Brown","name":"2_32_9_64"},{"num":5.6,"categoryName":"David Benoit","name":"2_32_9_83"},{"num":4.1,"categoryName":"Eric Murdock","name":"2_32_9_84"},{"num":3.3,"categoryName":"Mark Eaton","name":"2_32_9_42"},{"num":3,"categoryName":"Delaney Rudd","name":"2_32_9_71"},{"num":2.2,"categoryName":"Corey Crowder","name":"2_32_9_85"},{"num":2,"categoryName":"Bob Thornton","name":"2_32_9_86"},{"num":2,"categoryName":"Isaac Austin","name":"2_32_9_87"}],"name":"2_32_9_0"}],"name":"2_32_0_0","num":612.1},{"categoryName":"Pacific","children":[{"num":118.7,"categoryName":"Golden_State_Warriors","children":[{"num":25.6,"categoryName":"Chris Mullin","name":"2_33_6_87"},{"num":23.4,"categoryName":"Tim Hardaway","name":"2_33_6_117"},{"num":18.9,"categoryName":"S. Marciulionis","name":"2_33_6_118"},{"num":14.3,"categoryName":"Billy Owens","name":"2_33_6_138"},{"num":10.2,"categoryName":"Rod Higgins","name":"2_33_6_93"},{"num":8.2,"categoryName":"Tyrone Hill","name":"2_33_6_130"},{"num":7.8,"categoryName":"Mario Elie","name":"2_33_6_129"},{"num":7.4,"categoryName":"Victor Alexander","name":"2_33_6_139"},{"num":6.2,"categoryName":"Vincent Askew","name":"2_33_6_131"},{"num":5.7,"categoryName":"Chris Gatling","name":"2_33_6_140"},{"num":5.2,"categoryName":"Jaren Jackson","name":"2_33_6_141"},{"num":3.9,"categoryName":"Alton Lister","name":"2_33_6_123"},{"num":2.6,"categoryName":"Tom Tolbert","name":"2_33_6_119"},{"num":2.3,"categoryName":"Tony Massenburg","name":"2_33_6_142"},{"num":2.3,"categoryName":"Kenny Battle","name":"2_33_6_143"},{"num":1.9,"categoryName":"Jud Buechler","name":"2_33_6_144"},{"num":1.6,"categoryName":"Jim Petersen","name":"2_33_6_121"},{"num":0,"categoryName":"Mike Smrek","name":"2_33_6_126"},{"num":0,"categoryName":"Billy Thompson","name":"2_33_6_145"}],"name":"2_33_6_0"},{"num":102.9,"categoryName":"Los_Angeles_Clippers","children":[{"num":19.3,"categoryName":"Danny Manning","name":"2_33_10_44"},{"num":18.2,"categoryName":"Ron Harper","name":"2_33_10_56"},{"num":14.6,"categoryName":"Charles Smith","name":"2_33_10_45"},{"num":12.1,"categoryName":"Ken Norman","name":"2_33_10_36"},{"num":10.9,"categoryName":"Doc Rivers","name":"2_33_10_73"},{"num":9.7,"categoryName":"James Edwards","name":"2_33_10_74"},{"num":8.1,"categoryName":"Olden Polynice","name":"2_33_10_67"},{"num":7.8,"categoryName":"Gary Grant","name":"2_33_10_46"},{"num":7.6,"categoryName":"Loy Vaught","name":"2_33_10_69"},{"num":5.3,"categoryName":"Danny Young","name":"2_33_10_75"},{"num":4.7,"categoryName":"Tony Brown","name":"2_33_10_76"},{"num":3.3,"categoryName":"Bo Kimble","name":"2_33_10_68"},{"num":3,"categoryName":"Tharon Mayes","name":"2_33_10_77"},{"num":2,"categoryName":"David Rivers","name":"2_33_10_60"},{"num":1.6,"categoryName":"Lanard Copeland","name":"2_33_10_78"},{"num":1.5,"categoryName":"LeRon Ellis","name":"2_33_10_79"},{"num":1.3,"categoryName":"Elliot Perry","name":"2_33_10_80"}],"name":"2_33_10_0"},{"num":100.4,"categoryName":"Los_Angeles_Lakers","children":[{"num":19.9,"categoryName":"James Worthy","name":"2_33_1_86"},{"num":16.5,"categoryName":"Sam Perkins","name":"2_33_1_122"},{"num":15.1,"categoryName":"Sedale Threatt","name":"2_33_1_128"},{"num":14.9,"categoryName":"Byron Scott","name":"2_33_1_91"},{"num":13.6,"categoryName":"A.C. Green","name":"2_33_1_100"},{"num":11.3,"categoryName":"Vlade Divac","name":"2_33_1_115"},{"num":10.7,"categoryName":"Terry Teagle","name":"2_33_1_123"},{"num":7.1,"categoryName":"Elden Campbell","name":"2_33_1_125"},{"num":4.4,"categoryName":"Tony Smith","name":"2_33_1_124"},{"num":3.8,"categoryName":"Chucky Brown","name":"2_33_1_129"},{"num":3.2,"categoryName":"Cliff Robinson","name":"2_33_1_130"},{"num":3,"categoryName":"Rory Sparrow","name":"2_33_1_131"},{"num":1.6,"categoryName":"Demetrius Calip","name":"2_33_1_132"},{"num":1.6,"categoryName":"Jack Haley","name":"2_33_1_133"},{"num":1.3,"categoryName":"Keith Owens","name":"2_33_1_134"}],"name":"2_33_1_0"},{"num":112.1,"categoryName":"Phoenix_Suns","children":[{"num":20.1,"categoryName":"Jeff Hornacek","name":"2_33_8_80"},{"num":19.7,"categoryName":"Kevin Johnson","name":"2_33_8_84"},{"num":17.3,"categoryName":"Dan Majerle","name":"2_33_8_93"},{"num":16.3,"categoryName":"Tom Chambers","name":"2_33_8_92"},{"num":12.3,"categoryName":"Tim Perry","name":"2_33_8_94"},{"num":7.7,"categoryName":"Andrew Lang","name":"2_33_8_95"},{"num":7.2,"categoryName":"Cedric Ceballos","name":"2_33_8_108"},{"num":6.1,"categoryName":"Mark West","name":"2_33_8_85"},{"num":6,"categoryName":"Steve Burtt","name":"2_33_8_112"},{"num":5.8,"categoryName":"Negele Knight","name":"2_33_8_109"},{"num":4.5,"categoryName":"Jerrod Mustaf","name":"2_33_8_113"},{"num":3.2,"categoryName":"Kurt Rambis","name":"2_33_8_101"},{"num":3.1,"categoryName":"Ed Nealy","name":"2_33_8_99"}],"name":"2_33_8_0"},{"num":111.4,"categoryName":"Portland_Trail_Blazers","children":[{"num":25,"categoryName":"Clyde Drexler","name":"2_33_2_92"},{"num":18.1,"categoryName":"Terry Porter","name":"2_33_2_101"},{"num":12.6,"categoryName":"Jerome Kersey","name":"2_33_2_98"},{"num":12.4,"categoryName":"Clifford Robinson","name":"2_33_2_128"},{"num":11.3,"categoryName":"Buck Williams","name":"2_33_2_127"},{"num":10.7,"categoryName":"Kevin Duckworth","name":"2_33_2_106"},{"num":9.7,"categoryName":"Danny Ainge","name":"2_33_2_133"},{"num":6.1,"categoryName":"Alaa Abdelnaby","name":"2_33_2_135"},{"num":4.6,"categoryName":"Robert Pack","name":"2_33_2_136"},{"num":4.1,"categoryName":"Mark Bryant","name":"2_33_2_122"},{"num":3,"categoryName":"Ennis Whatley","name":"2_33_2_137"},{"num":2.5,"categoryName":"Lamont Strothers","name":"2_33_2_138"},{"num":2.5,"categoryName":"Danny Young","name":"2_33_2_121"},{"num":2.2,"categoryName":"Wayne Cooper","name":"2_33_2_85"}],"name":"2_33_2_0"},{"num":104.3,"categoryName":"Sacramento_Kings","children":[{"num":22.5,"categoryName":"Mitch Richmond","name":"2_33_11_41"},{"num":17.1,"categoryName":"Lionel Simmons","name":"2_33_11_26"},{"num":16.6,"categoryName":"Wayman Tisdale","name":"2_33_11_2"},{"num":16,"categoryName":"Spud Webb","name":"2_33_11_42"},{"num":12,"categoryName":"Carl Thomas","name":"2_33_11_43"},{"num":10.7,"categoryName":"Dennis Hopson","name":"2_33_11_44"},{"num":9.4,"categoryName":"Anthony Bonner","name":"2_33_11_29"},{"num":8,"categoryName":"Duane Causwell","name":"2_33_11_31"},{"num":4,"categoryName":"Bob Hansen","name":"2_33_11_33"},{"num":3.7,"categoryName":"Jim Les","name":"2_33_11_30"},{"num":3.6,"categoryName":"Pete Chilcutt","name":"2_33_11_45"},{"num":3.4,"categoryName":"Randy Brown","name":"2_33_11_46"},{"num":3.3,"categoryName":"Dwayne Schintzius","name":"2_33_11_47"},{"num":2.3,"categoryName":"Steve Scheffler","name":"2_33_11_48"},{"num":1.6,"categoryName":"Stephen Thompson","name":"2_33_11_49"},{"num":0.8,"categoryName":"Les Jepsen","name":"2_33_11_50"}],"name":"2_33_11_0"},{"num":106.5,"categoryName":"Seattle_Supersonics","children":[{"num":21.7,"categoryName":"Ricky Pierce","name":"2_33_5_131"},{"num":17.1,"categoryName":"Eddie Johnson","name":"2_33_5_106"},{"num":15.5,"categoryName":"Shawn Kemp","name":"2_33_5_126"},{"num":14.9,"categoryName":"Derrick McKey","name":"2_33_5_114"},{"num":14,"categoryName":"Benoit Benjamin","name":"2_33_5_132"},{"num":9.4,"categoryName":"Gary Payton","name":"2_33_5_133"},{"num":8.8,"categoryName":"Michael Cage","name":"2_33_5_118"},{"num":8.3,"categoryName":"Dana Barros","name":"2_33_5_124"},{"num":6,"categoryName":"Nate McMillan","name":"2_33_5_108"},{"num":4.8,"categoryName":"Tony Brown","name":"2_33_5_135"},{"num":2.8,"categoryName":"Quintin Dailey","name":"2_33_5_125"},{"num":2.7,"categoryName":"Marty Conlon","name":"2_33_5_136"},{"num":2.2,"categoryName":"Rich King","name":"2_33_5_137"},{"num":1.5,"categoryName":"Bart Kofoed","name":"2_33_5_138"}],"name":"2_33_5_0"}],"name":"2_33_0_0","num":756.3}],"name":"2_0_0_0","num":1368.4}],"num":2842.5}