{"year":1956,"name":"root","categoryName":"root","children":[{"categoryName":"Eastern","children":[{"num":105.5,"categoryName":"Boston_Celtics","children":[{"num":21.1,"categoryName":"Bill Sharman","name":"1_1_70_0"},{"num":20.6,"categoryName":"Bob Cousy","name":"1_1_58_0"},{"num":16.2,"categoryName":"Tom Heinsohn","name":"1_1_89_0"},{"num":14.7,"categoryName":"Bill Russell","name":"1_1_90_0"},{"num":11.9,"categoryName":"Frank Ramsey","name":"1_1_80_0"},{"num":10.6,"categoryName":"Jim Loscutoff","name":"1_1_86_0"},{"num":8.2,"categoryName":"Jack Nichols","name":"1_1_77_0"},{"num":8,"categoryName":"Arnie Risen","name":"1_1_87_0"},{"num":5.4,"categoryName":"Dick Hemric","name":"1_1_88_0"},{"num":5,"categoryName":"Togo Palazzi","name":"1_1_81_0"},{"num":4.4,"categoryName":"Andy Phillip","name":"1_1_91_0"},{"num":4.4,"categoryName":"Lou Tsioropoulos","name":"1_1_92_0"}],"name":"1_1_0_0"},{"num":100.8,"categoryName":"New_York_Knicks","children":[{"num":15,"categoryName":"Harry Gallatin","name":"1_2_28_0"},{"num":14.8,"categoryName":"Kenny Sears","name":"1_2_68_0"},{"num":13.9,"categoryName":"Carl Braun","name":"1_2_21_0"},{"num":12,"categoryName":"Ray Felix","name":"1_2_57_0"},{"num":10.7,"categoryName":"Nathaniel Clifton","name":"1_2_42_0"},{"num":10.1,"categoryName":"Willie Naulls","name":"1_2_72_0"},{"num":9.7,"categoryName":"Richie Guerin","name":"1_2_73_0"},{"num":8.5,"categoryName":"Slater Martin","name":"1_2_74_0"},{"num":6.8,"categoryName":"Ron Sobie","name":"1_2_75_0"},{"num":5.3,"categoryName":"Dick McGuire","name":"1_2_38_0"},{"num":4.9,"categoryName":"Phil Jordon","name":"1_2_76_0"},{"num":4.8,"categoryName":"Jim Baechtold","name":"1_2_53_0"},{"num":1.4,"categoryName":"Ron Shavlik","name":"1_2_77_0"},{"num":1.3,"categoryName":"Gary Bergen","name":"1_2_78_0"}],"name":"1_2_0_0"},{"num":100.4,"categoryName":"Philadelphia_Warriors","children":[{"num":25.6,"categoryName":"Paul Arizin","name":"1_3_32_0"},{"num":22.8,"categoryName":"Neil Johnston","name":"1_3_38_0"},{"num":14.3,"categoryName":"Joe Graboski","name":"1_3_53_0"},{"num":10.5,"categoryName":"Jack George","name":"1_3_54_0"},{"num":7.6,"categoryName":"Larry Costello","name":"1_3_62_0"},{"num":7,"categoryName":"Ernie Beck","name":"1_3_56_0"},{"num":6.6,"categoryName":"Walt Davis","name":"1_3_58_0"},{"num":4.5,"categoryName":"George Dempsey","name":"1_3_61_0"},{"num":3.7,"categoryName":"Lew Hitch","name":"1_3_72_0"},{"num":2.2,"categoryName":"Jackie Moore","name":"1_3_66_0"},{"num":1.5,"categoryName":"Bob Armstrong","name":"1_3_73_0"},{"num":1.3,"categoryName":"Hal Lear","name":"1_3_74_0"}],"name":"1_3_0_0"},{"num":99.7,"categoryName":"Syracuse_Nationals","children":[{"num":22.5,"categoryName":"Dolph Schayes","name":"1_8_1_0"},{"num":13.4,"categoryName":"Ed Conlin","name":"1_8_37_0"},{"num":12.4,"categoryName":"Red Kerr","name":"1_8_32_0"},{"num":10.7,"categoryName":"Togo Palazzi","name":"1_8_38_0"},{"num":9,"categoryName":"Earl Lloyd","name":"1_8_21_0"},{"num":8.3,"categoryName":"Al Bianchi","name":"1_8_39_0"},{"num":7.4,"categoryName":"Joe Holup","name":"1_8_40_0"},{"num":6.4,"categoryName":"Larry Hennessy","name":"1_8_41_0"},{"num":6,"categoryName":"Paul Seymour","name":"1_8_5_0"},{"num":5.7,"categoryName":"Bob Hopkins","name":"1_8_42_0"},{"num":4.5,"categoryName":"Bob Schafer","name":"1_8_43_0"},{"num":3.8,"categoryName":"Jim Tucker","name":"1_8_34_0"},{"num":3.6,"categoryName":"Don Savage","name":"1_8_20_0"},{"num":1.8,"categoryName":"Jim Ray","name":"1_8_44_0"},{"num":0,"categoryName":"Forest Able","name":"1_8_45_0"},{"num":0,"categoryName":"Bob Harrison","name":"1_8_46_0"}],"name":"1_8_0_0"}],"name":"1_0_0_0","num":406.40000000000003},{"categoryName":"Western","children":[{"num":96.4,"categoryName":"Fort_Wayne_Pistons","children":[{"num":21.5,"categoryName":"George Yardley","name":"2_8_51_0"},{"num":12.4,"categoryName":"Larry Foust","name":"2_8_21_0"},{"num":12.4,"categoryName":"Mel Hutchins","name":"2_8_50_0"},{"num":11.2,"categoryName":"Bob Houbregs","name":"2_8_57_0"},{"num":10.9,"categoryName":"Gene Shue","name":"2_8_66_0"},{"num":8.8,"categoryName":"Chuck Noble","name":"2_8_58_0"},{"num":8.2,"categoryName":"Billy Kenville","name":"2_8_67_0"},{"num":6.7,"categoryName":"Corky Devlin","name":"2_8_59_0"},{"num":5.3,"categoryName":"Red Rocha","name":"2_8_68_0"},{"num":4.1,"categoryName":"Bill Thieben","name":"2_8_69_0"},{"num":2.8,"categoryName":"Dick Rosenthal","name":"2_8_53_0"},{"num":0,"categoryName":"Alex Hannum","name":"2_8_70_0"},{"num":0,"categoryName":"Odie Spears","name":"2_8_60_0"}],"name":"2_8_0_0"},{"num":102.3,"categoryName":"Minneapolis_Lakers","children":[{"num":20.8,"categoryName":"Clyde Lovellette","name":"2_10_29_0"},{"num":16.3,"categoryName":"Dick Garmaker","name":"2_10_36_0"},{"num":13.7,"categoryName":"Vern Mikkelsen","name":"2_10_16_0"},{"num":11,"categoryName":"Slick Leonard","name":"2_10_41_0"},{"num":10.1,"categoryName":"Walter Dukes","name":"2_10_42_0"},{"num":9.2,"categoryName":"Chuck Mencel","name":"2_10_37_0"},{"num":8.7,"categoryName":"Whitey Skoog","name":"2_10_24_0"},{"num":8.5,"categoryName":"Ed Kalafat","name":"2_10_32_0"},{"num":6.3,"categoryName":"Jim Paxson, Sr.","name":"2_10_43_0"},{"num":5.5,"categoryName":"Dick Schnittker","name":"2_10_30_0"},{"num":1,"categoryName":"Bob Williams","name":"2_10_38_0"}],"name":"2_10_0_0"},{"num":93.4,"categoryName":"Rochester_Royals","children":[{"num":16.3,"categoryName":"Jack Twyman","name":"2_11_32_0"},{"num":15.6,"categoryName":"Maurice Stokes","name":"2_11_31_0"},{"num":11.5,"categoryName":"Si Green","name":"2_11_40_0"},{"num":11.2,"categoryName":"Dick Ricketts","name":"2_11_34_0"},{"num":9.8,"categoryName":"Richie Regan","name":"2_11_35_0"},{"num":9,"categoryName":"Dave Piontek","name":"2_11_41_0"},{"num":7.6,"categoryName":"Art Spoelstra","name":"2_11_28_0"},{"num":7,"categoryName":"Ed Fleming","name":"2_11_33_0"},{"num":6.6,"categoryName":"Johnny McCarthy","name":"2_11_42_0"},{"num":6,"categoryName":"Bob Burrow","name":"2_11_43_0"},{"num":4.8,"categoryName":"Lew Hitch","name":"2_11_44_0"},{"num":4,"categoryName":"Tom Marshall","name":"2_11_27_0"},{"num":3.9,"categoryName":"Bobby Wanzer","name":"2_11_3_0"}],"name":"2_11_0_0"},{"num":98.5,"categoryName":"St._Louis_Hawks","children":[{"num":24.7,"categoryName":"Bob Pettit","name":"2_19_1_0"},{"num":16.5,"categoryName":"Ed Macauley","name":"2_19_15_0"},{"num":11.5,"categoryName":"Slater Martin","name":"2_19_16_0"},{"num":10.5,"categoryName":"Jack Coleman","name":"2_19_3_0"},{"num":10.3,"categoryName":"Chuck Share","name":"2_19_2_0"},{"num":10.3,"categoryName":"Willie Naulls","name":"2_19_17_0"},{"num":8.6,"categoryName":"Jack McMahon","name":"2_19_9_0"},{"num":5.5,"categoryName":"Cliff Hagan","name":"2_19_18_0"},{"num":5.2,"categoryName":"Med Park","name":"2_19_13_0"},{"num":5.1,"categoryName":"Irv Bemoras","name":"2_19_19_0"},{"num":2,"categoryName":"Norm Stewart","name":"2_19_20_0"},{"num":1.4,"categoryName":"John Barber","name":"2_19_21_0"},{"num":0,"categoryName":"Alex Hannum","name":"2_19_10_0"},{"num":0,"categoryName":"Bob Harrison","name":"2_19_6_0"},{"num":0,"categoryName":"Odie Spears","name":"2_19_22_0"}],"name":"2_19_0_0"}],"name":"2_0_0_0","num":390.6}],"num":797}