{"year":1965,"name":"root","categoryName":"root","children":[{"categoryName":"Eastern","children":[{"num":112.7,"categoryName":"Boston_Celtics","children":[{"num":23.5,"categoryName":"Sam Jones","name":"1_1_93_0"},{"num":18.8,"categoryName":"John Havlicek","name":"1_1_103_0"},{"num":13.7,"categoryName":"Larry Siegfried","name":"1_1_108_0"},{"num":12.9,"categoryName":"Bill Russell","name":"1_1_90_0"},{"num":12.6,"categoryName":"Tom Sanders","name":"1_1_99_0"},{"num":10.7,"categoryName":"Willie Naulls","name":"1_1_107_0"},{"num":10.2,"categoryName":"Don Nelson","name":"1_1_115_0"},{"num":8.6,"categoryName":"K.C. Jones","name":"1_1_95_0"},{"num":8.4,"categoryName":"Mel Counts","name":"1_1_111_0"},{"num":5.2,"categoryName":"Ron Bonham","name":"1_1_110_0"},{"num":4.4,"categoryName":"Woody Sauldsberry","name":"1_1_116_0"},{"num":3.2,"categoryName":"Si Green","name":"1_1_117_0"},{"num":3.2,"categoryName":"John Thompson","name":"1_1_112_0"},{"num":2,"categoryName":"Ron Watts","name":"1_1_118_0"}],"name":"1_1_0_0"},{"num":117.8,"categoryName":"Cincinnati_Royals","children":[{"num":31.3,"categoryName":"Oscar Robertson","name":"1_9_1_0"},{"num":21.5,"categoryName":"Jerry Lucas","name":"1_9_13_0"},{"num":18.4,"categoryName":"Adrian Smith","name":"1_9_7_0"},{"num":14.1,"categoryName":"Happy Hairston","name":"1_9_17_0"},{"num":8.4,"categoryName":"Tom Hawkins","name":"1_9_6_0"},{"num":7.6,"categoryName":"Wayne Embry","name":"1_9_3_0"},{"num":7.4,"categoryName":"Jack Twyman","name":"1_9_2_0"},{"num":5.6,"categoryName":"Connie Dierking","name":"1_9_19_0"},{"num":5.1,"categoryName":"Jon McGlocklin","name":"1_9_20_0"},{"num":3.7,"categoryName":"Tom Thacker","name":"1_9_16_0"},{"num":3.6,"categoryName":"Art Heyman","name":"1_9_21_0"},{"num":2.9,"categoryName":"George Wilson","name":"1_9_18_0"},{"num":1.8,"categoryName":"Bud Olsen","name":"1_9_10_0"},{"num":0.7,"categoryName":"Jay Arnette","name":"1_9_15_0"}],"name":"1_9_0_0"},{"num":116.7,"categoryName":"New_York_Knicks","children":[{"num":23.2,"categoryName":"Walt Bellamy","name":"1_2_129_0"},{"num":23.1,"categoryName":"Dick Barnett","name":"1_2_130_0"},{"num":15.7,"categoryName":"Jim Barnes","name":"1_2_125_0"},{"num":15.5,"categoryName":"Willis Reed","name":"1_2_124_0"},{"num":14.4,"categoryName":"Johnny Green","name":"1_2_93_0"},{"num":13.9,"categoryName":"Howard Komives","name":"1_2_126_0"},{"num":12.6,"categoryName":"Dave Stallworth","name":"1_2_131_0"},{"num":12.3,"categoryName":"Dick Van Arsdale","name":"1_2_132_0"},{"num":7,"categoryName":"Em Bryant","name":"1_2_127_0"},{"num":5.4,"categoryName":"Barry Clemens","name":"1_2_133_0"},{"num":5.3,"categoryName":"Len Chappell","name":"1_2_117_0"},{"num":4.4,"categoryName":"Tom Gola","name":"1_2_109_0"},{"num":2.4,"categoryName":"Johnny Egan","name":"1_2_120_0"}],"name":"1_2_0_0"},{"num":117.3,"categoryName":"Philadelphia_76ers","children":[{"num":33.5,"categoryName":"Wilt Chamberlain","name":"1_10_15_0"},{"num":22.7,"categoryName":"Hal Greer","name":"1_10_1_0"},{"num":15.3,"categoryName":"Chet Walker","name":"1_10_2_0"},{"num":14.3,"categoryName":"Billy Cunningham","name":"1_10_19_0"},{"num":9,"categoryName":"Wali Jones","name":"1_10_20_0"},{"num":8.2,"categoryName":"Luke Jackson","name":"1_10_16_0"},{"num":6.9,"categoryName":"Dave Gambee","name":"1_10_7_0"},{"num":6.3,"categoryName":"Al Bianchi","name":"1_10_9_0"},{"num":2.6,"categoryName":"Gerry Ward","name":"1_10_21_0"},{"num":2,"categoryName":"Ben Warley","name":"1_10_8_0"},{"num":1.7,"categoryName":"Art Heyman","name":"1_10_22_0"},{"num":1,"categoryName":"Jesse Branson","name":"1_10_23_0"},{"num":0.9,"categoryName":"Bob Weiss","name":"1_10_24_0"}],"name":"1_10_0_0"}],"name":"1_0_0_0","num":464.5},{"categoryName":"Western","children":[{"num":118.3,"categoryName":"Baltimore_Bullets","children":[{"num":20.6,"categoryName":"Don Ohl","name":"2_26_18_0"},{"num":19,"categoryName":"Walt Bellamy","name":"2_26_1_0"},{"num":18.2,"categoryName":"Kevin Loughery","name":"2_26_6_0"},{"num":17.3,"categoryName":"Bailey Howell","name":"2_26_17_0"},{"num":16.1,"categoryName":"Gus Johnson","name":"2_26_3_0"},{"num":12.1,"categoryName":"Jim Barnes","name":"2_26_26_0"},{"num":11.3,"categoryName":"Johnny Green","name":"2_26_27_0"},{"num":11,"categoryName":"Red Kerr","name":"2_26_28_0"},{"num":9.8,"categoryName":"Johnny Egan","name":"2_26_29_0"},{"num":7.6,"categoryName":"Wayne Hightower","name":"2_26_19_0"},{"num":7.3,"categoryName":"Bob Ferry","name":"2_26_20_0"},{"num":5.7,"categoryName":"Jerry Sloan","name":"2_26_30_0"},{"num":5.6,"categoryName":"Willie Somerset","name":"2_26_31_0"},{"num":5.3,"categoryName":"Ben Warley","name":"2_26_32_0"},{"num":2.3,"categoryName":"Gary Bradds","name":"2_26_22_0"},{"num":0.6,"categoryName":"Thales McReynolds","name":"2_26_33_0"}],"name":"2_26_0_0"},{"num":110.3,"categoryName":"Detroit_Pistons","children":[{"num":19.6,"categoryName":"Eddie Miles","name":"2_21_41_0"},{"num":17.9,"categoryName":"Ray Scott","name":"2_21_32_0"},{"num":16.4,"categoryName":"Dave DeBusschere","name":"2_21_34_0"},{"num":13.9,"categoryName":"Rod Thorn","name":"2_21_44_0"},{"num":10.5,"categoryName":"Tom Van Arsdale","name":"2_21_48_0"},{"num":10.5,"categoryName":"Joe Caldwell","name":"2_21_45_0"},{"num":8.6,"categoryName":"Joe Strawder","name":"2_21_49_0"},{"num":8.3,"categoryName":"John Tresvant","name":"2_21_50_0"},{"num":7.7,"categoryName":"Bill Buntin","name":"2_21_51_0"},{"num":7.6,"categoryName":"Chico Vaughn","name":"2_21_52_0"},{"num":7.5,"categoryName":"John Barnhill","name":"2_21_53_0"},{"num":7.5,"categoryName":"Ron Reed","name":"2_21_54_0"},{"num":7.3,"categoryName":"Don Kojis","name":"2_21_46_0"},{"num":7.2,"categoryName":"Donnie Butcher","name":"2_21_39_0"},{"num":2.4,"categoryName":"Bob Warlick","name":"2_21_55_0"}],"name":"2_21_0_0"},{"num":119.5,"categoryName":"Los_Angeles_Lakers","children":[{"num":31.3,"categoryName":"Jerry West","name":"2_22_2_0"},{"num":16.6,"categoryName":"Elgin Baylor","name":"2_22_1_0"},{"num":15.4,"categoryName":"Rudy LaRusso","name":"2_22_3_0"},{"num":13.7,"categoryName":"Mahdi Abdul-Rahman","name":"2_22_26_0"},{"num":12.2,"categoryName":"Bob Boozer","name":"2_22_30_0"},{"num":12.2,"categoryName":"LeRoy Ellis","name":"2_22_18_0"},{"num":7.8,"categoryName":"Gail Goodrich","name":"2_22_31_0"},{"num":7.5,"categoryName":"Jim King","name":"2_22_22_0"},{"num":4.9,"categoryName":"Darrall Imhoff","name":"2_22_25_0"},{"num":4.3,"categoryName":"Gene Wiley","name":"2_22_19_0"},{"num":2,"categoryName":"John Fairchild","name":"2_22_32_0"}],"name":"2_22_0_0"},{"num":115.5,"categoryName":"San_Francisco_Warriors","children":[{"num":25.7,"categoryName":"Rick Barry","name":"2_25_27_0"},{"num":18.6,"categoryName":"Guy Rodgers","name":"2_25_3_0"},{"num":16.3,"categoryName":"Nate Thurmond","name":"2_25_17_0"},{"num":14.4,"categoryName":"Paul Neumann","name":"2_25_20_0"},{"num":12.8,"categoryName":"Tom Meschery","name":"2_25_2_0"},{"num":11.2,"categoryName":"Al Attles","name":"2_25_6_0"},{"num":7.4,"categoryName":"McCoy McLemore","name":"2_25_21_0"},{"num":6.8,"categoryName":"Fred Hetzel","name":"2_25_28_0"},{"num":4,"categoryName":"Gary Phillips","name":"2_25_7_0"},{"num":3.6,"categoryName":"Keith Erickson","name":"2_25_29_0"},{"num":3.5,"categoryName":"Bud Olsen","name":"2_25_30_0"},{"num":0.5,"categoryName":"Will Frazier","name":"2_25_31_0"}],"name":"2_25_0_0"},{"num":111.4,"categoryName":"St._Louis_Hawks","children":[{"num":20.7,"categoryName":"Zelmo Beaty","name":"2_19_51_0"},{"num":18,"categoryName":"Lenny Wilkens","name":"2_19_31_0"},{"num":14.9,"categoryName":"Richie Guerin","name":"2_19_60_0"},{"num":14.2,"categoryName":"Joe Caldwell","name":"2_19_68_0"},{"num":13.7,"categoryName":"Cliff Hagan","name":"2_19_18_0"},{"num":13,"categoryName":"Bill Bridges","name":"2_19_55_0"},{"num":10,"categoryName":"Chico Vaughn","name":"2_19_52_0"},{"num":8.8,"categoryName":"Rod Thorn","name":"2_19_69_0"},{"num":8.5,"categoryName":"John Barnhill","name":"2_19_50_0"},{"num":6.7,"categoryName":"John Tresvant","name":"2_19_65_0"},{"num":5.9,"categoryName":"Jim Washington","name":"2_19_70_0"},{"num":5.8,"categoryName":"Jeff Mullins","name":"2_19_63_0"},{"num":4.8,"categoryName":"Gene Tormohlen","name":"2_19_59_0"},{"num":3.8,"categoryName":"Paul Silas","name":"2_19_64_0"},{"num":3.3,"categoryName":"Mike Farmer","name":"2_19_53_0"}],"name":"2_19_0_0"}],"name":"2_0_0_0","num":575}],"num":1039.5}