{"year":1984,"name":"root","categoryName":"root","children":[{"categoryName":"Eastern","children":[{"categoryName":"Atlantic","children":[{"num":114.8,"categoryName":"Boston_Celtics","children":[{"num":28.7,"categoryName":"Larry Bird","name":"1_14_1_52"},{"num":19.8,"categoryName":"Kevin McHale","name":"1_14_1_58"},{"num":17.6,"categoryName":"Robert Parish","name":"1_14_1_57"},{"num":15.7,"categoryName":"Dennis Johnson","name":"1_14_1_67"},{"num":12.9,"categoryName":"Danny Ainge","name":"1_14_1_61"},{"num":11.1,"categoryName":"Cedric Maxwell","name":"1_14_1_36"},{"num":6.4,"categoryName":"Scott Wedman","name":"1_14_1_65"},{"num":6.4,"categoryName":"Ray Williams","name":"1_14_1_70"},{"num":3.2,"categoryName":"M.L. Carr","name":"1_14_1_54"},{"num":2.7,"categoryName":"Carlos Clark","name":"1_14_1_69"},{"num":2.4,"categoryName":"Quinn Buckner","name":"1_14_1_64"},{"num":1.8,"categoryName":"Rick Carlisle","name":"1_14_1_71"},{"num":1.6,"categoryName":"Greg Kite","name":"1_14_1_68"}],"name":"1_14_1_0"},{"num":109.5,"categoryName":"New_Jersey_Nets","children":[{"num":20.6,"categoryName":"Otis Birdsong","name":"1_14_6_42"},{"num":20.1,"categoryName":"M.R. Richardson","name":"1_14_6_52"},{"num":18.2,"categoryName":"Buck Williams","name":"1_14_6_41"},{"num":13.5,"categoryName":"Darryl Dawkins","name":"1_14_6_53"},{"num":12.8,"categoryName":"Mike Gminski","name":"1_14_6_32"},{"num":12.8,"categoryName":"Albert King","name":"1_14_6_43"},{"num":10.4,"categoryName":"Ron Brewer","name":"1_14_6_62"},{"num":10.2,"categoryName":"Mike O'Koren","name":"1_14_6_34"},{"num":8.9,"categoryName":"Kelvin Ransey","name":"1_14_6_58"},{"num":8.2,"categoryName":"Darwin Cook","name":"1_14_6_33"},{"num":5.8,"categoryName":"Jeff Turner","name":"1_14_6_63"},{"num":5.7,"categoryName":"Kevin McKenna","name":"1_14_6_64"},{"num":2.3,"categoryName":"Michael Wilson","name":"1_14_6_65"},{"num":2.9,"categoryName":"Wayne Sappleton","name":"1_14_6_66"},{"num":2.7,"categoryName":"Chris Engler","name":"1_14_6_67"},{"num":1.6,"categoryName":"George Johnson","name":"1_14_6_11"},{"num":1,"categoryName":"Tom LaGarde","name":"1_14_6_68"}],"name":"1_14_6_0"},{"num":105.2,"categoryName":"New_York_Knicks","children":[{"num":32.9,"categoryName":"Bernard King","name":"1_14_3_70"},{"num":15.8,"categoryName":"Pat Cummings","name":"1_14_3_84"},{"num":13.5,"categoryName":"Darrell Walker","name":"1_14_3_80"},{"num":12.7,"categoryName":"Louis Orr","name":"1_14_3_74"},{"num":9.9,"categoryName":"Rory Sparrow","name":"1_14_3_71"},{"num":8.5,"categoryName":"Trent Tucker","name":"1_14_3_73"},{"num":7.9,"categoryName":"Butch Carter","name":"1_14_3_85"},{"num":6.8,"categoryName":"Ken Bannister","name":"1_14_3_86"},{"num":6.6,"categoryName":"Ernie Grunfeld","name":"1_14_3_76"},{"num":5.5,"categoryName":"Eddie Lee Wilkins","name":"1_14_3_87"},{"num":5.2,"categoryName":"James Bailey","name":"1_14_3_88"},{"num":2,"categoryName":"Truck Robinson","name":"1_14_3_72"},{"num":1.5,"categoryName":"Ron Cavenall","name":"1_14_3_89"}],"name":"1_14_3_0"},{"num":112.9,"categoryName":"Philadelphia_76ers","children":[{"num":24.6,"categoryName":"Moses Malone","name":"1_14_4_82"},{"num":20,"categoryName":"Julius Erving","name":"1_14_4_57"},{"num":17.8,"categoryName":"Andrew Toney","name":"1_14_4_76"},{"num":14,"categoryName":"Charles Barkley","name":"1_14_4_95"},{"num":13.1,"categoryName":"Maurice Cheeks","name":"1_14_4_68"},{"num":7.5,"categoryName":"Bobby Jones","name":"1_14_4_66"},{"num":6,"categoryName":"Clint Richardson","name":"1_14_4_73"},{"num":5.4,"categoryName":"Sedale Threatt","name":"1_14_4_91"},{"num":4.8,"categoryName":"George Johnson","name":"1_14_4_96"},{"num":4.7,"categoryName":"Clemon Johnson","name":"1_14_4_83"},{"num":3.2,"categoryName":"Leon Wood","name":"1_14_4_97"},{"num":3.1,"categoryName":"Sam Williams","name":"1_14_4_90"},{"num":2.5,"categoryName":"Marc Iavaroni","name":"1_14_4_86"},{"num":2,"categoryName":"Steve Hayes","name":"1_14_4_98"}],"name":"1_14_4_0"},{"num":105.5,"categoryName":"Washington_Bullets","children":[{"num":20,"categoryName":"Gus Williams","name":"1_14_7_46"},{"num":18.9,"categoryName":"Jeff Ruland","name":"1_14_7_30"},{"num":18.9,"categoryName":"Jeff Malone","name":"1_14_7_47"},{"num":16.7,"categoryName":"Cliff Robinson","name":"1_14_7_48"},{"num":13.1,"categoryName":"Greg Ballard","name":"1_14_7_9"},{"num":9.3,"categoryName":"Frank Johnson","name":"1_14_7_32"},{"num":8.9,"categoryName":"Tom McMillen","name":"1_14_7_49"},{"num":8.7,"categoryName":"Darren Daye","name":"1_14_7_50"},{"num":6.3,"categoryName":"Rick Mahorn","name":"1_14_7_25"},{"num":5.9,"categoryName":"Charles Jones","name":"1_14_7_51"},{"num":4.9,"categoryName":"Dudley Bradley","name":"1_14_7_52"},{"num":2.9,"categoryName":"Don Collins","name":"1_14_7_21"},{"num":2.9,"categoryName":"Guy Williams","name":"1_14_7_53"},{"num":1.8,"categoryName":"Charles Davis","name":"1_14_7_35"},{"num":1,"categoryName":"Tom Sewell","name":"1_14_7_54"}],"name":"1_14_7_0"}],"name":"1_14_0_0","num":547.9},{"categoryName":"Central","children":[{"num":106.6,"categoryName":"Atlanta_Hawks","children":[{"num":27.4,"categoryName":"Dominique Wilkins","name":"1_15_1_79"},{"num":16.3,"categoryName":"Eddie Johnson","name":"1_15_1_55"},{"num":14.1,"categoryName":"Doc Rivers","name":"1_15_1_86"},{"num":12.3,"categoryName":"Sly Williams","name":"1_15_1_87"},{"num":9.9,"categoryName":"Randy Wittman","name":"1_15_1_88"},{"num":9.8,"categoryName":"Cliff Levingston","name":"1_15_1_92"},{"num":9.3,"categoryName":"Kevin Willis","name":"1_15_1_93"},{"num":8.6,"categoryName":"Mike Glenn","name":"1_15_1_75"},{"num":8,"categoryName":"Antoine Carr","name":"1_15_1_94"},{"num":6.3,"categoryName":"Tree Rollins","name":"1_15_1_58"},{"num":4.5,"categoryName":"Charlie Criss","name":"1_15_1_53"},{"num":4,"categoryName":"Walker Russell","name":"1_15_1_95"},{"num":3.8,"categoryName":"Scott Hastings","name":"1_15_1_85"},{"num":3.7,"categoryName":"Jerry Eaves","name":"1_15_1_96"},{"num":2.8,"categoryName":"Rickey Brown","name":"1_15_1_82"},{"num":1.8,"categoryName":"Stewart Granger","name":"1_15_1_97"},{"num":1.6,"categoryName":"Sidney Lowe","name":"1_15_1_98"},{"num":0,"categoryName":"Leo Rautins","name":"1_15_1_99"}],"name":"1_15_1_0"},{"num":108.7,"categoryName":"Chicago_Bulls","children":[{"num":28.2,"categoryName":"Michael Jordan","name":"1_15_12_32"},{"num":22.9,"categoryName":"Orlando Woolridge","name":"1_15_12_14"},{"num":16,"categoryName":"Quintin Dailey","name":"1_15_12_19"},{"num":10,"categoryName":"Steve Johnson","name":"1_15_12_28"},{"num":8.5,"categoryName":"Dave Corzine","name":"1_15_12_20"},{"num":6.1,"categoryName":"Sidney Green","name":"1_15_12_30"},{"num":6.1,"categoryName":"Dave Greenwood","name":"1_15_12_3"},{"num":5.7,"categoryName":"Wes Matthews","name":"1_15_12_33"},{"num":5,"categoryName":"Ennis Whatley","name":"1_15_12_29"},{"num":4.5,"categoryName":"Rod Higgins","name":"1_15_12_21"},{"num":3.4,"categoryName":"Caldwell Jones","name":"1_15_12_34"},{"num":3.4,"categoryName":"Jawann Oldham","name":"1_15_12_23"},{"num":2.7,"categoryName":"Charles Jones","name":"1_15_12_35"},{"num":0.7,"categoryName":"Chris Engler","name":"1_15_12_36"}],"name":"1_15_12_0"},{"num":108.6,"categoryName":"Cleveland_Cavaliers","children":[{"num":22.5,"categoryName":"World B. Free","name":"1_15_4_87"},{"num":15.8,"categoryName":"Roy Hinson","name":"1_15_4_99"},{"num":15.8,"categoryName":"Phil Hubbard","name":"1_15_4_78"},{"num":12.4,"categoryName":"Johnny Davis","name":"1_15_4_104"},{"num":10.6,"categoryName":"Melvin Turpin","name":"1_15_4_105"},{"num":10.5,"categoryName":"Paul Thompson","name":"1_15_4_98"},{"num":9.9,"categoryName":"John Bagley","name":"1_15_4_91"},{"num":8.2,"categoryName":"Edgar Jones","name":"1_15_4_106"},{"num":7,"categoryName":"Michael Wilson","name":"1_15_4_107"},{"num":6.7,"categoryName":"Ben Poquette","name":"1_15_4_102"},{"num":6.4,"categoryName":"Lonnie Shelton","name":"1_15_4_97"},{"num":6.1,"categoryName":"Jeff Cook","name":"1_15_4_89"},{"num":5.8,"categoryName":"Ron Anderson","name":"1_15_4_108"},{"num":3.9,"categoryName":"Mark West","name":"1_15_4_109"},{"num":3.5,"categoryName":"Kevin Williams","name":"1_15_4_110"},{"num":3.3,"categoryName":"Geoff Huston","name":"1_15_4_64"},{"num":2.3,"categoryName":"Robert Smith","name":"1_15_4_63"},{"num":2,"categoryName":"Campy Russell","name":"1_15_4_35"},{"num":1.3,"categoryName":"Butch Graves","name":"1_15_4_111"}],"name":"1_15_4_0"},{"num":116,"categoryName":"Detroit_Pistons","children":[{"num":21.2,"categoryName":"Isiah Thomas","name":"1_15_10_44"},{"num":19.1,"categoryName":"Kelly Tripucka","name":"1_15_10_43"},{"num":17.5,"categoryName":"Bill Laimbeer","name":"1_15_10_45"},{"num":14.7,"categoryName":"John Long","name":"1_15_10_3"},{"num":12.8,"categoryName":"Vinnie Johnson","name":"1_15_10_47"},{"num":11.6,"categoryName":"Terry Tyler","name":"1_15_10_5"},{"num":10.9,"categoryName":"Dan Roundfield","name":"1_15_10_67"},{"num":6.6,"categoryName":"Kent Benson","name":"1_15_10_23"},{"num":6.1,"categoryName":"Earl Cureton","name":"1_15_10_63"},{"num":5.6,"categoryName":"Tony Campbell","name":"1_15_10_68"},{"num":4.7,"categoryName":"Brook Steppe","name":"1_15_10_69"},{"num":2.9,"categoryName":"David Thirdkill","name":"1_15_10_66"},{"num":2.7,"categoryName":"Major Jones","name":"1_15_10_70"},{"num":1.8,"categoryName":"Lorenzo Romar","name":"1_15_10_71"},{"num":1,"categoryName":"Terry Teagle","name":"1_15_10_72"},{"num":0.7,"categoryName":"Sidney Lowe","name":"1_15_10_73"},{"num":0,"categoryName":"Dale Wilkinson","name":"1_15_10_74"}],"name":"1_15_10_0"},{"num":108.3,"categoryName":"Indiana_Pacers","children":[{"num":18.6,"categoryName":"Clark Kellogg","name":"1_15_11_28"},{"num":18.3,"categoryName":"Herb Williams","name":"1_15_11_24"},{"num":14.1,"categoryName":"Vern Fleming","name":"1_15_11_44"},{"num":13.7,"categoryName":"Steve Stipanovich","name":"1_15_11_35"},{"num":11.1,"categoryName":"Jim Thomas","name":"1_15_11_38"},{"num":11,"categoryName":"Jerry Sichting","name":"1_15_11_22"},{"num":7.1,"categoryName":"Terence Stansbury","name":"1_15_11_45"},{"num":6.6,"categoryName":"Tony Brown","name":"1_15_11_46"},{"num":6.4,"categoryName":"Bill Garnett","name":"1_15_11_47"},{"num":6.2,"categoryName":"Greg Kelser","name":"1_15_11_48"},{"num":5.1,"categoryName":"Devin Durrant","name":"1_15_11_49"},{"num":3.2,"categoryName":"Granville Waiters","name":"1_15_11_41"},{"num":2,"categoryName":"Ralph Jackson","name":"1_15_11_50"},{"num":2,"categoryName":"Stuart Gray","name":"1_15_11_51"},{"num":1.1,"categoryName":"Kenton Edelin","name":"1_15_11_52"}],"name":"1_15_11_0"},{"num":110.9,"categoryName":"Milwaukee_Bucks","children":[{"num":23.6,"categoryName":"Terry Cummings","name":"1_15_13_34"},{"num":21.7,"categoryName":"Sidney Moncrief","name":"1_15_13_4"},{"num":16.1,"categoryName":"Paul Pressey","name":"1_15_13_21"},{"num":10.6,"categoryName":"Craig Hodges","name":"1_15_13_35"},{"num":9.9,"categoryName":"Alton Lister","name":"1_15_13_15"},{"num":9.8,"categoryName":"Ricky Pierce","name":"1_15_13_36"},{"num":8.9,"categoryName":"Mike Dunleavy","name":"1_15_13_27"},{"num":6.6,"categoryName":"Paul Thompson","name":"1_15_13_37"},{"num":6.2,"categoryName":"Paul Mokeski","name":"1_15_13_25"},{"num":6.2,"categoryName":"Charles Davis","name":"1_15_13_38"},{"num":6.1,"categoryName":"Kevin Grevey","name":"1_15_13_29"},{"num":5.3,"categoryName":"Randy Breuer","name":"1_15_13_31"},{"num":3.8,"categoryName":"Kenny Fields","name":"1_15_13_39"},{"num":2.6,"categoryName":"Larry Micheaux","name":"1_15_13_40"},{"num":2,"categoryName":"Mark West","name":"1_15_13_41"},{"num":1.2,"categoryName":"David Thirdkill","name":"1_15_13_42"},{"num":0.5,"categoryName":"Lorenzo Romar","name":"1_15_13_30"},{"num":0,"categoryName":"Chris Engler","name":"1_15_13_43"}],"name":"1_15_13_0"}],"name":"1_15_0_0","num":659.0999999999999}],"name":"1_0_0_0","num":1207},{"categoryName":"Western","children":[{"categoryName":"Midwest","children":[{"num":111.2,"categoryName":"Dallas_Mavericks","children":[{"num":25.7,"categoryName":"Mark Aguirre","name":"2_32_10_23"},{"num":19.7,"categoryName":"Rolando Blackman","name":"2_32_10_24"},{"num":18.2,"categoryName":"Jay Vincent","name":"2_32_10_22"},{"num":11,"categoryName":"Sam Perkins","name":"2_32_10_37"},{"num":10.1,"categoryName":"Brad Davis","name":"2_32_10_5"},{"num":9.6,"categoryName":"Derek Harper","name":"2_32_10_34"},{"num":9.3,"categoryName":"Dale Ellis","name":"2_32_10_33"},{"num":6.1,"categoryName":"Kurt Nimphius","name":"2_32_10_28"},{"num":2.9,"categoryName":"Wallace Bryant","name":"2_32_10_38"},{"num":2.4,"categoryName":"Tom Sluby","name":"2_32_10_39"},{"num":2.1,"categoryName":"Charlie Sitton","name":"2_32_10_40"},{"num":0.8,"categoryName":"Howard Carter","name":"2_32_10_41"}],"name":"2_32_10_0"},{"num":120,"categoryName":"Denver_Nuggets","children":[{"num":27.9,"categoryName":"Alex English","name":"2_32_7_32"},{"num":23.3,"categoryName":"Calvin Natt","name":"2_32_7_59"},{"num":12.8,"categoryName":"Fat Lever","name":"2_32_7_60"},{"num":12.8,"categoryName":"Dan Issel","name":"2_32_7_2"},{"num":12.1,"categoryName":"Wayne Cooper","name":"2_32_7_61"},{"num":10.1,"categoryName":"Mike Evans","name":"2_32_7_51"},{"num":7.8,"categoryName":"Bill Hanzlik","name":"2_32_7_52"},{"num":5.4,"categoryName":"T.R. Dunn","name":"2_32_7_44"},{"num":5.1,"categoryName":"Elston Turner","name":"2_32_7_62"},{"num":3.6,"categoryName":"Danny Schayes","name":"2_32_7_49"},{"num":3.5,"categoryName":"Joe Kopicki","name":"2_32_7_63"},{"num":3.3,"categoryName":"Willie White","name":"2_32_7_64"}],"name":"2_32_7_0"},{"num":111.2,"categoryName":"Houston_Rockets","children":[{"num":22.1,"categoryName":"Ralph Sampson","name":"2_32_11_24"},{"num":20.6,"categoryName":"Hakeem Olajuwon","name":"2_32_11_29"},{"num":14.4,"categoryName":"Rodney McCray","name":"2_32_11_26"},{"num":13.1,"categoryName":"Lewis Lloyd","name":"2_32_11_25"},{"num":11.4,"categoryName":"John Lucas","name":"2_32_11_30"},{"num":9,"categoryName":"Mitchell Wiggins","name":"2_32_11_31"},{"num":8.7,"categoryName":"Robert Reid","name":"2_32_11_3"},{"num":7.6,"categoryName":"Lionel Hollins","name":"2_32_11_32"},{"num":5.4,"categoryName":"Allen Leavell","name":"2_32_11_6"},{"num":4.2,"categoryName":"Larry Micheaux","name":"2_32_11_33"},{"num":3.2,"categoryName":"Jim Petersen","name":"2_32_11_34"},{"num":1.9,"categoryName":"Craig Ehlo","name":"2_32_11_28"},{"num":1.8,"categoryName":"Phil Ford","name":"2_32_11_27"},{"num":1.4,"categoryName":"Hank McDowell","name":"2_32_11_35"}],"name":"2_32_11_0"},{"num":114.8,"categoryName":"Kansas_City_Kings","children":[{"num":22.9,"categoryName":"Eddie Johnson","name":"2_32_6_51"},{"num":17,"categoryName":"Mike Woodson","name":"2_32_6_47"},{"num":16.4,"categoryName":"Reggie Theus","name":"2_32_6_58"},{"num":14.9,"categoryName":"Larry Drew","name":"2_32_6_50"},{"num":12.8,"categoryName":"Otis Thorpe","name":"2_32_6_65"},{"num":11.8,"categoryName":"LaSalle Thompson","name":"2_32_6_55"},{"num":10.2,"categoryName":"Mark Olberding","name":"2_32_6_60"},{"num":4.8,"categoryName":"Billy Knight","name":"2_32_6_59"},{"num":4.5,"categoryName":"Joe Meriweather","name":"2_32_6_39"},{"num":3.4,"categoryName":"Don Buse","name":"2_32_6_63"},{"num":2.8,"categoryName":"Ed Nealy","name":"2_32_6_56"},{"num":2.4,"categoryName":"Mark McNamara","name":"2_32_6_66"},{"num":2.3,"categoryName":"Dane Suttle","name":"2_32_6_61"},{"num":2.3,"categoryName":"Pete Verhoeven","name":"2_32_6_67"},{"num":1.9,"categoryName":"David Pope","name":"2_32_6_68"},{"num":0,"categoryName":"Kenny Natt","name":"2_32_6_69"}],"name":"2_32_6_0"},{"num":114.8,"categoryName":"San_Antonio_Spurs","children":[{"num":22.2,"categoryName":"Mike Mitchell","name":"2_32_12_15"},{"num":21.2,"categoryName":"George Gervin","name":"2_32_12_1"},{"num":19.1,"categoryName":"Artis Gilmore","name":"2_32_12_23"},{"num":12.8,"categoryName":"Johnny Moore","name":"2_32_12_8"},{"num":9.5,"categoryName":"Gene Banks","name":"2_32_12_16"},{"num":9.2,"categoryName":"Alvin Robertson","name":"2_32_12_46"},{"num":7.5,"categoryName":"David Thirdkill","name":"2_32_12_47"},{"num":7.2,"categoryName":"Edgar Jones","name":"2_32_12_24"},{"num":6.7,"categoryName":"Marc Iavaroni","name":"2_32_12_48"},{"num":6.2,"categoryName":"John Paxson","name":"2_32_12_39"},{"num":6,"categoryName":"Billy Knight","name":"2_32_12_49"},{"num":5.3,"categoryName":"Fred Roberts","name":"2_32_12_36"},{"num":4,"categoryName":"Jeff Cook","name":"2_32_12_50"},{"num":3.7,"categoryName":"Ron Brewer","name":"2_32_12_6"},{"num":3.7,"categoryName":"Ozell Jones","name":"2_32_12_51"},{"num":2.8,"categoryName":"Mark McNamara","name":"2_32_12_37"},{"num":2,"categoryName":"Linton Townes","name":"2_32_12_52"}],"name":"2_32_12_0"},{"num":109,"categoryName":"Utah_Jazz","children":[{"num":26.6,"categoryName":"Adrian Dantley","name":"2_32_9_1"},{"num":22.6,"categoryName":"Darrell Griffith","name":"2_32_9_21"},{"num":16.2,"categoryName":"John Drew","name":"2_32_9_37"},{"num":15.2,"categoryName":"Thurl Bailey","name":"2_32_9_45"},{"num":13,"categoryName":"Rickey Green","name":"2_32_9_22"},{"num":9.7,"categoryName":"Mark Eaton","name":"2_32_9_42"},{"num":8.7,"categoryName":"Fred Roberts","name":"2_32_9_47"},{"num":8,"categoryName":"Jeff Wilkins","name":"2_32_9_26"},{"num":5.6,"categoryName":"John Stockton","name":"2_32_9_48"},{"num":4.8,"categoryName":"Bob Hansen","name":"2_32_9_46"},{"num":3.8,"categoryName":"Rich Kelley","name":"2_32_9_40"},{"num":3.4,"categoryName":"J.J. Anderson","name":"2_32_9_39"},{"num":2.1,"categoryName":"Pace Mannion","name":"2_32_9_49"},{"num":1.5,"categoryName":"Kenny Natt","name":"2_32_9_43"},{"num":1.3,"categoryName":"Billy Paultz","name":"2_32_9_50"}],"name":"2_32_9_0"}],"name":"2_32_0_0","num":681},{"categoryName":"Pacific","children":[{"num":110.4,"categoryName":"Golden_State_Warriors","children":[{"num":28,"categoryName":"Purvis Short","name":"2_33_6_40"},{"num":19.5,"categoryName":"Sleepy Floyd","name":"2_33_6_68"},{"num":13.3,"categoryName":"Mickey Johnson","name":"2_33_6_66"},{"num":13,"categoryName":"Jerome Whitehead","name":"2_33_6_80"},{"num":11.1,"categoryName":"Larry Smith","name":"2_33_6_53"},{"num":9.1,"categoryName":"Terry Teagle","name":"2_33_6_81"},{"num":8.1,"categoryName":"Lester Conner","name":"2_33_6_70"},{"num":5.1,"categoryName":"Mike Bratz","name":"2_33_6_76"},{"num":5.1,"categoryName":"Chuck Aleksinas","name":"2_33_6_82"},{"num":4.5,"categoryName":"Peter Thibeaux","name":"2_33_6_83"},{"num":4.4,"categoryName":"Othell Wilson","name":"2_33_6_84"},{"num":4.2,"categoryName":"Steve Burtt","name":"2_33_6_85"},{"num":3.8,"categoryName":"Gary Plummer","name":"2_33_6_86"}],"name":"2_33_6_0"},{"num":107.1,"categoryName":"Los_Angeles_Clippers","children":[{"num":22.1,"categoryName":"Derek Smith","name":"2_33_10_1"},{"num":17.2,"categoryName":"Norm Nixon","name":"2_33_10_2"},{"num":16.4,"categoryName":"Marques Johnson","name":"2_33_10_3"},{"num":13.9,"categoryName":"Junior Bridgeman","name":"2_33_10_4"},{"num":11.3,"categoryName":"James Donaldson","name":"2_33_10_5"},{"num":10.1,"categoryName":"Bill Walton","name":"2_33_10_6"},{"num":7.1,"categoryName":"Michael Cage","name":"2_33_10_7"},{"num":5.7,"categoryName":"Franklin Edwards","name":"2_33_10_8"},{"num":4.7,"categoryName":"Rory White","name":"2_33_10_9"},{"num":4.1,"categoryName":"Lancaster Gordon","name":"2_33_10_10"},{"num":3.7,"categoryName":"Bryan Warrick","name":"2_33_10_11"},{"num":2.9,"categoryName":"Harvey Catchings","name":"2_33_10_12"},{"num":1.4,"categoryName":"Dale Wilkinson","name":"2_33_10_13"},{"num":1.2,"categoryName":"Jay Murphy","name":"2_33_10_14"}],"name":"2_33_10_0"},{"num":118.2,"categoryName":"Los_Angeles_Lakers","children":[{"num":22,"categoryName":"K. Abdul-Jabbar","name":"2_33_1_35"},{"num":18.3,"categoryName":"Magic Johnson","name":"2_33_1_66"},{"num":17.6,"categoryName":"James Worthy","name":"2_33_1_86"},{"num":16,"categoryName":"Byron Scott","name":"2_33_1_91"},{"num":10.5,"categoryName":"Bob McAdoo","name":"2_33_1_81"},{"num":10.2,"categoryName":"Mike McGee","name":"2_33_1_82"},{"num":8.6,"categoryName":"Michael Cooper","name":"2_33_1_65"},{"num":8.3,"categoryName":"Jamaal Wilkes","name":"2_33_1_57"},{"num":6.7,"categoryName":"Larry Spriggs","name":"2_33_1_94"},{"num":5.3,"categoryName":"Mitch Kupchak","name":"2_33_1_80"},{"num":5.2,"categoryName":"Kurt Rambis","name":"2_33_1_83"},{"num":2.8,"categoryName":"Ronnie Lester","name":"2_33_1_95"},{"num":1.1,"categoryName":"Chuck Nevitt","name":"2_33_1_96"},{"num":0,"categoryName":"Earl Jones","name":"2_33_1_97"}],"name":"2_33_1_0"},{"num":108,"categoryName":"Phoenix_Suns","children":[{"num":19.9,"categoryName":"Larry Nance","name":"2_33_8_55"},{"num":15,"categoryName":"Walter Davis","name":"2_33_8_39"},{"num":14.9,"categoryName":"James Edwards","name":"2_33_8_60"},{"num":14.7,"categoryName":"Alvan Adams","name":"2_33_8_27"},{"num":13.4,"categoryName":"Maurice Lucas","name":"2_33_8_59"},{"num":11,"categoryName":"Kyle Macy","name":"2_33_8_53"},{"num":10.2,"categoryName":"Mike Sanders","name":"2_33_8_66"},{"num":8.8,"categoryName":"Rod Foster","name":"2_33_8_64"},{"num":8.8,"categoryName":"Jay Humphries","name":"2_33_8_67"},{"num":8.4,"categoryName":"Mike Holton","name":"2_33_8_68"},{"num":8.4,"categoryName":"Charles Jones","name":"2_33_8_69"},{"num":4.8,"categoryName":"Charles Pittman","name":"2_33_8_63"},{"num":3.6,"categoryName":"Alvin Scott","name":"2_33_8_41"},{"num":2,"categoryName":"Michael Young","name":"2_33_8_70"},{"num":1.3,"categoryName":"Rick Robey","name":"2_33_8_65"}],"name":"2_33_8_0"},{"num":115.5,"categoryName":"Portland_Trail_Blazers","children":[{"num":22.4,"categoryName":"Kiki Vandeweghe","name":"2_33_2_95"},{"num":18.4,"categoryName":"Mychal Thompson","name":"2_33_2_59"},{"num":17.9,"categoryName":"Jim Paxson","name":"2_33_2_71"},{"num":17.2,"categoryName":"Clyde Drexler","name":"2_33_2_92"},{"num":11.6,"categoryName":"Darnell Valentine","name":"2_33_2_78"},{"num":10.4,"categoryName":"Kenny Carr","name":"2_33_2_84"},{"num":10,"categoryName":"Sam Bowie","name":"2_33_2_96"},{"num":7.1,"categoryName":"Steve Colter","name":"2_33_2_97"},{"num":6.1,"categoryName":"Jerome Kersey","name":"2_33_2_98"},{"num":5.1,"categoryName":"Audie Norris","name":"2_33_2_91"},{"num":3.3,"categoryName":"Bernard Thompson","name":"2_33_2_99"},{"num":1.3,"categoryName":"Tom Scheffler","name":"2_33_2_100"}],"name":"2_33_2_0"},{"num":102.1,"categoryName":"Seattle_Supersonics","children":[{"num":21.5,"categoryName":"Tom Chambers","name":"2_33_5_81"},{"num":18.5,"categoryName":"Jack Sikma","name":"2_33_5_53"},{"num":15,"categoryName":"Al Wood","name":"2_33_5_82"},{"num":13.4,"categoryName":"Gerald Henderson","name":"2_33_5_89"},{"num":9.9,"categoryName":"Ricky Sobers","name":"2_33_5_90"},{"num":9.3,"categoryName":"Tim McCormick","name":"2_33_5_91"},{"num":5.8,"categoryName":"Danny Vranes","name":"2_33_5_75"},{"num":5.7,"categoryName":"Joe Cooper","name":"2_33_5_92"},{"num":5.5,"categoryName":"Jon Sundvold","name":"2_33_5_84"},{"num":4.9,"categoryName":"Frank Brickowski","name":"2_33_5_93"},{"num":3.4,"categoryName":"Cory Blackwell","name":"2_33_5_94"},{"num":3,"categoryName":"John Schweitz","name":"2_33_5_95"},{"num":2.8,"categoryName":"Reggie King","name":"2_33_5_83"},{"num":2.5,"categoryName":"Scooter McCray","name":"2_33_5_85"},{"num":1.3,"categoryName":"Danny Young","name":"2_33_5_96"}],"name":"2_33_5_0"}],"name":"2_33_0_0","num":661.3000000000001}],"name":"2_0_0_0","num":1342.3000000000002}],"num":2549.3}