{"year":1951,"name":"root","categoryName":"root","children":[{"categoryName":"Eastern","children":[{"num":81.5,"categoryName":"Baltimore_Bullets_(1st)","children":[{"num":14.6,"categoryName":"Fred Scolari","name":"1_7_56_0"},{"num":12.6,"categoryName":"Don Barksdale","name":"1_7_57_0"},{"num":11.8,"categoryName":"Stan Miasek","name":"1_7_58_0"},{"num":9.3,"categoryName":"Frank Kudelka","name":"1_7_59_0"},{"num":8.7,"categoryName":"Kevin O'Shea","name":"1_7_60_0"},{"num":8.3,"categoryName":"Dave Minor","name":"1_7_61_0"},{"num":7.9,"categoryName":"Red Owens","name":"1_7_62_0"},{"num":7.7,"categoryName":"Alex Hannum","name":"1_7_63_0"},{"num":7,"categoryName":"Bill Calhoun","name":"1_7_64_0"},{"num":5.8,"categoryName":"Brady Walker","name":"1_7_47_0"},{"num":5.6,"categoryName":"Pep Saul","name":"1_7_65_0"},{"num":5.4,"categoryName":"Don Rehfeldt","name":"1_7_48_0"},{"num":5.3,"categoryName":"Jim Slaughter","name":"1_7_66_0"},{"num":4.5,"categoryName":"Joe McNamee","name":"1_7_67_0"},{"num":3.6,"categoryName":"Belus Smawley","name":"1_7_41_0"}],"name":"1_7_0_0"},{"num":91.3,"categoryName":"Boston_Celtics","children":[{"num":21.7,"categoryName":"Bob Cousy","name":"1_1_58_0"},{"num":19.2,"categoryName":"Ed Macauley","name":"1_1_57_0"},{"num":10.7,"categoryName":"Bill Sharman","name":"1_1_70_0"},{"num":8.3,"categoryName":"Bob Donham","name":"1_1_64_0"},{"num":8.2,"categoryName":"Chuck Cooper","name":"1_1_59_0"},{"num":7.8,"categoryName":"Bob Harris","name":"1_1_65_0"},{"num":6.1,"categoryName":"Bob Brannum","name":"1_1_71_0"},{"num":5.3,"categoryName":"Bones McKinney","name":"1_1_60_0"},{"num":3,"categoryName":"John Mahnken","name":"1_1_54_0"},{"num":2.8,"categoryName":"Dick Dickey","name":"1_1_72_0"}],"name":"1_1_0_0"},{"num":85,"categoryName":"New_York_Knicks","children":[{"num":14.1,"categoryName":"Max Zaslofsky","name":"1_2_41_0"},{"num":11.9,"categoryName":"Vince Boryla","name":"1_2_36_0"},{"num":11.2,"categoryName":"Harry Gallatin","name":"1_2_28_0"},{"num":10.6,"categoryName":"Nathaniel Clifton","name":"1_2_42_0"},{"num":9.5,"categoryName":"Connie Simmons","name":"1_2_35_0"},{"num":9.2,"categoryName":"Dick McGuire","name":"1_2_38_0"},{"num":9.2,"categoryName":"Ernie Vandeweghe","name":"1_2_37_0"},{"num":7.4,"categoryName":"Ray Lumpp","name":"1_2_27_0"},{"num":6.2,"categoryName":"George Kaftan","name":"1_2_43_0"},{"num":3.9,"categoryName":"Herb Scherer","name":"1_2_46_0"},{"num":3.5,"categoryName":"Alfred McGuire","name":"1_2_47_0"}],"name":"1_2_0_0"},{"num":86.6,"categoryName":"Philadelphia_Warriors","children":[{"num":25.4,"categoryName":"Paul Arizin","name":"1_3_32_0"},{"num":15.1,"categoryName":"Joe Fulks","name":"1_3_1_0"},{"num":12,"categoryName":"Andy Phillip","name":"1_3_33_0"},{"num":8.3,"categoryName":"George Senesky","name":"1_3_5_0"},{"num":7.9,"categoryName":"Ed Mikan","name":"1_3_34_0"},{"num":6,"categoryName":"Neil Johnston","name":"1_3_38_0"},{"num":5.9,"categoryName":"Vern Gardner","name":"1_3_22_0"},{"num":5.1,"categoryName":"Nelson Bobb","name":"1_3_25_0"},{"num":4,"categoryName":"Walt Budko","name":"1_3_39_0"},{"num":3.6,"categoryName":"Stan Brown","name":"1_3_40_0"},{"num":2.9,"categoryName":"Mel Payton","name":"1_3_41_0"},{"num":2.5,"categoryName":"Ed Dahler","name":"1_3_42_0"}],"name":"1_3_0_0"},{"num":86.7,"categoryName":"Syracuse_Nationals","children":[{"num":13.8,"categoryName":"Dolph Schayes","name":"1_8_1_0"},{"num":12.9,"categoryName":"Red Rocha","name":"1_8_17_0"},{"num":10,"categoryName":"George King","name":"1_8_18_0"},{"num":9.1,"categoryName":"Paul Seymour","name":"1_8_5_0"},{"num":8.6,"categoryName":"Bill Gabor","name":"1_8_2_0"},{"num":8,"categoryName":"Noble Jorgensen","name":"1_8_13_0"},{"num":7.6,"categoryName":"Al Cervi","name":"1_8_3_0"},{"num":7.5,"categoryName":"George Ratkovicz","name":"1_8_4_0"},{"num":7.4,"categoryName":"Wally Osterkorn","name":"1_8_19_0"},{"num":5,"categoryName":"Gerry Calabrese","name":"1_8_15_0"},{"num":3,"categoryName":"Don Savage","name":"1_8_20_0"}],"name":"1_8_0_0"}],"name":"1_0_0_0","num":431.09999999999997},{"categoryName":"Western","children":[{"num":78,"categoryName":"Fort_Wayne_Pistons","children":[{"num":15.9,"categoryName":"Frankie Brian","name":"2_8_34_0"},{"num":15.9,"categoryName":"Larry Foust","name":"2_8_21_0"},{"num":14.1,"categoryName":"Fred Schaus","name":"2_8_20_0"},{"num":8.9,"categoryName":"Jack Kerris","name":"2_8_22_0"},{"num":7.9,"categoryName":"Ralph Johnson","name":"2_8_24_0"},{"num":6.5,"categoryName":"Dike Eddleman","name":"2_8_35_0"},{"num":6.1,"categoryName":"Bill Closs","name":"2_8_36_0"},{"num":3.9,"categoryName":"Chuck Share","name":"2_8_37_0"},{"num":3.4,"categoryName":"Don Otten","name":"2_8_25_0"},{"num":3.2,"categoryName":"Jake Fendley","name":"2_8_38_0"},{"num":2.5,"categoryName":"Jack Kiley","name":"2_8_39_0"},{"num":1.5,"categoryName":"Art Burris","name":"2_8_33_0"},{"num":0.7,"categoryName":"Zeke Sinicola","name":"2_8_40_0"}],"name":"2_8_0_0"},{"num":82.9,"categoryName":"Indianapolis_Olympians","children":[{"num":13.7,"categoryName":"Joe Graboski","name":"2_14_20_0"},{"num":12.4,"categoryName":"Leo Barnhorst","name":"2_14_15_0"},{"num":12.2,"categoryName":"Paul Walther","name":"2_14_5_0"},{"num":10.3,"categoryName":"Bob Lavoy","name":"2_14_14_0"},{"num":9.4,"categoryName":"Bill Tosheff","name":"2_14_21_0"},{"num":9,"categoryName":"Ralph O'Brien","name":"2_14_22_0"},{"num":7.4,"categoryName":"Wah Wah Jones","name":"2_14_3_0"},{"num":7.2,"categoryName":"Don Lofgran","name":"2_14_16_0"},{"num":4.1,"categoryName":"Joe Holland","name":"2_14_6_0"},{"num":2.9,"categoryName":"Cliff Barker","name":"2_14_7_0"},{"num":1.5,"categoryName":"Dillard Crocker","name":"2_14_23_0"}],"name":"2_14_0_0"},{"num":73.2,"categoryName":"Milwaukee_Hawks","children":[{"num":13,"categoryName":"Don Otten","name":"2_18_1_0"},{"num":12.8,"categoryName":"Dike Eddleman","name":"2_18_2_0"},{"num":10.8,"categoryName":"Dick Mehen","name":"2_18_3_0"},{"num":10.1,"categoryName":"Walt Kirk","name":"2_18_4_0"},{"num":9.9,"categoryName":"Don Boven","name":"2_18_5_0"},{"num":9.2,"categoryName":"Mel Hutchins","name":"2_18_6_0"},{"num":8.9,"categoryName":"Dillard Crocker","name":"2_18_7_0"},{"num":8,"categoryName":"Red Owens","name":"2_18_8_0"},{"num":7.1,"categoryName":"Don Rehfeldt","name":"2_18_9_0"},{"num":6,"categoryName":"Kevin O'Shea","name":"2_18_10_0"},{"num":5.6,"categoryName":"Art Burris","name":"2_18_11_0"},{"num":4,"categoryName":"Elmer Behnke","name":"2_18_12_0"},{"num":3.8,"categoryName":"Nate DeLong","name":"2_18_13_0"},{"num":3.7,"categoryName":"Bob Wilson","name":"2_18_14_0"},{"num":3.7,"categoryName":"Cal Christensen","name":"2_18_15_0"},{"num":3.3,"categoryName":"Gene Vance","name":"2_18_16_0"},{"num":1.8,"categoryName":"John Rennicke","name":"2_18_17_0"},{"num":1.5,"categoryName":"Jerry Fowler","name":"2_18_18_0"},{"num":1.3,"categoryName":"Charlie Black","name":"2_18_19_0"},{"num":1.3,"categoryName":"John McConathy","name":"2_18_20_0"}],"name":"2_18_0_0"},{"num":85.6,"categoryName":"Minneapolis_Lakers","children":[{"num":23.8,"categoryName":"George Mikan","name":"2_10_1_0"},{"num":15.5,"categoryName":"Jim Pollard","name":"2_10_2_0"},{"num":15.3,"categoryName":"Vern Mikkelsen","name":"2_10_16_0"},{"num":9.3,"categoryName":"Slater Martin","name":"2_10_17_0"},{"num":8.6,"categoryName":"Pep Saul","name":"2_10_23_0"},{"num":6.7,"categoryName":"Whitey Skoog","name":"2_10_24_0"},{"num":6.2,"categoryName":"Bob Harrison","name":"2_10_18_0"},{"num":4.1,"categoryName":"Howie Schultz","name":"2_10_25_0"},{"num":3.6,"categoryName":"Lew Hitch","name":"2_10_26_0"},{"num":2.6,"categoryName":"Joe Hutton","name":"2_10_21_0"},{"num":0.6,"categoryName":"John Pilch","name":"2_10_27_0"}],"name":"2_10_0_0"},{"num":86.2,"categoryName":"Rochester_Royals","children":[{"num":16.2,"categoryName":"Bob Davies","name":"2_11_2_0"},{"num":15.7,"categoryName":"Bobby Wanzer","name":"2_11_3_0"},{"num":15.6,"categoryName":"Arnie Risen","name":"2_11_1_0"},{"num":11.2,"categoryName":"Jack Coleman","name":"2_11_13_0"},{"num":10,"categoryName":"Arnie Johnson","name":"2_11_5_0"},{"num":8.6,"categoryName":"Odie Spears","name":"2_11_18_0"},{"num":5.5,"categoryName":"Alex Hannum","name":"2_11_19_0"},{"num":4.1,"categoryName":"Red Holzman","name":"2_11_4_0"},{"num":2.2,"categoryName":"Sam Ranzino","name":"2_11_20_0"},{"num":1.3,"categoryName":"Ray Ragelis","name":"2_11_21_0"},{"num":0.8,"categoryName":"Paul Noel","name":"2_11_16_0"},{"num":0.6,"categoryName":"Joe McNamee","name":"2_11_17_0"}],"name":"2_11_0_0"}],"name":"2_0_0_0","num":405.90000000000003}],"num":837}