{"year":1977,"name":"root","categoryName":"root","children":[{"categoryName":"Eastern","children":[{"categoryName":"Atlantic","children":[{"num":105.7,"categoryName":"Boston_Celtics","children":[{"num":18.6,"categoryName":"Dave Cowens","name":"1_14_1_3"},{"num":16.3,"categoryName":"Charlie Scott","name":"1_14_1_25"},{"num":16.1,"categoryName":"John Havlicek","name":"1_14_1_1"},{"num":14.8,"categoryName":"Jo Jo White","name":"1_14_1_2"},{"num":13.6,"categoryName":"Dave Bing","name":"1_14_1_34"},{"num":13.4,"categoryName":"Sidney Wicks","name":"1_14_1_29"},{"num":11.8,"categoryName":"Kermit Washington","name":"1_14_1_35"},{"num":8.5,"categoryName":"Kevin Stacom","name":"1_14_1_22"},{"num":7.3,"categoryName":"Cedric Maxwell","name":"1_14_1_36"},{"num":7.1,"categoryName":"Tom Boswell","name":"1_14_1_27"},{"num":6.1,"categoryName":"Curtis Rowe","name":"1_14_1_30"},{"num":5.1,"categoryName":"Don Chaney","name":"1_14_1_5"},{"num":4,"categoryName":"Zaid Abdul-Aziz","name":"1_14_1_37"},{"num":3.9,"categoryName":"Ernie DiGregorio","name":"1_14_1_38"},{"num":2.8,"categoryName":"Fred Saunders","name":"1_14_1_31"},{"num":1.5,"categoryName":"Bob Bigelow","name":"1_14_1_39"},{"num":1,"categoryName":"Jim Ard","name":"1_14_1_21"},{"num":0.7,"categoryName":"Steve Kuberski","name":"1_14_1_6"}],"name":"1_14_1_0"},{"num":105.3,"categoryName":"Buffalo_Braves","children":[{"num":24.6,"categoryName":"Randy Smith","name":"1_14_2_18"},{"num":22.9,"categoryName":"Billy Knight","name":"1_14_2_59"},{"num":15.5,"categoryName":"Swen Nater","name":"1_14_2_60"},{"num":12.4,"categoryName":"John Shumate","name":"1_14_2_41"},{"num":11.9,"categoryName":"Larry McNeill","name":"1_14_2_61"},{"num":11.8,"categoryName":"Marvin Barnes","name":"1_14_2_62"},{"num":9.5,"categoryName":"Bird Averitt","name":"1_14_2_48"},{"num":7.9,"categoryName":"Mike Glenn","name":"1_14_2_63"},{"num":7.3,"categoryName":"Chuck Williams","name":"1_14_2_56"},{"num":6.8,"categoryName":"Wil Jones","name":"1_14_2_64"},{"num":6.7,"categoryName":"Bill Willoughby","name":"1_14_2_65"},{"num":5.6,"categoryName":"Jim McDaniels","name":"1_14_2_66"},{"num":5.2,"categoryName":"Ted McClain","name":"1_14_2_67"},{"num":4.3,"categoryName":"Gus Gerard","name":"1_14_2_51"},{"num":4.2,"categoryName":"Gary Brokaw","name":"1_14_2_68"},{"num":3.2,"categoryName":"Scott Lloyd","name":"1_14_2_69"},{"num":2.6,"categoryName":"Eddie Owens","name":"1_14_2_70"},{"num":1.5,"categoryName":"Larry Johnson","name":"1_14_2_71"}],"name":"1_14_2_0"},{"num":106.7,"categoryName":"New_Jersey_Nets","children":[{"num":29.5,"categoryName":"John Williamson","name":"1_14_6_1"},{"num":24.2,"categoryName":"Bernard King","name":"1_14_6_2"},{"num":16.2,"categoryName":"Kevin Porter","name":"1_14_6_3"},{"num":15.1,"categoryName":"Al Skinner","name":"1_14_6_4"},{"num":13.1,"categoryName":"Darnell Hillman","name":"1_14_6_5"},{"num":12.8,"categoryName":"Howard Porter","name":"1_14_6_6"},{"num":10.9,"categoryName":"Robert Hawkins","name":"1_14_6_7"},{"num":10.4,"categoryName":"Bob Carrington","name":"1_14_6_8"},{"num":10,"categoryName":"Eddie Jordan","name":"1_14_6_9"},{"num":8.8,"categoryName":"Wilson Washington","name":"1_14_6_10"},{"num":8.7,"categoryName":"George Johnson","name":"1_14_6_11"},{"num":8.5,"categoryName":"Louie Nelson","name":"1_14_6_12"},{"num":8.3,"categoryName":"Bird Averitt","name":"1_14_6_13"},{"num":5.6,"categoryName":"Mark Crow","name":"1_14_6_14"},{"num":5.4,"categoryName":"Tim Bassett","name":"1_14_6_15"},{"num":4.4,"categoryName":"J. Van Breda Kolff","name":"1_14_6_16"},{"num":3.5,"categoryName":"Dave Wohl","name":"1_14_6_17"},{"num":2.2,"categoryName":"Kim Hughes","name":"1_14_6_18"}],"name":"1_14_6_0"},{"num":113.4,"categoryName":"New_York_Knicks","children":[{"num":26.5,"categoryName":"Bob McAdoo","name":"1_14_3_38"},{"num":17.8,"categoryName":"Earl Monroe","name":"1_14_3_15"},{"num":14.9,"categoryName":"Lonnie Shelton","name":"1_14_3_39"},{"num":13.7,"categoryName":"Spencer Haywood","name":"1_14_3_33"},{"num":9.4,"categoryName":"Butch Beard","name":"1_14_3_34"},{"num":9.3,"categoryName":"Ray Williams","name":"1_14_3_44"},{"num":8.5,"categoryName":"Jim McMillian","name":"1_14_3_40"},{"num":6.5,"categoryName":"Jim Cleamons","name":"1_14_3_45"},{"num":6.3,"categoryName":"Toby Knight","name":"1_14_3_46"},{"num":4.8,"categoryName":"Glen Gondrezick","name":"1_14_3_47"},{"num":2.4,"categoryName":"Phil Jackson","name":"1_14_3_9"},{"num":1,"categoryName":"Ticky Burden","name":"1_14_3_43"}],"name":"1_14_3_0"},{"num":114.7,"categoryName":"Philadelphia_76ers","children":[{"num":20.6,"categoryName":"Julius Erving","name":"1_14_4_57"},{"num":20.3,"categoryName":"George McGinnis","name":"1_14_4_52"},{"num":19.7,"categoryName":"Doug Collins","name":"1_14_4_38"},{"num":15.7,"categoryName":"World B. Free","name":"1_14_4_53"},{"num":11.7,"categoryName":"Darryl Dawkins","name":"1_14_4_55"},{"num":9.2,"categoryName":"Steve Mix","name":"1_14_4_36"},{"num":9.1,"categoryName":"Henry Bibby","name":"1_14_4_58"},{"num":6.1,"categoryName":"Joe Bryant","name":"1_14_4_54"},{"num":5.4,"categoryName":"Caldwell Jones","name":"1_14_4_59"},{"num":3.1,"categoryName":"Ted McClain","name":"1_14_4_63"},{"num":2.9,"categoryName":"Harvey Catchings","name":"1_14_4_50"},{"num":2.2,"categoryName":"Glenn Mosley","name":"1_14_4_64"},{"num":2,"categoryName":"Mike Dunleavy","name":"1_14_4_60"},{"num":1.4,"categoryName":"Wilson Washington","name":"1_14_4_65"}],"name":"1_14_4_0"}],"name":"1_14_0_0","num":545.8000000000001},{"categoryName":"Central","children":[{"num":103.7,"categoryName":"Atlanta_Hawks","children":[{"num":23.2,"categoryName":"John Drew","name":"1_15_1_32"},{"num":12.7,"categoryName":"Steve Hawes","name":"1_15_1_47"},{"num":11.4,"categoryName":"Charlie Criss","name":"1_15_1_53"},{"num":11,"categoryName":"Ron Behagen","name":"1_15_1_54"},{"num":10.5,"categoryName":"Eddie Johnson","name":"1_15_1_55"},{"num":9.9,"categoryName":"Tom McMillen","name":"1_15_1_56"},{"num":9.7,"categoryName":"Armond Hill","name":"1_15_1_49"},{"num":9,"categoryName":"Ken Charles","name":"1_15_1_44"},{"num":8.5,"categoryName":"Ollie Johnson","name":"1_15_1_57"},{"num":7.6,"categoryName":"Tree Rollins","name":"1_15_1_58"},{"num":7.3,"categoryName":"John Brown","name":"1_15_1_27"},{"num":5.9,"categoryName":"Tony Robertson","name":"1_15_1_59"},{"num":2.2,"categoryName":"Claude Terry","name":"1_15_1_46"}],"name":"1_15_1_0"},{"num":104.4,"categoryName":"Cleveland_Cavaliers","children":[{"num":19.4,"categoryName":"Campy Russell","name":"1_15_4_35"},{"num":16.2,"categoryName":"Walt Frazier","name":"1_15_4_45"},{"num":15,"categoryName":"Jim Chones","name":"1_15_4_33"},{"num":12.5,"categoryName":"Elmore Smith","name":"1_15_4_41"},{"num":12.3,"categoryName":"Austin Carr","name":"1_15_4_17"},{"num":10.3,"categoryName":"Bingo Smith","name":"1_15_4_3"},{"num":9,"categoryName":"Foots Walker","name":"1_15_4_36"},{"num":8.9,"categoryName":"Terry Furlow","name":"1_15_4_46"},{"num":5,"categoryName":"Jim Brewer","name":"1_15_4_30"},{"num":4.8,"categoryName":"Dick Snyder","name":"1_15_4_34"},{"num":4.1,"categoryName":"John Lambert","name":"1_15_4_39"},{"num":2.3,"categoryName":"Eddie Jordan","name":"1_15_4_47"}],"name":"1_15_4_0"},{"num":103.8,"categoryName":"Houston_Rockets","children":[{"num":25.6,"categoryName":"Calvin Murphy","name":"1_15_5_5"},{"num":21.5,"categoryName":"Rudy Tomjanovich","name":"1_15_5_1"},{"num":19.4,"categoryName":"Moses Malone","name":"1_15_5_27"},{"num":13,"categoryName":"Mike Newlin","name":"1_15_5_4"},{"num":12.4,"categoryName":"John Lucas","name":"1_15_5_28"},{"num":10.6,"categoryName":"Dwight Jones","name":"1_15_5_29"},{"num":10.4,"categoryName":"Kevin Kunnert","name":"1_15_5_19"},{"num":7.3,"categoryName":"Robert Reid","name":"1_15_5_33"},{"num":7,"categoryName":"Alonzo Bradley","name":"1_15_5_34"},{"num":4.7,"categoryName":"Ron Behagen","name":"1_15_5_35"},{"num":4.4,"categoryName":"Ed Ratleff","name":"1_15_5_15"},{"num":4.1,"categoryName":"Mike Dunleavy","name":"1_15_5_36"},{"num":4,"categoryName":"John Johnson","name":"1_15_5_25"},{"num":4,"categoryName":"C.J. Kupec","name":"1_15_5_37"},{"num":3.9,"categoryName":"Zaid Abdul-Aziz","name":"1_15_5_7"},{"num":3.6,"categoryName":"Rudy White","name":"1_15_5_26"},{"num":2.2,"categoryName":"Robin Jones","name":"1_15_5_38"},{"num":0.8,"categoryName":"Larry Moffett","name":"1_15_5_39"},{"num":0.6,"categoryName":"Phil Bond","name":"1_15_5_40"}],"name":"1_15_5_0"},{"num":107.6,"categoryName":"New_Orleans_Jazz","children":[{"num":27,"categoryName":"Pete Maravich","name":"1_15_7_1"},{"num":22.7,"categoryName":"Truck Robinson","name":"1_15_7_31"},{"num":16.1,"categoryName":"Gail Goodrich","name":"1_15_7_27"},{"num":12.2,"categoryName":"Aaron James","name":"1_15_7_4"},{"num":10.2,"categoryName":"Rich Kelley","name":"1_15_7_25"},{"num":9.4,"categoryName":"Jim McElroy","name":"1_15_7_24"},{"num":8.8,"categoryName":"Joe Meriweather","name":"1_15_7_32"},{"num":7.8,"categoryName":"Nate Williams","name":"1_15_7_2"},{"num":7.2,"categoryName":"Slick Watts","name":"1_15_7_33"},{"num":5.3,"categoryName":"Paul Griffin","name":"1_15_7_29"},{"num":5,"categoryName":"Fred Saunders","name":"1_15_7_34"},{"num":4.9,"categoryName":"Freddie Boyd","name":"1_15_7_26"},{"num":3.2,"categoryName":"Gus Bailey","name":"1_15_7_35"}],"name":"1_15_7_0"},{"num":114.5,"categoryName":"San_Antonio_Spurs","children":[{"num":27.2,"categoryName":"George Gervin","name":"1_15_9_1"},{"num":20.6,"categoryName":"Larry Kenon","name":"1_15_9_2"},{"num":15.8,"categoryName":"Billy Paultz","name":"1_15_9_3"},{"num":9.1,"categoryName":"Louie Dampier","name":"1_15_9_10"},{"num":9.1,"categoryName":"Mike Gale","name":"1_15_9_6"},{"num":8.2,"categoryName":"Mark Olberding","name":"1_15_9_5"},{"num":8.1,"categoryName":"Allan Bristow","name":"1_15_9_4"},{"num":7.6,"categoryName":"Mike Green","name":"1_15_9_15"},{"num":7.5,"categoryName":"Coby Dietrick","name":"1_15_9_9"},{"num":5.6,"categoryName":"Jim Eakins","name":"1_15_9_16"},{"num":4.4,"categoryName":"Mo Layton","name":"1_15_9_17"},{"num":3.9,"categoryName":"James Silas","name":"1_15_9_7"},{"num":2.5,"categoryName":"Scott Sims","name":"1_15_9_18"},{"num":1.5,"categoryName":"George Karl","name":"1_15_9_13"}],"name":"1_15_9_0"},{"num":110.3,"categoryName":"Washington_Bullets","children":[{"num":19.7,"categoryName":"Elvin Hayes","name":"1_15_8_1"},{"num":19.3,"categoryName":"Bob Dandridge","name":"1_15_8_23"},{"num":15.9,"categoryName":"Mitch Kupchak","name":"1_15_8_18"},{"num":15.5,"categoryName":"Kevin Grevey","name":"1_15_8_15"},{"num":14.1,"categoryName":"Phil Chenier","name":"1_15_8_2"},{"num":11.4,"categoryName":"Tom Henderson","name":"1_15_8_17"},{"num":9.2,"categoryName":"Larry Wright","name":"1_15_8_19"},{"num":8.3,"categoryName":"Charles Johnson","name":"1_15_8_24"},{"num":7.6,"categoryName":"Wes Unseld","name":"1_15_8_5"},{"num":4.9,"categoryName":"Greg Ballard","name":"1_15_8_25"},{"num":4.5,"categoryName":"Phil Walker","name":"1_15_8_26"},{"num":3.9,"categoryName":"Joe Pace","name":"1_15_8_22"}],"name":"1_15_8_0"}],"name":"1_15_0_0","num":644.3}],"name":"1_0_0_0","num":1190.1},{"categoryName":"Western","children":[{"categoryName":"Midwest","children":[{"num":103.9,"categoryName":"Chicago_Bulls","children":[{"num":22.9,"categoryName":"Artis Gilmore","name":"2_32_1_37"},{"num":18.3,"categoryName":"Mickey Johnson","name":"2_32_1_30"},{"num":16.6,"categoryName":"Wilbur Holland","name":"2_32_1_38"},{"num":13.4,"categoryName":"Scott May","name":"2_32_1_39"},{"num":10.3,"categoryName":"John Mengelt","name":"2_32_1_40"},{"num":8.8,"categoryName":"Cazzie Russell","name":"2_32_1_46"},{"num":7.3,"categoryName":"Norm Van Lier","name":"2_32_1_14"},{"num":5.6,"categoryName":"Mark Landsberger","name":"2_32_1_47"},{"num":5.1,"categoryName":"Nick Weatherspoon","name":"2_32_1_48"},{"num":4.3,"categoryName":"Tate Armstrong","name":"2_32_1_49"},{"num":4.3,"categoryName":"Steve Sheppard","name":"2_32_1_50"},{"num":2.7,"categoryName":"Derrek Dickey","name":"2_32_1_51"},{"num":2.5,"categoryName":"Tom Boerwinkle","name":"2_32_1_4"},{"num":2,"categoryName":"Cliff Pondexter","name":"2_32_1_34"},{"num":1.3,"categoryName":"Jim Ard","name":"2_32_1_52"},{"num":0,"categoryName":"Glenn Hansen","name":"2_32_1_53"}],"name":"2_32_1_0"},{"num":111.8,"categoryName":"Denver_Nuggets","children":[{"num":27.2,"categoryName":"David Thompson","name":"2_32_7_1"},{"num":21.3,"categoryName":"Dan Issel","name":"2_32_7_2"},{"num":14.5,"categoryName":"Bobby Jones","name":"2_32_7_3"},{"num":11.6,"categoryName":"Brian Taylor","name":"2_32_7_15"},{"num":11.4,"categoryName":"Bob Wilkerson","name":"2_32_7_16"},{"num":9.5,"categoryName":"Anthony Roberts","name":"2_32_7_17"},{"num":7.8,"categoryName":"Darnell Hillman","name":"2_32_7_18"},{"num":6.8,"categoryName":"Jim Price","name":"2_32_7_8"},{"num":6.1,"categoryName":"Mack Calvin","name":"2_32_7_4"},{"num":5.5,"categoryName":"Ralph Simpson","name":"2_32_7_19"},{"num":4.3,"categoryName":"Bo Ellis","name":"2_32_7_20"},{"num":4,"categoryName":"Tom LaGarde","name":"2_32_7_21"},{"num":2.7,"categoryName":"Robert Smith","name":"2_32_7_22"},{"num":1.3,"categoryName":"Jacky Dorsey","name":"2_32_7_23"},{"num":1,"categoryName":"Norm Cook","name":"2_32_7_24"}],"name":"2_32_7_0"},{"num":109,"categoryName":"Detroit_Pistons","children":[{"num":24.5,"categoryName":"Bob Lanier","name":"2_32_2_3"},{"num":18.6,"categoryName":"Eric Money","name":"2_32_2_27"},{"num":15.5,"categoryName":"John Shumate","name":"2_32_2_44"},{"num":12.4,"categoryName":"M.L. Carr","name":"2_32_2_38"},{"num":11.5,"categoryName":"Jim Price","name":"2_32_2_45"},{"num":10.9,"categoryName":"Leon Douglas","name":"2_32_2_41"},{"num":10.6,"categoryName":"Ralph Simpson","name":"2_32_2_39"},{"num":10.5,"categoryName":"Chris Ford","name":"2_32_2_21"},{"num":10,"categoryName":"Marvin Barnes","name":"2_32_2_40"},{"num":7.9,"categoryName":"Gus Gerard","name":"2_32_2_46"},{"num":7,"categoryName":"Al Skinner","name":"2_32_2_47"},{"num":6.5,"categoryName":"Jim Bostic","name":"2_32_2_48"},{"num":5.5,"categoryName":"Willie Norwood","name":"2_32_2_14"},{"num":4.9,"categoryName":"Al Eberhard","name":"2_32_2_29"},{"num":4.6,"categoryName":"Kevin Porter","name":"2_32_2_30"},{"num":4.5,"categoryName":"Howard Porter","name":"2_32_2_26"},{"num":4.5,"categoryName":"Ben Poquette","name":"2_32_2_49"},{"num":1.3,"categoryName":"Wayman Britt","name":"2_32_2_50"}],"name":"2_32_2_0"},{"num":108.6,"categoryName":"Indiana_Pacers","children":[{"num":26.5,"categoryName":"Adrian Dantley","name":"2_32_8_17"},{"num":19.1,"categoryName":"John Williamson","name":"2_32_8_2"},{"num":18.2,"categoryName":"Ricky Sobers","name":"2_32_8_18"},{"num":15.4,"categoryName":"James Edwards","name":"2_32_8_19"},{"num":15.3,"categoryName":"Mike Bantom","name":"2_32_8_20"},{"num":14.4,"categoryName":"Earl Tatum","name":"2_32_8_21"},{"num":13.4,"categoryName":"Dan Roundfield","name":"2_32_8_3"},{"num":11.2,"categoryName":"Ron Behagen","name":"2_32_8_22"},{"num":8.5,"categoryName":"Dave Robisch","name":"2_32_8_5"},{"num":7.1,"categoryName":"Bob Carrington","name":"2_32_8_23"},{"num":5.4,"categoryName":"Len Elmore","name":"2_32_8_13"},{"num":4.2,"categoryName":"Mike Flynn","name":"2_32_8_7"},{"num":4.2,"categoryName":"Johnny Neumann","name":"2_32_8_24"},{"num":3.4,"categoryName":"Steve Green","name":"2_32_8_10"},{"num":2.5,"categoryName":"Bobby Wilson","name":"2_32_8_25"},{"num":2.4,"categoryName":"Mel Bennett","name":"2_32_8_11"},{"num":0,"categoryName":"Willie Smith","name":"2_32_8_26"}],"name":"2_32_8_0"},{"num":109.5,"categoryName":"Kansas_City_Kings","children":[{"num":17.7,"categoryName":"Scott Wedman","name":"2_32_6_3"},{"num":17.7,"categoryName":"Ron Boone","name":"2_32_6_15"},{"num":15.8,"categoryName":"Otis Birdsong","name":"2_32_6_21"},{"num":12.8,"categoryName":"Richard Washington","name":"2_32_6_17"},{"num":11.9,"categoryName":"Lucius Allen","name":"2_32_6_22"},{"num":10,"categoryName":"Bill Robinzine","name":"2_32_6_7"},{"num":8.6,"categoryName":"Sam Lacey","name":"2_32_6_4"},{"num":8.6,"categoryName":"Tom Burleson","name":"2_32_6_23"},{"num":5.5,"categoryName":"Bob Nash","name":"2_32_6_24"},{"num":4.8,"categoryName":"John Kuester","name":"2_32_6_25"},{"num":2.8,"categoryName":"Kevin Restani","name":"2_32_6_26"},{"num":2,"categoryName":"Bob Bigelow","name":"2_32_6_13"},{"num":1.9,"categoryName":"Louie Nelson","name":"2_32_6_27"},{"num":0,"categoryName":"Andre McCarter","name":"2_32_6_19"},{"num":0,"categoryName":"Glenn Hansen","name":"2_32_6_8"}],"name":"2_32_6_0"},{"num":112.4,"categoryName":"Milwaukee_Bucks","children":[{"num":19.9,"categoryName":"Brian Winters","name":"2_32_3_37"},{"num":19.5,"categoryName":"Marques Johnson","name":"2_32_3_51"},{"num":14.7,"categoryName":"Dave Meyers","name":"2_32_3_40"},{"num":13.6,"categoryName":"Junior Bridgeman","name":"2_32_3_39"},{"num":9.6,"categoryName":"Alex English","name":"2_32_3_47"},{"num":9.3,"categoryName":"Quinn Buckner","name":"2_32_3_44"},{"num":8.5,"categoryName":"John Gianelli","name":"2_32_3_52"},{"num":7.7,"categoryName":"Kent Benson","name":"2_32_3_53"},{"num":6.9,"categoryName":"Ernie Grunfeld","name":"2_32_3_54"},{"num":4.8,"categoryName":"Lloyd Walton","name":"2_32_3_49"},{"num":3.3,"categoryName":"Kevin Restani","name":"2_32_3_33"},{"num":2.9,"categoryName":"Jim Eakins","name":"2_32_3_55"},{"num":2.4,"categoryName":"Rich Laurel","name":"2_32_3_56"},{"num":2.1,"categoryName":"Scott Lloyd","name":"2_32_3_46"}],"name":"2_32_3_0"}],"name":"2_32_0_0","num":655.1999999999999},{"categoryName":"Pacific","children":[{"num":106.1,"categoryName":"Golden_State_Warriors","children":[{"num":23.1,"categoryName":"Rick Barry","name":"2_33_6_13"},{"num":19.7,"categoryName":"Phil Smith","name":"2_33_6_21"},{"num":12.5,"categoryName":"Robert Parish","name":"2_33_6_29"},{"num":11.4,"categoryName":"Sonny Parker","name":"2_33_6_30"},{"num":11.2,"categoryName":"Nate Williams","name":"2_33_6_33"},{"num":8.8,"categoryName":"Clifford Ray","name":"2_33_6_20"},{"num":6.4,"categoryName":"E.C. Coleman","name":"2_33_6_34"},{"num":6.2,"categoryName":"Charles Johnson","name":"2_33_6_14"},{"num":6.2,"categoryName":"Derrek Dickey","name":"2_33_6_18"},{"num":5,"categoryName":"Charles Dudley","name":"2_33_6_22"},{"num":4.6,"categoryName":"Wesley Cox","name":"2_33_6_35"},{"num":4.5,"categoryName":"Ricky Marsh","name":"2_33_6_36"},{"num":4.5,"categoryName":"Rickey Green","name":"2_33_6_37"},{"num":3,"categoryName":"Larry McNeill","name":"2_33_6_31"}],"name":"2_33_6_0"},{"num":110.3,"categoryName":"Los_Angeles_Lakers","children":[{"num":25.8,"categoryName":"K. Abdul-Jabbar","name":"2_33_1_35"},{"num":19.4,"categoryName":"Adrian Dantley","name":"2_33_1_53"},{"num":14.8,"categoryName":"James Edwards","name":"2_33_1_54"},{"num":14,"categoryName":"Earl Tatum","name":"2_33_1_45"},{"num":13.7,"categoryName":"Lou Hudson","name":"2_33_1_55"},{"num":13.7,"categoryName":"Norm Nixon","name":"2_33_1_56"},{"num":12.9,"categoryName":"Jamaal Wilkes","name":"2_33_1_57"},{"num":11.7,"categoryName":"Charlie Scott","name":"2_33_1_58"},{"num":11.5,"categoryName":"Kermit Washington","name":"2_33_1_27"},{"num":7.7,"categoryName":"Don Ford","name":"2_33_1_37"},{"num":6.8,"categoryName":"Tom Abernethy","name":"2_33_1_48"},{"num":6.2,"categoryName":"Kenny Carr","name":"2_33_1_59"},{"num":4.7,"categoryName":"Dave Robisch","name":"2_33_1_60"},{"num":3.9,"categoryName":"Ernie DiGregorio","name":"2_33_1_61"},{"num":3.4,"categoryName":"Don Chaney","name":"2_33_1_49"},{"num":2.5,"categoryName":"Brad Davis","name":"2_33_1_62"}],"name":"2_33_1_0"},{"num":112.3,"categoryName":"Phoenix_Suns","children":[{"num":25.2,"categoryName":"Paul Westphal","name":"2_33_8_26"},{"num":24.2,"categoryName":"Walter Davis","name":"2_33_8_39"},{"num":15.5,"categoryName":"Alvan Adams","name":"2_33_8_27"},{"num":12.2,"categoryName":"Ron Lee","name":"2_33_8_34"},{"num":8.4,"categoryName":"Don Buse","name":"2_33_8_40"},{"num":7.8,"categoryName":"Gar Heard","name":"2_33_8_28"},{"num":6.1,"categoryName":"Alvin Scott","name":"2_33_8_41"},{"num":6,"categoryName":"Curtis Perry","name":"2_33_8_20"},{"num":4.7,"categoryName":"Mike Bratz","name":"2_33_8_42"},{"num":4.2,"categoryName":"Bayard Forrest","name":"2_33_8_43"},{"num":4,"categoryName":"Greg Griffin","name":"2_33_8_44"},{"num":3.6,"categoryName":"Dennis Awtrey","name":"2_33_8_21"}],"name":"2_33_8_0"},{"num":107.7,"categoryName":"Portland_Trail_Blazers","children":[{"num":18.9,"categoryName":"Bill Walton","name":"2_33_2_37"},{"num":16.4,"categoryName":"Maurice Lucas","name":"2_33_2_47"},{"num":15.9,"categoryName":"Lionel Hollins","name":"2_33_2_42"},{"num":12.7,"categoryName":"Bob Gross","name":"2_33_2_44"},{"num":11,"categoryName":"Lloyd Neal","name":"2_33_2_22"},{"num":10.7,"categoryName":"Johnny Davis","name":"2_33_2_50"},{"num":10.1,"categoryName":"Tom Owens","name":"2_33_2_55"},{"num":8.9,"categoryName":"Dave Twardzik","name":"2_33_2_48"},{"num":8,"categoryName":"Larry Steele","name":"2_33_2_19"},{"num":6.3,"categoryName":"Jacky Dorsey","name":"2_33_2_56"},{"num":5.8,"categoryName":"Willie Norwood","name":"2_33_2_57"},{"num":5.3,"categoryName":"Corky Calhoun","name":"2_33_2_53"},{"num":4.8,"categoryName":"Wally Walker","name":"2_33_2_52"},{"num":3.8,"categoryName":"T.R. Dunn","name":"2_33_2_58"},{"num":2.5,"categoryName":"Dale Schlueter","name":"2_33_2_8"}],"name":"2_33_2_0"},{"num":104.5,"categoryName":"Seattle_Supersonics","children":[{"num":18.1,"categoryName":"Gus Williams","name":"2_33_5_50"},{"num":16.6,"categoryName":"Fred Brown","name":"2_33_5_16"},{"num":14,"categoryName":"Marvin Webster","name":"2_33_5_51"},{"num":12.7,"categoryName":"Dennis Johnson","name":"2_33_5_46"},{"num":11.9,"categoryName":"Mike Green","name":"2_33_5_45"},{"num":10.7,"categoryName":"John Johnson","name":"2_33_5_52"},{"num":10.7,"categoryName":"Jack Sikma","name":"2_33_5_53"},{"num":7.8,"categoryName":"Bruce Seals","name":"2_33_5_37"},{"num":7.8,"categoryName":"Slick Watts","name":"2_33_5_26"},{"num":6.5,"categoryName":"Wally Walker","name":"2_33_5_54"},{"num":5.8,"categoryName":"Paul Silas","name":"2_33_5_55"},{"num":4,"categoryName":"Joe Hassett","name":"2_33_5_56"},{"num":2,"categoryName":"Al Fleming","name":"2_33_5_57"},{"num":0.5,"categoryName":"Willie Wise","name":"2_33_5_58"},{"num":0,"categoryName":"Dean Tolson","name":"2_33_5_36"}],"name":"2_33_5_0"}],"name":"2_33_0_0","num":540.9}],"name":"2_0_0_0","num":1196.1}],"num":2386.2}