{"year":1972,"name":"root","categoryName":"root","children":[{"categoryName":"Eastern","children":[{"categoryName":"Atlantic","children":[{"num":112.7,"categoryName":"Boston_Celtics","children":[{"num":23.8,"categoryName":"John Havlicek","name":"1_14_1_1"},{"num":20.5,"categoryName":"Dave Cowens","name":"1_14_1_3"},{"num":19.7,"categoryName":"Jo Jo White","name":"1_14_1_2"},{"num":13.3,"categoryName":"Paul Silas","name":"1_14_1_16"},{"num":13.1,"categoryName":"Don Chaney","name":"1_14_1_5"},{"num":10.8,"categoryName":"Don Nelson","name":"1_14_1_4"},{"num":4.4,"categoryName":"Steve Kuberski","name":"1_14_1_6"},{"num":4.1,"categoryName":"Paul Westphal","name":"1_14_1_17"},{"num":3.2,"categoryName":"Art Williams","name":"1_14_1_10"},{"num":2.4,"categoryName":"Hank Finkel","name":"1_14_1_8"},{"num":2,"categoryName":"Tom Sanders","name":"1_14_1_13"},{"num":1.3,"categoryName":"Mark Minor","name":"1_14_1_18"}],"name":"1_14_1_0"},{"num":103.3,"categoryName":"Buffalo_Braves","children":[{"num":18.3,"categoryName":"Elmore Smith","name":"1_14_2_16"},{"num":18,"categoryName":"Bob McAdoo","name":"1_14_2_21"},{"num":17.5,"categoryName":"Bob Kauffman","name":"1_14_2_1"},{"num":14.8,"categoryName":"Randy Smith","name":"1_14_2_18"},{"num":10,"categoryName":"Dick Garrett","name":"1_14_2_3"},{"num":8.8,"categoryName":"Dave Wohl","name":"1_14_2_22"},{"num":8,"categoryName":"John Hummer","name":"1_14_2_5"},{"num":7.2,"categoryName":"Fred Hilton","name":"1_14_2_19"},{"num":6.1,"categoryName":"Howard Komives","name":"1_14_2_23"},{"num":5.9,"categoryName":"Mahdi Abdul-Rahman","name":"1_14_2_17"},{"num":4.7,"categoryName":"Bill Hewitt","name":"1_14_2_24"},{"num":4.3,"categoryName":"Cornell Warner","name":"1_14_2_9"},{"num":3.1,"categoryName":"Harold Fox","name":"1_14_2_25"}],"name":"1_14_2_0"},{"num":105,"categoryName":"New_York_Knicks","children":[{"num":21.1,"categoryName":"Walt Frazier","name":"1_14_3_1"},{"num":16.3,"categoryName":"Dave DeBusschere","name":"1_14_3_3"},{"num":16.1,"categoryName":"Bill Bradley","name":"1_14_3_5"},{"num":15.5,"categoryName":"Earl Monroe","name":"1_14_3_15"},{"num":11,"categoryName":"Willis Reed","name":"1_14_3_2"},{"num":9.9,"categoryName":"Jerry Lucas","name":"1_14_3_14"},{"num":8.1,"categoryName":"Phil Jackson","name":"1_14_3_9"},{"num":5.7,"categoryName":"Dean Meminger","name":"1_14_3_16"},{"num":4.2,"categoryName":"Henry Bibby","name":"1_14_3_20"},{"num":3.8,"categoryName":"Dick Barnett","name":"1_14_3_4"},{"num":3.5,"categoryName":"John Gianelli","name":"1_14_3_21"},{"num":2.5,"categoryName":"Tom Riker","name":"1_14_3_22"},{"num":1.5,"categoryName":"Harthorne Wingo","name":"1_14_3_23"},{"num":0,"categoryName":"Luther Rackley","name":"1_14_3_17"}],"name":"1_14_3_0"},{"num":104.1,"categoryName":"Philadelphia_76ers","children":[{"num":20,"categoryName":"Fred Carter","name":"1_14_4_17"},{"num":17.9,"categoryName":"John Block","name":"1_14_4_23"},{"num":17.7,"categoryName":"Tom Van Arsdale","name":"1_14_4_24"},{"num":14,"categoryName":"Bill Bridges","name":"1_14_4_18"},{"num":13.9,"categoryName":"Kevin Loughery","name":"1_14_4_19"},{"num":13.7,"categoryName":"LeRoy Ellis","name":"1_14_4_25"},{"num":11.9,"categoryName":"Don May","name":"1_14_4_26"},{"num":11,"categoryName":"Manny Leaks","name":"1_14_4_27"},{"num":10.7,"categoryName":"John Trapp","name":"1_14_4_28"},{"num":10.5,"categoryName":"Freddie Boyd","name":"1_14_4_29"},{"num":9.5,"categoryName":"Jeff Halliburton","name":"1_14_4_30"},{"num":5.9,"categoryName":"Dave Sorenson","name":"1_14_4_31"},{"num":5.6,"categoryName":"Hal Greer","name":"1_14_4_3"},{"num":5.4,"categoryName":"Dale Schlueter","name":"1_14_4_32"},{"num":5.1,"categoryName":"Mike Price","name":"1_14_4_33"},{"num":2.3,"categoryName":"Dennis Awtrey","name":"1_14_4_7"},{"num":1.4,"categoryName":"Mel Counts","name":"1_14_4_34"},{"num":0.6,"categoryName":"Luther Green","name":"1_14_4_35"},{"num":0,"categoryName":"Bob Rule","name":"1_14_4_16"}],"name":"1_14_4_0"}],"name":"1_14_0_0","num":425.1},{"categoryName":"Central","children":[{"num":112.4,"categoryName":"Atlanta_Hawks","children":[{"num":27.1,"categoryName":"Lou Hudson","name":"1_15_1_1"},{"num":26.1,"categoryName":"Pete Maravich","name":"1_15_1_2"},{"num":16.1,"categoryName":"Walt Bellamy","name":"1_15_1_4"},{"num":14,"categoryName":"Herm Gilliam","name":"1_15_1_15"},{"num":11.3,"categoryName":"George Trapp","name":"1_15_1_18"},{"num":10.4,"categoryName":"Jim Washington","name":"1_15_1_13"},{"num":6.5,"categoryName":"Steve Bracey","name":"1_15_1_23"},{"num":5.8,"categoryName":"Don Adams","name":"1_15_1_14"},{"num":5,"categoryName":"Jeff Halliburton","name":"1_15_1_20"},{"num":4.5,"categoryName":"Don May","name":"1_15_1_16"},{"num":4.2,"categoryName":"Bob Christian","name":"1_15_1_10"},{"num":3.5,"categoryName":"John Wetzel","name":"1_15_1_24"},{"num":3,"categoryName":"John Tschogl","name":"1_15_1_25"},{"num":2.8,"categoryName":"Eddie Mast","name":"1_15_1_26"}],"name":"1_15_1_0"},{"num":105,"categoryName":"Baltimore_Bullets","children":[{"num":21.2,"categoryName":"Elvin Hayes","name":"1_15_2_22"},{"num":19.7,"categoryName":"Phil Chenier","name":"1_15_2_16"},{"num":18.3,"categoryName":"Archie Clark","name":"1_15_2_15"},{"num":18.1,"categoryName":"Mike Riordan","name":"1_15_2_18"},{"num":12.5,"categoryName":"Wes Unseld","name":"1_15_2_5"},{"num":9.5,"categoryName":"Mike Davis","name":"1_15_2_23"},{"num":8.5,"categoryName":"Rich Rinaldi","name":"1_15_2_21"},{"num":6.9,"categoryName":"Flynn Robinson","name":"1_15_2_24"},{"num":6.6,"categoryName":"Kevin Porter","name":"1_15_2_25"},{"num":6.4,"categoryName":"Stan Love","name":"1_15_2_19"},{"num":6,"categoryName":"Dave Stallworth","name":"1_15_2_17"},{"num":3.8,"categoryName":"John Tresvant","name":"1_15_2_8"},{"num":2.4,"categoryName":"Tom Patterson","name":"1_15_2_26"},{"num":0,"categoryName":"Terry Driscoll","name":"1_15_2_20"}],"name":"1_15_2_0"},{"num":102.7,"categoryName":"Cleveland_Cavaliers","children":[{"num":20.5,"categoryName":"Austin Carr","name":"1_15_4_17"},{"num":20.5,"categoryName":"Lenny Wilkens","name":"1_15_4_24"},{"num":14.4,"categoryName":"John Johnson","name":"1_15_4_2"},{"num":12.6,"categoryName":"Rick Roberson","name":"1_15_4_19"},{"num":9.4,"categoryName":"Dwight Davis","name":"1_15_4_25"},{"num":8.2,"categoryName":"Bingo Smith","name":"1_15_4_3"},{"num":7.3,"categoryName":"Charlie Davis","name":"1_15_4_20"},{"num":6.5,"categoryName":"Barry Clemens","name":"1_15_4_26"},{"num":5.7,"categoryName":"Jim Cleamons","name":"1_15_4_27"},{"num":5.7,"categoryName":"Cornell Warner","name":"1_15_4_28"},{"num":3.2,"categoryName":"John Warren","name":"1_15_4_5"},{"num":3,"categoryName":"Walt Wesley","name":"1_15_4_1"},{"num":2.9,"categoryName":"Bob Rule","name":"1_15_4_29"},{"num":2.8,"categoryName":"Steve Patterson","name":"1_15_4_21"},{"num":2.7,"categoryName":"Dave Sorenson","name":"1_15_4_6"}],"name":"1_15_4_0"},{"num":112.8,"categoryName":"Houston_Rockets","children":[{"num":19.3,"categoryName":"Rudy Tomjanovich","name":"1_15_5_1"},{"num":18.5,"categoryName":"Jack Marin","name":"1_15_5_2"},{"num":18,"categoryName":"Jimmy Walker","name":"1_15_5_3"},{"num":17,"categoryName":"Mike Newlin","name":"1_15_5_4"},{"num":13,"categoryName":"Calvin Murphy","name":"1_15_5_5"},{"num":11.7,"categoryName":"Otto Moore","name":"1_15_5_6"},{"num":8.7,"categoryName":"Zaid Abdul-Aziz","name":"1_15_5_7"},{"num":7.7,"categoryName":"Cliff Meely","name":"1_15_5_8"},{"num":4.6,"categoryName":"Paul McCracken","name":"1_15_5_9"},{"num":3.3,"categoryName":"Stan McKenzie","name":"1_15_5_10"},{"num":2.5,"categoryName":"Greg Smith","name":"1_15_5_11"},{"num":2.3,"categoryName":"George Johnson","name":"1_15_5_12"},{"num":2,"categoryName":"Eric McWilliams","name":"1_15_5_13"},{"num":0,"categoryName":"Dick Gibbs","name":"1_15_5_14"}],"name":"1_15_5_0"}],"name":"1_15_0_0","num":432.90000000000003}],"name":"1_0_0_0","num":858},{"categoryName":"Western","children":[{"categoryName":"Midwest","children":[{"num":104.1,"categoryName":"Chicago_Bulls","children":[{"num":23.1,"categoryName":"Bob Love","name":"2_32_1_1"},{"num":19.9,"categoryName":"Chet Walker","name":"2_32_1_2"},{"num":13.9,"categoryName":"Norm Van Lier","name":"2_32_1_14"},{"num":10.3,"categoryName":"Gar Heard","name":"2_32_1_20"},{"num":10.1,"categoryName":"Jerry Sloan","name":"2_32_1_3"},{"num":8.7,"categoryName":"Bob Weiss","name":"2_32_1_6"},{"num":8.6,"categoryName":"Clifford Ray","name":"2_32_1_15"},{"num":5.3,"categoryName":"Kenny McIntosh","name":"2_32_1_18"},{"num":5.1,"categoryName":"Howard Porter","name":"2_32_1_16"},{"num":4.7,"categoryName":"Dennis Awtrey","name":"2_32_1_21"},{"num":4.2,"categoryName":"Jim King","name":"2_32_1_8"},{"num":3.8,"categoryName":"Tom Boerwinkle","name":"2_32_1_4"},{"num":3.6,"categoryName":"Rowland Garrett","name":"2_32_1_22"},{"num":3.2,"categoryName":"Frank Russell","name":"2_32_1_23"}],"name":"2_32_1_0"},{"num":110.3,"categoryName":"Detroit_Pistons","children":[{"num":23.8,"categoryName":"Bob Lanier","name":"2_32_2_3"},{"num":22.4,"categoryName":"Dave Bing","name":"2_32_2_1"},{"num":16.1,"categoryName":"Curtis Rowe","name":"2_32_2_13"},{"num":10.5,"categoryName":"John Mengelt","name":"2_32_2_17"},{"num":9.6,"categoryName":"Stu Lantz","name":"2_32_2_18"},{"num":9.3,"categoryName":"Don Adams","name":"2_32_2_19"},{"num":8.7,"categoryName":"Fred Foster","name":"2_32_2_20"},{"num":8.3,"categoryName":"Willie Norwood","name":"2_32_2_14"},{"num":6.4,"categoryName":"Chris Ford","name":"2_32_2_21"},{"num":4.6,"categoryName":"Jim Davis","name":"2_32_2_15"},{"num":2.6,"categoryName":"Justus Thigpen","name":"2_32_2_22"},{"num":1.2,"categoryName":"Bob Nash","name":"2_32_2_23"},{"num":1.1,"categoryName":"Erwin Mueller","name":"2_32_2_10"},{"num":0.6,"categoryName":"Harvey Marlatt","name":"2_32_2_12"}],"name":"2_32_2_0"},{"num":107.6,"categoryName":"Kansas_City-Omaha_Kings","children":[{"num":34,"categoryName":"Tiny Archibald","name":"2_32_5_1"},{"num":13.5,"categoryName":"Sam Lacey","name":"2_32_5_2"},{"num":12.4,"categoryName":"Tom Van Arsdale","name":"2_32_5_3"},{"num":11.8,"categoryName":"Nate Williams","name":"2_32_5_4"},{"num":9.1,"categoryName":"Matt Guokas","name":"2_32_5_5"},{"num":9,"categoryName":"John Block","name":"2_32_5_6"},{"num":8.5,"categoryName":"Don Kojis","name":"2_32_5_7"},{"num":8.4,"categoryName":"Ron Riley","name":"2_32_5_8"},{"num":7.1,"categoryName":"Johnny Green","name":"2_32_5_9"},{"num":5.3,"categoryName":"John Mengelt","name":"2_32_5_10"},{"num":4.2,"categoryName":"Mike Ratliff","name":"2_32_5_11"},{"num":3.5,"categoryName":"Toby Kimball","name":"2_32_5_12"},{"num":3.1,"categoryName":"Dick Gibbs","name":"2_32_5_13"},{"num":2.8,"categoryName":"Ken Durrett","name":"2_32_5_14"},{"num":2.4,"categoryName":"Sam Sibert","name":"2_32_5_15"},{"num":1.1,"categoryName":"Frank Schade","name":"2_32_5_16"},{"num":0,"categoryName":"Pete Cross","name":"2_32_5_17"}],"name":"2_32_5_0"},{"num":107.2,"categoryName":"Milwaukee_Bucks","children":[{"num":30.2,"categoryName":"K. Abdul-Jabbar","name":"2_32_3_1"},{"num":20.2,"categoryName":"Bob Dandridge","name":"2_32_3_3"},{"num":15.5,"categoryName":"Oscar Robertson","name":"2_32_3_2"},{"num":15.5,"categoryName":"Lucius Allen","name":"2_32_3_7"},{"num":9.6,"categoryName":"Jon McGlocklin","name":"2_32_3_4"},{"num":9.1,"categoryName":"Curtis Perry","name":"2_32_3_17"},{"num":5.5,"categoryName":"Terry Driscoll","name":"2_32_3_22"},{"num":5.1,"categoryName":"Mickey Davis","name":"2_32_3_23"},{"num":5,"categoryName":"Wali Jones","name":"2_32_3_16"},{"num":3,"categoryName":"Gary Gregor","name":"2_32_3_24"},{"num":2.8,"categoryName":"Russ Lee","name":"2_32_3_25"},{"num":2.2,"categoryName":"Dick Cunningham","name":"2_32_3_11"},{"num":1.9,"categoryName":"Chuck Terry","name":"2_32_3_26"}],"name":"2_32_3_0"}],"name":"2_32_0_0","num":429.2},{"categoryName":"Pacific","children":[{"num":108.8,"categoryName":"Golden_State_Warriors","children":[{"num":22.3,"categoryName":"Rick Barry","name":"2_33_6_13"},{"num":17.8,"categoryName":"Jeff Mullins","name":"2_33_6_1"},{"num":17.1,"categoryName":"Nate Thurmond","name":"2_33_6_2"},{"num":15.7,"categoryName":"Cazzie Russell","name":"2_33_6_3"},{"num":11.8,"categoryName":"Jim Barnett","name":"2_33_6_4"},{"num":6.3,"categoryName":"Joe Ellis","name":"2_33_6_6"},{"num":6.3,"categoryName":"Clyde Lee","name":"2_33_6_7"},{"num":6,"categoryName":"Ron Williams","name":"2_33_6_5"},{"num":5.4,"categoryName":"Charles Johnson","name":"2_33_6_14"},{"num":4.5,"categoryName":"Mahdi Abdul-Rahman","name":"2_33_6_15"},{"num":2.6,"categoryName":"Bob Portman","name":"2_33_6_8"},{"num":1.6,"categoryName":"George Johnson","name":"2_33_6_16"}],"name":"2_33_6_0"},{"num":111.7,"categoryName":"Los_Angeles_Lakers","children":[{"num":23.9,"categoryName":"Gail Goodrich","name":"2_33_1_4"},{"num":22.8,"categoryName":"Jerry West","name":"2_33_1_1"},{"num":18.9,"categoryName":"Jim McMillian","name":"2_33_1_7"},{"num":16.3,"categoryName":"Happy Hairston","name":"2_33_1_3"},{"num":13.2,"categoryName":"Wilt Chamberlain","name":"2_33_1_2"},{"num":9.8,"categoryName":"Bill Bridges","name":"2_33_1_18"},{"num":9,"categoryName":"Keith Erickson","name":"2_33_1_5"},{"num":7.3,"categoryName":"Pat Riley","name":"2_33_1_11"},{"num":6.4,"categoryName":"Jim Price","name":"2_33_1_19"},{"num":5.7,"categoryName":"Flynn Robinson","name":"2_33_1_14"},{"num":5,"categoryName":"Mel Counts","name":"2_33_1_20"},{"num":3.8,"categoryName":"Travis Grant","name":"2_33_1_21"},{"num":2.6,"categoryName":"LeRoy Ellis","name":"2_33_1_16"},{"num":2.6,"categoryName":"John Trapp","name":"2_33_1_15"},{"num":2,"categoryName":"Bill Turner","name":"2_33_1_22"},{"num":1,"categoryName":"Roger Brown","name":"2_33_1_23"}],"name":"2_33_1_0"},{"num":111.6,"categoryName":"Phoenix_Suns","children":[{"num":25.3,"categoryName":"Charlie Scott","name":"2_33_8_1"},{"num":20.2,"categoryName":"Neal Walk","name":"2_33_8_2"},{"num":18.4,"categoryName":"Dick Van Arsdale","name":"2_33_8_3"},{"num":16.1,"categoryName":"Connie Hawkins","name":"2_33_8_4"},{"num":10.5,"categoryName":"Clem Haskins","name":"2_33_8_5"},{"num":7.8,"categoryName":"Gus Johnson","name":"2_33_8_6"},{"num":7.1,"categoryName":"Mo Layton","name":"2_33_8_7"},{"num":6.7,"categoryName":"Lamar Green","name":"2_33_8_8"},{"num":6,"categoryName":"Corky Calhoun","name":"2_33_8_9"},{"num":3.2,"categoryName":"Scott English","name":"2_33_8_10"},{"num":3.2,"categoryName":"Walt Wesley","name":"2_33_8_11"},{"num":3,"categoryName":"Paul Stovall","name":"2_33_8_12"}],"name":"2_33_8_0"},{"num":106.2,"categoryName":"Portland_Trail_Blazers","children":[{"num":24.9,"categoryName":"Geoff Petrie","name":"2_33_2_1"},{"num":23.8,"categoryName":"Sidney Wicks","name":"2_33_2_15"},{"num":13.4,"categoryName":"Lloyd Neal","name":"2_33_2_22"},{"num":9.9,"categoryName":"Ollie Johnson","name":"2_33_2_23"},{"num":8.9,"categoryName":"Charlie Davis","name":"2_33_2_24"},{"num":7.4,"categoryName":"Greg Smith","name":"2_33_2_25"},{"num":6.6,"categoryName":"Rick Adelman","name":"2_33_2_5"},{"num":6.1,"categoryName":"Terry Dischinger","name":"2_33_2_26"},{"num":5.9,"categoryName":"Larry Steele","name":"2_33_2_19"},{"num":5.7,"categoryName":"Stan McKenzie","name":"2_33_2_4"},{"num":5.4,"categoryName":"Dave Wohl","name":"2_33_2_27"},{"num":4.4,"categoryName":"LaRue Martin","name":"2_33_2_28"},{"num":2.9,"categoryName":"William Smith","name":"2_33_2_16"},{"num":2,"categoryName":"Bill Turner","name":"2_33_2_29"},{"num":1.8,"categoryName":"Bob Davis","name":"2_33_2_30"}],"name":"2_33_2_0"},{"num":103.7,"categoryName":"Seattle_Supersonics","children":[{"num":29.2,"categoryName":"Spencer Haywood","name":"2_33_5_2"},{"num":13.8,"categoryName":"Dick Snyder","name":"2_33_5_4"},{"num":13.5,"categoryName":"Fred Brown","name":"2_33_5_16"},{"num":12.8,"categoryName":"John Brisker","name":"2_33_5_17"},{"num":11.4,"categoryName":"Jim Fox","name":"2_33_5_18"},{"num":6.6,"categoryName":"Butch Beard","name":"2_33_5_19"},{"num":6.6,"categoryName":"Lee Winfield","name":"2_33_5_7"},{"num":6.3,"categoryName":"Bud Stallworth","name":"2_33_5_20"},{"num":5.6,"categoryName":"Jim McDaniels","name":"2_33_5_15"},{"num":4.5,"categoryName":"Kenny McIntosh","name":"2_33_5_21"},{"num":3.9,"categoryName":"Joby Wright","name":"2_33_5_22"},{"num":3,"categoryName":"Gar Heard","name":"2_33_5_12"},{"num":2.8,"categoryName":"Charles Dudley","name":"2_33_5_23"},{"num":0.8,"categoryName":"Pete Cross","name":"2_33_5_9"}],"name":"2_33_5_0"}],"name":"2_33_0_0","num":542}],"name":"2_0_0_0","num":971.2}],"num":1829.2}