{"year":2011,"name":"root","categoryName":"root","children":[{"categoryName":"Eastern","children":[{"categoryName":"Southeast","children":[{"num":96.6,"categoryName":"Atlanta_Hawks","children":[{"num":18.8,"categoryName":"Joe Johnson","name":"1_16_1_21"},{"num":18.8,"categoryName":"Josh Smith","name":"1_16_1_6"},{"num":12.6,"categoryName":"Jeff Teague","name":"1_16_1_49"},{"num":12.4,"categoryName":"Al Horford","name":"1_16_1_40"},{"num":10.2,"categoryName":"Marvin Williams","name":"1_16_1_24"},{"num":7.8,"categoryName":"Zaza Pachulia","name":"1_16_1_22"},{"num":7.6,"categoryName":"Willie Green","name":"1_16_1_59"},{"num":6.6,"categoryName":"Kirk Hinrich","name":"1_16_1_52"},{"num":6.4,"categoryName":"Ivan Johnson","name":"1_16_1_60"},{"num":5.6,"categoryName":"Jannero Pargo","name":"1_16_1_61"},{"num":5.3,"categoryName":"Tracy McGrady","name":"1_16_1_62"},{"num":4.5,"categoryName":"V. Radmanovic","name":"1_16_1_63"},{"num":3.6,"categoryName":"Jerry Stackhouse","name":"1_16_1_64"},{"num":1.3,"categoryName":"Jason Collins","name":"1_16_1_51"},{"num":1.2,"categoryName":"Donald Sloan","name":"1_16_1_65"},{"num":0.1,"categoryName":"Erick Dampier","name":"1_16_1_66"}],"name":"1_16_1_0"},{"num":87,"categoryName":"Charlotte_Bobcats","children":[{"num":15.1,"categoryName":"G. Henderson, Jr.","name":"1_16_2_61"},{"num":15,"categoryName":"Corey Maggette","name":"1_16_2_72"},{"num":12.1,"categoryName":"Kemba Walker","name":"1_16_2_73"},{"num":11.1,"categoryName":"D.J. Augustin","name":"1_16_2_41"},{"num":9.3,"categoryName":"Byron Mullens","name":"1_16_2_74"},{"num":8.3,"categoryName":"Reggie Williams","name":"1_16_2_75"},{"num":8.1,"categoryName":"Derrick Brown","name":"1_16_2_60"},{"num":7.4,"categoryName":"Boris Diaw","name":"1_16_2_39"},{"num":6.8,"categoryName":"D.J. White","name":"1_16_2_64"},{"num":5.6,"categoryName":"Tyrus Thomas","name":"1_16_2_54"},{"num":5.2,"categoryName":"Bismack Biyombo","name":"1_16_2_76"},{"num":3.9,"categoryName":"Cory Higgins","name":"1_16_2_77"},{"num":2.7,"categoryName":"Matt Carroll","name":"1_16_2_9"},{"num":2.6,"categoryName":"Eduardo Najera","name":"1_16_2_69"},{"num":2.3,"categoryName":"Jamario Moon","name":"1_16_2_78"},{"num":1.1,"categoryName":"DeSagana Diop","name":"1_16_2_46"}],"name":"1_16_2_0"},{"num":98.5,"categoryName":"Miami_Heat","children":[{"num":27.1,"categoryName":"LeBron James","name":"1_16_3_48"},{"num":22.1,"categoryName":"Dwyane Wade","name":"1_16_3_1"},{"num":18,"categoryName":"Chris Bosh","name":"1_16_3_49"},{"num":9.8,"categoryName":"Mario Chalmers","name":"1_16_3_33"},{"num":6.8,"categoryName":"Norris Cole","name":"1_16_3_58"},{"num":6.1,"categoryName":"Mike Miller","name":"1_16_3_52"},{"num":6,"categoryName":"Udonis Haslem","name":"1_16_3_5"},{"num":4.8,"categoryName":"Shane Battier","name":"1_16_3_59"},{"num":3.6,"categoryName":"Terrel Harris","name":"1_16_3_60"},{"num":3.6,"categoryName":"James Jones","name":"1_16_3_37"},{"num":3.5,"categoryName":"Ronny Turiaf","name":"1_16_3_61"},{"num":3.4,"categoryName":"Joel Anthony","name":"1_16_3_43"},{"num":3,"categoryName":"Dexter Pittman","name":"1_16_3_57"},{"num":2.1,"categoryName":"Eddy Curry","name":"1_16_3_62"},{"num":1.5,"categoryName":"Juwan Howard","name":"1_16_3_55"},{"num":0.3,"categoryName":"Mickell Gladness","name":"1_16_3_63"}],"name":"1_16_3_0"},{"num":94.2,"categoryName":"Orlando_Magic","children":[{"num":20.6,"categoryName":"Dwight Howard","name":"1_16_4_5"},{"num":16.1,"categoryName":"Ryan Anderson","name":"1_16_4_41"},{"num":11.9,"categoryName":"Jameer Nelson","name":"1_16_4_6"},{"num":11.6,"categoryName":"Jason Richardson","name":"1_16_4_44"},{"num":11.6,"categoryName":"J.J. Redick","name":"1_16_4_26"},{"num":10.9,"categoryName":"Hedo Turkoglu","name":"1_16_4_4"},{"num":9.3,"categoryName":"Glen Davis","name":"1_16_4_50"},{"num":5.9,"categoryName":"Von Wafer","name":"1_16_4_51"},{"num":4.5,"categoryName":"Quentin Richardson","name":"1_16_4_46"},{"num":3.8,"categoryName":"Chris Duhon","name":"1_16_4_48"},{"num":2.8,"categoryName":"Daniel Orton","name":"1_16_4_52"},{"num":2.7,"categoryName":"Earl Clark","name":"1_16_4_47"},{"num":2.3,"categoryName":"Ish Smith","name":"1_16_4_53"},{"num":1.9,"categoryName":"DeAndre Liggins","name":"1_16_4_54"},{"num":1.4,"categoryName":"Justin Harper","name":"1_16_4_55"},{"num":1.3,"categoryName":"Larry Hughes","name":"1_16_4_56"}],"name":"1_16_4_0"},{"num":93.6,"categoryName":"Washington_Wizards","children":[{"num":16.6,"categoryName":"Nick Young","name":"1_16_5_30"},{"num":16.3,"categoryName":"John Wall","name":"1_16_5_51"},{"num":14.7,"categoryName":"Jordan Crawford","name":"1_16_5_52"},{"num":14.5,"categoryName":" Nene","name":"1_16_5_66"},{"num":11.9,"categoryName":"JaVale McGee","name":"1_16_5_32"},{"num":9.3,"categoryName":"Cartier Martin","name":"1_16_5_44"},{"num":8.5,"categoryName":"Andray Blatche","name":"1_16_5_21"},{"num":8.4,"categoryName":"Trevor Booker","name":"1_16_5_59"},{"num":8.2,"categoryName":"James Singleton","name":"1_16_5_45"},{"num":7.9,"categoryName":"Kevin Seraphin","name":"1_16_5_60"},{"num":7.8,"categoryName":"Rashard Lewis","name":"1_16_5_53"},{"num":5.5,"categoryName":"Roger Mason","name":"1_16_5_27"},{"num":4.9,"categoryName":"Maurice Evans","name":"1_16_5_55"},{"num":4.7,"categoryName":"Jan Vesely","name":"1_16_5_67"},{"num":4.6,"categoryName":"Chris Singleton","name":"1_16_5_68"},{"num":3.6,"categoryName":"Shelvin Mack","name":"1_16_5_69"},{"num":3.5,"categoryName":"Edwin Ubiles","name":"1_16_5_70"},{"num":3.5,"categoryName":"Morris Almond","name":"1_16_5_71"},{"num":3.1,"categoryName":"Brian Cook","name":"1_16_5_72"},{"num":1.5,"categoryName":"Ronny Turiaf","name":"1_16_5_73"},{"num":0,"categoryName":"Hamady N'Diaye","name":"1_16_5_65"}],"name":"1_16_5_0"}],"name":"1_16_0_0","num":469.9},{"categoryName":"Atlantic","children":[{"num":91.8,"categoryName":"Boston_Celtics","children":[{"num":19.4,"categoryName":"Paul Pierce","name":"1_14_1_164"},{"num":15.8,"categoryName":"Kevin Garnett","name":"1_14_1_232"},{"num":14.2,"categoryName":"Ray Allen","name":"1_14_1_233"},{"num":12.5,"categoryName":"Brandon Bass","name":"1_14_1_265"},{"num":11.9,"categoryName":"Rajon Rondo","name":"1_14_1_226"},{"num":7.6,"categoryName":"Avery Bradley","name":"1_14_1_263"},{"num":6.9,"categoryName":"Mickael Pietrus","name":"1_14_1_266"},{"num":5.4,"categoryName":"Chris Wilcox","name":"1_14_1_267"},{"num":5,"categoryName":"Jermaine O'Neal","name":"1_14_1_256"},{"num":4,"categoryName":"Keyon Dooling","name":"1_14_1_268"},{"num":3.7,"categoryName":"Sean Williams","name":"1_14_1_269"},{"num":3.2,"categoryName":"Marquis Daniels","name":"1_14_1_248"},{"num":3.2,"categoryName":"JaJuan Johnson","name":"1_14_1_270"},{"num":2.9,"categoryName":"Greg Stiemsma","name":"1_14_1_271"},{"num":2.9,"categoryName":"E'Twaun Moore","name":"1_14_1_272"},{"num":2.8,"categoryName":"Ryan Hollins","name":"1_14_1_273"},{"num":2.7,"categoryName":"Sasha Pavlovic","name":"1_14_1_262"}],"name":"1_14_1_0"},{"num":93.1,"categoryName":"New_Jersey_Nets","children":[{"num":21,"categoryName":"Deron Williams","name":"1_14_6_268"},{"num":19.2,"categoryName":"Brook Lopez","name":"1_14_6_250"},{"num":15.2,"categoryName":"Gerald Wallace","name":"1_14_6_286"},{"num":13.8,"categoryName":"Kris Humphries","name":"1_14_6_265"},{"num":12.9,"categoryName":"Gerald Green","name":"1_14_6_287"},{"num":12.6,"categoryName":"MarShon Brooks","name":"1_14_6_288"},{"num":12,"categoryName":"Anthony Morrow","name":"1_14_6_269"},{"num":10.4,"categoryName":"Jordan Farmar","name":"1_14_6_271"},{"num":7.6,"categoryName":"Mehmet Okur","name":"1_14_6_289"},{"num":5.6,"categoryName":"Armon Johnson","name":"1_14_6_290"},{"num":5.1,"categoryName":"Sundiata Gaines","name":"1_14_6_274"},{"num":4.9,"categoryName":"Damion James","name":"1_14_6_275"},{"num":4.6,"categoryName":"Shelden Williams","name":"1_14_6_291"},{"num":4.6,"categoryName":"Jordan Williams","name":"1_14_6_292"},{"num":4.5,"categoryName":"Shawne Williams","name":"1_14_6_293"},{"num":4.2,"categoryName":"Johan Petro","name":"1_14_6_280"},{"num":4.2,"categoryName":"Keith Bogans","name":"1_14_6_294"},{"num":2.9,"categoryName":"DeShawn Stevenson","name":"1_14_6_295"},{"num":2.2,"categoryName":"Andre Emmett","name":"1_14_6_296"},{"num":1.9,"categoryName":"Larry Owens","name":"1_14_6_297"},{"num":1.4,"categoryName":"Jerry Smith","name":"1_14_6_298"},{"num":0.6,"categoryName":"Dennis Horner","name":"1_14_6_299"}],"name":"1_14_6_0"},{"num":97.8,"categoryName":"New_York_Knicks","children":[{"num":22.6,"categoryName":"Carmelo Anthony","name":"1_14_3_253"},{"num":17.5,"categoryName":"Amar'e Stoudemire","name":"1_14_3_254"},{"num":14.6,"categoryName":"Jeremy Lin","name":"1_14_3_267"},{"num":12.5,"categoryName":"J.R. Smith","name":"1_14_3_268"},{"num":11.3,"categoryName":"Tyson Chandler","name":"1_14_3_269"},{"num":9.5,"categoryName":"Iman Shumpert","name":"1_14_3_270"},{"num":8.8,"categoryName":"Steve Novak","name":"1_14_3_271"},{"num":8.8,"categoryName":"Landry Fields","name":"1_14_3_257"},{"num":6.2,"categoryName":"Toney Douglas","name":"1_14_3_245"},{"num":6.1,"categoryName":"Baron Davis","name":"1_14_3_272"},{"num":5.9,"categoryName":"Henry Walker","name":"1_14_3_242"},{"num":4.4,"categoryName":"Josh Harrellson","name":"1_14_3_273"},{"num":4.4,"categoryName":"Jared Jeffries","name":"1_14_3_226"},{"num":3,"categoryName":"Renaldo Balkman","name":"1_14_3_224"},{"num":2.6,"categoryName":"Mike Bibby","name":"1_14_3_274"},{"num":2,"categoryName":"Jerome Jordan","name":"1_14_3_275"},{"num":0,"categoryName":"Dan Gadzuric","name":"1_14_3_276"}],"name":"1_14_3_0"},{"num":93.6,"categoryName":"Philadelphia_76ers","children":[{"num":14.9,"categoryName":"Lou Williams","name":"1_14_4_286"},{"num":13.5,"categoryName":"Jrue Holiday","name":"1_14_4_302"},{"num":12.8,"categoryName":"Thaddeus Young","name":"1_14_4_295"},{"num":12.4,"categoryName":"Andre Iguodala","name":"1_14_4_277"},{"num":11,"categoryName":"Elton Brand","name":"1_14_4_296"},{"num":9.6,"categoryName":"Spencer Hawes","name":"1_14_4_309"},{"num":9.4,"categoryName":"Evan Turner","name":"1_14_4_308"},{"num":8.4,"categoryName":"Jodie Meeks","name":"1_14_4_303"},{"num":5.5,"categoryName":"Nikola Vucevic","name":"1_14_4_315"},{"num":5.5,"categoryName":"Xavier Silas","name":"1_14_4_316"},{"num":4.1,"categoryName":"Lavoy Allen","name":"1_14_4_317"},{"num":2.9,"categoryName":"Sam Young","name":"1_14_4_318"},{"num":1.6,"categoryName":"Craig Brackins","name":"1_14_4_311"},{"num":1.6,"categoryName":"Tony Battie","name":"1_14_4_312"},{"num":1.5,"categoryName":"Andres Nocioni","name":"1_14_4_310"},{"num":0.4,"categoryName":"Francisco Elson","name":"1_14_4_306"}],"name":"1_14_4_0"},{"num":90.7,"categoryName":"Toronto_Raptors","children":[{"num":19.5,"categoryName":"Andrea Bargnani","name":"1_14_12_27"},{"num":16.7,"categoryName":"DeMar DeRozan","name":"1_14_12_51"},{"num":12.2,"categoryName":"Leandro Barbosa","name":"1_14_12_57"},{"num":11.4,"categoryName":"Jerryd Bayless","name":"1_14_12_59"},{"num":10.5,"categoryName":"Jose Calderon","name":"1_14_12_20"},{"num":9.7,"categoryName":"Linas Kleiza","name":"1_14_12_58"},{"num":9.6,"categoryName":"Alan Anderson","name":"1_14_12_71"},{"num":9.1,"categoryName":"James Johnson","name":"1_14_12_61"},{"num":7.1,"categoryName":"Amir Johnson","name":"1_14_12_55"},{"num":6.6,"categoryName":"Gary Forbes","name":"1_14_12_72"},{"num":6.3,"categoryName":"Ed Davis","name":"1_14_12_62"},{"num":5.5,"categoryName":"Justin Dentmon","name":"1_14_12_73"},{"num":4.8,"categoryName":"Ben Uzoh","name":"1_14_12_74"},{"num":3.9,"categoryName":"Aaron Gray","name":"1_14_12_75"},{"num":3.2,"categoryName":"Rasual Butler","name":"1_14_12_76"},{"num":2.4,"categoryName":"Solomon Alabi","name":"1_14_12_70"},{"num":2,"categoryName":"Anthony Carter","name":"1_14_12_77"},{"num":1.2,"categoryName":"Jamaal Magloire","name":"1_14_12_78"}],"name":"1_14_12_0"}],"name":"1_14_0_0","num":466.99999999999994},{"categoryName":"Central","children":[{"num":96.3,"categoryName":"Chicago_Bulls","children":[{"num":21.8,"categoryName":"Derrick Rose","name":"1_15_12_203"},{"num":15.3,"categoryName":"Luol Deng","name":"1_15_12_168"},{"num":15,"categoryName":"Carlos Boozer","name":"1_15_12_214"},{"num":11.6,"categoryName":"Richard Hamilton","name":"1_15_12_224"},{"num":10.2,"categoryName":"Joakim Noah","name":"1_15_12_196"},{"num":9.7,"categoryName":"C.J. Watson","name":"1_15_12_217"},{"num":8.1,"categoryName":"Kyle Korver","name":"1_15_12_215"},{"num":7.7,"categoryName":"Taj Gibson","name":"1_15_12_207"},{"num":7.5,"categoryName":"John Lucas III","name":"1_15_12_223"},{"num":6.9,"categoryName":"Ronnie Brewer","name":"1_15_12_216"},{"num":4.8,"categoryName":"Mike James","name":"1_15_12_225"},{"num":3.1,"categoryName":"Omer Asik","name":"1_15_12_220"},{"num":2.6,"categoryName":"Jimmy Butler","name":"1_15_12_226"},{"num":1.1,"categoryName":"Brian Scalabrine","name":"1_15_12_222"}],"name":"1_15_12_0"},{"num":93,"categoryName":"Cleveland_Cavaliers","children":[{"num":18.5,"categoryName":"Kyrie Irving","name":"1_15_4_305"},{"num":17.2,"categoryName":"Antawn Jamison","name":"1_15_4_286"},{"num":12.7,"categoryName":"Lester Hudson","name":"1_15_4_306"},{"num":10.8,"categoryName":"Anderson Varejao","name":"1_15_4_247"},{"num":10.6,"categoryName":"Alonzo Gee","name":"1_15_4_298"},{"num":10.5,"categoryName":"Ramon Sessions","name":"1_15_4_296"},{"num":8.2,"categoryName":"Tristan Thompson","name":"1_15_4_307"},{"num":7.5,"categoryName":"Daniel Gibson","name":"1_15_4_264"},{"num":7.2,"categoryName":"Anthony Parker","name":"1_15_4_289"},{"num":7.1,"categoryName":"Omri Casspi","name":"1_15_4_308"},{"num":6.7,"categoryName":"Manny Harris","name":"1_15_4_301"},{"num":6.6,"categoryName":"Donald Sloan","name":"1_15_4_309"},{"num":6,"categoryName":"D.J. Kennedy","name":"1_15_4_310"},{"num":5.4,"categoryName":"Samardo Samuels","name":"1_15_4_297"},{"num":3.7,"categoryName":"Ryan Hollins","name":"1_15_4_302"},{"num":3.6,"categoryName":"Mychel Thompson","name":"1_15_4_311"},{"num":3.5,"categoryName":"Semih Erden","name":"1_15_4_304"},{"num":2.9,"categoryName":"Luke Harangody","name":"1_15_4_300"},{"num":2,"categoryName":"Luke Walton","name":"1_15_4_312"},{"num":2,"categoryName":"Ben Uzoh","name":"1_15_4_313"},{"num":1.5,"categoryName":"Christian Eyenga","name":"1_15_4_299"}],"name":"1_15_4_0"},{"num":90.9,"categoryName":"Detroit_Pistons","children":[{"num":15.4,"categoryName":"Greg Monroe","name":"1_15_10_241"},{"num":14.8,"categoryName":"Rodney Stuckey","name":"1_15_10_224"},{"num":12.8,"categoryName":"Brandon Knight","name":"1_15_10_243"},{"num":12.7,"categoryName":"Tayshaun Prince","name":"1_15_10_194"},{"num":12.5,"categoryName":"Ben Gordon","name":"1_15_10_235"},{"num":8.7,"categoryName":"Jonas Jerebko","name":"1_15_10_237"},{"num":7,"categoryName":"Charlie Villanueva","name":"1_15_10_236"},{"num":6.5,"categoryName":"Jason Maxiell","name":"1_15_10_217"},{"num":5.7,"categoryName":"Will Bynum","name":"1_15_10_232"},{"num":4.7,"categoryName":"Austin Daye","name":"1_15_10_238"},{"num":3.2,"categoryName":"Damien Wilkins","name":"1_15_10_244"},{"num":3,"categoryName":"Walker Russell","name":"1_15_10_58"},{"num":2,"categoryName":"Vernon Macklin","name":"1_15_10_245"},{"num":1.4,"categoryName":"Ben Wallace","name":"1_15_10_177"}],"name":"1_15_10_0"},{"num":97.7,"categoryName":"Indiana_Pacers","children":[{"num":18.7,"categoryName":"Danny Granger","name":"1_15_11_159"},{"num":12.8,"categoryName":"Roy Hibbert","name":"1_15_11_176"},{"num":12.8,"categoryName":"David West","name":"1_15_11_191"},{"num":12.1,"categoryName":"Paul George","name":"1_15_11_188"},{"num":10.4,"categoryName":"Darren Collison","name":"1_15_11_187"},{"num":9.6,"categoryName":"George Hill","name":"1_15_11_192"},{"num":9.3,"categoryName":"Tyler Hansbrough","name":"1_15_11_182"},{"num":8.9,"categoryName":"Leandro Barbosa","name":"1_15_11_193"},{"num":5.3,"categoryName":"Dahntay Jones","name":"1_15_11_181"},{"num":3.9,"categoryName":"A.J. Price","name":"1_15_11_185"},{"num":3.6,"categoryName":"Lou Amundson","name":"1_15_11_194"},{"num":2.7,"categoryName":"Kyrylo Fesenko","name":"1_15_11_195"},{"num":2.5,"categoryName":"Lance Stephenson","name":"1_15_11_190"},{"num":2.3,"categoryName":"Jeff Foster","name":"1_15_11_127"},{"num":1.7,"categoryName":"Jeff Ayres","name":"1_15_11_196"}],"name":"1_15_11_0"},{"num":99,"categoryName":"Milwaukee_Bucks","children":[{"num":19.1,"categoryName":"Brandon Jennings","name":"1_15_13_228"},{"num":17.6,"categoryName":"Monta Ellis","name":"1_15_13_246"},{"num":13.7,"categoryName":"Drew Gooden","name":"1_15_13_239"},{"num":13,"categoryName":"Ersan Ilyasova","name":"1_15_13_208"},{"num":12.3,"categoryName":"Mike Dunleavy, Jr.","name":"1_15_13_247"},{"num":11.3,"categoryName":"Andrew Bogut","name":"1_15_13_199"},{"num":10.5,"categoryName":"Stephen Jackson","name":"1_15_13_248"},{"num":9,"categoryName":"Carlos Delfino","name":"1_15_13_229"},{"num":7.7,"categoryName":"Luc Mbah a Moute","name":"1_15_13_219"},{"num":5.9,"categoryName":"Beno Udrih","name":"1_15_13_249"},{"num":5.7,"categoryName":"Ekpe Udoh","name":"1_15_13_250"},{"num":5.5,"categoryName":"Shaun Livingston","name":"1_15_13_251"},{"num":5,"categoryName":"Tobias Harris","name":"1_15_13_252"},{"num":4.7,"categoryName":"Jon Leuer","name":"1_15_13_253"},{"num":3.6,"categoryName":"Larry Sanders","name":"1_15_13_243"},{"num":1.1,"categoryName":"Jon Brockman","name":"1_15_13_244"},{"num":0.8,"categoryName":"Darington Hobson","name":"1_15_13_254"}],"name":"1_15_13_0"}],"name":"1_15_0_0","num":476.90000000000003}],"name":"1_0_0_0","num":1413.8},{"categoryName":"Western","children":[{"categoryName":"Northwest","children":[{"num":104.1,"categoryName":"Denver_Nuggets","children":[{"num":16.4,"categoryName":"Ty Lawson","name":"2_34_1_49"},{"num":15.2,"categoryName":"Arron Afflalo","name":"2_34_1_48"},{"num":14.6,"categoryName":"Danilo Gallinari","name":"2_34_1_52"},{"num":14.2,"categoryName":"Al Harrington","name":"2_34_1_55"},{"num":13.4,"categoryName":" Nene","name":"2_34_1_7"},{"num":10.3,"categoryName":"JaVale McGee","name":"2_34_1_61"},{"num":10.2,"categoryName":"Kenneth Faried","name":"2_34_1_62"},{"num":9.7,"categoryName":"Andre Miller","name":"2_34_1_3"},{"num":9.4,"categoryName":"Wilson Chandler","name":"2_34_1_53"},{"num":8.9,"categoryName":"Corey Brewer","name":"2_34_1_63"},{"num":8.6,"categoryName":"Rudy Fernandez","name":"2_34_1_64"},{"num":5.5,"categoryName":"Kosta Koufos","name":"2_34_1_57"},{"num":5.4,"categoryName":"Timofey Mozgov","name":"2_34_1_59"},{"num":5.3,"categoryName":"Chris Andersen","name":"2_34_1_40"},{"num":4.4,"categoryName":"Jordan Hamilton","name":"2_34_1_65"},{"num":3,"categoryName":"DeMarre Carroll","name":"2_34_1_66"},{"num":1.6,"categoryName":"Julyan Stone","name":"2_34_1_67"}],"name":"2_34_1_0"},{"num":97.9,"categoryName":"Minnesota_Timberwolves","children":[{"num":26,"categoryName":"Kevin Love","name":"2_34_2_30"},{"num":13.9,"categoryName":"Nikola Pekovic","name":"2_34_2_58"},{"num":12.1,"categoryName":"Luke Ridnour","name":"2_34_2_53"},{"num":11.5,"categoryName":"Michael Beasley","name":"2_34_2_52"},{"num":11.3,"categoryName":"Jose Juan Barea","name":"2_34_2_63"},{"num":10.6,"categoryName":"Ricky Rubio","name":"2_34_2_64"},{"num":8.8,"categoryName":"Derrick Williams","name":"2_34_2_65"},{"num":7.4,"categoryName":"Anthony Randolph","name":"2_34_2_54"},{"num":6.9,"categoryName":"Martell Webster","name":"2_34_2_55"},{"num":6.1,"categoryName":"Wayne Ellington","name":"2_34_2_44"},{"num":6,"categoryName":"Wesley Johnson","name":"2_34_2_56"},{"num":4.6,"categoryName":"Darko Milicic","name":"2_34_2_42"},{"num":4.1,"categoryName":"Anthony Tolliver","name":"2_34_2_57"},{"num":3.3,"categoryName":"Malcolm Lee","name":"2_34_2_66"},{"num":2.3,"categoryName":"Brad Miller","name":"2_34_2_67"}],"name":"2_34_2_0"},{"num":103.1,"categoryName":"Oklahoma_City_Thunder","children":[{"num":28,"categoryName":"Kevin Durant","name":"2_34_6_1"},{"num":23.6,"categoryName":"Russell Westbrook","name":"2_34_6_3"},{"num":16.8,"categoryName":"James Harden","name":"2_34_6_21"},{"num":9.1,"categoryName":"Serge Ibaka","name":"2_34_6_22"},{"num":5.5,"categoryName":"Daequan Cook","name":"2_34_6_31"},{"num":5.1,"categoryName":"Kendrick Perkins","name":"2_34_6_32"},{"num":4.9,"categoryName":"Derek Fisher","name":"2_34_6_37"},{"num":4.8,"categoryName":"Thabo Sefolosha","name":"2_34_6_6"},{"num":4.5,"categoryName":"Nick Collison","name":"2_34_6_8"},{"num":4.2,"categoryName":"Eric Maynor","name":"2_34_6_23"},{"num":3.1,"categoryName":"Reggie Jackson","name":"2_34_6_38"},{"num":2.7,"categoryName":"Nazr Mohammed","name":"2_34_6_30"},{"num":2.2,"categoryName":"Cole Aldrich","name":"2_34_6_36"},{"num":2.1,"categoryName":"Royal Ivey","name":"2_34_6_34"},{"num":1.6,"categoryName":"Ryan Reid","name":"2_34_6_39"},{"num":1.4,"categoryName":"Lazar Hayward","name":"2_34_6_40"}],"name":"2_34_6_0"},{"num":97.2,"categoryName":"Portland_Trail_Blazers","children":[{"num":21.7,"categoryName":"LaMarcus Aldridge","name":"2_34_3_27"},{"num":15.1,"categoryName":"J.J. Hickson","name":"2_34_3_62"},{"num":14,"categoryName":"Jamal Crawford","name":"2_34_3_63"},{"num":13.9,"categoryName":"Nicolas Batum","name":"2_34_3_39"},{"num":13.7,"categoryName":"Wesley Matthews","name":"2_34_3_53"},{"num":13.3,"categoryName":"Gerald Wallace","name":"2_34_3_54"},{"num":11.4,"categoryName":"Raymond Felton","name":"2_34_3_64"},{"num":5.2,"categoryName":"Jonny Flynn","name":"2_34_3_65"},{"num":5.1,"categoryName":"Luke Babbitt","name":"2_34_3_59"},{"num":3.8,"categoryName":"Marcus Camby","name":"2_34_3_46"},{"num":3.8,"categoryName":"Nolan Smith","name":"2_34_3_66"},{"num":3.7,"categoryName":"Elliot Williams","name":"2_34_3_67"},{"num":3.3,"categoryName":"Craig Smith","name":"2_34_3_68"},{"num":3,"categoryName":"Kurt Thomas","name":"2_34_3_69"},{"num":2,"categoryName":"Joel Przybilla","name":"2_34_3_9"},{"num":2,"categoryName":"Armon Johnson","name":"2_34_3_56"},{"num":1.9,"categoryName":"Hasheem Thabeet","name":"2_34_3_70"},{"num":1.6,"categoryName":"Chris Johnson","name":"2_34_3_57"}],"name":"2_34_3_0"},{"num":99.7,"categoryName":"Utah_Jazz","children":[{"num":19.2,"categoryName":"Al Jefferson","name":"2_34_5_42"},{"num":16.6,"categoryName":"Paul Millsap","name":"2_34_5_26"},{"num":11.8,"categoryName":"Gordon Hayward","name":"2_34_5_46"},{"num":11.3,"categoryName":"Devin Harris","name":"2_34_5_43"},{"num":9.1,"categoryName":"C.J. Miles","name":"2_34_5_21"},{"num":8.8,"categoryName":"Derrick Favors","name":"2_34_5_44"},{"num":8.7,"categoryName":"Josh Howard","name":"2_34_5_51"},{"num":7.2,"categoryName":"Alec Burks","name":"2_34_5_52"},{"num":6.4,"categoryName":"Raja Bell","name":"2_34_5_5"},{"num":4.8,"categoryName":"DeMarre Carroll","name":"2_34_5_53"},{"num":4.6,"categoryName":"Enes Kanter","name":"2_34_5_54"},{"num":3.7,"categoryName":"Jamaal Tinsley","name":"2_34_5_55"},{"num":3,"categoryName":"Earl Watson","name":"2_34_5_47"},{"num":2.5,"categoryName":"Blake Ahearn","name":"2_34_5_56"},{"num":2.1,"categoryName":"Jeremy Evans","name":"2_34_5_48"}],"name":"2_34_5_0"}],"name":"2_34_0_0","num":502},{"categoryName":"Pacific","children":[{"num":97.8,"categoryName":"Golden_State_Warriors","children":[{"num":21.9,"categoryName":"Monta Ellis","name":"2_33_6_268"},{"num":20.1,"categoryName":"David Lee","name":"2_33_6_311"},{"num":14.7,"categoryName":"Stephen Curry","name":"2_33_6_300"},{"num":12.5,"categoryName":"Klay Thompson","name":"2_33_6_321"},{"num":11.2,"categoryName":"Nate Robinson","name":"2_33_6_322"},{"num":10.3,"categoryName":"Dorell Wright","name":"2_33_6_312"},{"num":9.8,"categoryName":"Brandon Rush","name":"2_33_6_323"},{"num":9,"categoryName":"Richard Jefferson","name":"2_33_6_324"},{"num":6.3,"categoryName":"Kwame Brown","name":"2_33_6_325"},{"num":5.8,"categoryName":"Charles Jenkins","name":"2_33_6_326"},{"num":5.5,"categoryName":"Ekpe Udoh","name":"2_33_6_316"},{"num":4.9,"categoryName":"Jeremy Tyler","name":"2_33_6_327"},{"num":4.5,"categoryName":"Ish Smith","name":"2_33_6_328"},{"num":3.5,"categoryName":"Dominic McGuire","name":"2_33_6_329"},{"num":3.4,"categoryName":"Mikki Moore","name":"2_33_6_309"},{"num":3,"categoryName":"Mickell Gladness","name":"2_33_6_330"},{"num":2.9,"categoryName":"Chris Wright","name":"2_33_6_331"},{"num":2,"categoryName":"Earl Barron","name":"2_33_6_332"},{"num":1.7,"categoryName":"Andris Biedrins","name":"2_33_6_261"},{"num":0,"categoryName":"Keith Benson","name":"2_33_6_333"}],"name":"2_33_6_0"},{"num":97.5,"categoryName":"Los_Angeles_Clippers","children":[{"num":20.7,"categoryName":"Blake Griffin","name":"2_33_10_219"},{"num":19.8,"categoryName":"Chris Paul","name":"2_33_10_230"},{"num":15,"categoryName":"Chauncey Billups","name":"2_33_10_231"},{"num":13.2,"categoryName":"Mo Williams","name":"2_33_10_220"},{"num":12,"categoryName":"Caron Butler","name":"2_33_10_232"},{"num":11,"categoryName":"Randy Foye","name":"2_33_10_221"},{"num":9.7,"categoryName":"Nick Young","name":"2_33_10_233"},{"num":7.4,"categoryName":"DeAndre Jordan","name":"2_33_10_207"},{"num":5.2,"categoryName":"Kenyon Martin","name":"2_33_10_234"},{"num":4.3,"categoryName":"Courtney Fortson","name":"2_33_10_235"},{"num":3.3,"categoryName":"Eric Bledsoe","name":"2_33_10_223"},{"num":2.9,"categoryName":"Bobby Simmons","name":"2_33_10_159"},{"num":2.4,"categoryName":"Trey Thompkins","name":"2_33_10_236"},{"num":2.3,"categoryName":"Ryan Gomes","name":"2_33_10_222"},{"num":1.9,"categoryName":"Brian Cook","name":"2_33_10_226"},{"num":1.9,"categoryName":"Reggie Evans","name":"2_33_10_237"},{"num":1.4,"categoryName":"Travis Leslie","name":"2_33_10_238"},{"num":0.6,"categoryName":"Solomon Jones","name":"2_33_10_239"}],"name":"2_33_10_0"},{"num":97.3,"categoryName":"Los_Angeles_Lakers","children":[{"num":27.9,"categoryName":"Kobe Bryant","name":"2_33_1_159"},{"num":18.7,"categoryName":"Andrew Bynum","name":"2_33_1_221"},{"num":17.4,"categoryName":"Pau Gasol","name":"2_33_1_229"},{"num":12.7,"categoryName":"Ramon Sessions","name":"2_33_1_244"},{"num":8,"categoryName":"Christian Eyenga","name":"2_33_1_245"},{"num":7.8,"categoryName":"Matt Barnes","name":"2_33_1_237"},{"num":7.7,"categoryName":"Metta World Peace","name":"2_33_1_236"},{"num":5.9,"categoryName":"Derek Fisher","name":"2_33_1_163"},{"num":5.2,"categoryName":"Steve Blake","name":"2_33_1_239"},{"num":4.7,"categoryName":"Jordan Hill","name":"2_33_1_246"},{"num":4.4,"categoryName":"Andrew Goudelock","name":"2_33_1_247"},{"num":4,"categoryName":"Devin Ebanks","name":"2_33_1_240"},{"num":3.2,"categoryName":"Troy Murphy","name":"2_33_1_248"},{"num":2.8,"categoryName":"Josh McRoberts","name":"2_33_1_249"},{"num":2.4,"categoryName":"Darius Morris","name":"2_33_1_250"},{"num":2,"categoryName":"Jason Kapono","name":"2_33_1_251"},{"num":1.3,"categoryName":"Luke Walton","name":"2_33_1_205"}],"name":"2_33_1_0"},{"num":98.4,"categoryName":"Phoenix_Suns","children":[{"num":15.4,"categoryName":"Marcin Gortat","name":"2_33_8_257"},{"num":12.7,"categoryName":"Jared Dudley","name":"2_33_8_242"},{"num":12.5,"categoryName":"Steve Nash","name":"2_33_8_151"},{"num":11,"categoryName":"Shannon Brown","name":"2_33_8_267"},{"num":10.5,"categoryName":"Channing Frye","name":"2_33_8_251"},{"num":10.2,"categoryName":"Grant Hill","name":"2_33_8_240"},{"num":8.2,"categoryName":"Michael Redd","name":"2_33_8_268"},{"num":7.4,"categoryName":"Markieff Morris","name":"2_33_8_269"},{"num":6.4,"categoryName":"Hakim Warrick","name":"2_33_8_260"},{"num":6.1,"categoryName":"Sebastian Telfair","name":"2_33_8_270"},{"num":5.4,"categoryName":"Robin Lopez","name":"2_33_8_246"},{"num":3.6,"categoryName":"Ronnie Price","name":"2_33_8_271"},{"num":2.9,"categoryName":"Josh Childress","name":"2_33_8_263"}],"name":"2_33_8_0"},{"num":98.8,"categoryName":"Sacramento_Kings","children":[{"num":18.7,"categoryName":"Marcus Thornton","name":"2_33_11_176"},{"num":18.1,"categoryName":"DeMarcus Cousins","name":"2_33_11_177"},{"num":16.5,"categoryName":"Tyreke Evans","name":"2_33_11_164"},{"num":11.5,"categoryName":"Isaiah Thomas","name":"2_33_11_185"},{"num":9.1,"categoryName":"Jason Thompson","name":"2_33_11_153"},{"num":8.8,"categoryName":"Terrence Williams","name":"2_33_11_186"},{"num":7.6,"categoryName":"Jimmer Fredette","name":"2_33_11_187"},{"num":7.5,"categoryName":"John Salmons","name":"2_33_11_146"},{"num":5.4,"categoryName":"Donte Greene","name":"2_33_11_159"},{"num":4.8,"categoryName":"Francisco Garcia","name":"2_33_11_140"},{"num":4.7,"categoryName":"J.J. Hickson","name":"2_33_11_188"},{"num":4.3,"categoryName":"Travis Outlaw","name":"2_33_11_189"},{"num":3.2,"categoryName":"Chuck Hayes","name":"2_33_11_190"},{"num":1.6,"categoryName":"Hassan Whiteside","name":"2_33_11_184"},{"num":1.3,"categoryName":"Tyler Honeycutt","name":"2_33_11_191"}],"name":"2_33_11_0"}],"name":"2_33_0_0","num":489.8},{"categoryName":"Southwest","children":[{"num":95.8,"categoryName":"Dallas_Mavericks","children":[{"num":21.6,"categoryName":"Dirk Nowitzki","name":"2_35_1_1"},{"num":15.1,"categoryName":"Jason Terry","name":"2_35_1_5"},{"num":10.6,"categoryName":"Shawn Marion","name":"2_35_1_46"},{"num":10.1,"categoryName":"Vince Carter","name":"2_35_1_64"},{"num":9.6,"categoryName":"Delonte West","name":"2_35_1_65"},{"num":8.9,"categoryName":"Rodrigue Beaubois","name":"2_35_1_50"},{"num":6.9,"categoryName":"Brandan Wright","name":"2_35_1_66"},{"num":6.6,"categoryName":"Lamar Odom","name":"2_35_1_67"},{"num":6.2,"categoryName":"Jason Kidd","name":"2_35_1_30"},{"num":5.8,"categoryName":"Ian Mahinmi","name":"2_35_1_59"},{"num":5.2,"categoryName":"Brendan Haywood","name":"2_35_1_48"},{"num":3.6,"categoryName":"Sean Williams","name":"2_35_1_68"},{"num":2.7,"categoryName":"Dominique Jones","name":"2_35_1_62"},{"num":2.6,"categoryName":"Yi Jianlian","name":"2_35_1_69"},{"num":2.3,"categoryName":"Kelenna Azubuike","name":"2_35_1_70"},{"num":1,"categoryName":"Brian Cardinal","name":"2_35_1_61"}],"name":"2_35_1_0"},{"num":98.1,"categoryName":"Houston_Rockets","children":[{"num":17.1,"categoryName":"Kevin Martin","name":"2_35_2_53"},{"num":15.5,"categoryName":"Luis Scola","name":"2_35_2_44"},{"num":14.3,"categoryName":"Kyle Lowry","name":"2_35_2_48"},{"num":11.7,"categoryName":"Goran Dragic","name":"2_35_2_66"},{"num":11.4,"categoryName":"Courtney Lee","name":"2_35_2_65"},{"num":9.6,"categoryName":"Chase Budinger","name":"2_35_2_55"},{"num":9.5,"categoryName":"Chandler Parsons","name":"2_35_2_73"},{"num":7.7,"categoryName":"Patrick Patterson","name":"2_35_2_68"},{"num":7.5,"categoryName":"Samuel Dalembert","name":"2_35_2_74"},{"num":7.1,"categoryName":"Marcus Camby","name":"2_35_2_75"},{"num":5,"categoryName":"Jordan Hill","name":"2_35_2_56"},{"num":4.9,"categoryName":"Earl Boykins","name":"2_35_2_76"},{"num":4.5,"categoryName":"Terrence Williams","name":"2_35_2_69"},{"num":3.4,"categoryName":"Jonny Flynn","name":"2_35_2_77"},{"num":3,"categoryName":"Courtney Fortson","name":"2_35_2_78"},{"num":2.6,"categoryName":"Jeff Adrien","name":"2_35_2_79"},{"num":2.4,"categoryName":"Marcus Morris","name":"2_35_2_80"},{"num":1.8,"categoryName":"Greg Smith","name":"2_35_2_81"},{"num":1.2,"categoryName":"Hasheem Thabeet","name":"2_35_2_72"}],"name":"2_35_2_0"},{"num":95,"categoryName":"Memphis_Grizzlies","children":[{"num":19,"categoryName":"Rudy Gay","name":"2_35_3_24"},{"num":14.6,"categoryName":"Marc Gasol","name":"2_35_3_32"},{"num":12.7,"categoryName":"Mike Conley","name":"2_35_3_33"},{"num":12.6,"categoryName":"O.J. Mayo","name":"2_35_3_31"},{"num":11.6,"categoryName":"Zach Randolph","name":"2_35_3_43"},{"num":9.8,"categoryName":"Tony Allen","name":"2_35_3_54"},{"num":8.8,"categoryName":"Marreese Speights","name":"2_35_3_61"},{"num":5.2,"categoryName":"Dante Cunningham","name":"2_35_3_62"},{"num":4.2,"categoryName":"Gilbert Arenas","name":"2_35_3_63"},{"num":4.2,"categoryName":"Quincy Pondexter","name":"2_35_3_64"},{"num":3.5,"categoryName":"Sam Young","name":"2_35_3_45"},{"num":3,"categoryName":"Lester Hudson","name":"2_35_3_47"},{"num":2.9,"categoryName":"Jeremy Pargo","name":"2_35_3_65"},{"num":2.3,"categoryName":"Josh Selby","name":"2_35_3_66"},{"num":2,"categoryName":"Hamed Haddadi","name":"2_35_3_40"},{"num":1.9,"categoryName":"Josh Davis","name":"2_35_3_67"},{"num":0,"categoryName":"Brian Skinner","name":"2_35_3_68"}],"name":"2_35_3_0"},{"num":89.6,"categoryName":"New_Orleans_Hornets","children":[{"num":20.6,"categoryName":"Eric Gordon","name":"2_35_4_57"},{"num":15.6,"categoryName":"Jarrett Jack","name":"2_35_4_48"},{"num":13.1,"categoryName":"Chris Kaman","name":"2_35_4_58"},{"num":12.5,"categoryName":"Carl Landry","name":"2_35_4_44"},{"num":11.8,"categoryName":"Marco Belinelli","name":"2_35_4_46"},{"num":10.8,"categoryName":"Trevor Ariza","name":"2_35_4_45"},{"num":9.9,"categoryName":"Jason Smith","name":"2_35_4_50"},{"num":9.9,"categoryName":"Emeka Okafor","name":"2_35_4_39"},{"num":8.9,"categoryName":"Greivis Vasquez","name":"2_35_4_59"},{"num":7.4,"categoryName":"Jerome Dyson","name":"2_35_4_60"},{"num":6,"categoryName":"Al-Farouq Aminu","name":"2_35_4_61"},{"num":5.9,"categoryName":"Gustavo Ayon","name":"2_35_4_62"},{"num":5.5,"categoryName":"Solomon Jones","name":"2_35_4_63"},{"num":5.3,"categoryName":"Xavier Henry","name":"2_35_4_64"},{"num":4.6,"categoryName":"Darryl Watkins","name":"2_35_4_65"},{"num":4.5,"categoryName":"DaJuan Summers","name":"2_35_4_66"},{"num":4,"categoryName":"Donald Sloan","name":"2_35_4_67"},{"num":4,"categoryName":"Lance Thomas","name":"2_35_4_68"},{"num":3.3,"categoryName":"Chris Johnson","name":"2_35_4_69"},{"num":1.9,"categoryName":"Trey Johnson","name":"2_35_4_70"},{"num":1.8,"categoryName":"Carldell Johnson","name":"2_35_4_71"},{"num":1,"categoryName":"Jeff Foote","name":"2_35_4_72"}],"name":"2_35_4_0"},{"num":103.7,"categoryName":"San_Antonio_Spurs","children":[{"num":18.3,"categoryName":"Tony Parker","name":"2_35_5_2"},{"num":15.4,"categoryName":"Tim Duncan","name":"2_35_5_1"},{"num":12.9,"categoryName":"Manu Ginobili","name":"2_35_5_3"},{"num":10.3,"categoryName":"Patty Mills","name":"2_35_5_61"},{"num":9.9,"categoryName":"Gary Neal","name":"2_35_5_51"},{"num":9.5,"categoryName":"DeJuan Blair","name":"2_35_5_43"},{"num":9.3,"categoryName":"Tiago Splitter","name":"2_35_5_53"},{"num":9.2,"categoryName":"Richard Jefferson","name":"2_35_5_42"},{"num":9.1,"categoryName":"Danny Green","name":"2_35_5_52"},{"num":8.9,"categoryName":"Stephen Jackson","name":"2_35_5_62"},{"num":7.9,"categoryName":"Kawhi Leonard","name":"2_35_5_63"},{"num":6.6,"categoryName":"Matt Bonner","name":"2_35_5_25"},{"num":5,"categoryName":"Derrick Byars","name":"2_35_5_64"},{"num":4.7,"categoryName":"Boris Diaw","name":"2_35_5_65"},{"num":3.8,"categoryName":"Eric Dawson","name":"2_35_5_66"},{"num":3.7,"categoryName":"James Anderson","name":"2_35_5_55"},{"num":3.6,"categoryName":"T.J. Ford","name":"2_35_5_67"},{"num":2,"categoryName":"Cory Joseph","name":"2_35_5_68"},{"num":2,"categoryName":"Justin Dentmon","name":"2_35_5_69"},{"num":1,"categoryName":"Ike Diogu","name":"2_35_5_70"},{"num":0.3,"categoryName":"Malcolm Thomas","name":"2_35_5_71"}],"name":"2_35_5_0"}],"name":"2_35_0_0","num":482.2}],"name":"2_0_0_0","num":1474}],"num":2887.8}