{"year":1979,"name":"root","categoryName":"root","children":[{"categoryName":"Eastern","children":[{"categoryName":"Atlantic","children":[{"num":113.5,"categoryName":"Boston_Celtics","children":[{"num":21.3,"categoryName":"Larry Bird","name":"1_14_1_52"},{"num":16.9,"categoryName":"Cedric Maxwell","name":"1_14_1_36"},{"num":14.2,"categoryName":"Dave Cowens","name":"1_14_1_3"},{"num":14.1,"categoryName":"Tiny Archibald","name":"1_14_1_44"},{"num":11.5,"categoryName":"Pete Maravich","name":"1_14_1_53"},{"num":11.5,"categoryName":"Rick Robey","name":"1_14_1_43"},{"num":11.2,"categoryName":"Chris Ford","name":"1_14_1_41"},{"num":11.1,"categoryName":"M.L. Carr","name":"1_14_1_54"},{"num":6.2,"categoryName":"Gerald Henderson","name":"1_14_1_55"},{"num":5.4,"categoryName":"Jeff Judkins","name":"1_14_1_45"},{"num":3.1,"categoryName":"Eric Fernsten","name":"1_14_1_56"},{"num":2.8,"categoryName":"Don Chaney","name":"1_14_1_5"}],"name":"1_14_1_0"},{"num":108.3,"categoryName":"New_Jersey_Nets","children":[{"num":20.9,"categoryName":"Mike Newlin","name":"1_14_6_25"},{"num":19.7,"categoryName":"Calvin Natt","name":"1_14_6_26"},{"num":17.7,"categoryName":"John Williamson","name":"1_14_6_1"},{"num":15.2,"categoryName":"Maurice Lucas","name":"1_14_6_27"},{"num":13.6,"categoryName":"Cliff Robinson","name":"1_14_6_28"},{"num":13.3,"categoryName":"Eddie Jordan","name":"1_14_6_9"},{"num":11.7,"categoryName":"Roger Phegley","name":"1_14_6_29"},{"num":10,"categoryName":"Rich Kelley","name":"1_14_6_30"},{"num":8.5,"categoryName":"Winford Boynes","name":"1_14_6_20"},{"num":7.2,"categoryName":"George Johnson","name":"1_14_6_11"},{"num":6.8,"categoryName":"J. Van Breda Kolff","name":"1_14_6_16"},{"num":5.7,"categoryName":"Bob Elliott","name":"1_14_6_21"},{"num":5.2,"categoryName":"Robert Smith","name":"1_14_6_31"},{"num":5.1,"categoryName":"Ralph Simpson","name":"1_14_6_22"},{"num":4.1,"categoryName":"Phil Jackson","name":"1_14_6_23"},{"num":3.4,"categoryName":"Tim Bassett","name":"1_14_6_15"}],"name":"1_14_6_0"},{"num":114,"categoryName":"New_York_Knicks","children":[{"num":21.7,"categoryName":"Bill Cartwright","name":"1_14_3_56"},{"num":20.9,"categoryName":"Ray Williams","name":"1_14_3_44"},{"num":19.1,"categoryName":"Toby Knight","name":"1_14_3_46"},{"num":15.3,"categoryName":"M.R. Richardson","name":"1_14_3_51"},{"num":9,"categoryName":"Joe Meriweather","name":"1_14_3_49"},{"num":7.4,"categoryName":"Earl Monroe","name":"1_14_3_15"},{"num":7,"categoryName":"Larry Demic","name":"1_14_3_57"},{"num":5.9,"categoryName":"Mike Glenn","name":"1_14_3_50"},{"num":5.7,"categoryName":"Hollis Copeland","name":"1_14_3_58"},{"num":4.7,"categoryName":"Sly Williams","name":"1_14_3_59"},{"num":4.4,"categoryName":"Marvin Webster","name":"1_14_3_48"},{"num":3.4,"categoryName":"Jim Cleamons","name":"1_14_3_45"},{"num":3.1,"categoryName":"Geoff Huston","name":"1_14_3_60"}],"name":"1_14_3_0"},{"num":109.1,"categoryName":"Philadelphia_76ers","children":[{"num":26.9,"categoryName":"Julius Erving","name":"1_14_4_57"},{"num":14.7,"categoryName":"Darryl Dawkins","name":"1_14_4_55"},{"num":13.8,"categoryName":"Doug Collins","name":"1_14_4_38"},{"num":13,"categoryName":"Bobby Jones","name":"1_14_4_66"},{"num":12.2,"categoryName":"Lionel Hollins","name":"1_14_4_72"},{"num":11.6,"categoryName":"Steve Mix","name":"1_14_4_36"},{"num":11.4,"categoryName":"Maurice Cheeks","name":"1_14_4_68"},{"num":9,"categoryName":"Henry Bibby","name":"1_14_4_58"},{"num":7.4,"categoryName":"Caldwell Jones","name":"1_14_4_59"},{"num":6.7,"categoryName":"Clint Richardson","name":"1_14_4_73"},{"num":5,"categoryName":"Eric Money","name":"1_14_4_67"},{"num":5,"categoryName":"Jim Spanarkel","name":"1_14_4_74"},{"num":2.4,"categoryName":"Bernard Toone","name":"1_14_4_75"},{"num":1,"categoryName":"Al Skinner","name":"1_14_4_70"}],"name":"1_14_4_0"},{"num":107,"categoryName":"Washington_Bullets","children":[{"num":23,"categoryName":"Elvin Hayes","name":"1_14_7_1"},{"num":17.4,"categoryName":"Bob Dandridge","name":"1_14_7_2"},{"num":15.6,"categoryName":"Greg Ballard","name":"1_14_7_9"},{"num":14,"categoryName":"Kevin Grevey","name":"1_14_7_3"},{"num":11.6,"categoryName":"John Williamson","name":"1_14_7_13"},{"num":11.1,"categoryName":"Roger Phegley","name":"1_14_7_12"},{"num":10.1,"categoryName":"Phil Chenier","name":"1_14_7_10"},{"num":9.7,"categoryName":"Wes Unseld","name":"1_14_7_5"},{"num":7.8,"categoryName":"Jim Cleamons","name":"1_14_7_14"},{"num":7.3,"categoryName":"Larry Wright","name":"1_14_7_7"},{"num":7.3,"categoryName":"Kevin Porter","name":"1_14_7_15"},{"num":4.7,"categoryName":"Mitch Kupchak","name":"1_14_7_4"},{"num":4.3,"categoryName":"Lawrence Boston","name":"1_14_7_16"},{"num":3.8,"categoryName":"Ron Behagen","name":"1_14_7_17"},{"num":2.9,"categoryName":"Dave Corzine","name":"1_14_7_11"},{"num":1.9,"categoryName":"Gus Bailey","name":"1_14_7_18"},{"num":1,"categoryName":"Steve Malovic","name":"1_14_7_19"}],"name":"1_14_7_0"}],"name":"1_14_0_0","num":551.9},{"categoryName":"Central","children":[{"num":104.5,"categoryName":"Atlanta_Hawks","children":[{"num":19.5,"categoryName":"John Drew","name":"1_15_1_32"},{"num":18.5,"categoryName":"Eddie Johnson","name":"1_15_1_55"},{"num":16.5,"categoryName":"Dan Roundfield","name":"1_15_1_60"},{"num":9.3,"categoryName":"Steve Hawes","name":"1_15_1_47"},{"num":8.9,"categoryName":"Tree Rollins","name":"1_15_1_58"},{"num":8.7,"categoryName":"Tom McMillen","name":"1_15_1_56"},{"num":8.4,"categoryName":"Terry Furlow","name":"1_15_1_61"},{"num":8.3,"categoryName":"Charlie Criss","name":"1_15_1_53"},{"num":6.1,"categoryName":"Armond Hill","name":"1_15_1_49"},{"num":5.7,"categoryName":"Jack Givens","name":"1_15_1_62"},{"num":5.5,"categoryName":"Jim McElroy","name":"1_15_1_66"},{"num":3.9,"categoryName":"John Brown","name":"1_15_1_27"},{"num":2.5,"categoryName":"Sam Pellom","name":"1_15_1_67"},{"num":2.2,"categoryName":"Ron Lee","name":"1_15_1_68"},{"num":1.6,"categoryName":"Rick Wilson","name":"1_15_1_64"}],"name":"1_15_1_0"},{"num":114.1,"categoryName":"Cleveland_Cavaliers","children":[{"num":22.2,"categoryName":"Mike Mitchell","name":"1_15_4_49"},{"num":18.2,"categoryName":"Campy Russell","name":"1_15_4_35"},{"num":17.6,"categoryName":"Randy Smith","name":"1_15_4_52"},{"num":15.3,"categoryName":"Dave Robisch","name":"1_15_4_53"},{"num":12.3,"categoryName":"Kenny Carr","name":"1_15_4_54"},{"num":11.8,"categoryName":"Austin Carr","name":"1_15_4_17"},{"num":9.4,"categoryName":"Foots Walker","name":"1_15_4_36"},{"num":9.3,"categoryName":"Bingo Smith","name":"1_15_4_3"},{"num":7.3,"categoryName":"Don Ford","name":"1_15_4_55"},{"num":6.9,"categoryName":"Bill Willoughby","name":"1_15_4_56"},{"num":5.4,"categoryName":"John Lambert","name":"1_15_4_39"},{"num":4.8,"categoryName":"Willie Smith","name":"1_15_4_57"},{"num":3.3,"categoryName":"Walt Frazier","name":"1_15_4_45"},{"num":2.6,"categoryName":"Earl Tatum","name":"1_15_4_58"},{"num":1.3,"categoryName":"Butch Lee","name":"1_15_4_48"}],"name":"1_15_4_0"},{"num":108.9,"categoryName":"Detroit_Pistons","children":[{"num":21.7,"categoryName":"Bob Lanier","name":"1_15_10_1"},{"num":21.1,"categoryName":"Bob McAdoo","name":"1_15_10_21"},{"num":19.4,"categoryName":"John Long","name":"1_15_10_3"},{"num":14.2,"categoryName":"Greg Kelser","name":"1_15_10_22"},{"num":12.3,"categoryName":"Terry Tyler","name":"1_15_10_5"},{"num":12.1,"categoryName":"Kent Benson","name":"1_15_10_23"},{"num":11.7,"categoryName":"Jim McElroy","name":"1_15_10_24"},{"num":10.9,"categoryName":"Eric Money","name":"1_15_10_25"},{"num":9.7,"categoryName":"John Shumate","name":"1_15_10_26"},{"num":9.3,"categoryName":"Terry Duerod","name":"1_15_10_27"},{"num":9.1,"categoryName":"Phil Hubbard","name":"1_15_10_28"},{"num":8.1,"categoryName":"Leon Douglas","name":"1_15_10_6"},{"num":7.3,"categoryName":"Ron Lee","name":"1_15_10_29"},{"num":4.6,"categoryName":"Roy Hamilton","name":"1_15_10_30"},{"num":4.4,"categoryName":"Earl Evans","name":"1_15_10_31"},{"num":3.9,"categoryName":"Jackie Robinson","name":"1_15_10_32"},{"num":2.6,"categoryName":"Steve Malovic","name":"1_15_10_33"}],"name":"1_15_10_0"},{"num":110.8,"categoryName":"Houston_Rockets","children":[{"num":25.8,"categoryName":"Moses Malone","name":"1_15_5_27"},{"num":20,"categoryName":"Calvin Murphy","name":"1_15_5_5"},{"num":14.2,"categoryName":"Rudy Tomjanovich","name":"1_15_5_1"},{"num":13,"categoryName":"Robert Reid","name":"1_15_5_33"},{"num":12,"categoryName":"Rick Barry","name":"1_15_5_41"},{"num":10.9,"categoryName":"Allen Leavell","name":"1_15_5_45"},{"num":8.6,"categoryName":"Billy Paultz","name":"1_15_5_46"},{"num":8,"categoryName":"Mike Dunleavy","name":"1_15_5_36"},{"num":6,"categoryName":"Dwight Jones","name":"1_15_5_29"},{"num":5.5,"categoryName":"Tom Henderson","name":"1_15_5_47"},{"num":5.3,"categoryName":"Major Jones","name":"1_15_5_48"},{"num":4,"categoryName":"Rudy White","name":"1_15_5_26"},{"num":3.5,"categoryName":"John Shumate","name":"1_15_5_49"},{"num":2.4,"categoryName":"Paul Mokeski","name":"1_15_5_50"},{"num":1.9,"categoryName":"Alonzo Bradley","name":"1_15_5_34"}],"name":"1_15_5_0"},{"num":111.2,"categoryName":"Indiana_Pacers","children":[{"num":19.1,"categoryName":"Mickey Johnson","name":"1_15_11_1"},{"num":15.9,"categoryName":"Johnny Davis","name":"1_15_11_2"},{"num":15.7,"categoryName":"James Edwards","name":"1_15_11_3"},{"num":14.9,"categoryName":"Alex English","name":"1_15_11_4"},{"num":13.2,"categoryName":"George McGinnis","name":"1_15_11_5"},{"num":13.1,"categoryName":"Billy Knight","name":"1_15_11_6"},{"num":11.8,"categoryName":"Mike Bantom","name":"1_15_11_7"},{"num":8.4,"categoryName":"Dudley Bradley","name":"1_15_11_8"},{"num":7.1,"categoryName":"Joe Hassett","name":"1_15_11_9"},{"num":6,"categoryName":"Clemon Johnson","name":"1_15_11_10"},{"num":5.4,"categoryName":"Phil Chenier","name":"1_15_11_11"},{"num":2.5,"categoryName":"Ron Carter","name":"1_15_11_12"},{"num":1.8,"categoryName":"Tony Zeno","name":"1_15_11_13"},{"num":1.4,"categoryName":"Brad Davis","name":"1_15_11_14"},{"num":1.2,"categoryName":"John Kuester","name":"1_15_11_15"},{"num":1.1,"categoryName":"Corky Calhoun","name":"1_15_11_16"}],"name":"1_15_11_0"},{"num":119.4,"categoryName":"San_Antonio_Spurs","children":[{"num":33.1,"categoryName":"George Gervin","name":"1_15_9_1"},{"num":20.1,"categoryName":"Larry Kenon","name":"1_15_9_2"},{"num":17.7,"categoryName":"James Silas","name":"1_15_9_7"},{"num":14.5,"categoryName":"John Shumate","name":"1_15_9_21"},{"num":10.7,"categoryName":"Kevin Restani","name":"1_15_9_22"},{"num":10.6,"categoryName":"Mark Olberding","name":"1_15_9_5"},{"num":9.4,"categoryName":"Billy Paultz","name":"1_15_9_3"},{"num":6.6,"categoryName":"Mike Gale","name":"1_15_9_6"},{"num":6.3,"categoryName":"Paul Griffin","name":"1_15_9_23"},{"num":6.2,"categoryName":"Mike Evans","name":"1_15_9_24"},{"num":3.5,"categoryName":"Wiley Peck","name":"1_15_9_25"},{"num":3.3,"categoryName":"Harry Davis","name":"1_15_9_26"},{"num":3.2,"categoryName":"Irv Kiffin","name":"1_15_9_27"},{"num":2.4,"categoryName":"Sylvester Norris","name":"1_15_9_28"},{"num":2,"categoryName":"Tim Bassett","name":"1_15_9_29"}],"name":"1_15_9_0"}],"name":"1_15_0_0","num":668.9}],"name":"1_0_0_0","num":1220.8},{"categoryName":"Western","children":[{"categoryName":"Midwest","children":[{"num":107.5,"categoryName":"Chicago_Bulls","children":[{"num":20.2,"categoryName":"Reggie Theus","name":"2_32_1_54"},{"num":17.8,"categoryName":"Artis Gilmore","name":"2_32_1_37"},{"num":16.3,"categoryName":"Dave Greenwood","name":"2_32_1_60"},{"num":14.2,"categoryName":"Ricky Sobers","name":"2_32_1_61"},{"num":12.4,"categoryName":"Scott May","name":"2_32_1_39"},{"num":10.1,"categoryName":"Dwight Jones","name":"2_32_1_62"},{"num":8.6,"categoryName":"Sam Smith","name":"2_32_1_63"},{"num":8.4,"categoryName":"Mark Landsberger","name":"2_32_1_47"},{"num":8,"categoryName":"Ollie Mack","name":"2_32_1_64"},{"num":7.7,"categoryName":"Ollie Johnson","name":"2_32_1_55"},{"num":6.9,"categoryName":"Coby Dietrick","name":"2_32_1_65"},{"num":6.1,"categoryName":"John Mengelt","name":"2_32_1_40"},{"num":3.6,"categoryName":"Del Beshore","name":"2_32_1_66"},{"num":3.3,"categoryName":"Dennis Awtrey","name":"2_32_1_21"},{"num":0.5,"categoryName":"Roger Brown","name":"2_32_1_67"}],"name":"2_32_1_0"},{"num":108.3,"categoryName":"Denver_Nuggets","children":[{"num":23.8,"categoryName":"Dan Issel","name":"2_32_7_2"},{"num":21.5,"categoryName":"David Thompson","name":"2_32_7_1"},{"num":21.3,"categoryName":"Alex English","name":"2_32_7_32"},{"num":15.6,"categoryName":"George McGinnis","name":"2_32_7_25"},{"num":13.8,"categoryName":"Bob Wilkerson","name":"2_32_7_16"},{"num":11.4,"categoryName":"John Roche","name":"2_32_7_33"},{"num":11.3,"categoryName":"Tom Boswell","name":"2_32_7_27"},{"num":10.2,"categoryName":"George Johnson","name":"2_32_7_34"},{"num":9.3,"categoryName":"Charlie Scott","name":"2_32_7_26"},{"num":7.7,"categoryName":"Anthony Roberts","name":"2_32_7_17"},{"num":6.6,"categoryName":"Glen Gondrezick","name":"2_32_7_35"},{"num":4.3,"categoryName":"Gary Garland","name":"2_32_7_36"},{"num":3.4,"categoryName":"Bo Ellis","name":"2_32_7_20"},{"num":3.1,"categoryName":"Kim Hughes","name":"2_32_7_28"},{"num":2,"categoryName":"Arvid Kramer","name":"2_32_7_37"}],"name":"2_32_7_0"},{"num":108,"categoryName":"Kansas_City_Kings","children":[{"num":22.7,"categoryName":"Otis Birdsong","name":"2_32_6_21"},{"num":19,"categoryName":"Scott Wedman","name":"2_32_6_3"},{"num":16.2,"categoryName":"Phil Ford","name":"2_32_6_28"},{"num":11.4,"categoryName":"Bill Robinzine","name":"2_32_6_7"},{"num":9.2,"categoryName":"Sam Lacey","name":"2_32_6_4"},{"num":8.2,"categoryName":"Reggie King","name":"2_32_6_34"},{"num":7.7,"categoryName":"Mike Green","name":"2_32_6_35"},{"num":6.8,"categoryName":"Billy McKinney","name":"2_32_6_29"},{"num":5.9,"categoryName":"Ernie Grunfeld","name":"2_32_6_36"},{"num":5.9,"categoryName":"Marlon Redmond","name":"2_32_6_30"},{"num":5.3,"categoryName":"Gus Gerard","name":"2_32_6_33"},{"num":4.5,"categoryName":"Len Elmore","name":"2_32_6_37"},{"num":2.6,"categoryName":"Tom Burleson","name":"2_32_6_23"},{"num":1.5,"categoryName":"Terry Crosby","name":"2_32_6_38"}],"name":"2_32_6_0"},{"num":110.1,"categoryName":"Milwaukee_Bucks","children":[{"num":21.7,"categoryName":"Marques Johnson","name":"2_32_3_51"},{"num":17.6,"categoryName":"Junior Bridgeman","name":"2_32_3_39"},{"num":16.2,"categoryName":"Brian Winters","name":"2_32_3_37"},{"num":15.7,"categoryName":"Bob Lanier","name":"2_32_3_62"},{"num":12.1,"categoryName":"Dave Meyers","name":"2_32_3_40"},{"num":10.7,"categoryName":"Quinn Buckner","name":"2_32_3_44"},{"num":8.8,"categoryName":"Kent Benson","name":"2_32_3_53"},{"num":8.5,"categoryName":"Sidney Moncrief","name":"2_32_3_63"},{"num":6.6,"categoryName":"Pat Cummings","name":"2_32_3_64"},{"num":5.9,"categoryName":"Richard Washington","name":"2_32_3_65"},{"num":3.6,"categoryName":"Lloyd Walton","name":"2_32_3_49"},{"num":3.2,"categoryName":"Harvey Catchings","name":"2_32_3_66"}],"name":"2_32_3_0"},{"num":102.4,"categoryName":"Utah_Jazz","children":[{"num":28,"categoryName":"Adrian Dantley","name":"2_32_9_1"},{"num":17.1,"categoryName":"Pete Maravich","name":"2_32_9_2"},{"num":16,"categoryName":"Terry Furlow","name":"2_32_9_3"},{"num":12.9,"categoryName":"Ron Boone","name":"2_32_9_4"},{"num":11.6,"categoryName":"Allan Bristow","name":"2_32_9_5"},{"num":11.5,"categoryName":"Tom Boswell","name":"2_32_9_6"},{"num":9.3,"categoryName":"Bernard King","name":"2_32_9_7"},{"num":8.9,"categoryName":"Ben Poquette","name":"2_32_9_8"},{"num":6.6,"categoryName":"Duck Williams","name":"2_32_9_9"},{"num":6.4,"categoryName":"Mack Calvin","name":"2_32_9_10"},{"num":5.8,"categoryName":"Brad Davis","name":"2_32_9_11"},{"num":5.5,"categoryName":"Paul Dawkins","name":"2_32_9_12"},{"num":5.5,"categoryName":"James Hardy","name":"2_32_9_13"},{"num":3.2,"categoryName":"John Gianelli","name":"2_32_9_14"},{"num":2.5,"categoryName":"Robert Smith","name":"2_32_9_15"},{"num":2.1,"categoryName":"Jerome Whitehead","name":"2_32_9_16"},{"num":1.9,"categoryName":"Andre Wakefield","name":"2_32_9_17"},{"num":1.5,"categoryName":"Carl Kilpatrick","name":"2_32_9_18"},{"num":1.4,"categoryName":"Greg Deane","name":"2_32_9_19"},{"num":1,"categoryName":"John Brown","name":"2_32_9_20"}],"name":"2_32_9_0"}],"name":"2_32_0_0","num":536.3},{"categoryName":"Pacific","children":[{"num":103.6,"categoryName":"Golden_State_Warriors","children":[{"num":17,"categoryName":"Purvis Short","name":"2_33_6_40"},{"num":17,"categoryName":"Robert Parish","name":"2_33_6_29"},{"num":15.5,"categoryName":"Phil Smith","name":"2_33_6_21"},{"num":14.7,"categoryName":"Sonny Parker","name":"2_33_6_30"},{"num":12.6,"categoryName":"John Lucas","name":"2_33_6_38"},{"num":11,"categoryName":"Wayne Cooper","name":"2_33_6_43"},{"num":9.9,"categoryName":"Jo Jo White","name":"2_33_6_39"},{"num":6,"categoryName":"Clifford Ray","name":"2_33_6_20"},{"num":5.4,"categoryName":"Raymond Townsend","name":"2_33_6_42"},{"num":5.4,"categoryName":"Tom Abernethy","name":"2_33_6_41"},{"num":4,"categoryName":"Darnell Hillman","name":"2_33_6_46"},{"num":3,"categoryName":"Cheese Johnson","name":"2_33_6_47"},{"num":2.8,"categoryName":"John Coughran","name":"2_33_6_48"},{"num":1.1,"categoryName":"Bubba Wilson","name":"2_33_6_49"}],"name":"2_33_6_0"},{"num":115.1,"categoryName":"Los_Angeles_Lakers","children":[{"num":24.8,"categoryName":"K. Abdul-Jabbar","name":"2_33_1_35"},{"num":20,"categoryName":"Jamaal Wilkes","name":"2_33_1_57"},{"num":18,"categoryName":"Magic Johnson","name":"2_33_1_66"},{"num":17.6,"categoryName":"Norm Nixon","name":"2_33_1_56"},{"num":10.6,"categoryName":"Jim Chones","name":"2_33_1_67"},{"num":9.7,"categoryName":"Spencer Haywood","name":"2_33_1_68"},{"num":8.8,"categoryName":"Michael Cooper","name":"2_33_1_65"},{"num":7,"categoryName":"Mark Landsberger","name":"2_33_1_69"},{"num":5.7,"categoryName":"Ron Boone","name":"2_33_1_63"},{"num":3.2,"categoryName":"Kenny Carr","name":"2_33_1_59"},{"num":3,"categoryName":"Don Ford","name":"2_33_1_37"},{"num":2.8,"categoryName":"Brad Holland","name":"2_33_1_70"},{"num":2,"categoryName":"Marty Byrnes","name":"2_33_1_71"},{"num":1.9,"categoryName":"Ollie Mack","name":"2_33_1_72"},{"num":1.3,"categoryName":"Butch Lee","name":"2_33_1_73"}],"name":"2_33_1_0"},{"num":111.1,"categoryName":"Phoenix_Suns","children":[{"num":21.9,"categoryName":"Paul Westphal","name":"2_33_8_26"},{"num":21.5,"categoryName":"Walter Davis","name":"2_33_8_39"},{"num":17.3,"categoryName":"Truck Robinson","name":"2_33_8_45"},{"num":14.9,"categoryName":"Alvan Adams","name":"2_33_8_27"},{"num":8.5,"categoryName":"Mike Bratz","name":"2_33_8_42"},{"num":7.7,"categoryName":"Don Buse","name":"2_33_8_40"},{"num":5.8,"categoryName":"Rich Kelley","name":"2_33_8_49"},{"num":5.5,"categoryName":"Jeff Cook","name":"2_33_8_50"},{"num":5,"categoryName":"Johnny High","name":"2_33_8_51"},{"num":5,"categoryName":"Gar Heard","name":"2_33_8_28"},{"num":4.4,"categoryName":"Alvin Scott","name":"2_33_8_41"},{"num":3.5,"categoryName":"Joel Kramer","name":"2_33_8_47"}],"name":"2_33_8_0"},{"num":102.5,"categoryName":"Portland_Trail_Blazers","children":[{"num":20.4,"categoryName":"Calvin Natt","name":"2_33_2_66"},{"num":16.4,"categoryName":"Tom Owens","name":"2_33_2_55"},{"num":15.7,"categoryName":"Ron Brewer","name":"2_33_2_60"},{"num":14.3,"categoryName":"Maurice Lucas","name":"2_33_2_47"},{"num":13.4,"categoryName":"Kermit Washington","name":"2_33_2_67"},{"num":11.3,"categoryName":"Billy Ray Bates","name":"2_33_2_68"},{"num":10,"categoryName":"Lionel Hollins","name":"2_33_2_42"},{"num":9.6,"categoryName":"Abdul Jeelani","name":"2_33_2_69"},{"num":9.1,"categoryName":"Larry Steele","name":"2_33_2_19"},{"num":8.7,"categoryName":"Bob Gross","name":"2_33_2_44"},{"num":8.5,"categoryName":"Dave Twardzik","name":"2_33_2_48"},{"num":7,"categoryName":"Kevin Kunnert","name":"2_33_2_70"},{"num":6.9,"categoryName":"T.R. Dunn","name":"2_33_2_58"},{"num":6.2,"categoryName":"Jim Paxson","name":"2_33_2_71"},{"num":2.9,"categoryName":"Jim Brewer","name":"2_33_2_72"}],"name":"2_33_2_0"},{"num":107.6,"categoryName":"San_Diego_Clippers","children":[{"num":30.2,"categoryName":"World B. Free","name":"2_33_9_1"},{"num":18.6,"categoryName":"Freeman Williams","name":"2_33_9_6"},{"num":13.9,"categoryName":"Bill Walton","name":"2_33_9_16"},{"num":13.5,"categoryName":"Brian Taylor","name":"2_33_9_10"},{"num":13.4,"categoryName":"Swen Nater","name":"2_33_9_5"},{"num":11.7,"categoryName":"Bingo Smith","name":"2_33_9_17"},{"num":9.3,"categoryName":"Joe Bryant","name":"2_33_9_18"},{"num":7.1,"categoryName":"Sidney Wicks","name":"2_33_9_7"},{"num":6.9,"categoryName":"Nick Weatherspoon","name":"2_33_9_3"},{"num":4.6,"categoryName":"Stan Pietkiewicz","name":"2_33_9_14"},{"num":3.6,"categoryName":"Bob Carrington","name":"2_33_9_19"},{"num":3.3,"categoryName":"Jerome Whitehead","name":"2_33_9_13"},{"num":3.2,"categoryName":"Marvin Barnes","name":"2_33_9_20"},{"num":1.9,"categoryName":"Steve Malovic","name":"2_33_9_21"},{"num":0,"categoryName":"John Olive","name":"2_33_9_12"}],"name":"2_33_9_0"},{"num":108.5,"categoryName":"Seattle_Supersonics","children":[{"num":22.1,"categoryName":"Gus Williams","name":"2_33_5_50"},{"num":19,"categoryName":"Dennis Johnson","name":"2_33_5_46"},{"num":14.3,"categoryName":"Jack Sikma","name":"2_33_5_53"},{"num":13.6,"categoryName":"Lonnie Shelton","name":"2_33_5_59"},{"num":12,"categoryName":"Fred Brown","name":"2_33_5_16"},{"num":11.3,"categoryName":"John Johnson","name":"2_33_5_52"},{"num":4.7,"categoryName":"Tom LaGarde","name":"2_33_5_60"},{"num":4.7,"categoryName":"Wally Walker","name":"2_33_5_54"},{"num":4.7,"categoryName":"James Bailey","name":"2_33_5_64"},{"num":3.8,"categoryName":"Paul Silas","name":"2_33_5_55"},{"num":3.2,"categoryName":"Vinnie Johnson","name":"2_33_5_65"}],"name":"2_33_5_0"}],"name":"2_33_0_0","num":648.4}],"name":"2_0_0_0","num":1184.6999999999998}],"num":2405.5}