{"year":2005,"name":"root","categoryName":"root","children":[{"categoryName":"Eastern","children":[{"categoryName":"Southeast","children":[{"num":97.2,"categoryName":"Atlanta_Hawks","children":[{"num":20.2,"categoryName":"Joe Johnson","name":"1_16_1_21"},{"num":18.6,"categoryName":"Al Harrington","name":"1_16_1_2"},{"num":11.7,"categoryName":"Zaza Pachulia","name":"1_16_1_22"},{"num":11.3,"categoryName":"Josh Smith","name":"1_16_1_6"},{"num":11,"categoryName":"Tyronn Lue","name":"1_16_1_3"},{"num":10,"categoryName":"Josh Childress","name":"1_16_1_5"},{"num":9.7,"categoryName":"Salim Stoudamire","name":"1_16_1_23"},{"num":8.5,"categoryName":"Marvin Williams","name":"1_16_1_24"},{"num":4.3,"categoryName":"Anthony Grundy","name":"1_16_1_25"},{"num":3.6,"categoryName":"Royal Ivey","name":"1_16_1_14"},{"num":2,"categoryName":"Tony Delk","name":"1_16_1_4"},{"num":1.8,"categoryName":"Esteban Batista","name":"1_16_1_26"},{"num":1.8,"categoryName":"John Edwards","name":"1_16_1_27"},{"num":1.7,"categoryName":"Donta Smith","name":"1_16_1_15"},{"num":0.8,"categoryName":"John Thomas","name":"1_16_1_28"}],"name":"1_16_1_0"},{"num":96.9,"categoryName":"Charlotte_Bobcats","children":[{"num":15.2,"categoryName":"Gerald Wallace","name":"1_16_2_4"},{"num":13.2,"categoryName":"Emeka Okafor","name":"1_16_2_1"},{"num":12.6,"categoryName":"Brevin Knight","name":"1_16_2_6"},{"num":12.4,"categoryName":"Primoz Brezec","name":"1_16_2_2"},{"num":11.9,"categoryName":"Raymond Felton","name":"1_16_2_20"},{"num":10.5,"categoryName":"Jumaine Jones","name":"1_16_2_21"},{"num":10.1,"categoryName":"Kareem Rush","name":"1_16_2_3"},{"num":9.8,"categoryName":"Melvin Ely","name":"1_16_2_12"},{"num":8.7,"categoryName":"Keith Bogans","name":"1_16_2_7"},{"num":8.2,"categoryName":"Sean May","name":"1_16_2_22"},{"num":7.6,"categoryName":"Matt Carroll","name":"1_16_2_9"},{"num":6.4,"categoryName":"Bernard Robinson","name":"1_16_2_18"},{"num":5.8,"categoryName":"Alan Anderson","name":"1_16_2_23"},{"num":5.3,"categoryName":"Jake Voskuhl","name":"1_16_2_24"},{"num":2,"categoryName":"Lonny Baxter","name":"1_16_2_25"},{"num":1.8,"categoryName":"Kevin Burleson","name":"1_16_2_26"}],"name":"1_16_2_0"},{"num":99.9,"categoryName":"Miami_Heat","children":[{"num":27.2,"categoryName":"Dwyane Wade","name":"1_16_3_1"},{"num":20,"categoryName":"Shaquille O'Neal","name":"1_16_3_2"},{"num":12.3,"categoryName":"Jason Williams","name":"1_16_3_18"},{"num":12.2,"categoryName":"Antoine Walker","name":"1_16_3_19"},{"num":9.3,"categoryName":"Udonis Haslem","name":"1_16_3_5"},{"num":7.8,"categoryName":"Alonzo Mourning","name":"1_16_3_10"},{"num":7.7,"categoryName":"Gary Payton","name":"1_16_3_20"},{"num":7.2,"categoryName":"James Posey","name":"1_16_3_21"},{"num":5.8,"categoryName":"Derek Anderson","name":"1_16_3_22"},{"num":4.7,"categoryName":"Gerald Fitch","name":"1_16_3_23"},{"num":4.1,"categoryName":"Jason Kapono","name":"1_16_3_24"},{"num":3.4,"categoryName":"Wayne Simien","name":"1_16_3_25"},{"num":3.2,"categoryName":"Michael Doleac","name":"1_16_3_11"},{"num":2.9,"categoryName":"Dorell Wright","name":"1_16_3_15"},{"num":2.6,"categoryName":"Shandon Anderson","name":"1_16_3_12"},{"num":1.6,"categoryName":"Earl Barron","name":"1_16_3_26"},{"num":1,"categoryName":"Matt Walsh","name":"1_16_3_27"}],"name":"1_16_3_0"},{"num":94.9,"categoryName":"Orlando_Magic","children":[{"num":16.2,"categoryName":"Steve Francis","name":"1_16_4_1"},{"num":15.8,"categoryName":"Dwight Howard","name":"1_16_4_5"},{"num":15.1,"categoryName":"Grant Hill","name":"1_16_4_2"},{"num":14.9,"categoryName":"Hedo Turkoglu","name":"1_16_4_4"},{"num":14.6,"categoryName":"Jameer Nelson","name":"1_16_4_6"},{"num":11,"categoryName":"DeShawn Stevenson","name":"1_16_4_7"},{"num":10.8,"categoryName":"Carlos Arroyo","name":"1_16_4_19"},{"num":9.4,"categoryName":"Keyon Dooling","name":"1_16_4_20"},{"num":7.9,"categoryName":"Tony Battie","name":"1_16_4_11"},{"num":7.6,"categoryName":"Darko Milicic","name":"1_16_4_21"},{"num":4.9,"categoryName":"Pat Garrity","name":"1_16_4_12"},{"num":4.7,"categoryName":"Trevor Ariza","name":"1_16_4_22"},{"num":3.8,"categoryName":"Kelvin Cato","name":"1_16_4_8"},{"num":3.8,"categoryName":"Travis Diener","name":"1_16_4_23"},{"num":2.9,"categoryName":"Mario Kasun","name":"1_16_4_15"},{"num":2.3,"categoryName":"Bo Outlaw","name":"1_16_4_24"},{"num":2,"categoryName":"Stacey Augmon","name":"1_16_4_13"},{"num":1.6,"categoryName":"Terence Morris","name":"1_16_4_25"}],"name":"1_16_4_0"},{"num":101.7,"categoryName":"Washington_Wizards","children":[{"num":29.3,"categoryName":"Gilbert Arenas","name":"1_16_5_1"},{"num":20.5,"categoryName":"Antawn Jamison","name":"1_16_5_3"},{"num":17.6,"categoryName":"Caron Butler","name":"1_16_5_17"},{"num":9.6,"categoryName":"Antonio Daniels","name":"1_16_5_18"},{"num":9.3,"categoryName":"Jarvis Hayes","name":"1_16_5_4"},{"num":7.3,"categoryName":"Brendan Haywood","name":"1_16_5_5"},{"num":6.7,"categoryName":"Chucky Atkins","name":"1_16_5_19"},{"num":6.4,"categoryName":"Jared Jeffries","name":"1_16_5_9"},{"num":4.7,"categoryName":"Etan Thomas","name":"1_16_5_7"},{"num":2.7,"categoryName":"Donell Taylor","name":"1_16_5_20"},{"num":2.2,"categoryName":"Andray Blatche","name":"1_16_5_21"},{"num":2.2,"categoryName":"Billy Thomas","name":"1_16_5_22"},{"num":1.7,"categoryName":"Awvee Storey","name":"1_16_5_23"},{"num":1.4,"categoryName":"Calvin Booth","name":"1_16_5_24"},{"num":1.4,"categoryName":"Michael Ruffin","name":"1_16_5_16"}],"name":"1_16_5_0"}],"name":"1_16_0_0","num":490.59999999999997},{"categoryName":"Atlantic","children":[{"num":98,"categoryName":"Boston_Celtics","children":[{"num":26.8,"categoryName":"Paul Pierce","name":"1_14_1_164"},{"num":19.7,"categoryName":"Ricky Davis","name":"1_14_1_201"},{"num":17.5,"categoryName":"Wally Szczerbiak","name":"1_14_1_218"},{"num":12.4,"categoryName":"Mark Blount","name":"1_14_1_182"},{"num":11.8,"categoryName":"Delonte West","name":"1_14_1_215"},{"num":7.9,"categoryName":"Al Jefferson","name":"1_14_1_213"},{"num":7.8,"categoryName":"Raef LaFrentz","name":"1_14_1_205"},{"num":7.6,"categoryName":"Ryan Gomes","name":"1_14_1_219"},{"num":7.2,"categoryName":"Tony Allen","name":"1_14_1_214"},{"num":5.5,"categoryName":"Marcus Banks","name":"1_14_1_207"},{"num":5.2,"categoryName":"Gerald Green","name":"1_14_1_220"},{"num":5.2,"categoryName":"Kendrick Perkins","name":"1_14_1_210"},{"num":3.3,"categoryName":"Dan Dickau","name":"1_14_1_221"},{"num":3.2,"categoryName":"Orien Greene","name":"1_14_1_222"},{"num":2.9,"categoryName":"Brian Scalabrine","name":"1_14_1_223"},{"num":2.8,"categoryName":"Michael Olowokandi","name":"1_14_1_224"},{"num":2.3,"categoryName":"Justin Reed","name":"1_14_1_216"},{"num":1,"categoryName":"Dwayne Jones","name":"1_14_1_225"}],"name":"1_14_1_0"},{"num":93.8,"categoryName":"New_Jersey_Nets","children":[{"num":24.2,"categoryName":"Vince Carter","name":"1_14_6_219"},{"num":19.5,"categoryName":"Richard Jefferson","name":"1_14_6_201"},{"num":13.5,"categoryName":"Nenad Krstic","name":"1_14_6_221"},{"num":13.3,"categoryName":"Jason Kidd","name":"1_14_6_199"},{"num":6.9,"categoryName":"Clifford Robinson","name":"1_14_6_225"},{"num":5.3,"categoryName":"Jeff McInnis","name":"1_14_6_234"},{"num":4.6,"categoryName":"Marc Jackson","name":"1_14_6_235"},{"num":3.6,"categoryName":"Jason Collins","name":"1_14_6_202"},{"num":3.4,"categoryName":"Lamond Murray","name":"1_14_6_236"},{"num":3.4,"categoryName":"Jacque Vaughn","name":"1_14_6_226"},{"num":3.4,"categoryName":"Zoran Planinic","name":"1_14_6_214"},{"num":3.4,"categoryName":"Scott Padgett","name":"1_14_6_237"},{"num":2.8,"categoryName":"Bostjan Nachbar","name":"1_14_6_238"},{"num":2,"categoryName":"Derrick Zimmerman","name":"1_14_6_239"},{"num":1.8,"categoryName":"Antoine Wright","name":"1_14_6_240"},{"num":1.2,"categoryName":"Linton Johnson","name":"1_14_6_241"},{"num":1,"categoryName":"John Thomas","name":"1_14_6_242"}],"name":"1_14_6_0"},{"num":95.6,"categoryName":"New_York_Knicks","children":[{"num":16.3,"categoryName":"Stephon Marbury","name":"1_14_3_191"},{"num":14.3,"categoryName":"Jamal Crawford","name":"1_14_3_204"},{"num":13.6,"categoryName":"Eddy Curry","name":"1_14_3_212"},{"num":12.7,"categoryName":"Jalen Rose","name":"1_14_3_213"},{"num":12.3,"categoryName":"Channing Frye","name":"1_14_3_214"},{"num":10.8,"categoryName":"Steve Francis","name":"1_14_3_215"},{"num":9.3,"categoryName":"Nate Robinson","name":"1_14_3_216"},{"num":8.2,"categoryName":"Quentin Richardson","name":"1_14_3_217"},{"num":6.7,"categoryName":"Qyntel Woods","name":"1_14_3_218"},{"num":6.3,"categoryName":"Maurice Taylor","name":"1_14_3_206"},{"num":5.3,"categoryName":"Jackie Butler","name":"1_14_3_209"},{"num":5.1,"categoryName":"David Lee","name":"1_14_3_219"},{"num":5,"categoryName":"Antonio Davis","name":"1_14_3_220"},{"num":4.6,"categoryName":"Trevor Ariza","name":"1_14_3_207"},{"num":4.4,"categoryName":"Malik Rose","name":"1_14_3_205"},{"num":4.3,"categoryName":"Matt Barnes","name":"1_14_3_221"},{"num":3,"categoryName":"Jerome James","name":"1_14_3_222"},{"num":2.8,"categoryName":"Ime Udoka","name":"1_14_3_223"},{"num":2.5,"categoryName":"Penny Hardaway","name":"1_14_3_194"}],"name":"1_14_3_0"},{"num":99.4,"categoryName":"Philadelphia_76ers","children":[{"num":33,"categoryName":"Allen Iverson","name":"1_14_4_200"},{"num":20.2,"categoryName":"Chris Webber","name":"1_14_4_275"},{"num":12.3,"categoryName":"Andre Iguodala","name":"1_14_4_277"},{"num":11.5,"categoryName":"Kyle Korver","name":"1_14_4_272"},{"num":7.5,"categoryName":"John Salmons","name":"1_14_4_265"},{"num":7.3,"categoryName":"Samuel Dalembert","name":"1_14_4_254"},{"num":7,"categoryName":"Willie Green","name":"1_14_4_271"},{"num":6.1,"categoryName":"Steven Hunter","name":"1_14_4_282"},{"num":4.2,"categoryName":"Lee Nailon","name":"1_14_4_283"},{"num":3,"categoryName":"Matt Barnes","name":"1_14_4_284"},{"num":2.7,"categoryName":"Kevin Ollie","name":"1_14_4_237"},{"num":2.3,"categoryName":"Shavlik Randolph","name":"1_14_4_285"},{"num":1.9,"categoryName":"Lou Williams","name":"1_14_4_286"},{"num":1.5,"categoryName":"James Thomas","name":"1_14_4_287"},{"num":1.5,"categoryName":"Michael Bradley","name":"1_14_4_279"},{"num":1,"categoryName":"Zendon Hamilton","name":"1_14_4_273"},{"num":0,"categoryName":"Deng Gai","name":"1_14_4_288"}],"name":"1_14_4_0"},{"num":101.1,"categoryName":"Toronto_Raptors","children":[{"num":22.5,"categoryName":"Chris Bosh","name":"1_14_12_2"},{"num":20.3,"categoryName":"Mike James","name":"1_14_12_17"},{"num":16.8,"categoryName":"Morris Peterson","name":"1_14_12_5"},{"num":13,"categoryName":"Charlie Villanueva","name":"1_14_12_18"},{"num":12.1,"categoryName":"Jalen Rose","name":"1_14_12_1"},{"num":7.5,"categoryName":"Matt Bonner","name":"1_14_12_7"},{"num":6.7,"categoryName":"Joey Graham","name":"1_14_12_19"},{"num":5.5,"categoryName":"Jose Calderon","name":"1_14_12_20"},{"num":4.6,"categoryName":"Andre Barrett","name":"1_14_12_21"},{"num":4.4,"categoryName":"Antonio Davis","name":"1_14_12_22"},{"num":3.5,"categoryName":"Pape Sow","name":"1_14_12_14"},{"num":3.3,"categoryName":"Eric Williams","name":"1_14_12_10"},{"num":2.6,"categoryName":"Darrick Martin","name":"1_14_12_23"},{"num":2.3,"categoryName":"Rafael Araujo","name":"1_14_12_13"},{"num":2.3,"categoryName":"Loren Woods","name":"1_14_12_12"},{"num":1.8,"categoryName":"Aaron Williams","name":"1_14_12_16"},{"num":1,"categoryName":"Alvin Williams","name":"1_14_12_24"}],"name":"1_14_12_0"}],"name":"1_14_0_0","num":487.9},{"categoryName":"Central","children":[{"num":97.8,"categoryName":"Chicago_Bulls","children":[{"num":16.9,"categoryName":"Ben Gordon","name":"1_15_12_167"},{"num":15.9,"categoryName":"Kirk Hinrich","name":"1_15_12_159"},{"num":14.3,"categoryName":"Luol Deng","name":"1_15_12_168"},{"num":13,"categoryName":"Andres Nocioni","name":"1_15_12_169"},{"num":9.2,"categoryName":"Darius Songaila","name":"1_15_12_177"},{"num":8.7,"categoryName":"Chris Duhon","name":"1_15_12_171"},{"num":8.1,"categoryName":"Mike Sweetney","name":"1_15_12_178"},{"num":5.3,"categoryName":"Tyson Chandler","name":"1_15_12_150"},{"num":4.9,"categoryName":"Malik Allen","name":"1_15_12_179"},{"num":4.8,"categoryName":"Othella Harrington","name":"1_15_12_170"},{"num":4.8,"categoryName":"Jannero Pargo","name":"1_15_12_158"},{"num":4.3,"categoryName":"Tim Thomas","name":"1_15_12_180"},{"num":2.1,"categoryName":"Eddie Basden","name":"1_15_12_181"},{"num":2,"categoryName":"Eric Piatkowski","name":"1_15_12_172"},{"num":1.8,"categoryName":"Luke Schenscher","name":"1_15_12_182"},{"num":1.7,"categoryName":"Stephen Graham","name":"1_15_12_183"},{"num":0.9,"categoryName":"James Thomas","name":"1_15_12_184"},{"num":0.5,"categoryName":"Randy Holcomb","name":"1_15_12_185"},{"num":0,"categoryName":"Randy Livingston","name":"1_15_12_186"}],"name":"1_15_12_0"},{"num":97.6,"categoryName":"Cleveland_Cavaliers","children":[{"num":31.4,"categoryName":"LeBron James","name":"1_15_4_233"},{"num":15.6,"categoryName":"Zydrunas Ilgauskas","name":"1_15_4_184"},{"num":15.5,"categoryName":"Larry Hughes","name":"1_15_4_255"},{"num":13.5,"categoryName":"Ronald Murray","name":"1_15_4_256"},{"num":10.7,"categoryName":"Drew Gooden","name":"1_15_4_246"},{"num":9.3,"categoryName":"Donyell Marshall","name":"1_15_4_257"},{"num":6.7,"categoryName":"Damon Jones","name":"1_15_4_258"},{"num":4.8,"categoryName":"Eric Snow","name":"1_15_4_250"},{"num":4.6,"categoryName":"Anderson Varejao","name":"1_15_4_247"},{"num":4.5,"categoryName":"Sasha Pavlovic","name":"1_15_4_248"},{"num":2.8,"categoryName":"Stephen Graham","name":"1_15_4_259"},{"num":2.7,"categoryName":"Luke Jackson","name":"1_15_4_251"},{"num":2.5,"categoryName":"Alan Henderson","name":"1_15_4_260"},{"num":2.3,"categoryName":"Zendon Hamilton","name":"1_15_4_261"},{"num":1.3,"categoryName":"Ira Newble","name":"1_15_4_240"},{"num":1.1,"categoryName":"Mike Wilks","name":"1_15_4_262"},{"num":0,"categoryName":"M. Andriuskevicius","name":"1_15_4_263"}],"name":"1_15_4_0"},{"num":96.8,"categoryName":"Detroit_Pistons","children":[{"num":20.1,"categoryName":"Richard Hamilton","name":"1_15_10_191"},{"num":18.5,"categoryName":"Chauncey Billups","name":"1_15_10_192"},{"num":15.1,"categoryName":"Rasheed Wallace","name":"1_15_10_198"},{"num":14.1,"categoryName":"Tayshaun Prince","name":"1_15_10_194"},{"num":7.8,"categoryName":"Tony Delk","name":"1_15_10_213"},{"num":7.8,"categoryName":"Antonio McDyess","name":"1_15_10_205"},{"num":7.3,"categoryName":"Ben Wallace","name":"1_15_10_177"},{"num":6.7,"categoryName":"Amir Johnson","name":"1_15_10_214"},{"num":5,"categoryName":"Maurice Evans","name":"1_15_10_215"},{"num":3.6,"categoryName":"Carlos Delfino","name":"1_15_10_207"},{"num":3.2,"categoryName":"Carlos Arroyo","name":"1_15_10_206"},{"num":2.9,"categoryName":"Lindsey Hunter","name":"1_15_10_120"},{"num":2.5,"categoryName":"Kelvin Cato","name":"1_15_10_216"},{"num":2.3,"categoryName":"Jason Maxiell","name":"1_15_10_217"},{"num":1.8,"categoryName":"Alex Acker","name":"1_15_10_218"},{"num":1.5,"categoryName":"Darko Milicic","name":"1_15_10_203"},{"num":0.9,"categoryName":"Dale Davis","name":"1_15_10_219"}],"name":"1_15_10_0"},{"num":93.9,"categoryName":"Indiana_Pacers","children":[{"num":20.1,"categoryName":"Jermaine O'Neal","name":"1_15_11_129"},{"num":19.5,"categoryName":"Peja Stojakovic","name":"1_15_11_158"},{"num":19.4,"categoryName":"Metta World Peace","name":"1_15_11_135"},{"num":16.4,"categoryName":"Stephen Jackson","name":"1_15_11_150"},{"num":9.6,"categoryName":"Fred Jones","name":"1_15_11_145"},{"num":9.3,"categoryName":"Jamaal Tinsley","name":"1_15_11_136"},{"num":9.2,"categoryName":"Anthony Johnson","name":"1_15_11_146"},{"num":8.2,"categoryName":"Austin Croshere","name":"1_15_11_120"},{"num":7.5,"categoryName":"Danny Granger","name":"1_15_11_159"},{"num":7.3,"categoryName":"S. Jasikevicius","name":"1_15_11_160"},{"num":5.9,"categoryName":"Jeff Foster","name":"1_15_11_127"},{"num":5.7,"categoryName":"David Harrison","name":"1_15_11_151"},{"num":5,"categoryName":"Jonathan Bender","name":"1_15_11_126"},{"num":3.8,"categoryName":"Scot Pollard","name":"1_15_11_148"},{"num":1.1,"categoryName":"Eddie Gill","name":"1_15_11_152"},{"num":0.3,"categoryName":"Samaki Walker","name":"1_15_11_161"}],"name":"1_15_11_0"},{"num":97.8,"categoryName":"Milwaukee_Bucks","children":[{"num":25.4,"categoryName":"Michael Redd","name":"1_15_13_166"},{"num":13.4,"categoryName":"Bobby Simmons","name":"1_15_13_198"},{"num":12.2,"categoryName":"T.J. Ford","name":"1_15_13_182"},{"num":12.1,"categoryName":"Mo Williams","name":"1_15_13_189"},{"num":9.4,"categoryName":"Andrew Bogut","name":"1_15_13_199"},{"num":9.2,"categoryName":"Jamaal Magloire","name":"1_15_13_200"},{"num":8.6,"categoryName":"Joe Smith","name":"1_15_13_180"},{"num":8.4,"categoryName":"Charlie Bell","name":"1_15_13_201"},{"num":5.2,"categoryName":"Dan Gadzuric","name":"1_15_13_176"},{"num":4.9,"categoryName":"Toni Kukoc","name":"1_15_13_173"},{"num":4.3,"categoryName":"Jiri Welsch","name":"1_15_13_202"},{"num":1.2,"categoryName":"Jermaine Jackson","name":"1_15_13_203"},{"num":1.1,"categoryName":"Reece Gaines","name":"1_15_13_197"},{"num":0.8,"categoryName":"Ervin Johnson","name":"1_15_13_139"},{"num":0.5,"categoryName":"Josh Davis","name":"1_15_13_204"}],"name":"1_15_13_0"}],"name":"1_15_0_0","num":483.90000000000003}],"name":"1_0_0_0","num":1462.4},{"categoryName":"Western","children":[{"categoryName":"Northwest","children":[{"num":100.3,"categoryName":"Denver_Nuggets","children":[{"num":26.5,"categoryName":"Carmelo Anthony","name":"2_34_1_1"},{"num":13.7,"categoryName":"Andre Miller","name":"2_34_1_3"},{"num":13.2,"categoryName":"Ruben Patterson","name":"2_34_1_18"},{"num":12.9,"categoryName":"Kenyon Martin","name":"2_34_1_2"},{"num":12.8,"categoryName":"Marcus Camby","name":"2_34_1_5"},{"num":12.6,"categoryName":"Earl Boykins","name":"2_34_1_4"},{"num":8.3,"categoryName":"Voshon Lenard","name":"2_34_1_6"},{"num":7.5,"categoryName":"Earl Watson","name":"2_34_1_19"},{"num":6.7,"categoryName":"Greg Buckner","name":"2_34_1_11"},{"num":6.1,"categoryName":"DerMarr Johnson","name":"2_34_1_9"},{"num":5.4,"categoryName":"Eduardo Najera","name":"2_34_1_10"},{"num":5.2,"categoryName":"Reggie Evans","name":"2_34_1_20"},{"num":4.9,"categoryName":"Francisco Elson","name":"2_34_1_14"},{"num":4.8,"categoryName":"Howard Eisley","name":"2_34_1_21"},{"num":3.5,"categoryName":"Linas Kleiza","name":"2_34_1_22"},{"num":0.9,"categoryName":"Julius Hodge","name":"2_34_1_23"},{"num":0,"categoryName":"Bryon Russell","name":"2_34_1_13"},{"num":0,"categoryName":"Charles Smith","name":"2_34_1_24"},{"num":0,"categoryName":" Nene","name":"2_34_1_7"}],"name":"2_34_1_0"},{"num":91.7,"categoryName":"Minnesota_Timberwolves","children":[{"num":21.8,"categoryName":"Kevin Garnett","name":"2_34_2_1"},{"num":20.1,"categoryName":"Wally Szczerbiak","name":"2_34_2_2"},{"num":19.1,"categoryName":"Ricky Davis","name":"2_34_2_15"},{"num":12,"categoryName":"Marcus Banks","name":"2_34_2_16"},{"num":10.2,"categoryName":"Mark Blount","name":"2_34_2_17"},{"num":9.5,"categoryName":"Troy Hudson","name":"2_34_2_6"},{"num":9.2,"categoryName":"Trenton Hassell","name":"2_34_2_8"},{"num":8.9,"categoryName":"Bracey Wright","name":"2_34_2_18"},{"num":7.9,"categoryName":"Rashad McCants","name":"2_34_2_19"},{"num":7.8,"categoryName":"Marko Jaric","name":"2_34_2_20"},{"num":6.3,"categoryName":"Justin Reed","name":"2_34_2_21"},{"num":6,"categoryName":"Michael Olowokandi","name":"2_34_2_9"},{"num":4.6,"categoryName":"Eddie Griffin","name":"2_34_2_7"},{"num":3.3,"categoryName":"Anthony Carter","name":"2_34_2_11"},{"num":2.6,"categoryName":"Richie Frahm","name":"2_34_2_22"},{"num":2.2,"categoryName":"Ronald Dupree","name":"2_34_2_23"},{"num":1.2,"categoryName":"Mark Madsen","name":"2_34_2_13"},{"num":0.6,"categoryName":"N. Tskitishvili","name":"2_34_2_24"}],"name":"2_34_2_0"},{"num":88.8,"categoryName":"Portland_Trail_Blazers","children":[{"num":18,"categoryName":"Zach Randolph","name":"2_34_3_1"},{"num":14,"categoryName":"Darius Miles","name":"2_34_3_4"},{"num":12.3,"categoryName":"Juan Dixon","name":"2_34_3_18"},{"num":11.4,"categoryName":"Ruben Patterson","name":"2_34_3_5"},{"num":9.5,"categoryName":"Sebastian Telfair","name":"2_34_3_8"},{"num":8.2,"categoryName":"Steve Blake","name":"2_34_3_19"},{"num":6.7,"categoryName":"Jarrett Jack","name":"2_34_3_20"},{"num":6.6,"categoryName":"Martell Webster","name":"2_34_3_21"},{"num":6.6,"categoryName":"Voshon Lenard","name":"2_34_3_22"},{"num":6.1,"categoryName":"Joel Przybilla","name":"2_34_3_9"},{"num":5.8,"categoryName":"Viktor Khryapa","name":"2_34_3_12"},{"num":5.8,"categoryName":"Travis Outlaw","name":"2_34_3_10"},{"num":4.9,"categoryName":"Theo Ratliff","name":"2_34_3_11"},{"num":3.8,"categoryName":"Brian Skinner","name":"2_34_3_23"},{"num":3.8,"categoryName":"Charles Smith","name":"2_34_3_24"},{"num":3.3,"categoryName":"Sergei Monia","name":"2_34_3_25"},{"num":1.6,"categoryName":"Ha Seung-Jin","name":"2_34_3_15"}],"name":"2_34_3_0"},{"num":102.6,"categoryName":"Seattle_Supersonics","children":[{"num":25.1,"categoryName":"Ray Allen","name":"2_34_4_1"},{"num":20.1,"categoryName":"Rashard Lewis","name":"2_34_4_2"},{"num":14.1,"categoryName":"Chris Wilcox","name":"2_34_4_16"},{"num":11.5,"categoryName":"Luke Ridnour","name":"2_34_4_5"},{"num":11.5,"categoryName":"Earl Watson","name":"2_34_4_17"},{"num":9.9,"categoryName":"Ronald Murray","name":"2_34_4_7"},{"num":9.3,"categoryName":"V. Radmanovic","name":"2_34_4_3"},{"num":7.5,"categoryName":"Nick Collison","name":"2_34_4_9"},{"num":6.5,"categoryName":"Damien Wilkins","name":"2_34_4_8"},{"num":6.4,"categoryName":"Robert Swift","name":"2_34_4_13"},{"num":5.9,"categoryName":"Reggie Evans","name":"2_34_4_11"},{"num":5.2,"categoryName":"Johan Petro","name":"2_34_4_18"},{"num":4.4,"categoryName":"Mike Wilks","name":"2_34_4_19"},{"num":3.8,"categoryName":"Danny Fortson","name":"2_34_4_6"},{"num":3.3,"categoryName":"Mikki Moore","name":"2_34_4_20"},{"num":3.1,"categoryName":"Vitaly Potapenko","name":"2_34_4_12"},{"num":2.7,"categoryName":"Mateen Cleaves","name":"2_34_4_14"},{"num":2.5,"categoryName":"Rick Brunson","name":"2_34_4_21"},{"num":1.5,"categoryName":"Noel Felix","name":"2_34_4_22"}],"name":"2_34_4_0"},{"num":92.4,"categoryName":"Utah_Jazz","children":[{"num":18,"categoryName":"Mehmet Okur","name":"2_34_5_4"},{"num":16.3,"categoryName":"Carlos Boozer","name":"2_34_5_1"},{"num":15.3,"categoryName":"Andrei Kirilenko","name":"2_34_5_2"},{"num":12.5,"categoryName":"Matt Harpring","name":"2_34_5_3"},{"num":10.8,"categoryName":"Deron Williams","name":"2_34_5_18"},{"num":10.6,"categoryName":"Gordan Giricek","name":"2_34_5_6"},{"num":7.5,"categoryName":"Devin Brown","name":"2_34_5_19"},{"num":6.2,"categoryName":"Milt Palacio","name":"2_34_5_20"},{"num":5.6,"categoryName":"Keith McLeod","name":"2_34_5_8"},{"num":5.3,"categoryName":"Jarron Collins","name":"2_34_5_13"},{"num":3.4,"categoryName":"C.J. Miles","name":"2_34_5_21"},{"num":3,"categoryName":"Kris Humphries","name":"2_34_5_14"},{"num":3,"categoryName":"Andre Owens","name":"2_34_5_22"},{"num":2.4,"categoryName":"Greg Ostertag","name":"2_34_5_23"},{"num":2.1,"categoryName":"Robert Whaley","name":"2_34_5_24"}],"name":"2_34_5_0"}],"name":"2_34_0_0","num":475.79999999999995},{"categoryName":"Pacific","children":[{"num":98.5,"categoryName":"Golden_State_Warriors","children":[{"num":23.2,"categoryName":"Jason Richardson","name":"2_33_6_233"},{"num":17.9,"categoryName":"Baron Davis","name":"2_33_6_257"},{"num":14,"categoryName":"Troy Murphy","name":"2_33_6_235"},{"num":13.3,"categoryName":"Derek Fisher","name":"2_33_6_258"},{"num":11.5,"categoryName":"Mike Dunleavy, Jr.","name":"2_33_6_240"},{"num":9.3,"categoryName":"Mickael Pietrus","name":"2_33_6_250"},{"num":7,"categoryName":"Ike Diogu","name":"2_33_6_267"},{"num":6.8,"categoryName":"Monta Ellis","name":"2_33_6_268"},{"num":4.5,"categoryName":"Adonal Foyle","name":"2_33_6_200"},{"num":3.8,"categoryName":"Andris Biedrins","name":"2_33_6_261"},{"num":3.6,"categoryName":"Will Bynum","name":"2_33_6_269"},{"num":3.3,"categoryName":"Zarko Cabarkapa","name":"2_33_6_259"},{"num":2.8,"categoryName":"Chris Taft","name":"2_33_6_270"},{"num":2.2,"categoryName":"Calbert Cheaney","name":"2_33_6_249"},{"num":0.8,"categoryName":"Aaron Miles","name":"2_33_6_271"}],"name":"2_33_6_0"},{"num":97.2,"categoryName":"Los_Angeles_Clippers","children":[{"num":24.7,"categoryName":"Elton Brand","name":"2_33_10_148"},{"num":17.8,"categoryName":"Corey Maggette","name":"2_33_10_139"},{"num":17.2,"categoryName":"Sam Cassell","name":"2_33_10_177"},{"num":14.8,"categoryName":"Cuttino Mobley","name":"2_33_10_178"},{"num":11.9,"categoryName":"Chris Kaman","name":"2_33_10_162"},{"num":10.7,"categoryName":"V. Radmanovic","name":"2_33_10_179"},{"num":5.8,"categoryName":"Shaun Livingston","name":"2_33_10_166"},{"num":4.7,"categoryName":"Quinton Ross","name":"2_33_10_171"},{"num":4.7,"categoryName":"Zeljko Rebraca","name":"2_33_10_168"},{"num":4.5,"categoryName":"Chris Wilcox","name":"2_33_10_158"},{"num":3.8,"categoryName":"Daniel Ewing","name":"2_33_10_180"},{"num":3.4,"categoryName":"James Singleton","name":"2_33_10_181"},{"num":3.4,"categoryName":"Vin Baker","name":"2_33_10_182"},{"num":2.4,"categoryName":"Walter McCarty","name":"2_33_10_183"},{"num":2.2,"categoryName":"Boniface N'Dong","name":"2_33_10_184"},{"num":1.1,"categoryName":"Yaroslav Korolev","name":"2_33_10_185"},{"num":0.7,"categoryName":"Howard Eisley","name":"2_33_10_186"},{"num":0.7,"categoryName":"Anthony Goldwire","name":"2_33_10_187"}],"name":"2_33_10_0"},{"num":99.4,"categoryName":"Los_Angeles_Lakers","children":[{"num":35.4,"categoryName":"Kobe Bryant","name":"2_33_1_159"},{"num":14.8,"categoryName":"Lamar Odom","name":"2_33_1_208"},{"num":11.5,"categoryName":"Smush Parker","name":"2_33_1_216"},{"num":10.2,"categoryName":"Chris Mihm","name":"2_33_1_210"},{"num":7.9,"categoryName":"Brian Cook","name":"2_33_1_202"},{"num":7.4,"categoryName":"Kwame Brown","name":"2_33_1_217"},{"num":6.3,"categoryName":"Devean George","name":"2_33_1_181"},{"num":5,"categoryName":"Luke Walton","name":"2_33_1_205"},{"num":4.2,"categoryName":"Laron Profit","name":"2_33_1_218"},{"num":3.9,"categoryName":"Sasha Vujacic","name":"2_33_1_214"},{"num":2,"categoryName":"Ronny Turiaf","name":"2_33_1_219"},{"num":1.7,"categoryName":"Jim Jackson","name":"2_33_1_220"},{"num":1.6,"categoryName":"Andrew Bynum","name":"2_33_1_221"},{"num":1.3,"categoryName":"Von Wafer","name":"2_33_1_222"},{"num":1,"categoryName":"Slava Medvedenko","name":"2_33_1_187"},{"num":0.9,"categoryName":"Devin Green","name":"2_33_1_223"},{"num":0.5,"categoryName":"Aaron McKie","name":"2_33_1_224"}],"name":"2_33_1_0"},{"num":108.4,"categoryName":"Phoenix_Suns","children":[{"num":21.8,"categoryName":"Shawn Marion","name":"2_33_8_176"},{"num":18.8,"categoryName":"Steve Nash","name":"2_33_8_151"},{"num":14.7,"categoryName":"Raja Bell","name":"2_33_8_220"},{"num":13.3,"categoryName":"Boris Diaw","name":"2_33_8_221"},{"num":13.1,"categoryName":"Leandro Barbosa","name":"2_33_8_203"},{"num":11,"categoryName":"Tim Thomas","name":"2_33_8_222"},{"num":9.8,"categoryName":"Eddie House","name":"2_33_8_223"},{"num":9.3,"categoryName":"James Jones","name":"2_33_8_224"},{"num":8.7,"categoryName":"Amar'e Stoudemire","name":"2_33_8_198"},{"num":8.6,"categoryName":"Kurt Thomas","name":"2_33_8_225"},{"num":4.5,"categoryName":"Andre Barrett","name":"2_33_8_226"},{"num":4,"categoryName":"Josh Davis","name":"2_33_8_227"},{"num":3.7,"categoryName":"Jim Jackson","name":"2_33_8_213"},{"num":3.4,"categoryName":"Pat Burke","name":"2_33_8_228"},{"num":2.9,"categoryName":"Brian Grant","name":"2_33_8_229"},{"num":2.8,"categoryName":"Dijon Thompson","name":"2_33_8_230"},{"num":2.8,"categoryName":"N. Tskitishvili","name":"2_33_8_231"},{"num":1.3,"categoryName":"Sharrod Ford","name":"2_33_8_232"}],"name":"2_33_8_0"},{"num":98.9,"categoryName":"Sacramento_Kings","children":[{"num":21.1,"categoryName":"Mike Bibby","name":"2_33_11_114"},{"num":16.9,"categoryName":"Metta World Peace","name":"2_33_11_137"},{"num":16.5,"categoryName":"Peja Stojakovic","name":"2_33_11_97"},{"num":15,"categoryName":"Brad Miller","name":"2_33_11_122"},{"num":13.6,"categoryName":"Bonzi Wells","name":"2_33_11_138"},{"num":12.3,"categoryName":"S. Abdur-Rahim","name":"2_33_11_139"},{"num":10.8,"categoryName":"Kevin Martin","name":"2_33_11_133"},{"num":9.1,"categoryName":"Kenny Thomas","name":"2_33_11_128"},{"num":5.6,"categoryName":"Francisco Garcia","name":"2_33_11_140"},{"num":3.4,"categoryName":"Corliss Williamson","name":"2_33_11_75"},{"num":3.3,"categoryName":"Jason Hart","name":"2_33_11_141"},{"num":2.3,"categoryName":"Brian Skinner","name":"2_33_11_129"},{"num":2.1,"categoryName":"Ronnie Price","name":"2_33_11_142"},{"num":1.1,"categoryName":"Vitaly Potapenko","name":"2_33_11_143"},{"num":0.8,"categoryName":"Jamal Sampson","name":"2_33_11_144"},{"num":0.7,"categoryName":"Sergei Monia","name":"2_33_11_145"}],"name":"2_33_11_0"}],"name":"2_33_0_0","num":502.4},{"categoryName":"Southwest","children":[{"num":99.1,"categoryName":"Dallas_Mavericks","children":[{"num":26.6,"categoryName":"Dirk Nowitzki","name":"2_35_1_1"},{"num":17.1,"categoryName":"Jason Terry","name":"2_35_1_5"},{"num":15.6,"categoryName":"Josh Howard","name":"2_35_1_4"},{"num":13,"categoryName":"Jerry Stackhouse","name":"2_35_1_3"},{"num":10.2,"categoryName":"Marquis Daniels","name":"2_35_1_8"},{"num":9.9,"categoryName":"Devin Harris","name":"2_35_1_9"},{"num":8.9,"categoryName":"Keith Van Horn","name":"2_35_1_6"},{"num":5.7,"categoryName":"Erick Dampier","name":"2_35_1_7"},{"num":4.6,"categoryName":"Adrian Griffin","name":"2_35_1_17"},{"num":3.7,"categoryName":"Doug Christie","name":"2_35_1_18"},{"num":3.1,"categoryName":"Rawle Marshall","name":"2_35_1_19"},{"num":3,"categoryName":"Pavel Podkolzin","name":"2_35_1_16"},{"num":3,"categoryName":"Josh Powell","name":"2_35_1_20"},{"num":2.3,"categoryName":"DeSagana Diop","name":"2_35_1_21"},{"num":2.1,"categoryName":"Darrell Armstrong","name":"2_35_1_13"},{"num":1.7,"categoryName":"D.J. Mbenga","name":"2_35_1_15"}],"name":"2_35_1_0"},{"num":90.1,"categoryName":"Houston_Rockets","children":[{"num":24.4,"categoryName":"Tracy McGrady","name":"2_35_2_1"},{"num":22.3,"categoryName":"Yao Ming","name":"2_35_2_2"},{"num":12.1,"categoryName":"Rafer Alston","name":"2_35_2_24"},{"num":11.8,"categoryName":"Juwan Howard","name":"2_35_2_7"},{"num":10.8,"categoryName":"Derek Anderson","name":"2_35_2_25"},{"num":9.9,"categoryName":"David Wesley","name":"2_35_2_5"},{"num":8.9,"categoryName":"Stromile Swift","name":"2_35_2_26"},{"num":8.8,"categoryName":"Luther Head","name":"2_35_2_27"},{"num":8.5,"categoryName":"Keith Bogans","name":"2_35_2_28"},{"num":5.3,"categoryName":"Richie Frahm","name":"2_35_2_29"},{"num":4.3,"categoryName":"Jon Barry","name":"2_35_2_9"},{"num":3.7,"categoryName":"Chuck Hayes","name":"2_35_2_30"},{"num":3.6,"categoryName":"Lonny Baxter","name":"2_35_2_31"},{"num":2.8,"categoryName":"Stephen Graham","name":"2_35_2_32"},{"num":2.6,"categoryName":"Dikembe Mutombo","name":"2_35_2_13"},{"num":2.3,"categoryName":"John Lucas III","name":"2_35_2_33"},{"num":2.2,"categoryName":"Moochie Norris","name":"2_35_2_20"},{"num":1.9,"categoryName":"Rick Brunson","name":"2_35_2_34"},{"num":1.3,"categoryName":"Ryan Bowen","name":"2_35_2_19"},{"num":1,"categoryName":"Maciej Lampe","name":"2_35_2_35"},{"num":0,"categoryName":"Josh Davis","name":"2_35_2_36"}],"name":"2_35_2_0"},{"num":92.2,"categoryName":"Memphis_Grizzlies","children":[{"num":20.4,"categoryName":"Pau Gasol","name":"2_35_3_1"},{"num":13.7,"categoryName":"Mike Miller","name":"2_35_3_2"},{"num":11.8,"categoryName":"Eddie Jones","name":"2_35_3_16"},{"num":11.7,"categoryName":"Damon Stoudamire","name":"2_35_3_17"},{"num":11.4,"categoryName":"Chucky Atkins","name":"2_35_3_18"},{"num":11.4,"categoryName":"Bobby Jackson","name":"2_35_3_19"},{"num":10.1,"categoryName":"Shane Battier","name":"2_35_3_6"},{"num":5.8,"categoryName":"Lorenzen Wright","name":"2_35_3_7"},{"num":5,"categoryName":"Jake Tsakalidis","name":"2_35_3_14"},{"num":4.1,"categoryName":"Hakim Warrick","name":"2_35_3_20"},{"num":4,"categoryName":"Dahntay Jones","name":"2_35_3_11"},{"num":3.4,"categoryName":"Brian Cardinal","name":"2_35_3_8"},{"num":2.2,"categoryName":"Anthony Roberson","name":"2_35_3_21"},{"num":2,"categoryName":"Antonio Burks","name":"2_35_3_12"},{"num":1.5,"categoryName":"Lawrence Roberts","name":"2_35_3_22"},{"num":1.3,"categoryName":"John Thomas","name":"2_35_3_23"}],"name":"2_35_3_0"},{"num":92.8,"categoryName":"New_Orleans/Oklahoma_City_Hornets","children":[{"num":17.1,"categoryName":"David West","name":"2_35_6_1"},{"num":16.1,"categoryName":"Chris Paul","name":"2_35_6_2"},{"num":12.3,"categoryName":"Speedy Claxton","name":"2_35_6_3"},{"num":10.8,"categoryName":"Desmond Mason","name":"2_35_6_4"},{"num":9.1,"categoryName":"Marc Jackson","name":"2_35_6_5"},{"num":9,"categoryName":"P.J. Brown","name":"2_35_6_6"},{"num":8.7,"categoryName":"Rasual Butler","name":"2_35_6_7"},{"num":8,"categoryName":"Kirk Snyder","name":"2_35_6_8"},{"num":7.7,"categoryName":"J.R. Smith","name":"2_35_6_9"},{"num":6.7,"categoryName":"Marcus Fizer","name":"2_35_6_10"},{"num":5.8,"categoryName":"Aaron Williams","name":"2_35_6_11"},{"num":5.3,"categoryName":"Linton Johnson","name":"2_35_6_12"},{"num":5,"categoryName":"Bostjan Nachbar","name":"2_35_6_13"},{"num":5,"categoryName":"Chris Andersen","name":"2_35_6_14"},{"num":3.8,"categoryName":"Moochie Norris","name":"2_35_6_15"},{"num":2.3,"categoryName":"Brandon Bass","name":"2_35_6_16"},{"num":2.3,"categoryName":"A. Macijauskas","name":"2_35_6_17"},{"num":1.8,"categoryName":"Jackson Vroman","name":"2_35_6_18"},{"num":0,"categoryName":"Maciej Lampe","name":"2_35_6_19"}],"name":"2_35_6_0"},{"num":95.6,"categoryName":"San_Antonio_Spurs","children":[{"num":18.9,"categoryName":"Tony Parker","name":"2_35_5_2"},{"num":18.6,"categoryName":"Tim Duncan","name":"2_35_5_1"},{"num":15.1,"categoryName":"Manu Ginobili","name":"2_35_5_3"},{"num":10.1,"categoryName":"Michael Finley","name":"2_35_5_18"},{"num":7.5,"categoryName":"Bruce Bowen","name":"2_35_5_5"},{"num":6.2,"categoryName":"Nazr Mohammed","name":"2_35_5_9"},{"num":5.8,"categoryName":"Brent Barry","name":"2_35_5_6"},{"num":5.5,"categoryName":"Nick Van Exel","name":"2_35_5_19"},{"num":5.1,"categoryName":"Robert Horry","name":"2_35_5_10"},{"num":5.1,"categoryName":"Beno Udrih","name":"2_35_5_11"},{"num":4.5,"categoryName":"Rasho Nesterovic","name":"2_35_5_12"},{"num":3.2,"categoryName":"Sean Marks","name":"2_35_5_14"},{"num":2.6,"categoryName":"Melvin Sanders","name":"2_35_5_20"},{"num":1.7,"categoryName":"Fabricio Oberto","name":"2_35_5_21"},{"num":0,"categoryName":"Alex Scales","name":"2_35_5_22"}],"name":"2_35_5_0"}],"name":"2_35_0_0","num":469.79999999999995}],"name":"2_0_0_0","num":1448}],"num":2910.4}