{"year":1983,"name":"root","categoryName":"root","children":[{"categoryName":"Eastern","children":[{"categoryName":"Atlantic","children":[{"num":112.1,"categoryName":"Boston_Celtics","children":[{"num":24.2,"categoryName":"Larry Bird","name":"1_14_1_52"},{"num":19,"categoryName":"Robert Parish","name":"1_14_1_57"},{"num":18.4,"categoryName":"Kevin McHale","name":"1_14_1_58"},{"num":13.2,"categoryName":"Dennis Johnson","name":"1_14_1_67"},{"num":11.9,"categoryName":"Cedric Maxwell","name":"1_14_1_36"},{"num":11.6,"categoryName":"Gerald Henderson","name":"1_14_1_55"},{"num":5.4,"categoryName":"Danny Ainge","name":"1_14_1_61"},{"num":4.8,"categoryName":"Scott Wedman","name":"1_14_1_65"},{"num":4.1,"categoryName":"Quinn Buckner","name":"1_14_1_64"},{"num":3.1,"categoryName":"M.L. Carr","name":"1_14_1_54"},{"num":1.9,"categoryName":"Greg Kite","name":"1_14_1_68"},{"num":1.7,"categoryName":"Carlos Clark","name":"1_14_1_69"}],"name":"1_14_1_0"},{"num":110,"categoryName":"New_Jersey_Nets","children":[{"num":19.8,"categoryName":"Otis Birdsong","name":"1_14_6_42"},{"num":16.8,"categoryName":"Darryl Dawkins","name":"1_14_6_53"},{"num":15.7,"categoryName":"Buck Williams","name":"1_14_6_41"},{"num":14.7,"categoryName":"Albert King","name":"1_14_6_43"},{"num":12,"categoryName":"M.R. Richardson","name":"1_14_6_52"},{"num":9.5,"categoryName":"Kelvin Ransey","name":"1_14_6_58"},{"num":8.7,"categoryName":"Darwin Cook","name":"1_14_6_33"},{"num":7.6,"categoryName":"Mike Gminski","name":"1_14_6_32"},{"num":5.9,"categoryName":"Mike O'Koren","name":"1_14_6_34"},{"num":4.8,"categoryName":"Reggie Johnson","name":"1_14_6_59"},{"num":4.5,"categoryName":"Bill Willoughby","name":"1_14_6_57"},{"num":2.6,"categoryName":"Foots Walker","name":"1_14_6_38"},{"num":1.6,"categoryName":"Bruce Kuczenski","name":"1_14_6_60"},{"num":1.2,"categoryName":"Mark Jones","name":"1_14_6_61"}],"name":"1_14_6_0"},{"num":106.9,"categoryName":"New_York_Knicks","children":[{"num":26.3,"categoryName":"Bernard King","name":"1_14_3_70"},{"num":17,"categoryName":"Bill Cartwright","name":"1_14_3_56"},{"num":14.8,"categoryName":"Ray Williams","name":"1_14_3_44"},{"num":10.8,"categoryName":"Truck Robinson","name":"1_14_3_72"},{"num":10.4,"categoryName":"Rory Sparrow","name":"1_14_3_71"},{"num":8.9,"categoryName":"Louis Orr","name":"1_14_3_74"},{"num":7.9,"categoryName":"Darrell Walker","name":"1_14_3_80"},{"num":7.6,"categoryName":"Trent Tucker","name":"1_14_3_73"},{"num":5.2,"categoryName":"Ernie Grunfeld","name":"1_14_3_76"},{"num":4.4,"categoryName":"Rudy Macklin","name":"1_14_3_81"},{"num":3.8,"categoryName":"Marvin Webster","name":"1_14_3_48"},{"num":2.6,"categoryName":"Eric Fernsten","name":"1_14_3_82"},{"num":2.4,"categoryName":"Len Elmore","name":"1_14_3_83"}],"name":"1_14_3_0"},{"num":107.8,"categoryName":"Philadelphia_76ers","children":[{"num":22.7,"categoryName":"Moses Malone","name":"1_14_4_82"},{"num":22.4,"categoryName":"Julius Erving","name":"1_14_4_57"},{"num":20.4,"categoryName":"Andrew Toney","name":"1_14_4_76"},{"num":12.7,"categoryName":"Maurice Cheeks","name":"1_14_4_68"},{"num":8.3,"categoryName":"Bobby Jones","name":"1_14_4_66"},{"num":7.6,"categoryName":"Clint Richardson","name":"1_14_4_73"},{"num":7.1,"categoryName":"Wes Matthews","name":"1_14_4_89"},{"num":6.7,"categoryName":"Sam Williams","name":"1_14_4_90"},{"num":5.7,"categoryName":"Clemon Johnson","name":"1_14_4_83"},{"num":5.1,"categoryName":"Marc Iavaroni","name":"1_14_4_86"},{"num":3.4,"categoryName":"Franklin Edwards","name":"1_14_4_81"},{"num":3.3,"categoryName":"Sedale Threatt","name":"1_14_4_91"},{"num":1.7,"categoryName":"Leo Rautins","name":"1_14_4_92"},{"num":1,"categoryName":"Charles Jones","name":"1_14_4_93"},{"num":1,"categoryName":"Bruce Kuczenski","name":"1_14_4_94"}],"name":"1_14_4_0"},{"num":105.6,"categoryName":"Washington_Bullets","children":[{"num":17.8,"categoryName":"Elvin Hayes","name":"1_14_7_1"},{"num":17.2,"categoryName":"Kevin Grevey","name":"1_14_7_3"},{"num":15.5,"categoryName":"Greg Ballard","name":"1_14_7_9"},{"num":13.4,"categoryName":"Kevin Porter","name":"1_14_7_15"},{"num":12.5,"categoryName":"Mitch Kupchak","name":"1_14_7_4"},{"num":12.3,"categoryName":"Wes Matthews","name":"1_14_7_20"},{"num":10,"categoryName":"Bob Dandridge","name":"1_14_7_2"},{"num":9.8,"categoryName":"Don Collins","name":"1_14_7_21"},{"num":8,"categoryName":"Wes Unseld","name":"1_14_7_5"},{"num":7.2,"categoryName":"Carlos Terry","name":"1_14_7_22"},{"num":4.9,"categoryName":"Austin Carr","name":"1_14_7_23"},{"num":4.9,"categoryName":"Anthony Roberts","name":"1_14_7_24"},{"num":4.8,"categoryName":"Rick Mahorn","name":"1_14_7_25"},{"num":4.7,"categoryName":"John Williamson","name":"1_14_7_13"},{"num":2.8,"categoryName":"Andre McCarter","name":"1_14_7_26"},{"num":2,"categoryName":"Keith McCord","name":"1_14_7_27"},{"num":2,"categoryName":"Dave Britton","name":"1_14_7_28"},{"num":1,"categoryName":"Lewis Brown","name":"1_14_7_29"}],"name":"1_14_7_0"}],"name":"1_14_0_0","num":542.4},{"categoryName":"Central","children":[{"num":101.5,"categoryName":"Atlanta_Hawks","children":[{"num":21.6,"categoryName":"Dominique Wilkins","name":"1_15_1_79"},{"num":18.9,"categoryName":"Dan Roundfield","name":"1_15_1_60"},{"num":13.2,"categoryName":"Eddie Johnson","name":"1_15_1_55"},{"num":12.3,"categoryName":"Johnny Davis","name":"1_15_1_80"},{"num":9.3,"categoryName":"Doc Rivers","name":"1_15_1_86"},{"num":8.6,"categoryName":"Tree Rollins","name":"1_15_1_58"},{"num":8.4,"categoryName":"Mike Glenn","name":"1_15_1_75"},{"num":8.3,"categoryName":"Wes Matthews","name":"1_15_1_70"},{"num":8.1,"categoryName":"Sly Williams","name":"1_15_1_87"},{"num":4.5,"categoryName":"Randy Wittman","name":"1_15_1_88"},{"num":4.5,"categoryName":"Scott Hastings","name":"1_15_1_85"},{"num":3.5,"categoryName":"Rickey Brown","name":"1_15_1_82"},{"num":3,"categoryName":"Armond Hill","name":"1_15_1_49"},{"num":2.9,"categoryName":"John Pinone","name":"1_15_1_89"},{"num":2.6,"categoryName":"Charlie Criss","name":"1_15_1_53"},{"num":2.2,"categoryName":"Billy Paultz","name":"1_15_1_90"},{"num":1.5,"categoryName":"Mark Landsberger","name":"1_15_1_91"}],"name":"1_15_1_0"},{"num":103.7,"categoryName":"Chicago_Bulls","children":[{"num":19.3,"categoryName":"Orlando Woolridge","name":"1_15_12_14"},{"num":18.2,"categoryName":"Quintin Dailey","name":"1_15_12_19"},{"num":12.4,"categoryName":"Mitchell Wiggins","name":"1_15_12_27"},{"num":12.2,"categoryName":"Dave Corzine","name":"1_15_12_20"},{"num":12.2,"categoryName":"Dave Greenwood","name":"1_15_12_3"},{"num":9.4,"categoryName":"Steve Johnson","name":"1_15_12_28"},{"num":8.7,"categoryName":"Reggie Theus","name":"1_15_12_1"},{"num":8.4,"categoryName":"Ennis Whatley","name":"1_15_12_29"},{"num":6.4,"categoryName":"Rod Higgins","name":"1_15_12_21"},{"num":5.4,"categoryName":"Ronnie Lester","name":"1_15_12_11"},{"num":5.2,"categoryName":"Sidney Green","name":"1_15_12_30"},{"num":4.1,"categoryName":"Wallace Bryant","name":"1_15_12_31"},{"num":4,"categoryName":"Jawann Oldham","name":"1_15_12_23"}],"name":"1_15_12_0"},{"num":102.3,"categoryName":"Cleveland_Cavaliers","children":[{"num":22.3,"categoryName":"World B. Free","name":"1_15_4_87"},{"num":17.8,"categoryName":"Cliff Robinson","name":"1_15_4_73"},{"num":10.8,"categoryName":"Phil Hubbard","name":"1_15_4_78"},{"num":10.8,"categoryName":"Lonnie Shelton","name":"1_15_4_97"},{"num":10.5,"categoryName":"Geoff Huston","name":"1_15_4_64"},{"num":9,"categoryName":"Paul Thompson","name":"1_15_4_98"},{"num":8.9,"categoryName":"John Bagley","name":"1_15_4_91"},{"num":5.8,"categoryName":"Jeff Cook","name":"1_15_4_89"},{"num":5.5,"categoryName":"Roy Hinson","name":"1_15_4_99"},{"num":4.5,"categoryName":"Stewart Granger","name":"1_15_4_100"},{"num":4,"categoryName":"John Garris","name":"1_15_4_101"},{"num":3.6,"categoryName":"Ben Poquette","name":"1_15_4_102"},{"num":0.7,"categoryName":"Geoff Crompton","name":"1_15_4_103"}],"name":"1_15_4_0"},{"num":117.1,"categoryName":"Detroit_Pistons","children":[{"num":21.3,"categoryName":"Isiah Thomas","name":"1_15_10_44"},{"num":21.3,"categoryName":"Kelly Tripucka","name":"1_15_10_43"},{"num":17.3,"categoryName":"Bill Laimbeer","name":"1_15_10_45"},{"num":16.3,"categoryName":"John Long","name":"1_15_10_3"},{"num":13,"categoryName":"Vinnie Johnson","name":"1_15_10_47"},{"num":8.8,"categoryName":"Terry Tyler","name":"1_15_10_5"},{"num":7.3,"categoryName":"Cliff Levingston","name":"1_15_10_54"},{"num":7.1,"categoryName":"Kent Benson","name":"1_15_10_23"},{"num":3.1,"categoryName":"Ray Tolbert","name":"1_15_10_55"},{"num":2.6,"categoryName":"Earl Cureton","name":"1_15_10_63"},{"num":2.6,"categoryName":"Walker Russell","name":"1_15_10_58"},{"num":1.8,"categoryName":"Lionel Hollins","name":"1_15_10_64"},{"num":1.7,"categoryName":"Ken Austin","name":"1_15_10_65"},{"num":1.7,"categoryName":"David Thirdkill","name":"1_15_10_66"}],"name":"1_15_10_0"},{"num":104.5,"categoryName":"Indiana_Pacers","children":[{"num":19.1,"categoryName":"Clark Kellogg","name":"1_15_11_28"},{"num":14.9,"categoryName":"Herb Williams","name":"1_15_11_24"},{"num":13.4,"categoryName":"Butch Carter","name":"1_15_11_26"},{"num":13,"categoryName":"George Johnson","name":"1_15_11_17"},{"num":12,"categoryName":"Steve Stipanovich","name":"1_15_11_35"},{"num":11.5,"categoryName":"Jerry Sichting","name":"1_15_11_22"},{"num":7,"categoryName":"Brook Steppe","name":"1_15_11_36"},{"num":6.3,"categoryName":"Kevin McKenna","name":"1_15_11_37"},{"num":6.3,"categoryName":"Jim Thomas","name":"1_15_11_38"},{"num":4.5,"categoryName":"Leroy Combs","name":"1_15_11_39"},{"num":4.2,"categoryName":"Sidney Lowe","name":"1_15_11_40"},{"num":3.6,"categoryName":"Granville Waiters","name":"1_15_11_41"},{"num":3,"categoryName":"Tracy Jackson","name":"1_15_11_42"},{"num":2.8,"categoryName":"Bruce Kuczenski","name":"1_15_11_43"}],"name":"1_15_11_0"},{"num":105.7,"categoryName":"Milwaukee_Bucks","children":[{"num":20.9,"categoryName":"Sidney Moncrief","name":"1_15_13_4"},{"num":20.7,"categoryName":"Marques Johnson","name":"1_15_13_1"},{"num":15.1,"categoryName":"Junior Bridgeman","name":"1_15_13_2"},{"num":13.6,"categoryName":"Bob Lanier","name":"1_15_13_3"},{"num":11.2,"categoryName":"Mike Dunleavy","name":"1_15_13_27"},{"num":8.3,"categoryName":"Paul Pressey","name":"1_15_13_21"},{"num":7.6,"categoryName":"Alton Lister","name":"1_15_13_15"},{"num":7.4,"categoryName":"Tiny Archibald","name":"1_15_13_28"},{"num":7,"categoryName":"Kevin Grevey","name":"1_15_13_29"},{"num":6,"categoryName":"Lorenzo Romar","name":"1_15_13_30"},{"num":5,"categoryName":"Charlie Criss","name":"1_15_13_22"},{"num":3.8,"categoryName":"Paul Mokeski","name":"1_15_13_25"},{"num":2.9,"categoryName":"Randy Breuer","name":"1_15_13_31"},{"num":2.1,"categoryName":"Harvey Catchings","name":"1_15_13_10"},{"num":2,"categoryName":"Rory White","name":"1_15_13_32"},{"num":1,"categoryName":"Linton Townes","name":"1_15_13_33"}],"name":"1_15_13_0"}],"name":"1_15_0_0","num":634.8000000000001}],"name":"1_0_0_0","num":1177.2},{"categoryName":"Western","children":[{"categoryName":"Midwest","children":[{"num":110.4,"categoryName":"Dallas_Mavericks","children":[{"num":29.5,"categoryName":"Mark Aguirre","name":"2_32_10_23"},{"num":22.4,"categoryName":"Rolando Blackman","name":"2_32_10_24"},{"num":13.1,"categoryName":"Pat Cummings","name":"2_32_10_29"},{"num":11.1,"categoryName":"Brad Davis","name":"2_32_10_5"},{"num":11,"categoryName":"Jay Vincent","name":"2_32_10_22"},{"num":8.2,"categoryName":"Dale Ellis","name":"2_32_10_33"},{"num":7.9,"categoryName":"Kurt Nimphius","name":"2_32_10_28"},{"num":5.7,"categoryName":"Derek Harper","name":"2_32_10_34"},{"num":5.1,"categoryName":"Bill Garnett","name":"2_32_10_31"},{"num":3.4,"categoryName":"Jim Spanarkel","name":"2_32_10_2"},{"num":2.9,"categoryName":"Elston Turner","name":"2_32_10_26"},{"num":2.1,"categoryName":"Roger Phegley","name":"2_32_10_35"},{"num":1.1,"categoryName":"Mark West","name":"2_32_10_36"}],"name":"2_32_10_0"},{"num":123.7,"categoryName":"Denver_Nuggets","children":[{"num":29.4,"categoryName":"Kiki Vandeweghe","name":"2_32_7_38"},{"num":26.4,"categoryName":"Alex English","name":"2_32_7_32"},{"num":19.8,"categoryName":"Dan Issel","name":"2_32_7_2"},{"num":10.2,"categoryName":"Rob Williams","name":"2_32_7_50"},{"num":8.5,"categoryName":"Richard Anderson","name":"2_32_7_55"},{"num":8.1,"categoryName":"Mike Evans","name":"2_32_7_51"},{"num":7.1,"categoryName":"Danny Schayes","name":"2_32_7_49"},{"num":6.2,"categoryName":"Howard Carter","name":"2_32_7_56"},{"num":5.7,"categoryName":"T.R. Dunn","name":"2_32_7_44"},{"num":5.4,"categoryName":"Bill Hanzlik","name":"2_32_7_52"},{"num":4.3,"categoryName":"Keith Edmonson","name":"2_32_7_57"},{"num":4.3,"categoryName":"Anthony Roberts","name":"2_32_7_17"},{"num":2.1,"categoryName":"Kenny Dennard","name":"2_32_7_58"},{"num":1.9,"categoryName":"Dave Robisch","name":"2_32_7_40"}],"name":"2_32_7_0"},{"num":110.6,"categoryName":"Houston_Rockets","children":[{"num":21,"categoryName":"Ralph Sampson","name":"2_32_11_24"},{"num":17.8,"categoryName":"Lewis Lloyd","name":"2_32_11_25"},{"num":14,"categoryName":"Robert Reid","name":"2_32_11_3"},{"num":11.5,"categoryName":"Allen Leavell","name":"2_32_11_6"},{"num":10.8,"categoryName":"Rodney McCray","name":"2_32_11_26"},{"num":9.9,"categoryName":"Caldwell Jones","name":"2_32_11_21"},{"num":8.8,"categoryName":"James Bailey","name":"2_32_11_17"},{"num":7.1,"categoryName":"Phil Ford","name":"2_32_11_27"},{"num":5,"categoryName":"Terry Teagle","name":"2_32_11_18"},{"num":5,"categoryName":"Elvin Hayes","name":"2_32_11_14"},{"num":4.2,"categoryName":"Wally Walker","name":"2_32_11_20"},{"num":3.3,"categoryName":"Craig Ehlo","name":"2_32_11_28"},{"num":3,"categoryName":"Major Jones","name":"2_32_11_11"}],"name":"2_32_11_0"},{"num":110,"categoryName":"Kansas_City_Kings","children":[{"num":21.9,"categoryName":"Eddie Johnson","name":"2_32_6_51"},{"num":16.4,"categoryName":"Larry Drew","name":"2_32_6_50"},{"num":15.8,"categoryName":"Reggie Theus","name":"2_32_6_58"},{"num":14.5,"categoryName":"Mike Woodson","name":"2_32_6_47"},{"num":12.8,"categoryName":"Billy Knight","name":"2_32_6_59"},{"num":10.3,"categoryName":"LaSalle Thompson","name":"2_32_6_55"},{"num":9.6,"categoryName":"Steve Johnson","name":"2_32_6_48"},{"num":9.4,"categoryName":"Mark Olberding","name":"2_32_6_60"},{"num":6.6,"categoryName":"Joe Meriweather","name":"2_32_6_39"},{"num":6.5,"categoryName":"Dane Suttle","name":"2_32_6_61"},{"num":5.9,"categoryName":"Dave Robisch","name":"2_32_6_62"},{"num":5,"categoryName":"Don Buse","name":"2_32_6_63"},{"num":4.8,"categoryName":"Kevin Loder","name":"2_32_6_52"},{"num":3.1,"categoryName":"Larry Micheaux","name":"2_32_6_64"},{"num":2.5,"categoryName":"Ed Nealy","name":"2_32_6_56"}],"name":"2_32_6_0"},{"num":120.3,"categoryName":"San_Antonio_Spurs","children":[{"num":25.9,"categoryName":"George Gervin","name":"2_32_12_1"},{"num":23.3,"categoryName":"Mike Mitchell","name":"2_32_12_15"},{"num":15.3,"categoryName":"Artis Gilmore","name":"2_32_12_23"},{"num":13.1,"categoryName":"Gene Banks","name":"2_32_12_16"},{"num":10.9,"categoryName":"John Lucas","name":"2_32_12_34"},{"num":10.2,"categoryName":"Edgar Jones","name":"2_32_12_24"},{"num":10.1,"categoryName":"Johnny Moore","name":"2_32_12_8"},{"num":8.7,"categoryName":"Ron Brewer","name":"2_32_12_6"},{"num":8.7,"categoryName":"Keith Edmonson","name":"2_32_12_35"},{"num":7.3,"categoryName":"Fred Roberts","name":"2_32_12_36"},{"num":5.5,"categoryName":"Mark McNamara","name":"2_32_12_37"},{"num":3.9,"categoryName":"Kevin Williams","name":"2_32_12_38"},{"num":2.9,"categoryName":"John Paxson","name":"2_32_12_39"},{"num":2.5,"categoryName":"Dave Batton","name":"2_32_12_40"},{"num":2.3,"categoryName":"Roger Phegley","name":"2_32_12_18"},{"num":2,"categoryName":"Darrell Lockhart","name":"2_32_12_41"},{"num":2,"categoryName":"Bob Miller","name":"2_32_12_42"},{"num":2,"categoryName":"Dave Robisch","name":"2_32_12_43"},{"num":1,"categoryName":"Brant Weidner","name":"2_32_12_44"},{"num":0.7,"categoryName":"Steve Lingenfelter","name":"2_32_12_45"}],"name":"2_32_12_0"},{"num":115,"categoryName":"Utah_Jazz","children":[{"num":30.6,"categoryName":"Adrian Dantley","name":"2_32_9_1"},{"num":20,"categoryName":"Darrell Griffith","name":"2_32_9_21"},{"num":17.7,"categoryName":"John Drew","name":"2_32_9_37"},{"num":13.2,"categoryName":"Rickey Green","name":"2_32_9_22"},{"num":8.5,"categoryName":"Thurl Bailey","name":"2_32_9_45"},{"num":7.8,"categoryName":"Jeff Wilkins","name":"2_32_9_26"},{"num":5.6,"categoryName":"Mark Eaton","name":"2_32_9_42"},{"num":5.2,"categoryName":"Rich Kelley","name":"2_32_9_40"},{"num":4.5,"categoryName":"Jerry Eaves","name":"2_32_9_38"},{"num":2.7,"categoryName":"Bob Hansen","name":"2_32_9_46"},{"num":2.5,"categoryName":"J.J. Anderson","name":"2_32_9_39"},{"num":1.9,"categoryName":"Tom Boswell","name":"2_32_9_6"}],"name":"2_32_9_0"}],"name":"2_32_0_0","num":690},{"categoryName":"Pacific","children":[{"num":109.9,"categoryName":"Golden_State_Warriors","children":[{"num":22.8,"categoryName":"Purvis Short","name":"2_33_6_40"},{"num":20.5,"categoryName":"Joe Barry Carroll","name":"2_33_6_52"},{"num":16.8,"categoryName":"Sleepy Floyd","name":"2_33_6_68"},{"num":13.6,"categoryName":"Mickey Johnson","name":"2_33_6_66"},{"num":11.1,"categoryName":"Lester Conner","name":"2_33_6_70"},{"num":7.8,"categoryName":"Larry Smith","name":"2_33_6_53"},{"num":7.2,"categoryName":"Don Collins","name":"2_33_6_75"},{"num":6.8,"categoryName":"Mike Bratz","name":"2_33_6_76"},{"num":5,"categoryName":"Ron Brewer","name":"2_33_6_69"},{"num":4,"categoryName":"Sam Williams","name":"2_33_6_62"},{"num":3.7,"categoryName":"Russell Cross","name":"2_33_6_77"},{"num":3.6,"categoryName":"Darren Tillis","name":"2_33_6_78"},{"num":2.1,"categoryName":"Pace Mannion","name":"2_33_6_79"},{"num":2,"categoryName":"Lorenzo Romar","name":"2_33_6_56"},{"num":1.7,"categoryName":"Chris Engler","name":"2_33_6_74"}],"name":"2_33_6_0"},{"num":115.6,"categoryName":"Los_Angeles_Lakers","children":[{"num":21.5,"categoryName":"K. Abdul-Jabbar","name":"2_33_1_35"},{"num":17.6,"categoryName":"Magic Johnson","name":"2_33_1_66"},{"num":17.3,"categoryName":"Jamaal Wilkes","name":"2_33_1_57"},{"num":14.5,"categoryName":"James Worthy","name":"2_33_1_86"},{"num":13.1,"categoryName":"Bob McAdoo","name":"2_33_1_81"},{"num":10.6,"categoryName":"Byron Scott","name":"2_33_1_91"},{"num":9.8,"categoryName":"Mike McGee","name":"2_33_1_82"},{"num":9,"categoryName":"Michael Cooper","name":"2_33_1_65"},{"num":4.6,"categoryName":"Calvin Garrett","name":"2_33_1_92"},{"num":4.5,"categoryName":"Swen Nater","name":"2_33_1_93"},{"num":3.6,"categoryName":"Kurt Rambis","name":"2_33_1_83"},{"num":3.3,"categoryName":"Larry Spriggs","name":"2_33_1_94"},{"num":3.1,"categoryName":"Mitch Kupchak","name":"2_33_1_80"},{"num":3,"categoryName":"Eddie Jordan","name":"2_33_1_75"}],"name":"2_33_1_0"},{"num":111,"categoryName":"Phoenix_Suns","children":[{"num":20,"categoryName":"Walter Davis","name":"2_33_8_39"},{"num":17.7,"categoryName":"Larry Nance","name":"2_33_8_55"},{"num":15.9,"categoryName":"Maurice Lucas","name":"2_33_8_59"},{"num":14.7,"categoryName":"James Edwards","name":"2_33_8_60"},{"num":10.1,"categoryName":"Kyle Macy","name":"2_33_8_53"},{"num":9.6,"categoryName":"Alvan Adams","name":"2_33_8_27"},{"num":8.3,"categoryName":"Rod Foster","name":"2_33_8_64"},{"num":7.4,"categoryName":"Rory White","name":"2_33_8_61"},{"num":7,"categoryName":"Paul Westphal","name":"2_33_8_26"},{"num":5.6,"categoryName":"Rick Robey","name":"2_33_8_65"},{"num":4.7,"categoryName":"Charles Pittman","name":"2_33_8_63"},{"num":4.5,"categoryName":"Mike Sanders","name":"2_33_8_66"},{"num":2.6,"categoryName":"Alvin Scott","name":"2_33_8_41"},{"num":1.6,"categoryName":"Johnny High","name":"2_33_8_51"}],"name":"2_33_8_0"},{"num":113.1,"categoryName":"Portland_Trail_Blazers","children":[{"num":21.3,"categoryName":"Jim Paxson","name":"2_33_2_71"},{"num":16.2,"categoryName":"Calvin Natt","name":"2_33_2_66"},{"num":15.7,"categoryName":"Mychal Thompson","name":"2_33_2_59"},{"num":15.6,"categoryName":"Kenny Carr","name":"2_33_2_84"},{"num":10.2,"categoryName":"Darnell Valentine","name":"2_33_2_78"},{"num":9.8,"categoryName":"Wayne Cooper","name":"2_33_2_85"},{"num":9.7,"categoryName":"Fat Lever","name":"2_33_2_86"},{"num":7.7,"categoryName":"Clyde Drexler","name":"2_33_2_92"},{"num":5,"categoryName":"Jeff Lamp","name":"2_33_2_80"},{"num":4.5,"categoryName":"Audie Norris","name":"2_33_2_91"},{"num":2.7,"categoryName":"Pete Verhoeven","name":"2_33_2_79"},{"num":2.5,"categoryName":"Eddie Jordan","name":"2_33_2_93"},{"num":1.7,"categoryName":"Tom Piotrowski","name":"2_33_2_94"}],"name":"2_33_2_0"},{"num":110.7,"categoryName":"San_Diego_Clippers","children":[{"num":22.9,"categoryName":"Terry Cummings","name":"2_33_9_38"},{"num":17,"categoryName":"Norm Nixon","name":"2_33_9_47"},{"num":12.1,"categoryName":"Bill Walton","name":"2_33_9_16"},{"num":11.8,"categoryName":"James Donaldson","name":"2_33_9_48"},{"num":11.3,"categoryName":"Michael Brooks","name":"2_33_9_23"},{"num":11,"categoryName":"Greg Kelser","name":"2_33_9_49"},{"num":9.9,"categoryName":"Ricky Pierce","name":"2_33_9_50"},{"num":9.8,"categoryName":"Derek Smith","name":"2_33_9_51"},{"num":7.8,"categoryName":"Craig Hodges","name":"2_33_9_40"},{"num":5.4,"categoryName":"Jerome Whitehead","name":"2_33_9_13"},{"num":3.9,"categoryName":"Billy McKinney","name":"2_33_9_52"},{"num":3.6,"categoryName":"Hank McDowell","name":"2_33_9_53"},{"num":3,"categoryName":"Linton Townes","name":"2_33_9_54"},{"num":1.3,"categoryName":"Rory White","name":"2_33_9_55"},{"num":0.3,"categoryName":"Hutch Jones","name":"2_33_9_44"},{"num":0,"categoryName":"Kevin Loder","name":"2_33_9_56"}],"name":"2_33_9_0"},{"num":108.1,"categoryName":"Seattle_Supersonics","children":[{"num":19.1,"categoryName":"Jack Sikma","name":"2_33_5_53"},{"num":18.7,"categoryName":"Gus Williams","name":"2_33_5_50"},{"num":18.1,"categoryName":"Tom Chambers","name":"2_33_5_81"},{"num":14.3,"categoryName":"Al Wood","name":"2_33_5_82"},{"num":12.6,"categoryName":"David Thompson","name":"2_33_5_78"},{"num":8.5,"categoryName":"Fred Brown","name":"2_33_5_16"},{"num":8.4,"categoryName":"Danny Vranes","name":"2_33_5_75"},{"num":7.8,"categoryName":"Reggie King","name":"2_33_5_83"},{"num":6.9,"categoryName":"Jon Sundvold","name":"2_33_5_84"},{"num":3.7,"categoryName":"Steve Hawes","name":"2_33_5_79"},{"num":2.7,"categoryName":"Scooter McCray","name":"2_33_5_85"},{"num":2.2,"categoryName":"Clay Johnson","name":"2_33_5_86"},{"num":1.4,"categoryName":"Charles Bradley","name":"2_33_5_87"},{"num":1.3,"categoryName":"Steve Hayes","name":"2_33_5_88"}],"name":"2_33_5_0"}],"name":"2_33_0_0","num":668.4000000000001}],"name":"2_0_0_0","num":1358.4}],"num":2535.6000000000004}