{
  "year": 1948,
  "name": "root",
  "categoryName": "root",
  "children": [
    {
      "categoryName": "Eastern",
      "children": [
        {
          "num": 83.6,
          "categoryName": "Baltimore_Bullets_(1st)",
          "children": [
            {
              "num": 13,
              "categoryName": "Connie Simmons",
              "name": "1_7_1_0"
            },
            {
              "num": 11.8,
              "categoryName": "Jake Pelkington",
              "name": "1_7_2_0"
            },
            {
              "num": 11.5,
              "categoryName": "Walt Budko",
              "name": "1_7_3_0"
            },
            {
              "num": 11.4,
              "categoryName": "Freddie Lewis",
              "name": "1_7_4_0"
            },
            {
              "num": 11,
              "categoryName": "Chick Reiser",
              "name": "1_7_5_0"
            },
            {
              "num": 9.7,
              "categoryName": "Hal Tidrick",
              "name": "1_7_6_0"
            },
            {
              "num": 9.6,
              "categoryName": "Sid Tanenbaum",
              "name": "1_7_7_0"
            },
            {
              "num": 7.6,
              "categoryName": "John Mahnken",
              "name": "1_7_8_0"
            },
            {
              "num": 6.3,
              "categoryName": "Stan Stutz",
              "name": "1_7_9_0"
            },
            {
              "num": 5.6,
              "categoryName": "Buddy Jeannette",
              "name": "1_7_10_0"
            },
            {
              "num": 5,
              "categoryName": "Doug Holcomb",
              "name": "1_7_11_0"
            },
            {
              "num": 4.7,
              "categoryName": "Johnny Ezersky",
              "name": "1_7_12_0"
            },
            {
              "num": 4.6,
              "categoryName": "Irv Torgoff",
              "name": "1_7_13_0"
            },
            {
              "num": 3.5,
              "categoryName": "Leo Mogus",
              "name": "1_7_14_0"
            },
            {
              "num": 3.3,
              "categoryName": "Jack Toomay",
              "name": "1_7_15_0"
            },
            {
              "num": 1.6,
              "categoryName": "Dan Kraus",
              "name": "1_7_16_0"
            },
            {
              "num": 1.3,
              "categoryName": "Darrell Brown",
              "name": "1_7_17_0"
            },
            {
              "num": 1.3,
              "categoryName": "Howie Rader",
              "name": "1_7_18_0"
            },
            {
              "num": 1.3,
              "categoryName": "Herb Krautblatt",
              "name": "1_7_19_0"
            },
            {
              "num": 1,
              "categoryName": "Ray Ramsey",
              "name": "1_7_20_0"
            },
            {
              "num": 0.7,
              "categoryName": "Don Martin",
              "name": "1_7_21_0"
            }
          ],
          "name": "1_7_0_0"
        },
        {
          "num": 76.6,
          "categoryName": "Boston_Celtics",
          "children": [
            {
              "num": 14.5,
              "categoryName": "George Kaftan",
              "name": "1_1_32_0"
            },
            {
              "num": 11,
              "categoryName": "Mel Riebe",
              "name": "1_1_22_0"
            },
            {
              "num": 10.3,
              "categoryName": "Johnny Ezersky",
              "name": "1_1_33_0"
            },
            {
              "num": 9.8,
              "categoryName": "George Nostrand",
              "name": "1_1_34_0"
            },
            {
              "num": 9.7,
              "categoryName": "Bob Kinney",
              "name": "1_1_35_0"
            },
            {
              "num": 9.7,
              "categoryName": "Dermie O'Connell",
              "name": "1_1_36_0"
            },
            {
              "num": 9.4,
              "categoryName": "Chick Halbert",
              "name": "1_1_37_0"
            },
            {
              "num": 8.7,
              "categoryName": "Bulbs Ehlers",
              "name": "1_1_25_0"
            },
            {
              "num": 8.5,
              "categoryName": "Gene Stump",
              "name": "1_1_28_0"
            },
            {
              "num": 7.9,
              "categoryName": "Jim Seminoff",
              "name": "1_1_38_0"
            },
            {
              "num": 7.9,
              "categoryName": "Bob Doll",
              "name": "1_1_39_0"
            },
            {
              "num": 7.1,
              "categoryName": "Tom Kelly",
              "name": "1_1_40_0"
            },
            {
              "num": 5.5,
              "categoryName": "Art Spector",
              "name": "1_1_5_0"
            },
            {
              "num": 3.8,
              "categoryName": "Jack Garfinkel",
              "name": "1_1_10_0"
            },
            {
              "num": 3.5,
              "categoryName": "Johnny Bach",
              "name": "1_1_41_0"
            },
            {
              "num": 3.4,
              "categoryName": "Phil Farbman",
              "name": "1_1_42_0"
            },
            {
              "num": 3.1,
              "categoryName": "Bill Roberts",
              "name": "1_1_43_0"
            },
            {
              "num": 3,
              "categoryName": "John Hazen",
              "name": "1_1_44_0"
            },
            {
              "num": 2.5,
              "categoryName": "Stan Noszka",
              "name": "1_1_26_0"
            },
            {
              "num": 2.4,
              "categoryName": "Hank Beenders",
              "name": "1_1_45_0"
            },
            {
              "num": 1,
              "categoryName": "Earl Shannon",
              "name": "1_1_46_0"
            },
            {
              "num": 1,
              "categoryName": "Al Lucas",
              "name": "1_1_47_0"
            }
          ],
          "name": "1_1_0_0"
        },
        {
          "num": 79.2,
          "categoryName": "New_York_Knicks",
          "children": [
            {
              "num": 14.2,
              "categoryName": "Carl Braun",
              "name": "1_2_21_0"
            },
            {
              "num": 13.5,
              "categoryName": "Ray Lumpp",
              "name": "1_2_27_0"
            },
            {
              "num": 12.3,
              "categoryName": "Bud Palmer",
              "name": "1_2_1_0"
            },
            {
              "num": 8.3,
              "categoryName": "Harry Gallatin",
              "name": "1_2_28_0"
            },
            {
              "num": 8,
              "categoryName": "Sid Tanenbaum",
              "name": "1_2_23_0"
            },
            {
              "num": 7.4,
              "categoryName": "Lee Knorek",
              "name": "1_2_5_0"
            },
            {
              "num": 7,
              "categoryName": "B. Van Breda Kolff",
              "name": "1_2_18_0"
            },
            {
              "num": 6.1,
              "categoryName": "Tex Ritter",
              "name": "1_2_29_0"
            },
            {
              "num": 5.9,
              "categoryName": "Irv Rothenberg",
              "name": "1_2_30_0"
            },
            {
              "num": 5.7,
              "categoryName": "Tommy Byrnes",
              "name": "1_2_6_0"
            },
            {
              "num": 5.5,
              "categoryName": "Joe Colone",
              "name": "1_2_31_0"
            },
            {
              "num": 3.8,
              "categoryName": "Gene James",
              "name": "1_2_32_0"
            },
            {
              "num": 3.8,
              "categoryName": "Paul Noel",
              "name": "1_2_25_0"
            },
            {
              "num": 3.5,
              "categoryName": "Mel McGaha",
              "name": "1_2_33_0"
            },
            {
              "num": 3.1,
              "categoryName": "Ray Kuka",
              "name": "1_2_24_0"
            },
            {
              "num": 0.3,
              "categoryName": "Dick Shrider",
              "name": "1_2_34_0"
            }
          ],
          "name": "1_2_0_0"
        },
        {
          "num": 83.7,
          "categoryName": "Philadelphia_Warriors",
          "children": [
            {
              "num": 26,
              "categoryName": "Joe Fulks",
              "name": "1_3_1_0"
            },
            {
              "num": 15.3,
              "categoryName": "Ed Sadowski",
              "name": "1_3_13_0"
            },
            {
              "num": 8.3,
              "categoryName": "Gale Bishop",
              "name": "1_3_14_0"
            },
            {
              "num": 8.2,
              "categoryName": "Angelo Musi",
              "name": "1_3_2_0"
            },
            {
              "num": 7.7,
              "categoryName": "Howie Dallmar",
              "name": "1_3_3_0"
            },
            {
              "num": 6.5,
              "categoryName": "George Senesky",
              "name": "1_3_5_0"
            },
            {
              "num": 5.9,
              "categoryName": "Jake Bornheimer",
              "name": "1_3_15_0"
            },
            {
              "num": 5.5,
              "categoryName": "Jerry Fleishman",
              "name": "1_3_7_0"
            },
            {
              "num": 4,
              "categoryName": "Chink Crossin",
              "name": "1_3_16_0"
            },
            {
              "num": 3.5,
              "categoryName": "Jerry Rullo",
              "name": "1_3_10_0"
            },
            {
              "num": 3.1,
              "categoryName": "Phil Farbman",
              "name": "1_3_17_0"
            },
            {
              "num": 2.7,
              "categoryName": "Irv Torgoff",
              "name": "1_3_18_0"
            },
            {
              "num": 2.1,
              "categoryName": "E. Morgenthaler",
              "name": "1_3_19_0"
            },
            {
              "num": 1.5,
              "categoryName": "Roy Pugh",
              "name": "1_3_20_0"
            },
            {
              "num": 0.9,
              "categoryName": "Bob O'Brien",
              "name": "1_3_21_0"
            }
          ],
          "name": "1_3_0_0"
        },
        {
          "num": 78.4,
          "categoryName": "Providence_Steam_Rollers",
          "children": [
            {
              "num": 15.8,
              "categoryName": "Kenny Sailors",
              "name": "1_4_18_0"
            },
            {
              "num": 13.4,
              "categoryName": "Howie Shannon",
              "name": "1_4_33_0"
            },
            {
              "num": 11.4,
              "categoryName": "Chick Halbert",
              "name": "1_4_34_0"
            },
            {
              "num": 9.8,
              "categoryName": "George Nostrand",
              "name": "1_4_19_0"
            },
            {
              "num": 9.4,
              "categoryName": "Ernie Calverley",
              "name": "1_4_1_0"
            },
            {
              "num": 8.3,
              "categoryName": "Brady Walker",
              "name": "1_4_35_0"
            },
            {
              "num": 7.7,
              "categoryName": "Les Pugh",
              "name": "1_4_36_0"
            },
            {
              "num": 6.3,
              "categoryName": "Carl Meinhold",
              "name": "1_4_37_0"
            },
            {
              "num": 6.1,
              "categoryName": "Mel Riebe",
              "name": "1_4_38_0"
            },
            {
              "num": 5.4,
              "categoryName": "Bob Brown",
              "name": "1_4_39_0"
            },
            {
              "num": 4.8,
              "categoryName": "Johnny Ezersky",
              "name": "1_4_21_0"
            },
            {
              "num": 4.8,
              "categoryName": "Buddy O'Grady",
              "name": "1_4_40_0"
            },
            {
              "num": 4.4,
              "categoryName": "Otto Schnellbacher",
              "name": "1_4_41_0"
            },
            {
              "num": 3.8,
              "categoryName": "Earl Shannon",
              "name": "1_4_4_0"
            },
            {
              "num": 2.6,
              "categoryName": "Andy Tonkovich",
              "name": "1_4_42_0"
            },
            {
              "num": 2.3,
              "categoryName": "Fred Paine",
              "name": "1_4_43_0"
            },
            {
              "num": 2.1,
              "categoryName": "Bob Hubbard",
              "name": "1_4_24_0"
            },
            {
              "num": 1.9,
              "categoryName": "Giff Roux",
              "name": "1_4_44_0"
            },
            {
              "num": 1.8,
              "categoryName": "Lee Robbins",
              "name": "1_4_22_0"
            },
            {
              "num": 0,
              "categoryName": "Ben Scharnus",
              "name": "1_4_45_0"
            }
          ],
          "name": "1_4_0_0"
        }
      ],
      "name": "1_0_0_0",
      "num": 401.5
    },
    {
      "categoryName": "Western",
      "children": [
        {
          "num": 84,
          "categoryName": "Chicago_Stags",
          "children": [
            {
              "num": 20.6,
              "categoryName": "Max Zaslofsky",
              "name": "2_1_1_0"
            },
            {
              "num": 12,
              "categoryName": "Andy Phillip",
              "name": "2_1_18_0"
            },
            {
              "num": 10.3,
              "categoryName": "Gene Vance",
              "name": "2_1_19_0"
            },
            {
              "num": 9.9,
              "categoryName": "Ed Mikan",
              "name": "2_1_26_0"
            },
            {
              "num": 9.3,
              "categoryName": "Odie Spears",
              "name": "2_1_27_0"
            },
            {
              "num": 7.8,
              "categoryName": "Stan Miasek",
              "name": "2_1_17_0"
            },
            {
              "num": 6.2,
              "categoryName": "Kenny Rollins",
              "name": "2_1_28_0"
            },
            {
              "num": 5.1,
              "categoryName": "Chuck Gilmur",
              "name": "2_1_10_0"
            },
            {
              "num": 3.4,
              "categoryName": "Mike Bloom",
              "name": "2_1_29_0"
            },
            {
              "num": 2.8,
              "categoryName": "Joe Graboski",
              "name": "2_1_30_0"
            },
            {
              "num": 2.7,
              "categoryName": "Carl Meinhold",
              "name": "2_1_31_0"
            },
            {
              "num": 2,
              "categoryName": "Whitey Kachan",
              "name": "2_1_32_0"
            },
            {
              "num": 1,
              "categoryName": "Bill Roberts",
              "name": "2_1_33_0"
            },
            {
              "num": 1,
              "categoryName": "Bill Miller",
              "name": "2_1_34_0"
            },
            {
              "num": 0.8,
              "categoryName": "Jim Browne",
              "name": "2_1_35_0"
            },
            {
              "num": 0,
              "categoryName": "Jack Eskridge",
              "name": "2_1_36_0"
            }
          ],
          "name": "2_1_0_0"
        },
        {
          "num": 74.3,
          "categoryName": "Fort_Wayne_Pistons",
          "children": [
            {
              "num": 9.9,
              "categoryName": "Bill Henry",
              "name": "2_8_1_0"
            },
            {
              "num": 9.5,
              "categoryName": "John Mahnken",
              "name": "2_8_2_0"
            },
            {
              "num": 9.4,
              "categoryName": "Bruce Hale",
              "name": "2_8_3_0"
            },
            {
              "num": 8.9,
              "categoryName": "Jake Pelkington",
              "name": "2_8_4_0"
            },
            {
              "num": 8.8,
              "categoryName": "Bob Tough",
              "name": "2_8_5_0"
            },
            {
              "num": 8.7,
              "categoryName": "Leo Mogus",
              "name": "2_8_6_0"
            },
            {
              "num": 7.6,
              "categoryName": "Charlie Black",
              "name": "2_8_7_0"
            },
            {
              "num": 7.5,
              "categoryName": "Blackie Towery",
              "name": "2_8_8_0"
            },
            {
              "num": 7.4,
              "categoryName": "Leo Klier",
              "name": "2_8_9_0"
            },
            {
              "num": 7.3,
              "categoryName": "Curly Armstrong",
              "name": "2_8_10_0"
            },
            {
              "num": 6.9,
              "categoryName": "Bob Kinney",
              "name": "2_8_11_0"
            },
            {
              "num": 6.7,
              "categoryName": "Jack Smiley",
              "name": "2_8_12_0"
            },
            {
              "num": 6.6,
              "categoryName": "Richie Niemiera",
              "name": "2_8_13_0"
            },
            {
              "num": 6.1,
              "categoryName": "Dick Triptow",
              "name": "2_8_14_0"
            },
            {
              "num": 4.9,
              "categoryName": "Walt Kirk",
              "name": "2_8_15_0"
            },
            {
              "num": 4.2,
              "categoryName": "Ralph Hamilton",
              "name": "2_8_16_0"
            },
            {
              "num": 4.1,
              "categoryName": "Ward Williams",
              "name": "2_8_17_0"
            },
            {
              "num": 3,
              "categoryName": "Dillard Crocker",
              "name": "2_8_18_0"
            },
            {
              "num": 2.3,
              "categoryName": "Roy Pugh",
              "name": "2_8_19_0"
            }
          ],
          "name": "2_8_0_0"
        },
        {
          "num": 74.7,
          "categoryName": "Indianapolis_Jets",
          "children": [
            {
              "num": 15.9,
              "categoryName": "Leo Mogus",
              "name": "2_9_1_0"
            },
            {
              "num": 12.6,
              "categoryName": "Bruce Hale",
              "name": "2_9_2_0"
            },
            {
              "num": 12.2,
              "categoryName": "Ray Lumpp",
              "name": "2_9_3_0"
            },
            {
              "num": 11.5,
              "categoryName": "Blackie Towery",
              "name": "2_9_4_0"
            },
            {
              "num": 10.8,
              "categoryName": "Walt Kirk",
              "name": "2_9_5_0"
            },
            {
              "num": 10.7,
              "categoryName": "Charlie Black",
              "name": "2_9_6_0"
            },
            {
              "num": 10,
              "categoryName": "John Mahnken",
              "name": "2_9_7_0"
            },
            {
              "num": 9.9,
              "categoryName": "Freddie Lewis",
              "name": "2_9_8_0"
            },
            {
              "num": 9.6,
              "categoryName": "Tommy Byrnes",
              "name": "2_9_9_0"
            },
            {
              "num": 9.3,
              "categoryName": "George Glamack",
              "name": "2_9_10_0"
            },
            {
              "num": 8.2,
              "categoryName": "Price Brookfield",
              "name": "2_9_11_0"
            },
            {
              "num": 6.5,
              "categoryName": "Lionel Malamed",
              "name": "2_9_12_0"
            },
            {
              "num": 6.5,
              "categoryName": "Ralph Hamilton",
              "name": "2_9_13_0"
            },
            {
              "num": 6.4,
              "categoryName": "Andy Kostecka",
              "name": "2_9_14_0"
            },
            {
              "num": 5.1,
              "categoryName": "Fritz Nagy",
              "name": "2_9_15_0"
            },
            {
              "num": 4.8,
              "categoryName": "John Mandic",
              "name": "2_9_16_0"
            },
            {
              "num": 4.8,
              "categoryName": "Hal Tidrick",
              "name": "2_9_17_0"
            },
            {
              "num": 3.2,
              "categoryName": "Jack Eskridge",
              "name": "2_9_18_0"
            },
            {
              "num": 3.1,
              "categoryName": "Marty Passaglia",
              "name": "2_9_19_0"
            },
            {
              "num": 2,
              "categoryName": "Jim Spruill",
              "name": "2_9_20_0"
            },
            {
              "num": 1.3,
              "categoryName": "Dick Wehr",
              "name": "2_9_21_0"
            },
            {
              "num": 0.5,
              "categoryName": "Jim Springer",
              "name": "2_9_22_0"
            },
            {
              "num": 0.5,
              "categoryName": "Roy Pugh",
              "name": "2_9_23_0"
            },
            {
              "num": 0,
              "categoryName": "Jack Maddox",
              "name": "2_9_24_0"
            },
            {
              "num": 0,
              "categoryName": "Paul Napolitano",
              "name": "2_9_25_0"
            }
          ],
          "name": "2_9_0_0"
        },
        {
          "num": 84,
          "categoryName": "Minneapolis_Lakers",
          "children": [
            {
              "num": 28.3,
              "categoryName": "George Mikan",
              "name": "2_10_1_0"
            },
            {
              "num": 14.8,
              "categoryName": "Jim Pollard",
              "name": "2_10_2_0"
            },
            {
              "num": 10.4,
              "categoryName": "Herm Schaefer",
              "name": "2_10_3_0"
            },
            {
              "num": 9.2,
              "categoryName": "Don Carlson",
              "name": "2_10_4_0"
            },
            {
              "num": 7.3,
              "categoryName": "Arnie Ferrin",
              "name": "2_10_5_0"
            },
            {
              "num": 5.8,
              "categoryName": "Tony Jaros",
              "name": "2_10_6_0"
            },
            {
              "num": 4.6,
              "categoryName": "Jack Dwan",
              "name": "2_10_7_0"
            },
            {
              "num": 4.1,
              "categoryName": "Donnie Forman",
              "name": "2_10_8_0"
            },
            {
              "num": 2.5,
              "categoryName": "Whitey Kachan",
              "name": "2_10_9_0"
            },
            {
              "num": 2.3,
              "categoryName": "Mike Bloom",
              "name": "2_10_10_0"
            },
            {
              "num": 2.2,
              "categoryName": "Johnny Jorgensen",
              "name": "2_10_11_0"
            },
            {
              "num": 1.8,
              "categoryName": "Earl Gardner",
              "name": "2_10_12_0"
            },
            {
              "num": 1,
              "categoryName": "Jack Tingle",
              "name": "2_10_13_0"
            },
            {
              "num": 0.8,
              "categoryName": "Don Smith",
              "name": "2_10_14_0"
            },
            {
              "num": 0.7,
              "categoryName": "Ray Ellefson",
              "name": "2_10_15_0"
            }
          ],
          "name": "2_10_0_0"
        },
        {
          "num": 84,
          "categoryName": "Rochester_Royals",
          "children": [
            {
              "num": 16.6,
              "categoryName": "Arnie Risen",
              "name": "2_11_1_0"
            },
            {
              "num": 15.1,
              "categoryName": "Bob Davies",
              "name": "2_11_2_0"
            },
            {
              "num": 10.2,
              "categoryName": "Bobby Wanzer",
              "name": "2_11_3_0"
            },
            {
              "num": 9.1,
              "categoryName": "Red Holzman",
              "name": "2_11_4_0"
            },
            {
              "num": 8.5,
              "categoryName": "Arnie Johnson",
              "name": "2_11_5_0"
            },
            {
              "num": 7.4,
              "categoryName": "Andy Duncan",
              "name": "2_11_6_0"
            },
            {
              "num": 6.6,
              "categoryName": "Bill Calhoun",
              "name": "2_11_7_0"
            },
            {
              "num": 5.3,
              "categoryName": "Mike Novak",
              "name": "2_11_8_0"
            },
            {
              "num": 3.6,
              "categoryName": "Fran Curran",
              "name": "2_11_9_0"
            },
            {
              "num": 3.4,
              "categoryName": "Andrew Levane",
              "name": "2_11_10_0"
            },
            {
              "num": 3.3,
              "categoryName": "Lionel Malamed",
              "name": "2_11_11_0"
            },
            {
              "num": 1.1,
              "categoryName": "Bob Fitzgerald",
              "name": "2_11_12_0"
            }
          ],
          "name": "2_11_0_0"
        },
        {
          "num": 75.8,
          "categoryName": "St._Louis_Bombers",
          "children": [
            {
              "num": 15.5,
              "categoryName": "Belus Smawley",
              "name": "2_5_2_0"
            },
            {
              "num": 14.1,
              "categoryName": "John Logan",
              "name": "2_5_1_0"
            },
            {
              "num": 10.8,
              "categoryName": "Ariel Maughan",
              "name": "2_5_18_0"
            },
            {
              "num": 10.5,
              "categoryName": "Red Rocha",
              "name": "2_5_15_0"
            },
            {
              "num": 8.7,
              "categoryName": "Otto Schnellbacher",
              "name": "2_5_22_0"
            },
            {
              "num": 6.3,
              "categoryName": "Bill Roberts",
              "name": "2_5_23_0"
            },
            {
              "num": 5.7,
              "categoryName": "Easy Parham",
              "name": "2_5_24_0"
            },
            {
              "num": 5,
              "categoryName": "Coulby Gunther",
              "name": "2_5_25_0"
            },
            {
              "num": 4.6,
              "categoryName": "Buddy O'Grady",
              "name": "2_5_19_0"
            },
            {
              "num": 4.4,
              "categoryName": "Grady Lewis",
              "name": "2_5_17_0"
            },
            {
              "num": 4.2,
              "categoryName": "Don Putman",
              "name": "2_5_5_0"
            },
            {
              "num": 3.5,
              "categoryName": "Don Martin",
              "name": "2_5_10_0"
            },
            {
              "num": 2.8,
              "categoryName": "Bill Miller",
              "name": "2_5_26_0"
            },
            {
              "num": 2.3,
              "categoryName": "D.C. Wilcutt",
              "name": "2_5_27_0"
            },
            {
              "num": 2.1,
              "categoryName": "Bob O'Brien",
              "name": "2_5_28_0"
            },
            {
              "num": 2,
              "categoryName": "Lonnie Eggleston",
              "name": "2_5_29_0"
            },
            {
              "num": 1.9,
              "categoryName": "Giff Roux",
              "name": "2_5_6_0"
            }
          ],
          "name": "2_5_0_0"
        }
      ],
      "name": "2_0_0_0",
      "num": 476.8
    }
  ],
  "num": 878.3
}