{"year":1968,"name":"root","categoryName":"root","children":[{"categoryName":"Eastern","children":[{"num":116.4,"categoryName":"Baltimore_Bullets","children":[{"num":25.8,"categoryName":"Earl Monroe","name":"1_11_15_0"},{"num":22.6,"categoryName":"Kevin Loughery","name":"1_11_4_0"},{"num":17.9,"categoryName":"Gus Johnson","name":"1_11_1_0"},{"num":15.9,"categoryName":"Jack Marin","name":"1_11_7_0"},{"num":13.8,"categoryName":"Wes Unseld","name":"1_11_20_0"},{"num":11.8,"categoryName":"Ray Scott","name":"1_11_3_0"},{"num":7.2,"categoryName":"LeRoy Ellis","name":"1_11_5_0"},{"num":6.4,"categoryName":"John Barnhill","name":"1_11_8_0"},{"num":4.7,"categoryName":"Ed Manning","name":"1_11_17_0"},{"num":3.1,"categoryName":"Bob Quick","name":"1_11_21_0"},{"num":2.8,"categoryName":"Barry Orms","name":"1_11_22_0"},{"num":2.5,"categoryName":"Tom Workman","name":"1_11_19_0"},{"num":1.9,"categoryName":"Bob Ferry","name":"1_11_11_0"}],"name":"1_11_0_0"},{"num":111,"categoryName":"Boston_Celtics","children":[{"num":21.6,"categoryName":"John Havlicek","name":"1_1_103_0"},{"num":19.7,"categoryName":"Bailey Howell","name":"1_1_119_0"},{"num":16.3,"categoryName":"Sam Jones","name":"1_1_93_0"},{"num":14.2,"categoryName":"Larry Siegfried","name":"1_1_108_0"},{"num":11.6,"categoryName":"Don Nelson","name":"1_1_115_0"},{"num":11.2,"categoryName":"Tom Sanders","name":"1_1_99_0"},{"num":9.9,"categoryName":"Bill Russell","name":"1_1_90_0"},{"num":5.7,"categoryName":"Em Bryant","name":"1_1_127_0"},{"num":5.1,"categoryName":"Jim Barnes","name":"1_1_128_0"},{"num":4,"categoryName":"Don Chaney","name":"1_1_129_0"},{"num":2.2,"categoryName":"Rich Johnson","name":"1_1_130_0"},{"num":2,"categoryName":"Bud Olsen","name":"1_1_131_0"},{"num":1.7,"categoryName":"Mal Graham","name":"1_1_123_0"}],"name":"1_1_0_0"},{"num":114.5,"categoryName":"Cincinnati_Royals","children":[{"num":24.7,"categoryName":"Oscar Robertson","name":"1_9_1_0"},{"num":19.4,"categoryName":"Tom Van Arsdale","name":"1_9_28_0"},{"num":18.3,"categoryName":"Jerry Lucas","name":"1_9_13_0"},{"num":16.3,"categoryName":"Connie Dierking","name":"1_9_19_0"},{"num":11.9,"categoryName":"John Tresvant","name":"1_9_29_0"},{"num":11.9,"categoryName":"Fred Hetzel","name":"1_9_35_0"},{"num":10.8,"categoryName":"Al Tucker","name":"1_9_36_0"},{"num":9.6,"categoryName":"Adrian Smith","name":"1_9_7_0"},{"num":7.6,"categoryName":"Walt Wesley","name":"1_9_24_0"},{"num":4.2,"categoryName":"Bill Dinwiddie","name":"1_9_30_0"},{"num":3.4,"categoryName":"Fred Foster","name":"1_9_37_0"},{"num":2.6,"categoryName":"Pat Frink","name":"1_9_38_0"},{"num":1.9,"categoryName":"Zaid Abdul-Aziz","name":"1_9_39_0"},{"num":1,"categoryName":"Doug Sims","name":"1_9_40_0"}],"name":"1_9_0_0"},{"num":114.1,"categoryName":"Detroit_Pistons","children":[{"num":23.4,"categoryName":"Dave Bing","name":"1_12_1_0"},{"num":18.8,"categoryName":"Walt Bellamy","name":"1_12_16_0"},{"num":18.1,"categoryName":"Happy Hairston","name":"1_12_2_0"},{"num":16.3,"categoryName":"Dave DeBusschere","name":"1_12_4_0"},{"num":13.3,"categoryName":"Eddie Miles","name":"1_12_3_0"},{"num":12.9,"categoryName":"Howard Komives","name":"1_12_17_0"},{"num":11.7,"categoryName":"Jimmy Walker","name":"1_12_8_0"},{"num":8.8,"categoryName":"Terry Dischinger","name":"1_12_6_0"},{"num":7.7,"categoryName":"Otto Moore","name":"1_12_18_0"},{"num":7.3,"categoryName":"McCoy McLemore","name":"1_12_19_0"},{"num":6.8,"categoryName":"Dave Gambee","name":"1_12_20_0"},{"num":5,"categoryName":"Jim Fox","name":"1_12_11_0"},{"num":4.1,"categoryName":"Sonny Dove","name":"1_12_15_0"},{"num":3,"categoryName":"Rich Niemann","name":"1_12_21_0"},{"num":2,"categoryName":"Bud Olsen","name":"1_12_22_0"},{"num":1.3,"categoryName":"Cliff Williams","name":"1_12_23_0"}],"name":"1_12_0_0"},{"num":110.2,"categoryName":"Milwaukee_Bucks","children":[{"num":20.3,"categoryName":"Flynn Robinson","name":"1_13_1_0"},{"num":19.6,"categoryName":"Jon McGlocklin","name":"1_13_2_0"},{"num":15.9,"categoryName":"Fred Hetzel","name":"1_13_3_0"},{"num":14.6,"categoryName":"Len Chappell","name":"1_13_4_0"},{"num":13.1,"categoryName":"Wayne Embry","name":"1_13_5_0"},{"num":12.1,"categoryName":"Dave Gambee","name":"1_13_6_0"},{"num":11,"categoryName":"Zaid Abdul-Aziz","name":"1_13_7_0"},{"num":10.3,"categoryName":"Guy Rodgers","name":"1_13_8_0"},{"num":8.1,"categoryName":"Greg Smith","name":"1_13_9_0"},{"num":7.6,"categoryName":"Bob Love","name":"1_13_10_0"},{"num":6.6,"categoryName":"Bob Weiss","name":"1_13_11_0"},{"num":4.6,"categoryName":"Dick Cunningham","name":"1_13_12_0"},{"num":4.1,"categoryName":"Sam Williams","name":"1_13_13_0"},{"num":3.3,"categoryName":"Rich Niemann","name":"1_13_14_0"},{"num":3,"categoryName":"Jay Miller","name":"1_13_15_0"},{"num":3,"categoryName":"Charlie Paulk","name":"1_13_16_0"},{"num":2,"categoryName":"Bob Warlick","name":"1_13_17_0"}],"name":"1_13_0_0"},{"num":110.8,"categoryName":"New_York_Knicks","children":[{"num":21.1,"categoryName":"Willis Reed","name":"1_2_124_0"},{"num":18.3,"categoryName":"Cazzie Russell","name":"1_2_134_0"},{"num":17.6,"categoryName":"Dick Barnett","name":"1_2_130_0"},{"num":17.5,"categoryName":"Walt Frazier","name":"1_2_140_0"},{"num":16.4,"categoryName":"Dave DeBusschere","name":"1_2_145_0"},{"num":15.2,"categoryName":"Walt Bellamy","name":"1_2_129_0"},{"num":12.4,"categoryName":"Bill Bradley","name":"1_2_141_0"},{"num":9,"categoryName":"Howard Komives","name":"1_2_126_0"},{"num":7.1,"categoryName":"Phil Jackson","name":"1_2_142_0"},{"num":4.3,"categoryName":"Don May","name":"1_2_146_0"},{"num":2.9,"categoryName":"Nate Bowman","name":"1_2_143_0"},{"num":2.6,"categoryName":"Bill Hosket","name":"1_2_147_0"},{"num":2.3,"categoryName":"Mike Riordan","name":"1_2_148_0"}],"name":"1_2_0_0"},{"num":118.9,"categoryName":"Philadelphia_76ers","children":[{"num":24.8,"categoryName":"Billy Cunningham","name":"1_10_19_0"},{"num":23.1,"categoryName":"Hal Greer","name":"1_10_1_0"},{"num":18,"categoryName":"Chet Walker","name":"1_10_2_0"},{"num":14.4,"categoryName":"Luke Jackson","name":"1_10_16_0"},{"num":13.5,"categoryName":"Archie Clark","name":"1_10_30_0"},{"num":13.2,"categoryName":"Wali Jones","name":"1_10_20_0"},{"num":9.2,"categoryName":"Darrall Imhoff","name":"1_10_31_0"},{"num":5.8,"categoryName":"George Wilson","name":"1_10_32_0"},{"num":4.7,"categoryName":"Johnny Green","name":"1_10_27_0"},{"num":3.7,"categoryName":"Shaler Halimon","name":"1_10_33_0"},{"num":3.3,"categoryName":"Matt Guokas","name":"1_10_26_0"},{"num":2,"categoryName":"Craig Raymond","name":"1_10_34_0"}],"name":"1_10_0_0"}],"name":"1_0_0_0","num":795.9},{"categoryName":"Western","children":[{"num":111.3,"categoryName":"Atlanta_Hawks","children":[{"num":21.9,"categoryName":"Lou Hudson","name":"2_30_1_0"},{"num":21.5,"categoryName":"Zelmo Beaty","name":"2_30_2_0"},{"num":15.8,"categoryName":"Joe Caldwell","name":"2_30_3_0"},{"num":12.1,"categoryName":"Don Ohl","name":"2_30_4_0"},{"num":11.8,"categoryName":"Bill Bridges","name":"2_30_5_0"},{"num":11.2,"categoryName":"Mahdi Abdul-Rahman","name":"2_30_6_0"},{"num":8.8,"categoryName":"Jim Davis","name":"2_30_7_0"},{"num":8.7,"categoryName":"Paul Silas","name":"2_30_8_0"},{"num":5.6,"categoryName":"Richie Guerin","name":"2_30_9_0"},{"num":5.5,"categoryName":"George Lehmann","name":"2_30_10_0"},{"num":4.1,"categoryName":"Skip Harlicka","name":"2_30_11_0"},{"num":3,"categoryName":"Dennis Hamilton","name":"2_30_12_0"},{"num":0.6,"categoryName":"Dwight Waller","name":"2_30_13_0"}],"name":"2_30_0_0"},{"num":104.7,"categoryName":"Chicago_Bulls","children":[{"num":21.7,"categoryName":"Bob Boozer","name":"2_27_2_0"},{"num":19.1,"categoryName":"Flynn Robinson","name":"2_27_15_0"},{"num":17.2,"categoryName":"Clem Haskins","name":"2_27_16_0"},{"num":16.8,"categoryName":"Jerry Sloan","name":"2_27_3_0"},{"num":14,"categoryName":"Jim Washington","name":"2_27_8_0"},{"num":9.8,"categoryName":"Tom Boerwinkle","name":"2_27_22_0"},{"num":7.4,"categoryName":"Barry Clemens","name":"2_27_9_0"},{"num":6.6,"categoryName":"Bob Weiss","name":"2_27_23_0"},{"num":5.6,"categoryName":"Dave Newmark","name":"2_27_24_0"},{"num":5.6,"categoryName":"Jim Barnes","name":"2_27_17_0"},{"num":5.1,"categoryName":"Bob Love","name":"2_27_25_0"},{"num":3.8,"categoryName":"Erwin Mueller","name":"2_27_4_0"},{"num":2.8,"categoryName":"Loy Petersen","name":"2_27_26_0"},{"num":1.8,"categoryName":"Ken Wilburn","name":"2_27_19_0"}],"name":"2_27_0_0"},{"num":112.2,"categoryName":"Los_Angeles_Lakers","children":[{"num":25.9,"categoryName":"Jerry West","name":"2_22_2_0"},{"num":24.8,"categoryName":"Elgin Baylor","name":"2_22_1_0"},{"num":20.5,"categoryName":"Wilt Chamberlain","name":"2_22_44_0"},{"num":12.4,"categoryName":"Mel Counts","name":"2_22_34_0"},{"num":8.5,"categoryName":"Johnny Egan","name":"2_22_45_0"},{"num":8.4,"categoryName":"Keith Erickson","name":"2_22_46_0"},{"num":7.2,"categoryName":"Bill Hewitt","name":"2_22_47_0"},{"num":7.1,"categoryName":"Tom Hawkins","name":"2_22_6_0"},{"num":6.2,"categoryName":"Freddie Crawford","name":"2_22_39_0"},{"num":3.9,"categoryName":"Cliff Anderson","name":"2_22_43_0"},{"num":2.7,"categoryName":"Jay Carty","name":"2_22_48_0"}],"name":"2_22_0_0"},{"num":111.7,"categoryName":"Phoenix_Suns","children":[{"num":23.8,"categoryName":"Gail Goodrich","name":"2_31_1_0"},{"num":21,"categoryName":"Dick Van Arsdale","name":"2_31_2_0"},{"num":13.8,"categoryName":"Jim Fox","name":"2_31_3_0"},{"num":12.1,"categoryName":"Dick Snyder","name":"2_31_4_0"},{"num":11.8,"categoryName":"McCoy McLemore","name":"2_31_5_0"},{"num":11.6,"categoryName":"George Wilson","name":"2_31_6_0"},{"num":11.1,"categoryName":"Gary Gregor","name":"2_31_7_0"},{"num":9.3,"categoryName":"Stan McKenzie","name":"2_31_8_0"},{"num":8,"categoryName":"Bob Warlick","name":"2_31_9_0"},{"num":6,"categoryName":"Dave Lattin","name":"2_31_10_0"},{"num":5.8,"categoryName":"Neil Johnson","name":"2_31_11_0"},{"num":1.1,"categoryName":"Rod Knowles","name":"2_31_12_0"},{"num":0.6,"categoryName":"Ed Biedenbach","name":"2_31_13_0"}],"name":"2_31_0_0"},{"num":115.3,"categoryName":"San_Diego_Rockets","children":[{"num":28.4,"categoryName":"Elvin Hayes","name":"2_28_16_0"},{"num":22.5,"categoryName":"Don Kojis","name":"2_28_2_0"},{"num":15.3,"categoryName":"John Block","name":"2_28_1_0"},{"num":14.5,"categoryName":"Jim Barnett","name":"2_28_9_0"},{"num":8.8,"categoryName":"Pat Riley","name":"2_28_11_0"},{"num":7.8,"categoryName":"Toby Kimball","name":"2_28_7_0"},{"num":7.8,"categoryName":"Stu Lantz","name":"2_28_17_0"},{"num":7.1,"categoryName":"Art Williams","name":"2_28_10_0"},{"num":6.3,"categoryName":"Rick Adelman","name":"2_28_18_0"},{"num":3.7,"categoryName":"Hank Finkel","name":"2_28_6_0"},{"num":3.1,"categoryName":"John Trapp","name":"2_28_19_0"},{"num":2,"categoryName":"Harry Barnes","name":"2_28_20_0"}],"name":"2_28_0_0"},{"num":109.1,"categoryName":"San_Francisco_Warriors","children":[{"num":22.8,"categoryName":"Jeff Mullins","name":"2_25_32_0"},{"num":21.5,"categoryName":"Nate Thurmond","name":"2_25_17_0"},{"num":20.7,"categoryName":"Rudy LaRusso","name":"2_25_37_0"},{"num":12,"categoryName":"Joe Ellis","name":"2_25_35_0"},{"num":10.7,"categoryName":"Clyde Lee","name":"2_25_34_0"},{"num":8.2,"categoryName":"Al Attles","name":"2_25_6_0"},{"num":7.8,"categoryName":"Bill Turner","name":"2_25_39_0"},{"num":7.8,"categoryName":"Ron Williams","name":"2_25_41_0"},{"num":7.7,"categoryName":"Jim King","name":"2_25_33_0"},{"num":5.8,"categoryName":"Dale Schlueter","name":"2_25_42_0"},{"num":5,"categoryName":"Bobby Lewis","name":"2_25_38_0"},{"num":1.8,"categoryName":"Bob Allen","name":"2_25_43_0"}],"name":"2_25_0_0"},{"num":112.1,"categoryName":"Seattle_Supersonics","children":[{"num":24,"categoryName":"Bob Rule","name":"2_29_2_0"},{"num":22.4,"categoryName":"Lenny Wilkens","name":"2_29_13_0"},{"num":14,"categoryName":"Tom Meschery","name":"2_29_4_0"},{"num":13.6,"categoryName":"John Tresvant","name":"2_29_14_0"},{"num":12.4,"categoryName":"Art Harris","name":"2_29_15_0"},{"num":11.5,"categoryName":"Rod Thorn","name":"2_29_3_0"},{"num":10.3,"categoryName":"Al Tucker","name":"2_29_5_0"},{"num":7.8,"categoryName":"Bob Kauffman","name":"2_29_16_0"},{"num":7,"categoryName":"Erwin Mueller","name":"2_29_17_0"},{"num":6.2,"categoryName":"Joe Kennedy","name":"2_29_18_0"},{"num":5.6,"categoryName":"Dorie Murrey","name":"2_29_8_0"},{"num":5.1,"categoryName":"Tommy Kron","name":"2_29_7_0"},{"num":2.2,"categoryName":"Al Hairston","name":"2_29_19_0"},{"num":1.6,"categoryName":"Plummer Lott","name":"2_29_12_0"}],"name":"2_29_0_0"}],"name":"2_0_0_0","num":776.4}],"num":1572.3}