{"year":1997,"name":"root","categoryName":"root","children":[{"categoryName":"Eastern","children":[{"categoryName":"Atlantic","children":[{"num":95.9,"categoryName":"Boston_Celtics","children":[{"num":22.4,"categoryName":"Antoine Walker","name":"1_14_1_143"},{"num":15.3,"categoryName":"Ron Mercer","name":"1_14_1_151"},{"num":11.2,"categoryName":"Kenny Anderson","name":"1_14_1_152"},{"num":11.1,"categoryName":"Chauncey Billups","name":"1_14_1_153"},{"num":9.8,"categoryName":"Dana Barros","name":"1_14_1_133"},{"num":9.6,"categoryName":"Walter McCarty","name":"1_14_1_154"},{"num":6.8,"categoryName":"Dee Brown","name":"1_14_1_98"},{"num":6.5,"categoryName":"Travis Knight","name":"1_14_1_155"},{"num":5.6,"categoryName":"Bruce Bowen","name":"1_14_1_156"},{"num":5.4,"categoryName":"Andrew DeClercq","name":"1_14_1_157"},{"num":5.3,"categoryName":"Tyus Edney","name":"1_14_1_158"},{"num":5,"categoryName":"Greg Minor","name":"1_14_1_129"},{"num":3.3,"categoryName":"Zan Tabak","name":"1_14_1_159"},{"num":3.3,"categoryName":"John Thomas","name":"1_14_1_160"},{"num":3,"categoryName":"Pervis Ellison","name":"1_14_1_127"},{"num":2.9,"categoryName":"Dontae' Jones","name":"1_14_1_161"},{"num":0.8,"categoryName":"Roy Rogers","name":"1_14_1_162"},{"num":0.8,"categoryName":"Reggie Hanson","name":"1_14_1_163"}],"name":"1_14_1_0"},{"num":95,"categoryName":"Miami_Heat","children":[{"num":19.2,"categoryName":"Alonzo Mourning","name":"1_14_9_38"},{"num":18.9,"categoryName":"Tim Hardaway","name":"1_14_9_39"},{"num":15.1,"categoryName":"Jamal Mashburn","name":"1_14_9_55"},{"num":12.7,"categoryName":"Isaac Austin","name":"1_14_9_57"},{"num":12.6,"categoryName":"Voshon Lenard","name":"1_14_9_45"},{"num":9.6,"categoryName":"P.J. Brown","name":"1_14_9_58"},{"num":7.2,"categoryName":"Dan Majerle","name":"1_14_9_56"},{"num":6.8,"categoryName":"Mark Strickland","name":"1_14_9_63"},{"num":6.2,"categoryName":"Eric Murdock","name":"1_14_9_68"},{"num":6,"categoryName":"Todd Day","name":"1_14_9_69"},{"num":4.9,"categoryName":"Marty Conlon","name":"1_14_9_70"},{"num":4.2,"categoryName":"Terry Mills","name":"1_14_9_71"},{"num":4.1,"categoryName":"Brent Barry","name":"1_14_9_72"},{"num":2.4,"categoryName":"Keith Askins","name":"1_14_9_18"},{"num":2.4,"categoryName":"Duane Causwell","name":"1_14_9_73"},{"num":2,"categoryName":"Rex Walters","name":"1_14_9_74"},{"num":2,"categoryName":"Antonio Lang","name":"1_14_9_75"},{"num":0.9,"categoryName":"Charles Smith","name":"1_14_9_76"}],"name":"1_14_9_0"},{"num":99.6,"categoryName":"New_Jersey_Nets","children":[{"num":19.7,"categoryName":"Keith Van Horn","name":"1_14_6_167"},{"num":19.6,"categoryName":"Sam Cassell","name":"1_14_6_153"},{"num":17.2,"categoryName":"Kerry Kittles","name":"1_14_6_156"},{"num":13.4,"categoryName":"Kendall Gill","name":"1_14_6_144"},{"num":12.9,"categoryName":"Jayson Williams","name":"1_14_6_126"},{"num":11.5,"categoryName":"Chris Gatling","name":"1_14_6_154"},{"num":8,"categoryName":"Sherman Douglas","name":"1_14_6_168"},{"num":5.3,"categoryName":"David Benoit","name":"1_14_6_169"},{"num":4.7,"categoryName":"Rony Seikaly","name":"1_14_6_170"},{"num":4.1,"categoryName":"Brian Evans","name":"1_14_6_171"},{"num":3.8,"categoryName":"Lucious Harris","name":"1_14_6_172"},{"num":3.4,"categoryName":"Kevin Edwards","name":"1_14_6_132"},{"num":2.9,"categoryName":"David Vaughn","name":"1_14_6_173"},{"num":1.4,"categoryName":"Jack Haley","name":"1_14_6_106"},{"num":1.3,"categoryName":"Michael Cage","name":"1_14_6_174"},{"num":1.3,"categoryName":"Xavier McDaniel","name":"1_14_6_160"},{"num":1.2,"categoryName":"Yinka Dare","name":"1_14_6_143"},{"num":0.3,"categoryName":"Don MacLean","name":"1_14_6_175"}],"name":"1_14_6_0"},{"num":91.6,"categoryName":"New_York_Knicks","children":[{"num":20.8,"categoryName":"Patrick Ewing","name":"1_14_3_90"},{"num":18.4,"categoryName":"Allan Houston","name":"1_14_3_153"},{"num":15.5,"categoryName":"Larry Johnson","name":"1_14_3_154"},{"num":12.9,"categoryName":"John Starks","name":"1_14_3_120"},{"num":9.7,"categoryName":"Chris Mills","name":"1_14_3_161"},{"num":9,"categoryName":"Charles Oakley","name":"1_14_3_112"},{"num":7.8,"categoryName":"Charlie Ward","name":"1_14_3_144"},{"num":7.8,"categoryName":"Terry Cummings","name":"1_14_3_162"},{"num":6.3,"categoryName":"Chris Childs","name":"1_14_3_155"},{"num":4.9,"categoryName":"Buck Williams","name":"1_14_3_156"},{"num":3.1,"categoryName":"Chris Dudley","name":"1_14_3_163"},{"num":2.8,"categoryName":"Anthony Bowie","name":"1_14_3_164"},{"num":1.9,"categoryName":"Brooks Thompson","name":"1_14_3_165"},{"num":1.6,"categoryName":"Pete Myers","name":"1_14_3_115"},{"num":1.4,"categoryName":"Herb Williams","name":"1_14_3_137"},{"num":0.6,"categoryName":"Ben Davis","name":"1_14_3_166"}],"name":"1_14_3_0"},{"num":90.1,"categoryName":"Orlando_Magic","children":[{"num":16.4,"categoryName":"Penny Hardaway","name":"1_14_10_25"},{"num":15.3,"categoryName":"Nick Anderson","name":"1_14_10_2"},{"num":15,"categoryName":"Rony Seikaly","name":"1_14_10_41"},{"num":12.7,"categoryName":"Derek Strong","name":"1_14_10_43"},{"num":12.1,"categoryName":"Horace Grant","name":"1_14_10_33"},{"num":9.5,"categoryName":"Bo Outlaw","name":"1_14_10_50"},{"num":9.5,"categoryName":"Mark Price","name":"1_14_10_51"},{"num":9.2,"categoryName":"Darrell Armstrong","name":"1_14_10_35"},{"num":8.6,"categoryName":"Derek Harper","name":"1_14_10_52"},{"num":7.4,"categoryName":"Vernon Maxwell","name":"1_14_10_53"},{"num":5.8,"categoryName":"David Benoit","name":"1_14_10_54"},{"num":5.5,"categoryName":"Danny Schayes","name":"1_14_10_45"},{"num":5.3,"categoryName":"Gerald Wilkins","name":"1_14_10_42"},{"num":4.9,"categoryName":"Kevin Edwards","name":"1_14_10_55"},{"num":4.7,"categoryName":"Brian Evans","name":"1_14_10_48"},{"num":4.1,"categoryName":"Kevin Ollie","name":"1_14_10_56"},{"num":3.2,"categoryName":"Johnny Taylor","name":"1_14_10_57"},{"num":3,"categoryName":"Spud Webb","name":"1_14_10_58"},{"num":2.5,"categoryName":"Donald Royal","name":"1_14_10_19"},{"num":2.3,"categoryName":"Carl Thomas","name":"1_14_10_59"},{"num":1.5,"categoryName":"Jason Lawson","name":"1_14_10_60"},{"num":0,"categoryName":"Tim Kempton","name":"1_14_10_61"}],"name":"1_14_10_0"},{"num":93.3,"categoryName":"Philadelphia_76ers","children":[{"num":22,"categoryName":"Allen Iverson","name":"1_14_4_200"},{"num":17.6,"categoryName":"Derrick Coleman","name":"1_14_4_188"},{"num":16,"categoryName":"Jerry Stackhouse","name":"1_14_4_185"},{"num":13.7,"categoryName":"Jim Jackson","name":"1_14_4_211"},{"num":11.2,"categoryName":"Theo Ratliff","name":"1_14_4_212"},{"num":11,"categoryName":"Tim Thomas","name":"1_14_4_213"},{"num":10.3,"categoryName":"Joe Smith","name":"1_14_4_214"},{"num":8.4,"categoryName":"C. Weatherspoon","name":"1_14_4_157"},{"num":6.1,"categoryName":"Brian Shaw","name":"1_14_4_215"},{"num":6,"categoryName":"Tom Chambers","name":"1_14_4_216"},{"num":5.3,"categoryName":"Terry Cummings","name":"1_14_4_217"},{"num":4.5,"categoryName":"Benoit Benjamin","name":"1_14_4_218"},{"num":4.1,"categoryName":"Scott Williams","name":"1_14_4_176"},{"num":4,"categoryName":"Mark Davis","name":"1_14_4_202"},{"num":3.9,"categoryName":"Eric Snow","name":"1_14_4_219"},{"num":3.9,"categoryName":"Aaron McKie","name":"1_14_4_220"},{"num":3.4,"categoryName":"Eric Montross","name":"1_14_4_221"},{"num":2.7,"categoryName":"Doug Overton","name":"1_14_4_204"},{"num":2.7,"categoryName":"Kebu Stewart","name":"1_14_4_222"},{"num":2.2,"categoryName":"Rex Walters","name":"1_14_4_195"},{"num":1.9,"categoryName":"Anthony Parker","name":"1_14_4_223"},{"num":0,"categoryName":"William Cunningham","name":"1_14_4_224"}],"name":"1_14_4_0"},{"num":97.2,"categoryName":"Washington_Wizards","children":[{"num":21.9,"categoryName":"Chris Webber","name":"1_14_11_1"},{"num":18.5,"categoryName":"Juwan Howard","name":"1_14_11_2"},{"num":17.8,"categoryName":"Rod Strickland","name":"1_14_11_3"},{"num":15.1,"categoryName":"Tracy Murray","name":"1_14_11_4"},{"num":12.8,"categoryName":"Calbert Cheaney","name":"1_14_11_5"},{"num":5.2,"categoryName":"Ledell Eackles","name":"1_14_11_6"},{"num":5.1,"categoryName":"Chris Whitney","name":"1_14_11_7"},{"num":5,"categoryName":"Jimmy Oliver","name":"1_14_11_8"},{"num":4.4,"categoryName":"Terry Davis","name":"1_14_11_9"},{"num":3.1,"categoryName":"Ben Wallace","name":"1_14_11_10"},{"num":3.1,"categoryName":"God Shammgod","name":"1_14_11_11"},{"num":2.6,"categoryName":"Harvey Grant","name":"1_14_11_12"},{"num":2,"categoryName":"Darvin Ham","name":"1_14_11_13"},{"num":1.9,"categoryName":"Lorenzo Williams","name":"1_14_11_14"},{"num":1.1,"categoryName":"Tim Legler","name":"1_14_11_15"},{"num":1.1,"categoryName":"Lawrence Moten","name":"1_14_11_16"}],"name":"1_14_11_0"}],"name":"1_14_0_0","num":662.7},{"categoryName":"Central","children":[{"num":95.9,"categoryName":"Atlanta_Hawks","children":[{"num":20.1,"categoryName":"Steve Smith","name":"1_15_1_152"},{"num":14.3,"categoryName":"Alan Henderson","name":"1_15_1_162"},{"num":13.8,"categoryName":"Christian Laettner","name":"1_15_1_161"},{"num":13.4,"categoryName":"Dikembe Mutombo","name":"1_15_1_171"},{"num":13.2,"categoryName":"Mookie Blaylock","name":"1_15_1_139"},{"num":10.2,"categoryName":"Tyrone Corbin","name":"1_15_1_155"},{"num":9.3,"categoryName":"Eldridge Recasner","name":"1_15_1_174"},{"num":7.6,"categoryName":"Ed Gray","name":"1_15_1_181"},{"num":5,"categoryName":"Chucky Brown","name":"1_15_1_182"},{"num":3.8,"categoryName":"Chris Crawford","name":"1_15_1_183"},{"num":3,"categoryName":"Brian Oliver","name":"1_15_1_184"},{"num":2.1,"categoryName":"Anthony Miller","name":"1_15_1_179"},{"num":2.1,"categoryName":"Drew Barry","name":"1_15_1_185"},{"num":1.8,"categoryName":"Greg Anderson","name":"1_15_1_157"},{"num":0.8,"categoryName":"Randy Livingston","name":"1_15_1_186"},{"num":0.7,"categoryName":"Donald Whiteside","name":"1_15_1_187"}],"name":"1_15_1_0"},{"num":96.6,"categoryName":"Charlotte_Hornets","children":[{"num":22.3,"categoryName":"Glen Rice","name":"1_15_15_49"},{"num":13,"categoryName":"David Wesley","name":"1_15_15_69"},{"num":12.8,"categoryName":"Anthony Mason","name":"1_15_15_60"},{"num":11.3,"categoryName":"Matt Geiger","name":"1_15_15_51"},{"num":10.4,"categoryName":"Vlade Divac","name":"1_15_15_61"},{"num":10.4,"categoryName":"Bobby Phills","name":"1_15_15_70"},{"num":9.4,"categoryName":"Dell Curry","name":"1_15_15_7"},{"num":6.8,"categoryName":"Vernon Maxwell","name":"1_15_15_71"},{"num":4.9,"categoryName":"J.R. Reid","name":"1_15_15_5"},{"num":3.9,"categoryName":"B.J. Armstrong","name":"1_15_15_72"},{"num":3.5,"categoryName":"Travis Williams","name":"1_15_15_73"},{"num":3.2,"categoryName":"Corey Beck","name":"1_15_15_58"},{"num":3,"categoryName":"Muggsy Bogues","name":"1_15_15_10"},{"num":2.7,"categoryName":"Tony Delk","name":"1_15_15_63"},{"num":2.6,"categoryName":"Donald Royal","name":"1_15_15_66"},{"num":2.5,"categoryName":"Tony Farmer","name":"1_15_15_74"},{"num":0,"categoryName":"Michael McDonald","name":"1_15_15_75"},{"num":0,"categoryName":"Jeff Grayer","name":"1_15_15_76"}],"name":"1_15_15_0"},{"num":96.7,"categoryName":"Chicago_Bulls","children":[{"num":28.7,"categoryName":"Michael Jordan","name":"1_15_12_32"},{"num":19.1,"categoryName":"Scottie Pippen","name":"1_15_12_60"},{"num":13.3,"categoryName":"Toni Kukoc","name":"1_15_12_90"},{"num":11.4,"categoryName":"Luc Longley","name":"1_15_12_92"},{"num":9.3,"categoryName":"Ron Harper","name":"1_15_12_96"},{"num":7.5,"categoryName":"Steve Kerr","name":"1_15_12_91"},{"num":5.3,"categoryName":"Jason Caffey","name":"1_15_12_103"},{"num":5.2,"categoryName":"Scott Burrell","name":"1_15_12_109"},{"num":4.7,"categoryName":"Dennis Rodman","name":"1_15_12_101"},{"num":4.1,"categoryName":"Randy Brown","name":"1_15_12_104"},{"num":3.7,"categoryName":"Dickey Simpkins","name":"1_15_12_100"},{"num":3.5,"categoryName":"Rusty LaRue","name":"1_15_12_110"},{"num":3.5,"categoryName":"Bill Wennington","name":"1_15_12_93"},{"num":2.7,"categoryName":"Jud Buechler","name":"1_15_12_99"},{"num":2,"categoryName":"Joe Kleine","name":"1_15_12_111"},{"num":1.7,"categoryName":"Keith Booth","name":"1_15_12_112"},{"num":1.3,"categoryName":"David Vaughn","name":"1_15_12_113"}],"name":"1_15_12_0"},{"num":92.5,"categoryName":"Cleveland_Cavaliers","children":[{"num":18,"categoryName":"Shawn Kemp","name":"1_15_4_182"},{"num":14.7,"categoryName":"Wesley Person","name":"1_15_4_183"},{"num":13.9,"categoryName":"Zydrunas Ilgauskas","name":"1_15_4_184"},{"num":11.7,"categoryName":"Derek Anderson","name":"1_15_4_185"},{"num":10.1,"categoryName":"Cedric Henderson","name":"1_15_4_186"},{"num":9,"categoryName":"Brevin Knight","name":"1_15_4_187"},{"num":7.1,"categoryName":"Vitaly Potapenko","name":"1_15_4_178"},{"num":5.8,"categoryName":"Bob Sura","name":"1_15_4_170"},{"num":4.2,"categoryName":"Danny Ferry","name":"1_15_4_144"},{"num":2.9,"categoryName":"Henry James","name":"1_15_4_145"},{"num":2.7,"categoryName":"Greg Graham","name":"1_15_4_188"},{"num":2.7,"categoryName":"Carl Thomas","name":"1_15_4_181"},{"num":2.1,"categoryName":"Mitchell Butler","name":"1_15_4_189"},{"num":2,"categoryName":"Tony Dumas","name":"1_15_4_190"},{"num":1.8,"categoryName":"Scott Brooks","name":"1_15_4_191"},{"num":1.1,"categoryName":"Shawnelle Scott","name":"1_15_4_180"}],"name":"1_15_4_0"},{"num":94.2,"categoryName":"Detroit_Pistons","children":[{"num":21.1,"categoryName":"Grant Hill","name":"1_15_10_132"},{"num":16.2,"categoryName":"Bison Dele","name":"1_15_10_156"},{"num":15.7,"categoryName":"Jerry Stackhouse","name":"1_15_10_157"},{"num":13.1,"categoryName":"Joe Dumars","name":"1_15_10_75"},{"num":12.1,"categoryName":"Lindsey Hunter","name":"1_15_10_120"},{"num":7.7,"categoryName":"Malik Sealy","name":"1_15_10_158"},{"num":6.5,"categoryName":"Theo Ratliff","name":"1_15_10_145"},{"num":5.3,"categoryName":"Jerome Williams","name":"1_15_10_155"},{"num":4.5,"categoryName":"Aaron McKie","name":"1_15_10_149"},{"num":3.5,"categoryName":"Grant Long","name":"1_15_10_150"},{"num":3.5,"categoryName":"Don Reid","name":"1_15_10_146"},{"num":2.7,"categoryName":"Scot Pollard","name":"1_15_10_159"},{"num":2.5,"categoryName":"Eric Montross","name":"1_15_10_160"},{"num":2.4,"categoryName":"Rick Mahorn","name":"1_15_10_76"},{"num":2.1,"categoryName":"Charles O'Bannon","name":"1_15_10_161"},{"num":1.6,"categoryName":"Steve Henson","name":"1_15_10_162"}],"name":"1_15_10_0"},{"num":96,"categoryName":"Indiana_Pacers","children":[{"num":19.5,"categoryName":"Reggie Miller","name":"1_15_11_67"},{"num":16.7,"categoryName":"Rik Smits","name":"1_15_11_73"},{"num":11.3,"categoryName":"Chris Mullin","name":"1_15_11_119"},{"num":9.6,"categoryName":"Antonio Davis","name":"1_15_11_96"},{"num":9.4,"categoryName":"Jalen Rose","name":"1_15_11_112"},{"num":8.3,"categoryName":"Mark Jackson","name":"1_15_11_101"},{"num":8,"categoryName":"Dale Davis","name":"1_15_11_88"},{"num":6.5,"categoryName":"Travis Best","name":"1_15_11_108"},{"num":6.3,"categoryName":"Derrick McKey","name":"1_15_11_94"},{"num":4,"categoryName":"Fred Hoiberg","name":"1_15_11_111"},{"num":2.9,"categoryName":"Austin Croshere","name":"1_15_11_120"},{"num":1.5,"categoryName":"Mark West","name":"1_15_11_121"},{"num":1.4,"categoryName":"Mark Pope","name":"1_15_11_122"},{"num":0,"categoryName":"Etdrick Bohannon","name":"1_15_11_123"}],"name":"1_15_11_0"},{"num":94.5,"categoryName":"Milwaukee_Bucks","children":[{"num":23.4,"categoryName":"Glenn Robinson","name":"1_15_13_111"},{"num":19.5,"categoryName":"Ray Allen","name":"1_15_13_125"},{"num":16.8,"categoryName":"Terrell Brandon","name":"1_15_13_137"},{"num":11.2,"categoryName":"Armen Gilliam","name":"1_15_13_126"},{"num":10,"categoryName":"Tyrone Hill","name":"1_15_13_138"},{"num":8,"categoryName":"Ervin Johnson","name":"1_15_13_139"},{"num":7.3,"categoryName":"Elliot Perry","name":"1_15_13_127"},{"num":6.6,"categoryName":"Michael Curry","name":"1_15_13_140"},{"num":6.4,"categoryName":"Jerald Honeycutt","name":"1_15_13_141"},{"num":3.9,"categoryName":"Ricky Pierce","name":"1_15_13_36"},{"num":2.7,"categoryName":"Tony Smith","name":"1_15_13_142"},{"num":2.7,"categoryName":"Andrew Lang","name":"1_15_13_128"},{"num":2.3,"categoryName":"Jamie Feick","name":"1_15_13_143"},{"num":1.7,"categoryName":"Tim Breaux","name":"1_15_13_144"},{"num":1.4,"categoryName":"Jeff Nordgaard","name":"1_15_13_145"},{"num":1.2,"categoryName":"Litterial Green","name":"1_15_13_146"}],"name":"1_15_13_0"},{"num":94.9,"categoryName":"Toronto_Raptors","children":[{"num":19.4,"categoryName":"Damon Stoudamire","name":"1_15_16_1"},{"num":16.5,"categoryName":"Doug Christie","name":"1_15_16_7"},{"num":14,"categoryName":"John Wallace","name":"1_15_16_33"},{"num":12.4,"categoryName":"Walt Williams","name":"1_15_16_20"},{"num":12.2,"categoryName":"Gary Trent","name":"1_15_16_34"},{"num":12.2,"categoryName":"Dee Brown","name":"1_15_16_35"},{"num":12.1,"categoryName":"Marcus Camby","name":"1_15_16_21"},{"num":11.3,"categoryName":"Chauncey Billups","name":"1_15_16_36"},{"num":8.6,"categoryName":"Popeye Jones","name":"1_15_16_23"},{"num":8,"categoryName":"Reggie Slater","name":"1_15_16_22"},{"num":7,"categoryName":"Tracy McGrady","name":"1_15_16_37"},{"num":6.4,"categoryName":"Zan Tabak","name":"1_15_16_10"},{"num":6.3,"categoryName":"Oliver Miller","name":"1_15_16_4"},{"num":6,"categoryName":"Carlos Rogers","name":"1_15_16_9"},{"num":5.7,"categoryName":"Lloyd Daniels","name":"1_15_16_38"},{"num":5.5,"categoryName":"Shawn Respert","name":"1_15_16_24"},{"num":3.2,"categoryName":"Alvin Williams","name":"1_15_16_39"},{"num":2.3,"categoryName":"Sharone Wright","name":"1_15_16_2"},{"num":2.2,"categoryName":"Roy Rogers","name":"1_15_16_40"},{"num":2,"categoryName":"John Thomas","name":"1_15_16_41"},{"num":1.4,"categoryName":"Chris Garner","name":"1_15_16_42"},{"num":0.8,"categoryName":"Tim Kempton","name":"1_15_16_43"},{"num":0.8,"categoryName":"Ed Stokes","name":"1_15_16_44"},{"num":0,"categoryName":"Bob McCann","name":"1_15_16_45"}],"name":"1_15_16_0"}],"name":"1_15_0_0","num":761.3}],"name":"1_0_0_0","num":1424},{"categoryName":"Western","children":[{"categoryName":"Midwest","children":[{"num":91.4,"categoryName":"Dallas_Mavericks","children":[{"num":21.5,"categoryName":"Michael Finley","name":"2_32_10_104"},{"num":16.9,"categoryName":"Cedric Ceballos","name":"2_32_10_121"},{"num":13.6,"categoryName":"Dennis Scott","name":"2_32_10_122"},{"num":11.4,"categoryName":"Shawn Bradley","name":"2_32_10_105"},{"num":11.1,"categoryName":"Hubert Davis","name":"2_32_10_123"},{"num":8.9,"categoryName":"Samaki Walker","name":"2_32_10_111"},{"num":8.7,"categoryName":"Khalid Reeves","name":"2_32_10_110"},{"num":8.2,"categoryName":"Shawn Respert","name":"2_32_10_124"},{"num":7.8,"categoryName":"Robert Pack","name":"2_32_10_107"},{"num":7.6,"categoryName":"Erick Strickland","name":"2_32_10_108"},{"num":7.4,"categoryName":"Kurt Thomas","name":"2_32_10_125"},{"num":7.3,"categoryName":"A.C. Green","name":"2_32_10_109"},{"num":5.9,"categoryName":"Chris Anstey","name":"2_32_10_126"},{"num":5.7,"categoryName":"Martin Muursepp","name":"2_32_10_113"},{"num":3.6,"categoryName":"Eric Riley","name":"2_32_10_127"},{"num":3.3,"categoryName":"Bubba Wells","name":"2_32_10_128"},{"num":2.9,"categoryName":"Kevin Ollie","name":"2_32_10_129"},{"num":0,"categoryName":"Adrian Caldwell","name":"2_32_10_130"}],"name":"2_32_10_0"},{"num":89,"categoryName":"Denver_Nuggets","children":[{"num":19.8,"categoryName":"Eric Williams","name":"2_32_7_150"},{"num":14.7,"categoryName":"Johnny Newman","name":"2_32_7_151"},{"num":14.3,"categoryName":"LaPhonso Ellis","name":"2_32_7_107"},{"num":14,"categoryName":"Cory Alexander","name":"2_32_7_152"},{"num":11.6,"categoryName":"Bobby Jackson","name":"2_32_7_153"},{"num":10.2,"categoryName":"Danny Fortson","name":"2_32_7_154"},{"num":9.2,"categoryName":"Anthony Goldwire","name":"2_32_7_135"},{"num":8.4,"categoryName":"Tony Battie","name":"2_32_7_155"},{"num":7.7,"categoryName":"Eric Washington","name":"2_32_7_156"},{"num":7.6,"categoryName":"Bryant Stith","name":"2_32_7_109"},{"num":7.3,"categoryName":"Dean Garrett","name":"2_32_7_157"},{"num":6.1,"categoryName":"Harold Ellis","name":"2_32_7_158"},{"num":3.7,"categoryName":"Priest Lauderdale","name":"2_32_7_159"},{"num":3,"categoryName":"George Zidek","name":"2_32_7_143"},{"num":2.4,"categoryName":"Kiwane Garris","name":"2_32_7_160"},{"num":1.5,"categoryName":"Joe Wolf","name":"2_32_7_92"}],"name":"2_32_7_0"},{"num":98.8,"categoryName":"Houston_Rockets","children":[{"num":18.4,"categoryName":"Clyde Drexler","name":"2_32_11_85"},{"num":16.4,"categoryName":"Hakeem Olajuwon","name":"2_32_11_29"},{"num":16.1,"categoryName":"Kevin Willis","name":"2_32_11_102"},{"num":15.2,"categoryName":"Charles Barkley","name":"2_32_11_100"},{"num":8.6,"categoryName":"Matt Maloney","name":"2_32_11_103"},{"num":8.4,"categoryName":"Eddie Johnson","name":"2_32_11_101"},{"num":8.4,"categoryName":"Mario Elie","name":"2_32_11_79"},{"num":7,"categoryName":"Matt Bullard","name":"2_32_11_67"},{"num":6,"categoryName":"Othella Harrington","name":"2_32_11_106"},{"num":5.8,"categoryName":"Rodrick Rhodes","name":"2_32_11_111"},{"num":5.6,"categoryName":"Brent Price","name":"2_32_11_104"},{"num":4.1,"categoryName":"Emanual Davis","name":"2_32_11_105"},{"num":3.9,"categoryName":"Joe Stephens","name":"2_32_11_110"},{"num":0.6,"categoryName":"Charles Jones","name":"2_32_11_91"}],"name":"2_32_11_0"},{"num":101.1,"categoryName":"Minnesota_Timberwolves","children":[{"num":20.1,"categoryName":"Tom Gugliotta","name":"2_32_16_44"},{"num":18.5,"categoryName":"Kevin Garnett","name":"2_32_16_54"},{"num":17.7,"categoryName":"Stephon Marbury","name":"2_32_16_63"},{"num":13,"categoryName":"Anthony Peeler","name":"2_32_16_71"},{"num":12.3,"categoryName":"Sam Mitchell","name":"2_32_16_3"},{"num":9.9,"categoryName":"Chris Carr","name":"2_32_16_66"},{"num":9.5,"categoryName":"Terry Porter","name":"2_32_16_55"},{"num":7.1,"categoryName":"Cherokee Parks","name":"2_32_16_68"},{"num":6.2,"categoryName":"Stanley Roberts","name":"2_32_16_72"},{"num":6.1,"categoryName":"Tom Hammonds","name":"2_32_16_73"},{"num":4.1,"categoryName":"Doug West","name":"2_32_16_12"},{"num":3.1,"categoryName":"Bill Curley","name":"2_32_16_74"},{"num":2.6,"categoryName":"Reggie Jordan","name":"2_32_16_69"},{"num":2.6,"categoryName":"Micheal Williams","name":"2_32_16_31"},{"num":1.7,"categoryName":"DeJuan Wheat","name":"2_32_16_75"},{"num":1,"categoryName":"Clifford Rozier","name":"2_32_16_76"}],"name":"2_32_16_0"},{"num":92.5,"categoryName":"San_Antonio_Spurs","children":[{"num":21.6,"categoryName":"David Robinson","name":"2_32_12_100"},{"num":21.1,"categoryName":"Tim Duncan","name":"2_32_12_167"},{"num":10.2,"categoryName":"Avery Johnson","name":"2_32_12_114"},{"num":9.5,"categoryName":"Vinny Del Negro","name":"2_32_12_133"},{"num":9.3,"categoryName":"Sean Elliott","name":"2_32_12_104"},{"num":8.8,"categoryName":"Jaren Jackson","name":"2_32_12_168"},{"num":6.7,"categoryName":"Chuck Person","name":"2_32_12_145"},{"num":6.3,"categoryName":"Monty Williams","name":"2_32_12_155"},{"num":5,"categoryName":"Will Perdue","name":"2_32_12_152"},{"num":4.5,"categoryName":"Cory Alexander","name":"2_32_12_156"},{"num":3,"categoryName":"Malik Rose","name":"2_32_12_169"},{"num":2.9,"categoryName":"Carl Herrera","name":"2_32_12_157"},{"num":2.5,"categoryName":"Reggie Geary","name":"2_32_12_170"},{"num":2.1,"categoryName":"Brad Lohaus","name":"2_32_12_153"},{"num":2.1,"categoryName":"Willie Burton","name":"2_32_12_171"}],"name":"2_32_12_0"},{"num":101,"categoryName":"Utah_Jazz","children":[{"num":27,"categoryName":"Karl Malone","name":"2_32_9_51"},{"num":14.2,"categoryName":"Jeff Hornacek","name":"2_32_9_95"},{"num":12,"categoryName":"John Stockton","name":"2_32_9_48"},{"num":9,"categoryName":"Bryon Russell","name":"2_32_9_98"},{"num":8.3,"categoryName":"Shandon Anderson","name":"2_32_9_113"},{"num":7.8,"categoryName":"Adam Keefe","name":"2_32_9_107"},{"num":7.7,"categoryName":"Howard Eisley","name":"2_32_9_110"},{"num":5.7,"categoryName":"Antoine Carr","name":"2_32_9_106"},{"num":5.7,"categoryName":"Greg Foster","name":"2_32_9_111"},{"num":4.7,"categoryName":"Greg Ostertag","name":"2_32_9_112"},{"num":4.3,"categoryName":"Chris Morris","name":"2_32_9_109"},{"num":3.1,"categoryName":"Jacque Vaughn","name":"2_32_9_116"},{"num":1.5,"categoryName":"Troy Hudson","name":"2_32_9_117"},{"num":1.3,"categoryName":"William Cunningham","name":"2_32_9_118"}],"name":"2_32_9_0"},{"num":96.6,"categoryName":"Vancouver_Grizzlies","children":[{"num":22.3,"categoryName":"S. Abdur-Rahim","name":"2_32_18_19"},{"num":16.3,"categoryName":"Bryant Reeves","name":"2_32_18_3"},{"num":11.2,"categoryName":"Otis Thorpe","name":"2_32_18_29"},{"num":10.8,"categoryName":"Sam Mack","name":"2_32_18_30"},{"num":10.8,"categoryName":"Blue Edwards","name":"2_32_18_4"},{"num":9.9,"categoryName":"Anthony Peeler","name":"2_32_18_20"},{"num":7.8,"categoryName":"Antonio Daniels","name":"2_32_18_31"},{"num":7.5,"categoryName":"George Lynch","name":"2_32_18_21"},{"num":6.5,"categoryName":"Tony Massenburg","name":"2_32_18_32"},{"num":6.1,"categoryName":"Michael Smith","name":"2_32_18_33"},{"num":4.9,"categoryName":"Pete Chilcutt","name":"2_32_18_26"},{"num":4.6,"categoryName":"Lee Mayberry","name":"2_32_18_24"},{"num":4.5,"categoryName":"Bobby Hurley","name":"2_32_18_34"},{"num":3.4,"categoryName":"Chris Robinson","name":"2_32_18_25"},{"num":2.8,"categoryName":"Larry Robinson","name":"2_32_18_35"},{"num":2.1,"categoryName":"Ivano Newbill","name":"2_32_18_36"}],"name":"2_32_18_0"}],"name":"2_32_0_0","num":670.4},{"categoryName":"Pacific","children":[{"num":88.3,"categoryName":"Golden_State_Warriors","children":[{"num":21.4,"categoryName":"Latrell Sprewell","name":"2_33_6_146"},{"num":18.9,"categoryName":"Jim Jackson","name":"2_33_6_190"},{"num":17.3,"categoryName":"Joe Smith","name":"2_33_6_173"},{"num":15.4,"categoryName":"Donyell Marshall","name":"2_33_6_163"},{"num":11.8,"categoryName":"Erick Dampier","name":"2_33_6_191"},{"num":10.9,"categoryName":"Jason Caffey","name":"2_33_6_192"},{"num":10.7,"categoryName":"C. Weatherspoon","name":"2_33_6_193"},{"num":10.4,"categoryName":"Tony Delk","name":"2_33_6_194"},{"num":8,"categoryName":"Bimbo Coles","name":"2_33_6_176"},{"num":5.5,"categoryName":"Carl Thomas","name":"2_33_6_195"},{"num":6.4,"categoryName":"Brian Shaw","name":"2_33_6_196"},{"num":5.8,"categoryName":"Muggsy Bogues","name":"2_33_6_197"},{"num":5.2,"categoryName":"David Vaughn","name":"2_33_6_198"},{"num":4.3,"categoryName":"B.J. Armstrong","name":"2_33_6_174"},{"num":4.1,"categoryName":"Brandon Williams","name":"2_33_6_199"},{"num":4,"categoryName":"Todd Fuller","name":"2_33_6_186"},{"num":3,"categoryName":"Adonal Foyle","name":"2_33_6_200"},{"num":2.8,"categoryName":"Dickey Simpkins","name":"2_33_6_201"},{"num":2.5,"categoryName":"Jeff Grayer","name":"2_33_6_148"},{"num":2.4,"categoryName":"Felton Spencer","name":"2_33_6_184"},{"num":1.9,"categoryName":"Gerald Madkins","name":"2_33_6_202"},{"num":1.9,"categoryName":"Duane Ferrell","name":"2_33_6_203"}],"name":"2_33_6_0"},{"num":95.9,"categoryName":"Los_Angeles_Clippers","children":[{"num":15.4,"categoryName":"Lamond Murray","name":"2_33_10_99"},{"num":15.2,"categoryName":"Isaac Austin","name":"2_33_10_118"},{"num":15.1,"categoryName":"Rodney Rogers","name":"2_33_10_108"},{"num":13.7,"categoryName":"Brent Barry","name":"2_33_10_109"},{"num":11.5,"categoryName":"Maurice Taylor","name":"2_33_10_119"},{"num":11.3,"categoryName":"Eric Piatkowski","name":"2_33_10_103"},{"num":10.3,"categoryName":"Darrick Martin","name":"2_33_10_113"},{"num":9,"categoryName":"Lorenzen Wright","name":"2_33_10_114"},{"num":7.7,"categoryName":"James Robinson","name":"2_33_10_120"},{"num":7.5,"categoryName":"Loy Vaught","name":"2_33_10_69"},{"num":4.7,"categoryName":"Charles Smith","name":"2_33_10_45"},{"num":4.2,"categoryName":"Pooh Richardson","name":"2_33_10_101"},{"num":4,"categoryName":"Keith Closs","name":"2_33_10_121"},{"num":3,"categoryName":"Stojko Vrankovic","name":"2_33_10_122"},{"num":2.6,"categoryName":"James Collins","name":"2_33_10_123"}],"name":"2_33_10_0"},{"num":105.5,"categoryName":"Los_Angeles_Lakers","children":[{"num":28.3,"categoryName":"Shaquille O'Neal","name":"2_33_1_157"},{"num":16.9,"categoryName":"Eddie Jones","name":"2_33_1_148"},{"num":15.4,"categoryName":"Kobe Bryant","name":"2_33_1_159"},{"num":13.8,"categoryName":"Nick Van Exel","name":"2_33_1_140"},{"num":12,"categoryName":"Rick Fox","name":"2_33_1_168"},{"num":10.1,"categoryName":"Elden Campbell","name":"2_33_1_125"},{"num":7.4,"categoryName":"Robert Horry","name":"2_33_1_158"},{"num":5.8,"categoryName":"Derek Fisher","name":"2_33_1_163"},{"num":3.9,"categoryName":"Mario Bennett","name":"2_33_1_169"},{"num":3.6,"categoryName":"Corie Blount","name":"2_33_1_155"},{"num":3.4,"categoryName":"Sean Rooks","name":"2_33_1_164"},{"num":2.5,"categoryName":"Jon Barry","name":"2_33_1_170"},{"num":1,"categoryName":"Shea Seals","name":"2_33_1_171"}],"name":"2_33_1_0"},{"num":99.6,"categoryName":"Phoenix_Suns","children":[{"num":15.9,"categoryName":"Rex Chapman","name":"2_33_8_145"},{"num":15.1,"categoryName":"Antonio McDyess","name":"2_33_8_158"},{"num":14.2,"categoryName":"Clifford Robinson","name":"2_33_8_159"},{"num":13.5,"categoryName":"Danny Manning","name":"2_33_8_128"},{"num":11.6,"categoryName":"Jason Kidd","name":"2_33_8_146"},{"num":9.5,"categoryName":"Kevin Johnson","name":"2_33_8_84"},{"num":9.5,"categoryName":"Cedric Ceballos","name":"2_33_8_108"},{"num":9.1,"categoryName":"Steve Nash","name":"2_33_8_151"},{"num":7.2,"categoryName":"George McCloud","name":"2_33_8_160"},{"num":6.2,"categoryName":"Dennis Scott","name":"2_33_8_161"},{"num":4.2,"categoryName":"Mark Bryant","name":"2_33_8_147"},{"num":3.6,"categoryName":"Hot Rod Williams","name":"2_33_8_136"},{"num":3,"categoryName":"H. Llamas Grey","name":"2_33_8_156"},{"num":2.8,"categoryName":"Marko Milic","name":"2_33_8_162"},{"num":2,"categoryName":"Brooks Thompson","name":"2_33_8_163"}],"name":"2_33_8_0"},{"num":94.3,"categoryName":"Portland_Trail_Blazers","children":[{"num":19.7,"categoryName":"Isaiah Rider","name":"2_33_2_165"},{"num":16,"categoryName":"Arvydas Sabonis","name":"2_33_2_156"},{"num":14.6,"categoryName":"Rasheed Wallace","name":"2_33_2_166"},{"num":12.6,"categoryName":"Kenny Anderson","name":"2_33_2_164"},{"num":12.4,"categoryName":"Damon Stoudamire","name":"2_33_2_174"},{"num":12.1,"categoryName":"Brian Grant","name":"2_33_2_175"},{"num":11.5,"categoryName":"Gary Trent","name":"2_33_2_157"},{"num":8.4,"categoryName":"Walt Williams","name":"2_33_2_176"},{"num":6.9,"categoryName":"Alvin Williams","name":"2_33_2_177"},{"num":5.7,"categoryName":"Stacey Augmon","name":"2_33_2_167"},{"num":4.8,"categoryName":"Gary Grant","name":"2_33_2_178"},{"num":4.5,"categoryName":"Jermaine O'Neal","name":"2_33_2_168"},{"num":4.3,"categoryName":"Rick Brunson","name":"2_33_2_179"},{"num":3.8,"categoryName":"Kelvin Cato","name":"2_33_2_180"},{"num":3.7,"categoryName":"John Crotty","name":"2_33_2_181"},{"num":2.2,"categoryName":"Vincent Askew","name":"2_33_2_182"},{"num":1.3,"categoryName":"Carlos Rogers","name":"2_33_2_183"},{"num":0.9,"categoryName":"Alton Lister","name":"2_33_2_184"},{"num":0.3,"categoryName":"Dontonio Wingfield","name":"2_33_2_159"},{"num":0,"categoryName":"Sean Higgins","name":"2_33_2_185"}],"name":"2_33_2_0"},{"num":93.1,"categoryName":"Sacramento_Kings","children":[{"num":23.2,"categoryName":"Mitch Richmond","name":"2_33_11_41"},{"num":17.7,"categoryName":"Corliss Williamson","name":"2_33_11_75"},{"num":10.5,"categoryName":"Billy Owens","name":"2_33_11_73"},{"num":9.5,"categoryName":"L. Funderburke","name":"2_33_11_84"},{"num":8.3,"categoryName":"Otis Thorpe","name":"2_33_11_85"},{"num":7.9,"categoryName":"Olden Polynice","name":"2_33_11_58"},{"num":7.5,"categoryName":"Anthony Johnson","name":"2_33_11_86"},{"num":7.3,"categoryName":"Mahmoud Abdul-Rauf","name":"2_33_11_79"},{"num":6.4,"categoryName":"Tariq Abdul-Wahad","name":"2_33_11_87"},{"num":6.4,"categoryName":"Terry Dehere","name":"2_33_11_88"},{"num":5.7,"categoryName":"Chris Robinson","name":"2_33_11_89"},{"num":4.6,"categoryName":"Michael Stewart","name":"2_33_11_90"},{"num":3.8,"categoryName":"Michael Smith","name":"2_33_11_67"},{"num":3.8,"categoryName":"Bobby Hurley","name":"2_33_11_60"},{"num":3.4,"categoryName":"Mark Hendrickson","name":"2_33_11_91"},{"num":1.6,"categoryName":"Derek Grimm","name":"2_33_11_92"},{"num":0.3,"categoryName":"Kevin Salvadori","name":"2_33_11_82"}],"name":"2_33_11_0"},{"num":100.6,"categoryName":"Seattle_Supersonics","children":[{"num":19.2,"categoryName":"Vin Baker","name":"2_33_5_163"},{"num":19.2,"categoryName":"Gary Payton","name":"2_33_5_133"},{"num":15.8,"categoryName":"Detlef Schrempf","name":"2_33_5_143"},{"num":11.8,"categoryName":"Dale Ellis","name":"2_33_5_104"},{"num":10.5,"categoryName":"Hersey Hawkins","name":"2_33_5_152"},{"num":7.2,"categoryName":"Sam Perkins","name":"2_33_5_139"},{"num":6.3,"categoryName":"Jerome Kersey","name":"2_33_5_164"},{"num":5.2,"categoryName":"Greg Anthony","name":"2_33_5_165"},{"num":4.6,"categoryName":"Aaron Williams","name":"2_33_5_166"},{"num":3.4,"categoryName":"Nate McMillan","name":"2_33_5_108"},{"num":3.2,"categoryName":"Jim McIlvaine","name":"2_33_5_158"},{"num":2.7,"categoryName":"James Cotton","name":"2_33_5_167"},{"num":2.6,"categoryName":"David Wingate","name":"2_33_5_153"},{"num":1.9,"categoryName":"Stephen Howard","name":"2_33_5_168"},{"num":1.8,"categoryName":"George Zidek","name":"2_33_5_169"},{"num":1.5,"categoryName":"Eric Snow","name":"2_33_5_155"}],"name":"2_33_5_0"}],"name":"2_33_0_0","num":677.3}],"name":"2_0_0_0","num":1347.6999999999998}],"num":2771.7}