{"year":1958,"name":"root","categoryName":"root","children":[{"categoryName":"Eastern","children":[{"num":116.4,"categoryName":"Boston_Celtics","children":[{"num":20.4,"categoryName":"Bill Sharman","name":"1_1_70_0"},{"num":20,"categoryName":"Bob Cousy","name":"1_1_58_0"},{"num":18.8,"categoryName":"Tom Heinsohn","name":"1_1_89_0"},{"num":16.7,"categoryName":"Bill Russell","name":"1_1_90_0"},{"num":15.4,"categoryName":"Frank Ramsey","name":"1_1_80_0"},{"num":10.7,"categoryName":"Sam Jones","name":"1_1_93_0"},{"num":8.3,"categoryName":"Jim Loscutoff","name":"1_1_86_0"},{"num":4.6,"categoryName":"Bennie Swain","name":"1_1_94_0"},{"num":4.2,"categoryName":"Gene Conley","name":"1_1_74_0"},{"num":4.1,"categoryName":"Lou Tsioropoulos","name":"1_1_92_0"},{"num":3.5,"categoryName":"K.C. Jones","name":"1_1_95_0"}],"name":"1_1_0_0"},{"num":110.3,"categoryName":"New_York_Knicks","children":[{"num":21,"categoryName":"Kenny Sears","name":"1_2_68_0"},{"num":18.2,"categoryName":"Richie Guerin","name":"1_2_73_0"},{"num":15.7,"categoryName":"Willie Naulls","name":"1_2_72_0"},{"num":10.5,"categoryName":"Carl Braun","name":"1_2_21_0"},{"num":10.4,"categoryName":"Ray Felix","name":"1_2_57_0"},{"num":9.8,"categoryName":"Frank Selvy","name":"1_2_85_0"},{"num":8.8,"categoryName":"Charlie Tyra","name":"1_2_80_0"},{"num":8,"categoryName":"Ron Sobie","name":"1_2_75_0"},{"num":6.6,"categoryName":"Jack George","name":"1_2_86_0"},{"num":6,"categoryName":"Mike Farmer","name":"1_2_87_0"},{"num":5.7,"categoryName":"Guy Sparrow","name":"1_2_79_0"},{"num":2.5,"categoryName":"Pete Brennan","name":"1_2_88_0"},{"num":2.3,"categoryName":"Jerry Bird","name":"1_2_89_0"},{"num":0,"categoryName":"Brendan McCann","name":"1_2_84_0"}],"name":"1_2_0_0"},{"num":103.3,"categoryName":"Philadelphia_Warriors","children":[{"num":26.4,"categoryName":"Paul Arizin","name":"1_3_32_0"},{"num":15.4,"categoryName":"Woody Sauldsberry","name":"1_3_75_0"},{"num":14.7,"categoryName":"Joe Graboski","name":"1_3_53_0"},{"num":14.1,"categoryName":"Tom Gola","name":"1_3_69_0"},{"num":10.7,"categoryName":"Guy Rodgers","name":"1_3_80_0"},{"num":9.8,"categoryName":"Jack George","name":"1_3_54_0"},{"num":6.9,"categoryName":"Andy Johnson","name":"1_3_81_0"},{"num":6.3,"categoryName":"Neil Johnston","name":"1_3_38_0"},{"num":5.3,"categoryName":"Ernie Beck","name":"1_3_56_0"},{"num":5.2,"categoryName":"Vern Hatton","name":"1_3_82_0"},{"num":4.1,"categoryName":"George Dempsey","name":"1_3_61_0"},{"num":3.8,"categoryName":"Guy Sparrow","name":"1_3_83_0"},{"num":3.7,"categoryName":"Phil Rollins","name":"1_3_84_0"},{"num":3.7,"categoryName":"Lennie Rosenbluth","name":"1_3_76_0"}],"name":"1_3_0_0"},{"num":113.1,"categoryName":"Syracuse_Nationals","children":[{"num":21.3,"categoryName":"Dolph Schayes","name":"1_8_1_0"},{"num":17.8,"categoryName":"Red Kerr","name":"1_8_32_0"},{"num":16.7,"categoryName":"George Yardley","name":"1_8_48_0"},{"num":15.8,"categoryName":"Larry Costello","name":"1_8_47_0"},{"num":11.9,"categoryName":"Ed Conlin","name":"1_8_37_0"},{"num":11.1,"categoryName":"Hal Greer","name":"1_8_49_0"},{"num":10,"categoryName":"Al Bianchi","name":"1_8_39_0"},{"num":10,"categoryName":"Bob Hopkins","name":"1_8_42_0"},{"num":8.4,"categoryName":"Togo Palazzi","name":"1_8_38_0"},{"num":5,"categoryName":"George Dempsey","name":"1_8_50_0"},{"num":4.6,"categoryName":"Connie Dierking","name":"1_8_51_0"},{"num":4.3,"categoryName":"Paul Seymour","name":"1_8_5_0"},{"num":2,"categoryName":"Tommy Kearns","name":"1_8_52_0"}],"name":"1_8_0_0"}],"name":"1_0_0_0","num":443.1},{"categoryName":"Western","children":[{"num":103.1,"categoryName":"Cincinnati_Royals","children":[{"num":25.8,"categoryName":"Jack Twyman","name":"2_20_2_0"},{"num":12.9,"categoryName":"Johnny McCarthy","name":"2_20_13_0"},{"num":12.5,"categoryName":"Si Green","name":"2_20_14_0"},{"num":11.4,"categoryName":"Wayne Embry","name":"2_20_15_0"},{"num":10.6,"categoryName":"Dave Piontek","name":"2_20_8_0"},{"num":10.3,"categoryName":"Jim Palmer","name":"2_20_16_0"},{"num":10.2,"categoryName":"Bucky Bockhorn","name":"2_20_17_0"},{"num":9.7,"categoryName":"Med Park","name":"2_20_18_0"},{"num":8.2,"categoryName":"Archie Dees","name":"2_20_19_0"},{"num":6.9,"categoryName":"Vern Hatton","name":"2_20_20_0"},{"num":6.8,"categoryName":"Phil Rollins","name":"2_20_21_0"},{"num":4.3,"categoryName":"Larry Staverman","name":"2_20_22_0"},{"num":4,"categoryName":"Jack Parr","name":"2_20_23_0"},{"num":3.6,"categoryName":"Tom Marshall","name":"2_20_10_0"}],"name":"2_20_0_0"},{"num":105.1,"categoryName":"Detroit_Pistons","children":[{"num":20.8,"categoryName":"George Yardley","name":"2_21_1_0"},{"num":17.6,"categoryName":"Gene Shue","name":"2_21_2_0"},{"num":14.3,"categoryName":"Phil Jordon","name":"2_21_5_0"},{"num":13,"categoryName":"Walter Dukes","name":"2_21_4_0"},{"num":11.8,"categoryName":"Ed Conlin","name":"2_21_17_0"},{"num":9.2,"categoryName":"Dick McGuire","name":"2_21_6_0"},{"num":8.4,"categoryName":"Earl Lloyd","name":"2_21_18_0"},{"num":8.4,"categoryName":"Joe Holup","name":"2_21_11_0"},{"num":7.1,"categoryName":"Chuck Noble","name":"2_21_9_0"},{"num":7,"categoryName":"Dick Farley","name":"2_21_19_0"},{"num":6.4,"categoryName":"Shellie McMillon","name":"2_21_20_0"},{"num":3.5,"categoryName":"Barney Cable","name":"2_21_21_0"}],"name":"2_21_0_0"},{"num":106,"categoryName":"Minneapolis_Lakers","children":[{"num":24.9,"categoryName":"Elgin Baylor","name":"2_10_55_0"},{"num":13.8,"categoryName":"Vern Mikkelsen","name":"2_10_16_0"},{"num":13.7,"categoryName":"Dick Garmaker","name":"2_10_36_0"},{"num":12.3,"categoryName":"Larry Foust","name":"2_10_44_0"},{"num":9.6,"categoryName":"Hot Rod Hundley","name":"2_10_49_0"},{"num":9.2,"categoryName":"Slick Leonard","name":"2_10_41_0"},{"num":8.8,"categoryName":"Jim Krebs","name":"2_10_47_0"},{"num":6.5,"categoryName":"Ed Fleming","name":"2_10_45_0"},{"num":5.9,"categoryName":"Boo Ellis","name":"2_10_56_0"},{"num":4.4,"categoryName":"Steve Hamilton","name":"2_10_57_0"}],"name":"2_10_0_0"},{"num":108.8,"categoryName":"St._Louis_Hawks","children":[{"num":29.2,"categoryName":"Bob Pettit","name":"2_19_1_0"},{"num":23.7,"categoryName":"Cliff Hagan","name":"2_19_18_0"},{"num":14.4,"categoryName":"Clyde Lovellette","name":"2_19_27_0"},{"num":9.7,"categoryName":"Slater Martin","name":"2_19_16_0"},{"num":8.2,"categoryName":"Jack McMahon","name":"2_19_9_0"},{"num":6,"categoryName":"Chuck Share","name":"2_19_2_0"},{"num":5.7,"categoryName":"Al Ferrari","name":"2_19_8_0"},{"num":5.6,"categoryName":"Si Green","name":"2_19_28_0"},{"num":5,"categoryName":"Hub Reed","name":"2_19_29_0"},{"num":4.6,"categoryName":"Ed Macauley","name":"2_19_15_0"},{"num":4.1,"categoryName":"Win Wilfong","name":"2_19_23_0"},{"num":3,"categoryName":"Med Park","name":"2_19_13_0"},{"num":1,"categoryName":"Dave Gambee","name":"2_19_30_0"}],"name":"2_19_0_0"}],"name":"2_0_0_0","num":423}],"num":866.1}