{"year":1993,"name":"root","categoryName":"root","children":[{"categoryName":"Eastern","children":[{"categoryName":"Atlantic","children":[{"num":100.8,"categoryName":"Boston_Celtics","children":[{"num":15.5,"categoryName":"Dee Brown","name":"1_14_1_98"},{"num":15.1,"categoryName":"Dino Radja","name":"1_14_1_116"},{"num":13.3,"categoryName":"Sherman Douglas","name":"1_14_1_104"},{"num":11.7,"categoryName":"Robert Parish","name":"1_14_1_57"},{"num":11.5,"categoryName":"Kevin Gamble","name":"1_14_1_91"},{"num":11.3,"categoryName":"Xavier McDaniel","name":"1_14_1_110"},{"num":10.8,"categoryName":"Rick Fox","name":"1_14_1_103"},{"num":8.8,"categoryName":"Tony Harris","name":"1_14_1_117"},{"num":5.5,"categoryName":"Acie Earl","name":"1_14_1_118"},{"num":5.2,"categoryName":"Ed Pinckney","name":"1_14_1_87"},{"num":4.9,"categoryName":"Alaa Abdelnaby","name":"1_14_1_111"},{"num":4.9,"categoryName":"Jimmy Oliver","name":"1_14_1_119"},{"num":4.8,"categoryName":"Todd Lichti","name":"1_14_1_120"},{"num":2.3,"categoryName":"Chris Corchiani","name":"1_14_1_121"},{"num":1.6,"categoryName":"Matt Wenstrom","name":"1_14_1_122"}],"name":"1_14_1_0"},{"num":103.4,"categoryName":"Miami_Heat","children":[{"num":21.1,"categoryName":"Glen Rice","name":"1_14_9_3"},{"num":17.3,"categoryName":"Steve Smith","name":"1_14_9_20"},{"num":15.1,"categoryName":"Rony Seikaly","name":"1_14_9_1"},{"num":11.4,"categoryName":"Grant Long","name":"1_14_9_7"},{"num":10.5,"categoryName":"Harold Miner","name":"1_14_9_25"},{"num":9,"categoryName":"Brian Shaw","name":"1_14_9_21"},{"num":7.7,"categoryName":"Bimbo Coles","name":"1_14_9_16"},{"num":7.7,"categoryName":"John Salley","name":"1_14_9_26"},{"num":7.2,"categoryName":"Matt Geiger","name":"1_14_9_27"},{"num":7,"categoryName":"Willie Burton","name":"1_14_9_14"},{"num":2.3,"categoryName":"Keith Askins","name":"1_14_9_18"},{"num":2.2,"categoryName":"Alec Kessler","name":"1_14_9_15"},{"num":1.8,"categoryName":"Morlon Wiley","name":"1_14_9_28"},{"num":0.5,"categoryName":"Gary Alexander","name":"1_14_9_29"},{"num":0.3,"categoryName":"Manute Bol","name":"1_14_9_30"}],"name":"1_14_9_0"},{"num":103.2,"categoryName":"New_Jersey_Nets","children":[{"num":20.2,"categoryName":"Derrick Coleman","name":"1_14_6_113"},{"num":18.8,"categoryName":"Kenny Anderson","name":"1_14_6_120"},{"num":14,"categoryName":"Kevin Edwards","name":"1_14_6_132"},{"num":11.8,"categoryName":"Armen Gilliam","name":"1_14_6_133"},{"num":10.9,"categoryName":"Chris Morris","name":"1_14_6_89"},{"num":9.5,"categoryName":"Johnny Newman","name":"1_14_6_134"},{"num":9.3,"categoryName":"Benoit Benjamin","name":"1_14_6_135"},{"num":5.9,"categoryName":"Rumeal Robinson","name":"1_14_6_124"},{"num":5.7,"categoryName":"P.J. Brown","name":"1_14_6_136"},{"num":4.6,"categoryName":"Jayson Williams","name":"1_14_6_126"},{"num":4,"categoryName":"Ron Anderson","name":"1_14_6_137"},{"num":3.4,"categoryName":"Rex Walters","name":"1_14_6_138"},{"num":3.1,"categoryName":"David Wesley","name":"1_14_6_139"},{"num":2.3,"categoryName":"Dwayne Schintzius","name":"1_14_6_129"},{"num":2.1,"categoryName":"Rick Mahorn","name":"1_14_6_127"},{"num":0.3,"categoryName":"Dave Jamerson","name":"1_14_6_140"}],"name":"1_14_6_0"},{"num":98.5,"categoryName":"New_York_Knicks","children":[{"num":24.5,"categoryName":"Patrick Ewing","name":"1_14_3_90"},{"num":19,"categoryName":"John Starks","name":"1_14_3_120"},{"num":11.8,"categoryName":"Charles Oakley","name":"1_14_3_112"},{"num":11,"categoryName":"Hubert Davis","name":"1_14_3_135"},{"num":10.4,"categoryName":"Charles Smith","name":"1_14_3_131"},{"num":8.6,"categoryName":"Derek Harper","name":"1_14_3_139"},{"num":7.9,"categoryName":"Greg Anthony","name":"1_14_3_125"},{"num":7.5,"categoryName":"Doc Rivers","name":"1_14_3_133"},{"num":7.3,"categoryName":"Rolando Blackman","name":"1_14_3_132"},{"num":7.2,"categoryName":"Anthony Mason","name":"1_14_3_124"},{"num":7.1,"categoryName":"Tony Campbell","name":"1_14_3_134"},{"num":5.1,"categoryName":"Anthony Bonner","name":"1_14_3_140"},{"num":3.3,"categoryName":"Herb Williams","name":"1_14_3_137"},{"num":1.9,"categoryName":"Eric Anderson","name":"1_14_3_138"},{"num":1.8,"categoryName":"Corey Gaines","name":"1_14_3_141"},{"num":1.3,"categoryName":"Gerald Paddio","name":"1_14_3_142"}],"name":"1_14_3_0"},{"num":105.7,"categoryName":"Orlando_Magic","children":[{"num":29.3,"categoryName":"Shaquille O'Neal","name":"1_14_10_18"},{"num":16,"categoryName":"Penny Hardaway","name":"1_14_10_25"},{"num":15.8,"categoryName":"Nick Anderson","name":"1_14_10_2"},{"num":12.8,"categoryName":"Dennis Scott","name":"1_14_10_1"},{"num":9.9,"categoryName":"Scott Skiles","name":"1_14_10_5"},{"num":7.4,"categoryName":"Donald Royal","name":"1_14_10_19"},{"num":6.6,"categoryName":"Jeff Turner","name":"1_14_10_11"},{"num":5.1,"categoryName":"Larry Krystkowiak","name":"1_14_10_26"},{"num":4.6,"categoryName":"Anthony Bowie","name":"1_14_10_4"},{"num":3.5,"categoryName":"Anthony Avent","name":"1_14_10_27"},{"num":2.5,"categoryName":"Litterial Green","name":"1_14_10_21"},{"num":2,"categoryName":"Todd Lichti","name":"1_14_10_28"},{"num":2,"categoryName":"Geert Hammink","name":"1_14_10_29"},{"num":1.7,"categoryName":"Tree Rollins","name":"1_14_10_30"},{"num":1.2,"categoryName":"Greg Kite","name":"1_14_10_14"},{"num":0.7,"categoryName":"Keith Tower","name":"1_14_10_31"},{"num":0.7,"categoryName":"Lorenzo Williams","name":"1_14_10_24"},{"num":0,"categoryName":"Anthony Cook","name":"1_14_10_32"}],"name":"1_14_10_0"},{"num":98,"categoryName":"Philadelphia_76ers","children":[{"num":18.4,"categoryName":"C. Weatherspoon","name":"1_14_4_157"},{"num":16.8,"categoryName":"Jeff Malone","name":"1_14_4_162"},{"num":16.6,"categoryName":"Jeff Hornacek","name":"1_14_4_156"},{"num":13.3,"categoryName":"Dana Barros","name":"1_14_4_163"},{"num":12.7,"categoryName":"Orlando Woolridge","name":"1_14_4_164"},{"num":10.3,"categoryName":"Shawn Bradley","name":"1_14_4_165"},{"num":9,"categoryName":"Tim Perry","name":"1_14_4_159"},{"num":6.6,"categoryName":"Johnny Dawkins","name":"1_14_4_131"},{"num":5.3,"categoryName":"Moses Malone","name":"1_14_4_82"},{"num":5.1,"categoryName":"Isaac Austin","name":"1_14_4_166"},{"num":5.1,"categoryName":"Eric Leckner","name":"1_14_4_167"},{"num":4.8,"categoryName":"Greg Graham","name":"1_14_4_168"},{"num":4.3,"categoryName":"Sean Green","name":"1_14_4_169"},{"num":3.6,"categoryName":"Warren Kidd","name":"1_14_4_170"},{"num":2,"categoryName":"Bill Edwards","name":"1_14_4_171"},{"num":1.5,"categoryName":"Manute Bol","name":"1_14_4_147"},{"num":0.9,"categoryName":"Michael Curry","name":"1_14_4_172"}],"name":"1_14_4_0"},{"num":100.4,"categoryName":"Washington_Bullets","children":[{"num":18.2,"categoryName":"Rex Chapman","name":"1_14_7_95"},{"num":18.2,"categoryName":"Don MacLean","name":"1_14_7_100"},{"num":17.1,"categoryName":"Tom Gugliotta","name":"1_14_7_94"},{"num":12.1,"categoryName":"Michael Adams","name":"1_14_7_70"},{"num":12,"categoryName":"Calbert Cheaney","name":"1_14_7_106"},{"num":7.3,"categoryName":"Pervis Ellison","name":"1_14_7_87"},{"num":6.9,"categoryName":"Mitchell Butler","name":"1_14_7_107"},{"num":6.6,"categoryName":"Kevin Duckworth","name":"1_14_7_108"},{"num":6.2,"categoryName":"Brent Price","name":"1_14_7_103"},{"num":5.6,"categoryName":"Gheorghe Muresan","name":"1_14_7_109"},{"num":5.2,"categoryName":"Ron Anderson","name":"1_14_7_110"},{"num":5,"categoryName":"Marty Conlon","name":"1_14_7_111"},{"num":4.8,"categoryName":"Kenny Walker","name":"1_14_7_112"},{"num":4.4,"categoryName":"LaBradford Smith","name":"1_14_7_97"},{"num":4.3,"categoryName":"Larry Stewart","name":"1_14_7_96"},{"num":3.8,"categoryName":"Gerald Paddio","name":"1_14_7_113"},{"num":3.6,"categoryName":"Doug Overton","name":"1_14_7_98"},{"num":3.1,"categoryName":"Andrew Gaze","name":"1_14_7_114"},{"num":0,"categoryName":"Manute Bol","name":"1_14_7_61"},{"num":0,"categoryName":"Tito Horford","name":"1_14_7_115"}],"name":"1_14_7_0"}],"name":"1_14_0_0","num":709.9999999999999},{"categoryName":"Central","children":[{"num":101.4,"categoryName":"Atlanta_Hawks","children":[{"num":24.4,"categoryName":"Dominique Wilkins","name":"1_15_1_79"},{"num":19.1,"categoryName":"Kevin Willis","name":"1_15_1_93"},{"num":15.7,"categoryName":"Danny Manning","name":"1_15_1_146"},{"num":14.8,"categoryName":"Stacey Augmon","name":"1_15_1_131"},{"num":13.8,"categoryName":"Mookie Blaylock","name":"1_15_1_139"},{"num":10,"categoryName":"Craig Ehlo","name":"1_15_1_147"},{"num":7.1,"categoryName":"Duane Ferrell","name":"1_15_1_115"},{"num":6.1,"categoryName":"Andrew Lang","name":"1_15_1_148"},{"num":4.3,"categoryName":"Adam Keefe","name":"1_15_1_140"},{"num":4.2,"categoryName":"Jon Koncak","name":"1_15_1_101"},{"num":3.6,"categoryName":"Ennis Whatley","name":"1_15_1_111"},{"num":2.8,"categoryName":"Paul Graham","name":"1_15_1_132"},{"num":2.7,"categoryName":"Doug Edwards","name":"1_15_1_149"},{"num":1.3,"categoryName":"Ricky Grace","name":"1_15_1_150"},{"num":0.7,"categoryName":"John Bagley","name":"1_15_1_151"}],"name":"1_15_1_0"},{"num":106.5,"categoryName":"Charlotte_Hornets","children":[{"num":21.5,"categoryName":"Alonzo Mourning","name":"1_15_15_27"},{"num":16.4,"categoryName":"Larry Johnson","name":"1_15_15_18"},{"num":16.3,"categoryName":"Dell Curry","name":"1_15_15_7"},{"num":14.4,"categoryName":"Hersey Hawkins","name":"1_15_15_33"},{"num":13,"categoryName":"Johnny Newman","name":"1_15_15_2"},{"num":11.5,"categoryName":"Eddie Johnson","name":"1_15_15_34"},{"num":10.8,"categoryName":"Muggsy Bogues","name":"1_15_15_10"},{"num":10.2,"categoryName":"Marty Conlon","name":"1_15_15_35"},{"num":10.1,"categoryName":"Frank Brickowski","name":"1_15_15_36"},{"num":7.7,"categoryName":"Kenny Gattison","name":"1_15_15_8"},{"num":6.2,"categoryName":"David Wingate","name":"1_15_15_28"},{"num":4.8,"categoryName":"Scott Burrell","name":"1_15_15_37"},{"num":4.4,"categoryName":"LeRon Ellis","name":"1_15_15_38"},{"num":3.5,"categoryName":"Mike Gminski","name":"1_15_15_4"},{"num":3.4,"categoryName":"Tony Bennett","name":"1_15_15_29"},{"num":2.8,"categoryName":"Tim Kempton","name":"1_15_15_39"},{"num":2.1,"categoryName":"Rumeal Robinson","name":"1_15_15_40"},{"num":1,"categoryName":"Steve Henson","name":"1_15_15_41"},{"num":0,"categoryName":"Lorenzo Williams","name":"1_15_15_32"}],"name":"1_15_15_0"},{"num":98,"categoryName":"Chicago_Bulls","children":[{"num":22,"categoryName":"Scottie Pippen","name":"1_15_12_60"},{"num":15.1,"categoryName":"Horace Grant","name":"1_15_12_61"},{"num":14.8,"categoryName":"B.J. Armstrong","name":"1_15_12_74"},{"num":10.9,"categoryName":"Toni Kukoc","name":"1_15_12_90"},{"num":8.6,"categoryName":"Steve Kerr","name":"1_15_12_91"},{"num":7.9,"categoryName":"Pete Myers","name":"1_15_12_54"},{"num":7.6,"categoryName":"Scott Williams","name":"1_15_12_79"},{"num":7.6,"categoryName":"Luc Longley","name":"1_15_12_92"},{"num":7.1,"categoryName":"Bill Wennington","name":"1_15_12_93"},{"num":5.6,"categoryName":"Bill Cartwright","name":"1_15_12_64"},{"num":5.5,"categoryName":"Stacey King","name":"1_15_12_73"},{"num":3.6,"categoryName":"Jo Jo English","name":"1_15_12_89"},{"num":3,"categoryName":"Corie Blount","name":"1_15_12_94"},{"num":2.8,"categoryName":"Dave Johnson","name":"1_15_12_95"},{"num":2.7,"categoryName":"Will Perdue","name":"1_15_12_67"},{"num":2.6,"categoryName":"John Paxson","name":"1_15_12_42"}],"name":"1_15_12_0"},{"num":101.2,"categoryName":"Cleveland_Cavaliers","children":[{"num":17.3,"categoryName":"Mark Price","name":"1_15_4_120"},{"num":17,"categoryName":"Brad Daugherty","name":"1_15_4_118"},{"num":14.3,"categoryName":"Gerald Wilkins","name":"1_15_4_153"},{"num":13.7,"categoryName":"Hot Rod Williams","name":"1_15_4_119"},{"num":11.2,"categoryName":"Larry Nance","name":"1_15_4_125"},{"num":10.6,"categoryName":"Tyrone Hill","name":"1_15_4_156"},{"num":9.4,"categoryName":"Chris Mills","name":"1_15_4_157"},{"num":8.3,"categoryName":"Bobby Phills","name":"1_15_4_152"},{"num":8.3,"categoryName":"Terrell Brandon","name":"1_15_4_150"},{"num":6.6,"categoryName":"John Battle","name":"1_15_4_149"},{"num":5.4,"categoryName":"Rod Higgins","name":"1_15_4_158"},{"num":5,"categoryName":"Danny Ferry","name":"1_15_4_144"},{"num":3.5,"categoryName":"Tim Kempton","name":"1_15_4_159"},{"num":2.4,"categoryName":"Gary Alexander","name":"1_15_4_160"},{"num":1.6,"categoryName":"Gerald Madkins","name":"1_15_4_161"},{"num":1.5,"categoryName":"Jay Guidinger","name":"1_15_4_155"},{"num":0.5,"categoryName":"Sedric Toney","name":"1_15_4_162"}],"name":"1_15_4_0"},{"num":96.9,"categoryName":"Detroit_Pistons","children":[{"num":20.4,"categoryName":"Joe Dumars","name":"1_15_10_75"},{"num":17.3,"categoryName":"Terry Mills","name":"1_15_10_110"},{"num":14.8,"categoryName":"Isiah Thomas","name":"1_15_10_44"},{"num":13.1,"categoryName":"Olden Polynice","name":"1_15_10_112"},{"num":12.1,"categoryName":"Sean Elliott","name":"1_15_10_119"},{"num":10.3,"categoryName":"Lindsey Hunter","name":"1_15_10_120"},{"num":9.8,"categoryName":"Bill Laimbeer","name":"1_15_10_45"},{"num":8.5,"categoryName":"Allan Houston","name":"1_15_10_121"},{"num":6.4,"categoryName":"Greg Anderson","name":"1_15_10_122"},{"num":4.1,"categoryName":"David Wood","name":"1_15_10_123"},{"num":3.8,"categoryName":"Pete Chilcutt","name":"1_15_10_124"},{"num":3.6,"categoryName":"Mark Macon","name":"1_15_10_125"},{"num":3.1,"categoryName":"Ben Coleman","name":"1_15_10_126"},{"num":2.9,"categoryName":"Marcus Liberty","name":"1_15_10_127"},{"num":2.2,"categoryName":"Charles Jones","name":"1_15_10_128"},{"num":2.1,"categoryName":"Tod Murphy","name":"1_15_10_129"},{"num":2,"categoryName":"Tracy Moore","name":"1_15_10_130"},{"num":1.3,"categoryName":"Dan O'Sullivan","name":"1_15_10_131"}],"name":"1_15_10_0"},{"num":101,"categoryName":"Indiana_Pacers","children":[{"num":19.9,"categoryName":"Reggie Miller","name":"1_15_11_67"},{"num":15.7,"categoryName":"Rik Smits","name":"1_15_11_73"},{"num":12,"categoryName":"Derrick McKey","name":"1_15_11_94"},{"num":11.7,"categoryName":"Dale Davis","name":"1_15_11_88"},{"num":10.4,"categoryName":"Byron Scott","name":"1_15_11_95"},{"num":10,"categoryName":"Pooh Richardson","name":"1_15_11_91"},{"num":7.7,"categoryName":"Antonio Davis","name":"1_15_11_96"},{"num":7.7,"categoryName":"Haywoode Workman","name":"1_15_11_97"},{"num":6.6,"categoryName":"Malik Sealy","name":"1_15_11_93"},{"num":6.5,"categoryName":"Vern Fleming","name":"1_15_11_44"},{"num":6.3,"categoryName":"Kenny Williams","name":"1_15_11_85"},{"num":4.8,"categoryName":"Sam Mitchell","name":"1_15_11_92"},{"num":2.8,"categoryName":"Lester Conner","name":"1_15_11_98"},{"num":2.7,"categoryName":"Gerald Paddio","name":"1_15_11_99"},{"num":2.3,"categoryName":"LaSalle Thompson","name":"1_15_11_72"},{"num":2,"categoryName":"Scott Haskin","name":"1_15_11_100"}],"name":"1_15_11_0"},{"num":96.9,"categoryName":"Milwaukee_Bucks","children":[{"num":15.3,"categoryName":"Eric Murdock","name":"1_15_13_93"},{"num":15.2,"categoryName":"Frank Brickowski","name":"1_15_13_83"},{"num":13.5,"categoryName":"Vin Baker","name":"1_15_13_105"},{"num":12.7,"categoryName":"Todd Day","name":"1_15_13_94"},{"num":11.9,"categoryName":"Ken Norman","name":"1_15_13_106"},{"num":11.6,"categoryName":"Blue Edwards","name":"1_15_13_92"},{"num":7.4,"categoryName":"Anthony Avent","name":"1_15_13_95"},{"num":6.6,"categoryName":"Derek Strong","name":"1_15_13_96"},{"num":6.2,"categoryName":"Jon Barry","name":"1_15_13_100"},{"num":5.3,"categoryName":"Lee Mayberry","name":"1_15_13_99"},{"num":4,"categoryName":"Brad Lohaus","name":"1_15_13_76"},{"num":3.4,"categoryName":"Joe Courtney","name":"1_15_13_107"},{"num":3.3,"categoryName":"Greg Foster","name":"1_15_13_108"},{"num":2.7,"categoryName":"Anthony Cook","name":"1_15_13_109"},{"num":2.1,"categoryName":"Danny Schayes","name":"1_15_13_84"},{"num":1.6,"categoryName":"Mike Gminski","name":"1_15_13_110"}],"name":"1_15_13_0"}],"name":"1_15_0_0","num":701.9}],"name":"1_0_0_0","num":1411.8999999999999},{"categoryName":"Western","children":[{"categoryName":"Midwest","children":[{"num":95.1,"categoryName":"Dallas_Mavericks","children":[{"num":19.2,"categoryName":"Jim Jackson","name":"2_32_10_77"},{"num":19.2,"categoryName":"Jamal Mashburn","name":"2_32_10_86"},{"num":11.6,"categoryName":"Derek Harper","name":"2_32_10_34"},{"num":11.4,"categoryName":"Sean Rooks","name":"2_32_10_78"},{"num":9.7,"categoryName":"Tony Campbell","name":"2_32_10_87"},{"num":8.8,"categoryName":"Doug Smith","name":"2_32_10_70"},{"num":8.3,"categoryName":"Tim Legler","name":"2_32_10_79"},{"num":6.9,"categoryName":"Fat Lever","name":"2_32_10_64"},{"num":6.4,"categoryName":"Randy White","name":"2_32_10_58"},{"num":5.8,"categoryName":"Popeye Jones","name":"2_32_10_88"},{"num":5.4,"categoryName":"Lucious Harris","name":"2_32_10_89"},{"num":4.3,"categoryName":"Darren Morningstar","name":"2_32_10_90"},{"num":3.7,"categoryName":"Terry Davis","name":"2_32_10_68"},{"num":3.2,"categoryName":"Lorenzo Williams","name":"2_32_10_91"},{"num":3,"categoryName":"Chucky Brown","name":"2_32_10_92"},{"num":2.7,"categoryName":"Donald Hodge","name":"2_32_10_72"},{"num":2.4,"categoryName":"Greg Dreiling","name":"2_32_10_93"},{"num":1.2,"categoryName":"Morlon Wiley","name":"2_32_10_57"}],"name":"2_32_10_0"},{"num":100.3,"categoryName":"Denver_Nuggets","children":[{"num":18,"categoryName":"Mahmoud Abdul-Rauf","name":"2_32_7_88"},{"num":15.4,"categoryName":"LaPhonso Ellis","name":"2_32_7_107"},{"num":13,"categoryName":"Reggie Williams","name":"2_32_7_87"},{"num":12.5,"categoryName":"Bryant Stith","name":"2_32_7_109"},{"num":12,"categoryName":"Dikembe Mutombo","name":"2_32_7_101"},{"num":9.6,"categoryName":"Robert Pack","name":"2_32_7_108"},{"num":8.1,"categoryName":"Rodney Rogers","name":"2_32_7_113"},{"num":8,"categoryName":"Bison Dele","name":"2_32_7_114"},{"num":5.1,"categoryName":"Mark Macon","name":"2_32_7_103"},{"num":4.1,"categoryName":"Tom Hammonds","name":"2_32_7_110"},{"num":3,"categoryName":"Marcus Liberty","name":"2_32_7_93"},{"num":2.5,"categoryName":"Kevin Brooks","name":"2_32_7_104"},{"num":2.5,"categoryName":"Adonis Jordan","name":"2_32_7_115"},{"num":2.1,"categoryName":"Mark Randall","name":"2_32_7_116"},{"num":1.9,"categoryName":"Darnell Mee","name":"2_32_7_117"},{"num":1,"categoryName":"Jim Farmer","name":"2_32_7_89"},{"num":0.8,"categoryName":"Roy Marble","name":"2_32_7_118"}],"name":"2_32_7_0"},{"num":101.1,"categoryName":"Houston_Rockets","children":[{"num":27.3,"categoryName":"Hakeem Olajuwon","name":"2_32_11_29"},{"num":14,"categoryName":"Otis Thorpe","name":"2_32_11_50"},{"num":13.6,"categoryName":"Vernon Maxwell","name":"2_32_11_58"},{"num":11.6,"categoryName":"Kenny Smith","name":"2_32_11_63"},{"num":10.3,"categoryName":"Chris Jent","name":"2_32_11_78"},{"num":9.9,"categoryName":"Robert Horry","name":"2_32_11_74"},{"num":9.3,"categoryName":"Mario Elie","name":"2_32_11_79"},{"num":6.7,"categoryName":"Sam Cassell","name":"2_32_11_80"},{"num":5.2,"categoryName":"Scott Brooks","name":"2_32_11_75"},{"num":4.7,"categoryName":"Carl Herrera","name":"2_32_11_69"},{"num":4.2,"categoryName":"Larry Robinson","name":"2_32_11_81"},{"num":3.5,"categoryName":"Matt Bullard","name":"2_32_11_67"},{"num":2.4,"categoryName":"Richard Petruska","name":"2_32_11_82"},{"num":2,"categoryName":"Earl Cureton","name":"2_32_11_83"},{"num":1.9,"categoryName":"Eric Riley","name":"2_32_11_84"}],"name":"2_32_11_0"},{"num":96.7,"categoryName":"Minnesota_Timberwolves","children":[{"num":16.8,"categoryName":"Christian Laettner","name":"2_32_16_29"},{"num":16.6,"categoryName":"Isaiah Rider","name":"2_32_16_37"},{"num":14.7,"categoryName":"Doug West","name":"2_32_16_12"},{"num":13.7,"categoryName":"Micheal Williams","name":"2_32_16_31"},{"num":11.8,"categoryName":"Stacey King","name":"2_32_16_38"},{"num":11.6,"categoryName":"Chuck Person","name":"2_32_16_30"},{"num":7.4,"categoryName":"Thurl Bailey","name":"2_32_16_23"},{"num":6.6,"categoryName":"Luc Longley","name":"2_32_16_25"},{"num":5.9,"categoryName":"Chris Smith","name":"2_32_16_34"},{"num":4.5,"categoryName":"Marlon Maxey","name":"2_32_16_33"},{"num":3.6,"categoryName":"Mike Brown","name":"2_32_16_39"},{"num":3,"categoryName":"Andres Guibert","name":"2_32_16_40"},{"num":2.8,"categoryName":"Tellis Frank","name":"2_32_16_24"},{"num":2.8,"categoryName":"Corey Williams","name":"2_32_16_41"},{"num":2.2,"categoryName":"Stanley Jackson","name":"2_32_16_42"},{"num":1.9,"categoryName":"Brian Davis","name":"2_32_16_43"}],"name":"2_32_16_0"},{"num":100,"categoryName":"San_Antonio_Spurs","children":[{"num":29.8,"categoryName":"David Robinson","name":"2_32_12_100"},{"num":15.2,"categoryName":"Dale Ellis","name":"2_32_12_130"},{"num":11.9,"categoryName":"Willie Anderson","name":"2_32_12_84"},{"num":10,"categoryName":"Vinny Del Negro","name":"2_32_12_133"},{"num":9.3,"categoryName":"Negele Knight","name":"2_32_12_139"},{"num":9,"categoryName":"J.R. Reid","name":"2_32_12_131"},{"num":7.3,"categoryName":"Terry Cummings","name":"2_32_12_101"},{"num":5.8,"categoryName":"Antoine Carr","name":"2_32_12_120"},{"num":5.7,"categoryName":"Lloyd Daniels","name":"2_32_12_132"},{"num":4.7,"categoryName":"Dennis Rodman","name":"2_32_12_140"},{"num":3.8,"categoryName":"Sleepy Floyd","name":"2_32_12_141"},{"num":3,"categoryName":"Chuck Nevitt","name":"2_32_12_142"},{"num":2.1,"categoryName":"Jack Haley","name":"2_32_12_143"},{"num":1.8,"categoryName":"Chris Whitney","name":"2_32_12_144"}],"name":"2_32_12_0"},{"num":101.9,"categoryName":"Utah_Jazz","children":[{"num":25.2,"categoryName":"Karl Malone","name":"2_32_9_51"},{"num":16.2,"categoryName":"Jeff Malone","name":"2_32_9_75"},{"num":15.1,"categoryName":"John Stockton","name":"2_32_9_48"},{"num":14.6,"categoryName":"Jeff Hornacek","name":"2_32_9_95"},{"num":11.2,"categoryName":"Tom Chambers","name":"2_32_9_96"},{"num":8.6,"categoryName":"Felton Spencer","name":"2_32_9_97"},{"num":8,"categoryName":"Tyrone Corbin","name":"2_32_9_82"},{"num":7.5,"categoryName":"Jay Humphries","name":"2_32_9_88"},{"num":6.5,"categoryName":"David Benoit","name":"2_32_9_83"},{"num":5,"categoryName":"Bryon Russell","name":"2_32_9_98"},{"num":3.4,"categoryName":"Stephen Howard","name":"2_32_9_93"},{"num":3.1,"categoryName":"Walter Bond","name":"2_32_9_99"},{"num":3,"categoryName":"Chad Gallagher","name":"2_32_9_100"},{"num":2.9,"categoryName":"John Crotty","name":"2_32_9_92"},{"num":2,"categoryName":"Darren Morningstar","name":"2_32_9_101"},{"num":1.3,"categoryName":"Luther Wright","name":"2_32_9_102"},{"num":1,"categoryName":"Dave Jamerson","name":"2_32_9_103"},{"num":0.7,"categoryName":"Aaron Williams","name":"2_32_9_104"},{"num":0,"categoryName":"Sean Green","name":"2_32_9_105"}],"name":"2_32_9_0"}],"name":"2_32_0_0","num":595.1},{"categoryName":"Pacific","children":[{"num":107.9,"categoryName":"Golden_State_Warriors","children":[{"num":21,"categoryName":"Latrell Sprewell","name":"2_33_6_146"},{"num":17.5,"categoryName":"Chris Webber","name":"2_33_6_157"},{"num":16.8,"categoryName":"Chris Mullin","name":"2_33_6_87"},{"num":15,"categoryName":"Billy Owens","name":"2_33_6_138"},{"num":10.9,"categoryName":"Avery Johnson","name":"2_33_6_158"},{"num":8.7,"categoryName":"Victor Alexander","name":"2_33_6_139"},{"num":8.2,"categoryName":"Chris Gatling","name":"2_33_6_140"},{"num":6.8,"categoryName":"Jeff Grayer","name":"2_33_6_148"},{"num":6.2,"categoryName":"Todd Lichti","name":"2_33_6_159"},{"num":5.7,"categoryName":"Keith Jennings","name":"2_33_6_149"},{"num":4.2,"categoryName":"Andre Spencer","name":"2_33_6_147"},{"num":3,"categoryName":"Josh Grant","name":"2_33_6_160"},{"num":2.9,"categoryName":"Jud Buechler","name":"2_33_6_144"},{"num":2.8,"categoryName":"Byron Houston","name":"2_33_6_151"},{"num":2,"categoryName":"Dell Demps","name":"2_33_6_161"},{"num":0,"categoryName":"Tod Murphy","name":"2_33_6_162"}],"name":"2_33_6_0"},{"num":103,"categoryName":"Los_Angeles_Clippers","children":[{"num":29.1,"categoryName":"Dominique Wilkins","name":"2_33_10_91"},{"num":23.7,"categoryName":"Danny Manning","name":"2_33_10_44"},{"num":20.1,"categoryName":"Ron Harper","name":"2_33_10_56"},{"num":11.7,"categoryName":"Loy Vaught","name":"2_33_10_69"},{"num":10.9,"categoryName":"Mark Jackson","name":"2_33_10_81"},{"num":10.6,"categoryName":"Mark Aguirre","name":"2_33_10_92"},{"num":8.9,"categoryName":"Elmore Spencer","name":"2_33_10_87"},{"num":8.7,"categoryName":"Harold Ellis","name":"2_33_10_93"},{"num":7.5,"categoryName":"Gary Grant","name":"2_33_10_46"},{"num":7.4,"categoryName":"Stanley Roberts","name":"2_33_10_82"},{"num":6.9,"categoryName":"Bo Outlaw","name":"2_33_10_94"},{"num":5.6,"categoryName":"John Williams","name":"2_33_10_83"},{"num":5.3,"categoryName":"Terry Dehere","name":"2_33_10_95"},{"num":3.8,"categoryName":"Tom Tolbert","name":"2_33_10_96"},{"num":3.6,"categoryName":"Randy Woods","name":"2_33_10_88"},{"num":3.4,"categoryName":"Henry James","name":"2_33_10_97"},{"num":2.1,"categoryName":"Bob Martin","name":"2_33_10_98"}],"name":"2_33_10_0"},{"num":100.4,"categoryName":"Los_Angeles_Lakers","children":[{"num":14.2,"categoryName":"Vlade Divac","name":"2_33_1_115"},{"num":14.1,"categoryName":"Anthony Peeler","name":"2_33_1_135"},{"num":13.6,"categoryName":"Nick Van Exel","name":"2_33_1_140"},{"num":12.3,"categoryName":"Elden Campbell","name":"2_33_1_125"},{"num":11.9,"categoryName":"Sedale Threatt","name":"2_33_1_128"},{"num":10.3,"categoryName":"Doug Christie","name":"2_33_1_136"},{"num":10.2,"categoryName":"Trevor Wilson","name":"2_33_1_141"},{"num":10.2,"categoryName":"James Worthy","name":"2_33_1_86"},{"num":9.6,"categoryName":"George Lynch","name":"2_33_1_142"},{"num":8.9,"categoryName":"Sam Bowie","name":"2_33_1_143"},{"num":8.8,"categoryName":"Tony Smith","name":"2_33_1_124"},{"num":5.4,"categoryName":"Reggie Jordan","name":"2_33_1_144"},{"num":4.7,"categoryName":"James Edwards","name":"2_33_1_54"},{"num":3.3,"categoryName":"Kurt Rambis","name":"2_33_1_83"},{"num":2.8,"categoryName":"Danny Schayes","name":"2_33_1_145"},{"num":2.6,"categoryName":"Antonio Harvey","name":"2_33_1_146"}],"name":"2_33_1_0"},{"num":108.2,"categoryName":"Phoenix_Suns","children":[{"num":21.6,"categoryName":"Charles Barkley","name":"2_33_8_114"},{"num":20,"categoryName":"Kevin Johnson","name":"2_33_8_84"},{"num":19.1,"categoryName":"Cedric Ceballos","name":"2_33_8_108"},{"num":16.5,"categoryName":"Dan Majerle","name":"2_33_8_93"},{"num":14.7,"categoryName":"A.C. Green","name":"2_33_8_121"},{"num":9.2,"categoryName":"Oliver Miller","name":"2_33_8_117"},{"num":8.9,"categoryName":"Danny Ainge","name":"2_33_8_116"},{"num":4.7,"categoryName":"Mark West","name":"2_33_8_85"},{"num":4.6,"categoryName":"Frank Johnson","name":"2_33_8_118"},{"num":3.9,"categoryName":"Elliot Perry","name":"2_33_8_122"},{"num":3.9,"categoryName":"Joe Kleine","name":"2_33_8_123"},{"num":3.1,"categoryName":"Joe Courtney","name":"2_33_8_124"},{"num":2.2,"categoryName":"Jerrod Mustaf","name":"2_33_8_113"},{"num":2.1,"categoryName":"Duane Cooper","name":"2_33_8_125"},{"num":2,"categoryName":"Negele Knight","name":"2_33_8_109"},{"num":1.5,"categoryName":"Malcolm Mackey","name":"2_33_8_126"},{"num":1,"categoryName":"Skeeter Henry","name":"2_33_8_127"}],"name":"2_33_8_0"},{"num":107.3,"categoryName":"Portland_Trail_Blazers","children":[{"num":20.1,"categoryName":"Clifford Robinson","name":"2_33_2_128"},{"num":19.2,"categoryName":"Clyde Drexler","name":"2_33_2_92"},{"num":17.2,"categoryName":"Rod Strickland","name":"2_33_2_139"},{"num":13.1,"categoryName":"Terry Porter","name":"2_33_2_101"},{"num":10.4,"categoryName":"Harvey Grant","name":"2_33_2_146"},{"num":9.7,"categoryName":"Buck Williams","name":"2_33_2_127"},{"num":6.6,"categoryName":"Tracy Murray","name":"2_33_2_141"},{"num":6.5,"categoryName":"Jerome Kersey","name":"2_33_2_98"},{"num":5.6,"categoryName":"Mark Bryant","name":"2_33_2_122"},{"num":4.8,"categoryName":"James Robinson","name":"2_33_2_147"},{"num":2.8,"categoryName":"Jaren Jackson","name":"2_33_2_148"},{"num":2.3,"categoryName":"Chris Dudley","name":"2_33_2_149"},{"num":1.8,"categoryName":"Reggie Smith","name":"2_33_2_145"},{"num":0.9,"categoryName":"Kevin Thompson","name":"2_33_2_150"}],"name":"2_33_2_0"},{"num":101.1,"categoryName":"Sacramento_Kings","children":[{"num":23.4,"categoryName":"Mitch Richmond","name":"2_33_11_41"},{"num":16.7,"categoryName":"Wayman Tisdale","name":"2_33_11_2"},{"num":15.1,"categoryName":"Lionel Simmons","name":"2_33_11_26"},{"num":12.7,"categoryName":"Spud Webb","name":"2_33_11_42"},{"num":11.2,"categoryName":"Walt Williams","name":"2_33_11_51"},{"num":9.8,"categoryName":"Olden Polynice","name":"2_33_11_58"},{"num":8,"categoryName":"Trevor Wilson","name":"2_33_11_59"},{"num":7.3,"categoryName":"Pete Chilcutt","name":"2_33_11_45"},{"num":7.1,"categoryName":"Bobby Hurley","name":"2_33_11_60"},{"num":6,"categoryName":"Andre Spencer","name":"2_33_11_61"},{"num":5.1,"categoryName":"LaBradford Smith","name":"2_33_11_62"},{"num":4.5,"categoryName":"Randy Brown","name":"2_33_11_46"},{"num":4.4,"categoryName":"Duane Causwell","name":"2_33_11_31"},{"num":3.2,"categoryName":"Mike Peplowski","name":"2_33_11_63"},{"num":2.5,"categoryName":"Jim Les","name":"2_33_11_30"},{"num":2.4,"categoryName":"Evers Burns","name":"2_33_11_64"},{"num":0.7,"categoryName":"Randy Breuer","name":"2_33_11_65"}],"name":"2_33_11_0"},{"num":105.9,"categoryName":"Seattle_Supersonics","children":[{"num":18.1,"categoryName":"Shawn Kemp","name":"2_33_5_126"},{"num":16.5,"categoryName":"Gary Payton","name":"2_33_5_133"},{"num":15,"categoryName":"Detlef Schrempf","name":"2_33_5_143"},{"num":14.5,"categoryName":"Ricky Pierce","name":"2_33_5_131"},{"num":14.1,"categoryName":"Kendall Gill","name":"2_33_5_144"},{"num":12.3,"categoryName":"Sam Perkins","name":"2_33_5_139"},{"num":9.1,"categoryName":"Vincent Askew","name":"2_33_5_140"},{"num":6,"categoryName":"Nate McMillan","name":"2_33_5_108"},{"num":4.6,"categoryName":"Michael Cage","name":"2_33_5_118"},{"num":3.7,"categoryName":"Chris King","name":"2_33_5_145"},{"num":2.7,"categoryName":"Alphonso Ford","name":"2_33_5_146"},{"num":2.6,"categoryName":"Ervin Johnson","name":"2_33_5_147"},{"num":2.1,"categoryName":"Steve Scheffler","name":"2_33_5_142"},{"num":1.5,"categoryName":"Rich King","name":"2_33_5_137"}],"name":"2_33_5_0"}],"name":"2_33_0_0","num":733.8}],"name":"2_0_0_0","num":1328.9}],"num":2740.8}