{"year":1953,"name":"root","categoryName":"root","children":[{"categoryName":"Eastern","children":[{"num":78.3,"categoryName":"Baltimore_Bullets_(1st)","children":[{"num":17.6,"categoryName":"Ray Felix","name":"1_7_79_0"},{"num":16.4,"categoryName":"Max Zaslofsky","name":"1_7_80_0"},{"num":10,"categoryName":"Paul Hoffman","name":"1_7_22_0"},{"num":10,"categoryName":"Eddie Miller","name":"1_7_68_0"},{"num":9.2,"categoryName":"Bob Houbregs","name":"1_7_81_0"},{"num":8.5,"categoryName":"Al Roges","name":"1_7_82_0"},{"num":7.9,"categoryName":"Leo Barnhorst","name":"1_7_83_0"},{"num":7.2,"categoryName":"Rollen Hans","name":"1_7_84_0"},{"num":4.2,"categoryName":"Jim Fritsche","name":"1_7_85_0"},{"num":4,"categoryName":"Mark Workman","name":"1_7_86_0"},{"num":3.7,"categoryName":"Hal Uplinger","name":"1_7_87_0"},{"num":3.6,"categoryName":"Joe Smyth","name":"1_7_88_0"},{"num":2.9,"categoryName":"Jim Luisi","name":"1_7_89_0"},{"num":2.8,"categoryName":"Bill Bolger","name":"1_7_90_0"},{"num":1.8,"categoryName":"Bob Peterson","name":"1_7_91_0"},{"num":1.2,"categoryName":"Connie Rea","name":"1_7_92_0"},{"num":0.7,"categoryName":"Don Asmonga","name":"1_7_93_0"},{"num":0,"categoryName":"Mo Mahoney","name":"1_7_94_0"},{"num":0,"categoryName":"Paul Nolen","name":"1_7_95_0"}],"name":"1_7_0_0"},{"num":87.7,"categoryName":"Boston_Celtics","children":[{"num":19.2,"categoryName":"Bob Cousy","name":"1_1_58_0"},{"num":18.9,"categoryName":"Ed Macauley","name":"1_1_57_0"},{"num":16,"categoryName":"Bill Sharman","name":"1_1_70_0"},{"num":7.3,"categoryName":"Don Barksdale","name":"1_1_76_0"},{"num":5.9,"categoryName":"Bob Harris","name":"1_1_65_0"},{"num":5.9,"categoryName":"Jack Nichols","name":"1_1_77_0"},{"num":5.9,"categoryName":"Bob Donham","name":"1_1_64_0"},{"num":5.8,"categoryName":"Bob Brannum","name":"1_1_71_0"},{"num":3.3,"categoryName":"Chuck Cooper","name":"1_1_59_0"},{"num":2.3,"categoryName":"Ed Mikan","name":"1_1_78_0"},{"num":2.3,"categoryName":"Ernie Barrett","name":"1_1_79_0"}],"name":"1_1_0_0"},{"num":79,"categoryName":"New_York_Knicks","children":[{"num":14.8,"categoryName":"Carl Braun","name":"1_2_21_0"},{"num":13.2,"categoryName":"Harry Gallatin","name":"1_2_28_0"},{"num":10,"categoryName":"Connie Simmons","name":"1_2_35_0"},{"num":9.6,"categoryName":"Nathaniel Clifton","name":"1_2_42_0"},{"num":9.1,"categoryName":"Dick McGuire","name":"1_2_38_0"},{"num":8.8,"categoryName":"Fred Schaus","name":"1_2_52_0"},{"num":8.1,"categoryName":"Vince Boryla","name":"1_2_36_0"},{"num":6.8,"categoryName":"Jim Baechtold","name":"1_2_53_0"},{"num":6.6,"categoryName":"Ernie Vandeweghe","name":"1_2_37_0"},{"num":2.9,"categoryName":"Ed Smith","name":"1_2_54_0"},{"num":2.7,"categoryName":"Alfred McGuire","name":"1_2_47_0"},{"num":1.9,"categoryName":"Joe Smyth","name":"1_2_55_0"},{"num":1.5,"categoryName":"Don Ackerman","name":"1_2_56_0"}],"name":"1_2_0_0"},{"num":78.3,"categoryName":"Philadelphia_Warriors","children":[{"num":24.4,"categoryName":"Neil Johnston","name":"1_3_38_0"},{"num":13.3,"categoryName":"Joe Graboski","name":"1_3_53_0"},{"num":9.5,"categoryName":"Jack George","name":"1_3_54_0"},{"num":8.3,"categoryName":"Zeke Zawoluk","name":"1_3_55_0"},{"num":7.5,"categoryName":"Ernie Beck","name":"1_3_56_0"},{"num":6.9,"categoryName":"Danny Finn","name":"1_3_43_0"},{"num":6.6,"categoryName":"Paul Walther","name":"1_3_57_0"},{"num":5.9,"categoryName":"Walt Davis","name":"1_3_58_0"},{"num":2.5,"categoryName":"Joe Fulks","name":"1_3_1_0"},{"num":1.9,"categoryName":"George Senesky","name":"1_3_5_0"},{"num":0.8,"categoryName":"James Phelan","name":"1_3_59_0"},{"num":0,"categoryName":"Norm Grekin","name":"1_3_60_0"}],"name":"1_3_0_0"},{"num":83.5,"categoryName":"Syracuse_Nationals","children":[{"num":17.1,"categoryName":"Dolph Schayes","name":"1_8_1_0"},{"num":13.1,"categoryName":"Paul Seymour","name":"1_8_5_0"},{"num":11.3,"categoryName":"George King","name":"1_8_18_0"},{"num":9.1,"categoryName":"Earl Lloyd","name":"1_8_21_0"},{"num":9,"categoryName":"Bill Gabor","name":"1_8_2_0"},{"num":8.8,"categoryName":"Wally Osterkorn","name":"1_8_19_0"},{"num":6,"categoryName":"Billy Kenville","name":"1_8_24_0"},{"num":5.4,"categoryName":"Bob Lavoy","name":"1_8_25_0"},{"num":4.7,"categoryName":"Jim Neal","name":"1_8_26_0"},{"num":3.7,"categoryName":"Al Masino","name":"1_8_27_0"},{"num":3.3,"categoryName":"Bato Govedarica","name":"1_8_28_0"},{"num":2.6,"categoryName":"Dick Knostman","name":"1_8_29_0"},{"num":2,"categoryName":"Ed Earle","name":"1_8_30_0"},{"num":0.2,"categoryName":"Mike Novak","name":"1_8_31_0"}],"name":"1_8_0_0"}],"name":"1_0_0_0","num":406.8},{"categoryName":"Western","children":[{"num":77.7,"categoryName":"Fort_Wayne_Pistons","children":[{"num":15.1,"categoryName":"Larry Foust","name":"2_8_21_0"},{"num":11.6,"categoryName":"Jack Molinas","name":"2_8_48_0"},{"num":11,"categoryName":"Max Zaslofsky","name":"2_8_49_0"},{"num":10.6,"categoryName":"Andy Phillip","name":"2_8_44_0"},{"num":10.3,"categoryName":"Mel Hutchins","name":"2_8_50_0"},{"num":9,"categoryName":"George Yardley","name":"2_8_51_0"},{"num":7.2,"categoryName":"Fred Scolari","name":"2_8_42_0"},{"num":6.3,"categoryName":"Frankie Brian","name":"2_8_34_0"},{"num":5.7,"categoryName":"Monk Meineke","name":"2_8_43_0"},{"num":3.8,"categoryName":"Fred Schaus","name":"2_8_20_0"},{"num":3,"categoryName":"Ken Murray","name":"2_8_23_0"},{"num":1.7,"categoryName":"Chuck Share","name":"2_8_37_0"},{"num":1.7,"categoryName":"Leo Barnhorst","name":"2_8_52_0"},{"num":1.2,"categoryName":"Zeke Sinicola","name":"2_8_40_0"}],"name":"2_8_0_0"},{"num":70,"categoryName":"Milwaukee_Hawks","children":[{"num":15.1,"categoryName":"Max Zaslofsky","name":"2_18_34_0"},{"num":11.2,"categoryName":"Chuck Share","name":"2_18_35_0"},{"num":11.2,"categoryName":"Don Sunderlage","name":"2_18_36_0"},{"num":9.5,"categoryName":"Bob Harrison","name":"2_18_37_0"},{"num":8.3,"categoryName":"George Ratkovicz","name":"2_18_22_0"},{"num":8.3,"categoryName":"Bill Calhoun","name":"2_18_23_0"},{"num":8,"categoryName":"Lew Hitch","name":"2_18_38_0"},{"num":7.4,"categoryName":"Irv Bemoras","name":"2_18_39_0"},{"num":6.9,"categoryName":"Bill Tosheff","name":"2_18_40_0"},{"num":5.8,"categoryName":"Bob Houbregs","name":"2_18_41_0"},{"num":5.7,"categoryName":"Jack Nichols","name":"2_18_21_0"},{"num":5.1,"categoryName":"Bob Lavoy","name":"2_18_42_0"},{"num":4.9,"categoryName":"Don Lofgran","name":"2_18_43_0"},{"num":4.2,"categoryName":"Dick Surhoff","name":"2_18_44_0"},{"num":3.8,"categoryName":"Red Holzman","name":"2_18_45_0"},{"num":2,"categoryName":"Bob Peterson","name":"2_18_46_0"},{"num":1.5,"categoryName":"Gene Dyker","name":"2_18_47_0"},{"num":0.5,"categoryName":"Isaac Walthour","name":"2_18_48_0"}],"name":"2_18_0_0"},{"num":81.7,"categoryName":"Minneapolis_Lakers","children":[{"num":18.1,"categoryName":"George Mikan","name":"2_10_1_0"},{"num":11.7,"categoryName":"Jim Pollard","name":"2_10_2_0"},{"num":11.1,"categoryName":"Vern Mikkelsen","name":"2_10_16_0"},{"num":9.9,"categoryName":"Slater Martin","name":"2_10_17_0"},{"num":8.2,"categoryName":"Clyde Lovellette","name":"2_10_29_0"},{"num":7,"categoryName":"Whitey Skoog","name":"2_10_24_0"},{"num":6.4,"categoryName":"Pep Saul","name":"2_10_23_0"},{"num":4.6,"categoryName":"Dick Schnittker","name":"2_10_30_0"},{"num":3.9,"categoryName":"Bob Harrison","name":"2_10_18_0"},{"num":3.4,"categoryName":"Jim Holstein","name":"2_10_28_0"},{"num":0.5,"categoryName":"Jim Fritsche","name":"2_10_31_0"}],"name":"2_10_0_0"},{"num":79.8,"categoryName":"Rochester_Royals","children":[{"num":13.3,"categoryName":"Bobby Wanzer","name":"2_11_3_0"},{"num":13.2,"categoryName":"Arnie Risen","name":"2_11_1_0"},{"num":12.3,"categoryName":"Bob Davies","name":"2_11_2_0"},{"num":10,"categoryName":"Jack McMahon","name":"2_11_22_0"},{"num":9.7,"categoryName":"Jack Coleman","name":"2_11_13_0"},{"num":7.7,"categoryName":"Odie Spears","name":"2_11_18_0"},{"num":6.3,"categoryName":"Alex Hannum","name":"2_11_19_0"},{"num":5.9,"categoryName":"Cal Christensen","name":"2_11_23_0"},{"num":2.1,"categoryName":"Al Masino","name":"2_11_24_0"},{"num":1.9,"categoryName":"Frank Reddout","name":"2_11_25_0"},{"num":1.6,"categoryName":"Norm Swanson","name":"2_11_26_0"}],"name":"2_11_0_0"}],"name":"2_0_0_0","num":309.2}],"num":716}