{"year":1989,"name":"root","categoryName":"root","children":[{"categoryName":"Eastern","children":[{"categoryName":"Atlantic","children":[{"num":110,"categoryName":"Boston_Celtics","children":[{"num":24.3,"categoryName":"Larry Bird","name":"1_14_1_52"},{"num":20.9,"categoryName":"Kevin McHale","name":"1_14_1_58"},{"num":17,"categoryName":"Reggie Lewis","name":"1_14_1_82"},{"num":15.7,"categoryName":"Robert Parish","name":"1_14_1_57"},{"num":7.1,"categoryName":"Dennis Johnson","name":"1_14_1_67"},{"num":6.4,"categoryName":"Jim Paxson","name":"1_14_1_81"},{"num":5.4,"categoryName":"Joe Kleine","name":"1_14_1_90"},{"num":5.1,"categoryName":"Kevin Gamble","name":"1_14_1_91"},{"num":5,"categoryName":"Michael Smith","name":"1_14_1_95"},{"num":4.7,"categoryName":"Ed Pinckney","name":"1_14_1_87"},{"num":4.3,"categoryName":"John Bagley","name":"1_14_1_96"},{"num":2.9,"categoryName":"Charles Smith","name":"1_14_1_97"},{"num":2.1,"categoryName":"Kelvin Upshaw","name":"1_14_1_89"}],"name":"1_14_1_0"},{"num":100.6,"categoryName":"Miami_Heat","children":[{"num":16.6,"categoryName":"Rony Seikaly","name":"1_14_9_1"},{"num":14.3,"categoryName":"Sherman Douglas","name":"1_14_9_2"},{"num":13.6,"categoryName":"Glen Rice","name":"1_14_9_3"},{"num":12,"categoryName":"Kevin Edwards","name":"1_14_9_4"},{"num":11,"categoryName":"Billy Thompson","name":"1_14_9_5"},{"num":9.5,"categoryName":"Tellis Frank","name":"1_14_9_6"},{"num":8.5,"categoryName":"Grant Long","name":"1_14_9_7"},{"num":6.1,"categoryName":"Jon Sundvold","name":"1_14_9_8"},{"num":5.9,"categoryName":"Rory Sparrow","name":"1_14_9_9"},{"num":4.7,"categoryName":"Terry Davis","name":"1_14_9_10"},{"num":4.7,"categoryName":"Pat Cummings","name":"1_14_9_11"},{"num":4.6,"categoryName":"Scott Haffner","name":"1_14_9_12"},{"num":3.6,"categoryName":"Jim Rowinski","name":"1_14_9_13"}],"name":"1_14_9_0"},{"num":100.1,"categoryName":"New_Jersey_Nets","children":[{"num":15.8,"categoryName":"Dennis Hopson","name":"1_14_6_81"},{"num":15,"categoryName":"Roy Hinson","name":"1_14_6_78"},{"num":14.8,"categoryName":"Chris Morris","name":"1_14_6_89"},{"num":14.7,"categoryName":"Sam Bowie","name":"1_14_6_100"},{"num":13.1,"categoryName":"Purvis Short","name":"1_14_6_101"},{"num":12,"categoryName":"Derrick Gervin","name":"1_14_6_102"},{"num":10.1,"categoryName":"Mookie Blaylock","name":"1_14_6_103"},{"num":8.8,"categoryName":"Joe Barry Carroll","name":"1_14_6_90"},{"num":8.2,"categoryName":"C. Shackleford","name":"1_14_6_97"},{"num":7.9,"categoryName":"Lester Conner","name":"1_14_6_92"},{"num":7.1,"categoryName":"Pete Myers","name":"1_14_6_104"},{"num":6.1,"categoryName":"Chris Dudley","name":"1_14_6_105"},{"num":6,"categoryName":"Jack Haley","name":"1_14_6_106"},{"num":3,"categoryName":"Jay Taylor","name":"1_14_6_107"},{"num":2.4,"categoryName":"Jaren Jackson","name":"1_14_6_108"},{"num":2.3,"categoryName":"Stanley Brundy","name":"1_14_6_109"},{"num":1.8,"categoryName":"Leon Wood","name":"1_14_6_75"},{"num":1.8,"categoryName":"Anthony Mason","name":"1_14_6_110"},{"num":0.4,"categoryName":"Rick Carlisle","name":"1_14_6_111"}],"name":"1_14_6_0"},{"num":108.3,"categoryName":"New_York_Knicks","children":[{"num":28.6,"categoryName":"Patrick Ewing","name":"1_14_3_90"},{"num":14.6,"categoryName":"Charles Oakley","name":"1_14_3_112"},{"num":14.5,"categoryName":"Gerald Wilkins","name":"1_14_3_91"},{"num":12.9,"categoryName":"Johnny Newman","name":"1_14_3_104"},{"num":11.7,"categoryName":"Kiki Vandeweghe","name":"1_14_3_113"},{"num":9.9,"categoryName":"Mark Jackson","name":"1_14_3_103"},{"num":8.4,"categoryName":"Rod Strickland","name":"1_14_3_114"},{"num":8.2,"categoryName":"Trent Tucker","name":"1_14_3_73"},{"num":7.9,"categoryName":"Maurice Cheeks","name":"1_14_3_117"},{"num":7.9,"categoryName":"Kenny Walker","name":"1_14_3_97"},{"num":4.7,"categoryName":"Eddie Lee Wilkins","name":"1_14_3_87"},{"num":1.9,"categoryName":"Pete Myers","name":"1_14_3_115"},{"num":1.3,"categoryName":"Brian Quinnett","name":"1_14_3_118"},{"num":0.8,"categoryName":"Stuart Gray","name":"1_14_3_119"},{"num":0.5,"categoryName":"Greg Butler","name":"1_14_3_116"}],"name":"1_14_3_0"},{"num":110.2,"categoryName":"Philadelphia_76ers","children":[{"num":25.2,"categoryName":"Charles Barkley","name":"1_14_4_95"},{"num":18.5,"categoryName":"Hersey Hawkins","name":"1_14_4_125"},{"num":14.3,"categoryName":"Johnny Dawkins","name":"1_14_4_131"},{"num":13.7,"categoryName":"Mike Gminski","name":"1_14_4_116"},{"num":11.9,"categoryName":"Ron Anderson","name":"1_14_4_124"},{"num":10.8,"categoryName":"Rick Mahorn","name":"1_14_4_132"},{"num":8.9,"categoryName":"Derek Smith","name":"1_14_4_126"},{"num":7.3,"categoryName":"Jay Vincent","name":"1_14_4_133"},{"num":4.4,"categoryName":"Scott Brooks","name":"1_14_4_127"},{"num":3.3,"categoryName":"Kenny Payne","name":"1_14_4_134"},{"num":3.2,"categoryName":"Lanard Copeland","name":"1_14_4_135"},{"num":2.4,"categoryName":"Kurt Nimphius","name":"1_14_4_136"},{"num":2.2,"categoryName":"Bob Thornton","name":"1_14_4_123"},{"num":1.1,"categoryName":"Corey Gaines","name":"1_14_4_137"},{"num":1,"categoryName":"Lewis Lloyd","name":"1_14_4_138"},{"num":0,"categoryName":"Dexter Shouse","name":"1_14_4_139"}],"name":"1_14_4_0"},{"num":107.7,"categoryName":"Washington_Bullets","children":[{"num":24.3,"categoryName":"Jeff Malone","name":"1_14_7_47"},{"num":22.4,"categoryName":"Bernard King","name":"1_14_7_74"},{"num":18.2,"categoryName":"John Williams","name":"1_14_7_68"},{"num":13.5,"categoryName":"Ledell Eackles","name":"1_14_7_79"},{"num":10.5,"categoryName":"Mark Alarie","name":"1_14_7_77"},{"num":9.5,"categoryName":"Darrell Walker","name":"1_14_7_76"},{"num":8.2,"categoryName":"Harvey Grant","name":"1_14_7_80"},{"num":5.3,"categoryName":"Tom Hammonds","name":"1_14_7_83"},{"num":4.9,"categoryName":"Steve Colter","name":"1_14_7_75"},{"num":4.7,"categoryName":"Melvin Turpin","name":"1_14_7_84"},{"num":4.5,"categoryName":"Ed Horton","name":"1_14_7_85"},{"num":3.2,"categoryName":"Charles Jones","name":"1_14_7_51"},{"num":1.9,"categoryName":"Doug Roth","name":"1_14_7_86"}],"name":"1_14_7_0"}],"name":"1_14_0_0","num":636.9000000000001},{"categoryName":"Central","children":[{"num":108.5,"categoryName":"Atlanta_Hawks","children":[{"num":26.7,"categoryName":"Dominique Wilkins","name":"1_15_1_79"},{"num":18.9,"categoryName":"Moses Malone","name":"1_15_1_113"},{"num":12.5,"categoryName":"Doc Rivers","name":"1_15_1_86"},{"num":12.4,"categoryName":"Kevin Willis","name":"1_15_1_93"},{"num":10.9,"categoryName":"John Battle","name":"1_15_1_103"},{"num":9.2,"categoryName":"Spud Webb","name":"1_15_1_102"},{"num":8.4,"categoryName":"John Long","name":"1_15_1_119"},{"num":7.7,"categoryName":"Kenny Smith","name":"1_15_1_120"},{"num":7.6,"categoryName":"Antoine Carr","name":"1_15_1_94"},{"num":6.9,"categoryName":"Cliff Levingston","name":"1_15_1_92"},{"num":5,"categoryName":"Alexander Volkov","name":"1_15_1_121"},{"num":4,"categoryName":"Wes Matthews","name":"1_15_1_70"},{"num":3.7,"categoryName":"Jon Koncak","name":"1_15_1_101"},{"num":2.8,"categoryName":"Sedric Toney","name":"1_15_1_105"},{"num":2.1,"categoryName":"Roy Marble","name":"1_15_1_122"},{"num":1,"categoryName":"Haywoode Workman","name":"1_15_1_123"},{"num":0.9,"categoryName":"Duane Ferrell","name":"1_15_1_115"},{"num":0,"categoryName":"Mike Williams","name":"1_15_1_124"}],"name":"1_15_1_0"},{"num":109.5,"categoryName":"Chicago_Bulls","children":[{"num":33.6,"categoryName":"Michael Jordan","name":"1_15_12_32"},{"num":16.5,"categoryName":"Scottie Pippen","name":"1_15_12_60"},{"num":13.4,"categoryName":"Horace Grant","name":"1_15_12_61"},{"num":11.4,"categoryName":"Bill Cartwright","name":"1_15_12_64"},{"num":10,"categoryName":"John Paxson","name":"1_15_12_42"},{"num":8.9,"categoryName":"Stacey King","name":"1_15_12_73"},{"num":6.5,"categoryName":"Craig Hodges","name":"1_15_12_65"},{"num":5.6,"categoryName":"B.J. Armstrong","name":"1_15_12_74"},{"num":3.8,"categoryName":"Will Perdue","name":"1_15_12_67"},{"num":2.5,"categoryName":"Charles Davis","name":"1_15_12_66"},{"num":2.3,"categoryName":"Jack Haley","name":"1_15_12_68"},{"num":2.3,"categoryName":"Ed Nealy","name":"1_15_12_70"},{"num":1,"categoryName":"Clifford Lett","name":"1_15_12_75"},{"num":0.9,"categoryName":"Jeff Sanders","name":"1_15_12_76"}],"name":"1_15_12_0"},{"num":102.6,"categoryName":"Cleveland_Cavaliers","children":[{"num":22,"categoryName":"Ron Harper","name":"1_15_4_117"},{"num":19.6,"categoryName":"Mark Price","name":"1_15_4_120"},{"num":16.8,"categoryName":"Hot Rod Williams","name":"1_15_4_119"},{"num":16.8,"categoryName":"Brad Daugherty","name":"1_15_4_118"},{"num":16.3,"categoryName":"Larry Nance","name":"1_15_4_125"},{"num":13.6,"categoryName":"Craig Ehlo","name":"1_15_4_121"},{"num":7.6,"categoryName":"Randolph Keys","name":"1_15_4_135"},{"num":7.3,"categoryName":"Chucky Brown","name":"1_15_4_137"},{"num":6.8,"categoryName":"Reggie Williams","name":"1_15_4_138"},{"num":6.7,"categoryName":"Steve Kerr","name":"1_15_4_139"},{"num":6.1,"categoryName":"Winston Bennett","name":"1_15_4_140"},{"num":5,"categoryName":"Chris Dudley","name":"1_15_4_129"},{"num":4,"categoryName":"Paul Mokeski","name":"1_15_4_82"},{"num":3.9,"categoryName":"John Morton","name":"1_15_4_141"},{"num":3.5,"categoryName":"Derrick Chievous","name":"1_15_4_142"},{"num":2.6,"categoryName":"Tree Rollins","name":"1_15_4_136"},{"num":2,"categoryName":"Gary Voce","name":"1_15_4_143"}],"name":"1_15_4_0"},{"num":104.3,"categoryName":"Detroit_Pistons","children":[{"num":18.4,"categoryName":"Isiah Thomas","name":"1_15_10_44"},{"num":17.8,"categoryName":"Joe Dumars","name":"1_15_10_75"},{"num":14.5,"categoryName":"James Edwards","name":"1_15_10_88"},{"num":14.1,"categoryName":"Mark Aguirre","name":"1_15_10_93"},{"num":12.1,"categoryName":"Bill Laimbeer","name":"1_15_10_45"},{"num":9.8,"categoryName":"Vinnie Johnson","name":"1_15_10_47"},{"num":8.8,"categoryName":"Dennis Rodman","name":"1_15_10_82"},{"num":7.2,"categoryName":"John Salley","name":"1_15_10_83"},{"num":2.8,"categoryName":"William Bedford","name":"1_15_10_89"},{"num":2.3,"categoryName":"Gerald Henderson","name":"1_15_10_99"},{"num":1.6,"categoryName":"Dave Greenwood","name":"1_15_10_100"},{"num":1.6,"categoryName":"Stan Kimbrough","name":"1_15_10_101"},{"num":1.1,"categoryName":"Scott Hastings","name":"1_15_10_102"},{"num":0,"categoryName":"Ralph Lewis","name":"1_15_10_91"}],"name":"1_15_10_0"},{"num":109.3,"categoryName":"Indiana_Pacers","children":[{"num":24.6,"categoryName":"Reggie Miller","name":"1_15_11_67"},{"num":19.7,"categoryName":"Chuck Person","name":"1_15_11_60"},{"num":16.2,"categoryName":"Detlef Schrempf","name":"1_15_11_71"},{"num":15.5,"categoryName":"Rik Smits","name":"1_15_11_73"},{"num":14.3,"categoryName":"Vern Fleming","name":"1_15_11_44"},{"num":6.8,"categoryName":"LaSalle Thompson","name":"1_15_11_72"},{"num":6.2,"categoryName":"Mike Sanders","name":"1_15_11_79"},{"num":4.1,"categoryName":"Calvin Natt","name":"1_15_11_80"},{"num":3.5,"categoryName":"Rickey Green","name":"1_15_11_81"},{"num":2.7,"categoryName":"George McCloud","name":"1_15_11_82"},{"num":2.1,"categoryName":"Randy Wittman","name":"1_15_11_74"},{"num":2,"categoryName":"Dyron Nix","name":"1_15_11_83"},{"num":1.3,"categoryName":"Greg Dreiling","name":"1_15_11_66"}],"name":"1_15_11_0"},{"num":106,"categoryName":"Milwaukee_Bucks","children":[{"num":23,"categoryName":"Ricky Pierce","name":"1_15_13_36"},{"num":15.3,"categoryName":"Jay Humphries","name":"1_15_13_63"},{"num":14.2,"categoryName":"Alvin Robertson","name":"1_15_13_75"},{"num":13.9,"categoryName":"Jack Sikma","name":"1_15_13_51"},{"num":11,"categoryName":"Paul Pressey","name":"1_15_13_21"},{"num":10.5,"categoryName":"Fred Roberts","name":"1_15_13_69"},{"num":10,"categoryName":"Brad Lohaus","name":"1_15_13_76"},{"num":8.8,"categoryName":"Greg Anderson","name":"1_15_13_77"},{"num":7.7,"categoryName":"Jeff Grayer","name":"1_15_13_68"},{"num":7,"categoryName":"Larry Krystkowiak","name":"1_15_13_60"},{"num":6.8,"categoryName":"Randy Breuer","name":"1_15_13_31"},{"num":5.7,"categoryName":"Ben Coleman","name":"1_15_13_78"},{"num":3.6,"categoryName":"Tony Brown","name":"1_15_13_72"},{"num":3.4,"categoryName":"Mike Dunleavy","name":"1_15_13_27"},{"num":3,"categoryName":"Jerry Sichting","name":"1_15_13_79"},{"num":2.5,"categoryName":"Gerald Henderson","name":"1_15_13_80"},{"num":2,"categoryName":"Frank Kornet","name":"1_15_13_81"},{"num":1.5,"categoryName":"Tito Horford","name":"1_15_13_73"}],"name":"1_15_13_0"},{"num":110.9,"categoryName":"Orlando_Magic","children":[{"num":19.4,"categoryName":"Terry Catledge","name":"1_15_14_1"},{"num":18.9,"categoryName":"Reggie Theus","name":"1_15_14_2"},{"num":13.5,"categoryName":"Otis Smith","name":"1_15_14_3"},{"num":12.8,"categoryName":"Jerry Reynolds","name":"1_15_14_4"},{"num":11.5,"categoryName":"Nick Anderson","name":"1_15_14_5"},{"num":11.2,"categoryName":"Sam Vincent","name":"1_15_14_6"},{"num":10.4,"categoryName":"Sidney Green","name":"1_15_14_7"},{"num":8.7,"categoryName":"Michael Ansley","name":"1_15_14_8"},{"num":7.7,"categoryName":"Scott Skiles","name":"1_15_14_9"},{"num":5.7,"categoryName":"Morlon Wiley","name":"1_15_14_10"},{"num":5.1,"categoryName":"Jeff Turner","name":"1_15_14_11"},{"num":4.5,"categoryName":"Mark Acres","name":"1_15_14_12"},{"num":3.7,"categoryName":"Dave Corzine","name":"1_15_14_13"},{"num":1.3,"categoryName":"Jawann Oldham","name":"1_15_14_14"}],"name":"1_15_14_0"}],"name":"1_15_0_0","num":751.1}],"name":"1_0_0_0","num":1388},{"categoryName":"Western","children":[{"categoryName":"Midwest","children":[{"num":100.4,"categoryName":"Charlotte_Hornets","children":[{"num":18.8,"categoryName":"Armen Gilliam","name":"2_32_15_1"},{"num":17.5,"categoryName":"Rex Chapman","name":"2_32_15_2"},{"num":16,"categoryName":"Dell Curry","name":"2_32_15_3"},{"num":15.6,"categoryName":"Kelly Tripucka","name":"2_32_15_4"},{"num":11.1,"categoryName":"J.R. Reid","name":"2_32_15_5"},{"num":10.5,"categoryName":"Randolph Keys","name":"2_32_15_6"},{"num":9.4,"categoryName":"Muggsy Bogues","name":"2_32_15_7"},{"num":9.1,"categoryName":"Kurt Rambis","name":"2_32_15_8"},{"num":6.9,"categoryName":"Micheal Williams","name":"2_32_15_9"},{"num":6.4,"categoryName":"Robert Reid","name":"2_32_15_10"},{"num":5.9,"categoryName":"Kenny Gattison","name":"2_32_15_11"},{"num":5.1,"categoryName":"Brian Rowsom","name":"2_32_15_12"},{"num":4.3,"categoryName":"Richard Anderson","name":"2_32_15_13"},{"num":4,"categoryName":"Dave Hoppen","name":"2_32_15_14"},{"num":3.5,"categoryName":"Jerry Sichting","name":"2_32_15_15"},{"num":3.3,"categoryName":"Ralph Lewis","name":"2_32_15_16"},{"num":2.8,"categoryName":"Andre Turner","name":"2_32_15_17"},{"num":2.6,"categoryName":"Stuart Gray","name":"2_32_15_18"},{"num":2.4,"categoryName":"Terry Dozier","name":"2_32_15_19"},{"num":1.8,"categoryName":"Mike Holton","name":"2_32_15_20"}],"name":"2_32_15_0"},{"num":102.2,"categoryName":"Dallas_Mavericks","children":[{"num":19.4,"categoryName":"Rolando Blackman","name":"2_32_10_24"},{"num":18,"categoryName":"Derek Harper","name":"2_32_10_34"},{"num":16.8,"categoryName":"Roy Tarpley","name":"2_32_10_47"},{"num":15.9,"categoryName":"Sam Perkins","name":"2_32_10_37"},{"num":14.7,"categoryName":"Adrian Dantley","name":"2_32_10_53"},{"num":9.1,"categoryName":"James Donaldson","name":"2_32_10_42"},{"num":8.6,"categoryName":"Herb Williams","name":"2_32_10_54"},{"num":6.4,"categoryName":"Brad Davis","name":"2_32_10_5"},{"num":4.5,"categoryName":"Bill Wennington","name":"2_32_10_44"},{"num":4.3,"categoryName":"Randy White","name":"2_32_10_58"},{"num":4.1,"categoryName":"Steve Alford","name":"2_32_10_51"},{"num":3,"categoryName":"Anthony Jones","name":"2_32_10_56"},{"num":2.6,"categoryName":"Bob McCann","name":"2_32_10_59"},{"num":0.7,"categoryName":"Kelvin Upshaw","name":"2_32_10_60"},{"num":0,"categoryName":"Mark Wade","name":"2_32_10_61"}],"name":"2_32_10_0"},{"num":114.6,"categoryName":"Denver_Nuggets","children":[{"num":18.3,"categoryName":"Fat Lever","name":"2_32_7_60"},{"num":17.9,"categoryName":"Alex English","name":"2_32_7_32"},{"num":17.5,"categoryName":"Walter Davis","name":"2_32_7_76"},{"num":15.5,"categoryName":"Michael Adams","name":"2_32_7_72"},{"num":12.4,"categoryName":"Blair Rasmussen","name":"2_32_7_65"},{"num":11.9,"categoryName":"Joe Barry Carroll","name":"2_32_7_82"},{"num":10.4,"categoryName":"Danny Schayes","name":"2_32_7_49"},{"num":8,"categoryName":"Todd Lichti","name":"2_32_7_83"},{"num":6.2,"categoryName":"Bill Hanzlik","name":"2_32_7_52"},{"num":5.4,"categoryName":"Tim Kempton","name":"2_32_7_84"},{"num":5,"categoryName":"Jerome Lane","name":"2_32_7_79"},{"num":3.5,"categoryName":"Eddie Hughes","name":"2_32_7_80"},{"num":2.6,"categoryName":"Mike Higgins","name":"2_32_7_85"},{"num":1.8,"categoryName":"T.R. Dunn","name":"2_32_7_44"}],"name":"2_32_7_0"},{"num":106.7,"categoryName":"Houston_Rockets","children":[{"num":24.3,"categoryName":"Hakeem Olajuwon","name":"2_32_11_29"},{"num":17.1,"categoryName":"Otis Thorpe","name":"2_32_11_50"},{"num":15.5,"categoryName":"Mitchell Wiggins","name":"2_32_11_31"},{"num":14.8,"categoryName":"Buck Johnson","name":"2_32_11_40"},{"num":12.5,"categoryName":"Vernon Maxwell","name":"2_32_11_58"},{"num":12.2,"categoryName":"Sleepy Floyd","name":"2_32_11_45"},{"num":2.9,"categoryName":"Lewis Lloyd","name":"2_32_11_25"},{"num":6.5,"categoryName":"Mike Woodson","name":"2_32_11_51"},{"num":6,"categoryName":"Derrick Chievous","name":"2_32_11_52"},{"num":5.8,"categoryName":"John Lucas","name":"2_32_11_30"},{"num":4.3,"categoryName":"Anthony Bowie","name":"2_32_11_59"},{"num":3.5,"categoryName":"Byron Dinkins","name":"2_32_11_60"},{"num":3,"categoryName":"Larry Smith","name":"2_32_11_61"},{"num":1.9,"categoryName":"Adrian Caldwell","name":"2_32_11_62"},{"num":1.7,"categoryName":"Tim McCormick","name":"2_32_11_54"},{"num":1.3,"categoryName":"Chuck Nevitt","name":"2_32_11_22"}],"name":"2_32_11_0"},{"num":95.2,"categoryName":"Minnesota_Timberwolves","children":[{"num":23.2,"categoryName":"Tony Campbell","name":"2_32_16_1"},{"num":14.7,"categoryName":"Tyrone Corbin","name":"2_32_16_2"},{"num":12.7,"categoryName":"Sam Mitchell","name":"2_32_16_3"},{"num":11.4,"categoryName":"Pooh Richardson","name":"2_32_16_4"},{"num":10.2,"categoryName":"Randy Breuer","name":"2_32_16_5"},{"num":8.3,"categoryName":"Tod Murphy","name":"2_32_16_6"},{"num":7.5,"categoryName":"Brad Lohaus","name":"2_32_16_7"},{"num":6.8,"categoryName":"Scott Roth","name":"2_32_16_8"},{"num":5.9,"categoryName":"Adrian Branch","name":"2_32_16_9"},{"num":5.9,"categoryName":"Donald Royal","name":"2_32_16_10"},{"num":3.4,"categoryName":"Brad Sellers","name":"2_32_16_11"},{"num":2.6,"categoryName":"Doug West","name":"2_32_16_12"},{"num":2.3,"categoryName":"Sidney Lowe","name":"2_32_16_13"},{"num":1.5,"categoryName":"Gary Leonard","name":"2_32_16_14"},{"num":0,"categoryName":"Steve Johnson","name":"2_32_16_15"}],"name":"2_32_16_0"},{"num":106.3,"categoryName":"San_Antonio_Spurs","children":[{"num":24.3,"categoryName":"David Robinson","name":"2_32_12_100"},{"num":22.4,"categoryName":"Terry Cummings","name":"2_32_12_101"},{"num":15.7,"categoryName":"Willie Anderson","name":"2_32_12_84"},{"num":14.2,"categoryName":"Rod Strickland","name":"2_32_12_102"},{"num":10.9,"categoryName":"Maurice Cheeks","name":"2_32_12_103"},{"num":10,"categoryName":"Sean Elliott","name":"2_32_12_104"},{"num":6.9,"categoryName":"Vernon Maxwell","name":"2_32_12_85"},{"num":6.8,"categoryName":"David Wingate","name":"2_32_12_105"},{"num":6.6,"categoryName":"Frank Brickowski","name":"2_32_12_70"},{"num":4.2,"categoryName":"Reggie Williams","name":"2_32_12_106"},{"num":2.6,"categoryName":"Zarko Paspalj","name":"2_32_12_107"},{"num":2.4,"categoryName":"Caldwell Jones","name":"2_32_12_108"},{"num":2.2,"categoryName":"Johnny Moore","name":"2_32_12_8"},{"num":2.1,"categoryName":"Uwe Blab","name":"2_32_12_109"},{"num":1.5,"categoryName":"Jeff Lebo","name":"2_32_12_110"},{"num":1.2,"categoryName":"Chris Welp","name":"2_32_12_111"}],"name":"2_32_12_0"},{"num":106.8,"categoryName":"Utah_Jazz","children":[{"num":31,"categoryName":"Karl Malone","name":"2_32_9_51"},{"num":17.2,"categoryName":"John Stockton","name":"2_32_9_48"},{"num":14.2,"categoryName":"Thurl Bailey","name":"2_32_9_45"},{"num":8.9,"categoryName":"Darrell Griffith","name":"2_32_9_21"},{"num":8.9,"categoryName":"Blue Edwards","name":"2_32_9_70"},{"num":7.6,"categoryName":"Bob Hansen","name":"2_32_9_46"},{"num":6.2,"categoryName":"Mike Brown","name":"2_32_9_64"},{"num":4.8,"categoryName":"Mark Eaton","name":"2_32_9_42"},{"num":4.3,"categoryName":"Eric Leckner","name":"2_32_9_65"},{"num":3.5,"categoryName":"Delaney Rudd","name":"2_32_9_71"},{"num":3.2,"categoryName":"Jose Ortiz","name":"2_32_9_67"},{"num":2,"categoryName":"Jim Les","name":"2_32_9_68"},{"num":1.8,"categoryName":"Nate Johnston","name":"2_32_9_72"},{"num":1.1,"categoryName":"Eric Johnson","name":"2_32_9_73"},{"num":1,"categoryName":"Raymond Brown","name":"2_32_9_74"}],"name":"2_32_9_0"}],"name":"2_32_0_0","num":732.1999999999999},{"categoryName":"Pacific","children":[{"num":116.3,"categoryName":"Golden_State_Warriors","children":[{"num":25.1,"categoryName":"Chris Mullin","name":"2_33_6_87"},{"num":22.1,"categoryName":"Mitch Richmond","name":"2_33_6_110"},{"num":16.1,"categoryName":"Terry Teagle","name":"2_33_6_81"},{"num":14.7,"categoryName":"Tim Hardaway","name":"2_33_6_117"},{"num":12.1,"categoryName":"S. Marciulionis","name":"2_33_6_118"},{"num":11.1,"categoryName":"Rod Higgins","name":"2_33_6_93"},{"num":8.8,"categoryName":"Tom Tolbert","name":"2_33_6_119"},{"num":5.6,"categoryName":"Kelvin Upshaw","name":"2_33_6_120"},{"num":5.3,"categoryName":"Winston Garland","name":"2_33_6_101"},{"num":4,"categoryName":"Jim Petersen","name":"2_33_6_121"},{"num":4,"categoryName":"Marques Johnson","name":"2_33_6_122"},{"num":4,"categoryName":"Alton Lister","name":"2_33_6_123"},{"num":3.6,"categoryName":"Chris Welp","name":"2_33_6_124"},{"num":2.1,"categoryName":"Uwe Blab","name":"2_33_6_125"},{"num":1.9,"categoryName":"Manute Bol","name":"2_33_6_113"},{"num":1.6,"categoryName":"Mike Smrek","name":"2_33_6_126"},{"num":1.1,"categoryName":"Leonard Taylor","name":"2_33_6_127"},{"num":0.7,"categoryName":"John Shasky","name":"2_33_6_128"}],"name":"2_33_6_0"},{"num":103.8,"categoryName":"Los_Angeles_Clippers","children":[{"num":23,"categoryName":"Ron Harper","name":"2_33_10_56"},{"num":21.1,"categoryName":"Charles Smith","name":"2_33_10_45"},{"num":16.3,"categoryName":"Danny Manning","name":"2_33_10_44"},{"num":16.1,"categoryName":"Ken Norman","name":"2_33_10_36"},{"num":13.5,"categoryName":"Benoit Benjamin","name":"2_33_10_17"},{"num":13.1,"categoryName":"Gary Grant","name":"2_33_10_46"},{"num":12,"categoryName":"Reggie Williams","name":"2_33_10_34"},{"num":10.9,"categoryName":"Winston Garland","name":"2_33_10_57"},{"num":7,"categoryName":"Tom Garrick","name":"2_33_10_48"},{"num":6.3,"categoryName":"Jeff Martin","name":"2_33_10_58"},{"num":4.9,"categoryName":"Michael Young","name":"2_33_10_59"},{"num":4.8,"categoryName":"Joe Wolf","name":"2_33_10_37"},{"num":4.2,"categoryName":"David Rivers","name":"2_33_10_60"},{"num":4,"categoryName":"Ken Bannister","name":"2_33_10_47"},{"num":3.5,"categoryName":"Jim Les","name":"2_33_10_61"},{"num":2.6,"categoryName":"Carlton McKinney","name":"2_33_10_62"},{"num":2.1,"categoryName":"Steve Harris","name":"2_33_10_63"},{"num":1.8,"categoryName":"Jay Edwards","name":"2_33_10_64"},{"num":1.3,"categoryName":"Torgeir Bryn","name":"2_33_10_65"},{"num":1.3,"categoryName":"Andre Turner","name":"2_33_10_66"}],"name":"2_33_10_0"},{"num":110.7,"categoryName":"Los_Angeles_Lakers","children":[{"num":22.3,"categoryName":"Magic Johnson","name":"2_33_1_66"},{"num":21.1,"categoryName":"James Worthy","name":"2_33_1_86"},{"num":15.5,"categoryName":"Byron Scott","name":"2_33_1_91"},{"num":12.9,"categoryName":"A.C. Green","name":"2_33_1_100"},{"num":12.7,"categoryName":"Orlando Woolridge","name":"2_33_1_112"},{"num":10.1,"categoryName":"Mychal Thompson","name":"2_33_1_102"},{"num":8.5,"categoryName":"Vlade Divac","name":"2_33_1_115"},{"num":6.4,"categoryName":"Michael Cooper","name":"2_33_1_65"},{"num":5.2,"categoryName":"Larry Drew","name":"2_33_1_116"},{"num":3.8,"categoryName":"Jay Vincent","name":"2_33_1_117"},{"num":3.1,"categoryName":"Mark McNamara","name":"2_33_1_113"},{"num":1.7,"categoryName":"Mel McCants","name":"2_33_1_118"},{"num":1.7,"categoryName":"Jawann Oldham","name":"2_33_1_119"},{"num":1.3,"categoryName":"Steve Bucknall","name":"2_33_1_120"},{"num":0.2,"categoryName":"Mike Higgins","name":"2_33_1_121"}],"name":"2_33_1_0"},{"num":114.9,"categoryName":"Phoenix_Suns","children":[{"num":27.2,"categoryName":"Tom Chambers","name":"2_33_8_92"},{"num":22.5,"categoryName":"Kevin Johnson","name":"2_33_8_84"},{"num":17.6,"categoryName":"Jeff Hornacek","name":"2_33_8_80"},{"num":16.9,"categoryName":"Eddie Johnson","name":"2_33_8_82"},{"num":11.1,"categoryName":"Dan Majerle","name":"2_33_8_93"},{"num":10.5,"categoryName":"Mark West","name":"2_33_8_85"},{"num":8.9,"categoryName":"Armen Gilliam","name":"2_33_8_83"},{"num":7.3,"categoryName":"Mike McGee","name":"2_33_8_100"},{"num":5.4,"categoryName":"Kurt Rambis","name":"2_33_8_101"},{"num":4.2,"categoryName":"Tim Perry","name":"2_33_8_94"},{"num":4.1,"categoryName":"Kenny Battle","name":"2_33_8_102"},{"num":3.5,"categoryName":"Andrew Lang","name":"2_33_8_95"},{"num":3.1,"categoryName":"Greg Grant","name":"2_33_8_103"},{"num":2.5,"categoryName":"Tim Legler","name":"2_33_8_104"},{"num":2,"categoryName":"Mike Morrison","name":"2_33_8_105"},{"num":0.8,"categoryName":"Micheal Williams","name":"2_33_8_106"}],"name":"2_33_8_0"},{"num":114.2,"categoryName":"Portland_Trail_Blazers","children":[{"num":23.3,"categoryName":"Clyde Drexler","name":"2_33_2_92"},{"num":17.6,"categoryName":"Terry Porter","name":"2_33_2_101"},{"num":16.2,"categoryName":"Kevin Duckworth","name":"2_33_2_106"},{"num":16,"categoryName":"Jerome Kersey","name":"2_33_2_98"},{"num":13.6,"categoryName":"Buck Williams","name":"2_33_2_127"},{"num":9.1,"categoryName":"Clifford Robinson","name":"2_33_2_128"},{"num":7.6,"categoryName":"Drazen Petrovic","name":"2_33_2_129"},{"num":5.2,"categoryName":"Byron Irvin","name":"2_33_2_130"},{"num":4.7,"categoryName":"Danny Young","name":"2_33_2_121"},{"num":3.8,"categoryName":"Wayne Cooper","name":"2_33_2_85"},{"num":2.9,"categoryName":"Mark Bryant","name":"2_33_2_122"},{"num":2.6,"categoryName":"Robert Reid","name":"2_33_2_131"},{"num":2.3,"categoryName":"Nate Johnston","name":"2_33_2_132"}],"name":"2_33_2_0"},{"num":101.7,"categoryName":"Sacramento_Kings","children":[{"num":22.3,"categoryName":"Wayman Tisdale","name":"2_33_11_2"},{"num":18.6,"categoryName":"Antoine Carr","name":"2_33_11_18"},{"num":17.9,"categoryName":"Danny Ainge","name":"2_33_11_1"},{"num":16.6,"categoryName":"Rodney McCray","name":"2_33_11_5"},{"num":15,"categoryName":"Kenny Smith","name":"2_33_11_3"},{"num":9.7,"categoryName":"Vinny Del Negro","name":"2_33_11_12"},{"num":8.8,"categoryName":"Harold Pressley","name":"2_33_11_6"},{"num":8,"categoryName":"Pervis Ellison","name":"2_33_11_19"},{"num":5.5,"categoryName":"Sedric Toney","name":"2_33_11_20"},{"num":4.3,"categoryName":"Henry Turner","name":"2_33_11_21"},{"num":4.2,"categoryName":"Ralph Sampson","name":"2_33_11_22"},{"num":3.7,"categoryName":"Randy Allen","name":"2_33_11_15"},{"num":3.2,"categoryName":"Greg Kite","name":"2_33_11_23"},{"num":0.9,"categoryName":"Mike Williams","name":"2_33_11_24"},{"num":0.6,"categoryName":"Michael Jackson","name":"2_33_11_16"},{"num":0.4,"categoryName":"Greg Stokes","name":"2_33_11_25"}],"name":"2_33_11_0"},{"num":106.9,"categoryName":"Seattle_Supersonics","children":[{"num":23.5,"categoryName":"Dale Ellis","name":"2_33_5_104"},{"num":21.3,"categoryName":"Xavier McDaniel","name":"2_33_5_97"},{"num":15.7,"categoryName":"Derrick McKey","name":"2_33_5_114"},{"num":11.4,"categoryName":"Sedale Threatt","name":"2_33_5_115"},{"num":9.7,"categoryName":"Michael Cage","name":"2_33_5_118"},{"num":9.7,"categoryName":"Dana Barros","name":"2_33_5_124"},{"num":8.2,"categoryName":"Quintin Dailey","name":"2_33_5_125"},{"num":6.5,"categoryName":"Shawn Kemp","name":"2_33_5_126"},{"num":6.4,"categoryName":"Jim Farmer","name":"2_33_5_127"},{"num":6.4,"categoryName":"Nate McMillan","name":"2_33_5_108"},{"num":5.6,"categoryName":"Steve Johnson","name":"2_33_5_128"},{"num":4.8,"categoryName":"Brad Sellers","name":"2_33_5_129"},{"num":4.6,"categoryName":"Olden Polynice","name":"2_33_5_117"},{"num":2.6,"categoryName":"Avery Johnson","name":"2_33_5_122"},{"num":2.1,"categoryName":"Scott Meents","name":"2_33_5_130"}],"name":"2_33_5_0"}],"name":"2_33_0_0","num":768.5000000000001}],"name":"2_0_0_0","num":1500.7}],"num":2888.7}