{
  "year": 2017,
  "name": "root",
  "categoryName": "root",
  "children": [
    {
      "categoryName": "Eastern",
      "children": [
        {
          "categoryName": "Southeast",
          "children": [
            {
              "num": 108.5,
              "categoryName": "Atlanta_Hawks",
              "children": [
                {
                  "num": 19.5,
                  "categoryName": "Dennis Schroder",
                  "name": "1_16_1_87"
                },
                {
                  "num": 13,
                  "categoryName": "Kent Bazemore",
                  "name": "1_16_1_91"
                },
                {
                  "num": 12.3,
                  "categoryName": "Taurean Prince",
                  "name": "1_16_1_102"
                },
                {
                  "num": 11.4,
                  "categoryName": "Marco Belinelli",
                  "name": "1_16_1_109"
                },
                {
                  "num": 10.8,
                  "categoryName": "Ersan Ilyasova",
                  "name": "1_16_1_101"
                },
                {
                  "num": 10.5,
                  "categoryName": "John Collins",
                  "name": "1_16_1_110"
                },
                {
                  "num": 9.9,
                  "categoryName": "Dewayne Dedmon",
                  "name": "1_16_1_111"
                },
                {
                  "num": 6.1,
                  "categoryName": "Luke Babbitt",
                  "name": "1_16_1_112"
                },
                {
                  "num": 5.9,
                  "categoryName": "Malcolm Delaney",
                  "name": "1_16_1_104"
                },
                {
                  "num": 5.8,
                  "categoryName": "Mike Muscala",
                  "name": "1_16_1_86"
                },
                {
                  "num": 5,
                  "categoryName": "Tyler Cavanaugh",
                  "name": "1_16_1_113"
                },
                {
                  "num": 4.8,
                  "categoryName": "DeAndre' Bembry",
                  "name": "1_16_1_106"
                },
                {
                  "num": 4.4,
                  "categoryName": "Isaiah Taylor",
                  "name": "1_16_1_114"
                },
                {
                  "num": 4.4,
                  "categoryName": "Miles Plumlee",
                  "name": "1_16_1_115"
                },
                {
                  "num": 3.8,
                  "categoryName": "Tyler Dorsey",
                  "name": "1_16_1_116"
                },
                {
                  "num": 2.3,
                  "categoryName": "Josh Magette",
                  "name": "1_16_1_117"
                },
                {
                  "num": 0,
                  "categoryName": "Nicolas Brussino",
                  "name": "1_16_1_118"
                }
              ],
              "name": "1_16_1_0"
            },
            {
              "num": 106,
              "categoryName": "Charlotte_Hornets",
              "children": [
                {
                  "num": 22.8,
                  "categoryName": "Kemba Walker",
                  "name": "1_16_6_1"
                },
                {
                  "num": 15.9,
                  "categoryName": "Dwight Howard",
                  "name": "1_16_6_36"
                },
                {
                  "num": 13.6,
                  "categoryName": "Jeremy Lamb",
                  "name": "1_16_6_21"
                },
                {
                  "num": 11.9,
                  "categoryName": "Nicolas Batum",
                  "name": "1_16_6_18"
                },
                {
                  "num": 10.6,
                  "categoryName": "Frank Kaminsky",
                  "name": "1_16_6_22"
                },
                {
                  "num": 10.3,
                  "categoryName": "M. Kidd-Gilchrist",
                  "name": "1_16_6_5"
                },
                {
                  "num": 9.5,
                  "categoryName": "Marvin Williams",
                  "name": "1_16_6_9"
                },
                {
                  "num": 7.1,
                  "categoryName": "Cody Zeller",
                  "name": "1_16_6_8"
                },
                {
                  "num": 5.1,
                  "categoryName": "Malik Monk",
                  "name": "1_16_6_37"
                },
                {
                  "num": 4.9,
                  "categoryName": "Johnny O'Bryant",
                  "name": "1_16_6_30"
                },
                {
                  "num": 4.8,
                  "categoryName": "Treveon Graham",
                  "name": "1_16_6_34"
                },
                {
                  "num": 4,
                  "categoryName": "M. Carter-Williams",
                  "name": "1_16_6_38"
                },
                {
                  "num": 3.2,
                  "categoryName": "Dwayne Bacon",
                  "name": "1_16_6_39"
                },
                {
                  "num": 0.8,
                  "categoryName": "Julyan Stone",
                  "name": "1_16_6_40"
                },
                {
                  "num": 0,
                  "categoryName": "Mangok Mathiang",
                  "name": "1_16_6_41"
                },
                {
                  "num": 0,
                  "categoryName": "Marcus Paige",
                  "name": "1_16_6_42"
                }
              ],
              "name": "1_16_6_0"
            },
            {
              "num": 100.9,
              "categoryName": "Miami_Heat",
              "children": [
                {
                  "num": 16.9,
                  "categoryName": "Goran Dragic",
                  "name": "1_16_3_74"
                },
                {
                  "num": 14.3,
                  "categoryName": "Dion Waiters",
                  "name": "1_16_3_95"
                },
                {
                  "num": 14.1,
                  "categoryName": "Hassan Whiteside",
                  "name": "1_16_3_76"
                },
                {
                  "num": 12.8,
                  "categoryName": "Josh Richardson",
                  "name": "1_16_3_89"
                },
                {
                  "num": 11.8,
                  "categoryName": "Tyler Johnson",
                  "name": "1_16_3_80"
                },
                {
                  "num": 11.3,
                  "categoryName": "Wayne Ellington",
                  "name": "1_16_3_97"
                },
                {
                  "num": 11,
                  "categoryName": "Kelly Olynyk",
                  "name": "1_16_3_103"
                },
                {
                  "num": 10.1,
                  "categoryName": "James Johnson",
                  "name": "1_16_3_96"
                },
                {
                  "num": 7,
                  "categoryName": "Bam Adebayo",
                  "name": "1_16_3_104"
                },
                {
                  "num": 6.4,
                  "categoryName": "Justise Winslow",
                  "name": "1_16_3_90"
                },
                {
                  "num": 4.8,
                  "categoryName": "Jordan Mickey",
                  "name": "1_16_3_105"
                },
                {
                  "num": 4.1,
                  "categoryName": "Derrick Jones ",
                  "name": "1_16_3_106"
                },
                {
                  "num": 3.3,
                  "categoryName": "Okaro White",
                  "name": "1_16_3_102"
                },
                {
                  "num": 1.9,
                  "categoryName": "Derrick Walton ",
                  "name": "1_16_3_107"
                },
                {
                  "num": 1.7,
                  "categoryName": "Matt Williams",
                  "name": "1_16_3_108"
                },
                {
                  "num": 0.6,
                  "categoryName": "Udonis Haslem",
                  "name": "1_16_3_5"
                }
              ],
              "name": "1_16_3_0"
            },
            {
              "num": 110.3,
              "categoryName": "Orlando_Magic",
              "children": [
                {
                  "num": 18.4,
                  "categoryName": "Aaron Gordon",
                  "name": "1_16_4_81"
                },
                {
                  "num": 18,
                  "categoryName": "Evan Fournier",
                  "name": "1_16_4_76"
                },
                {
                  "num": 17.4,
                  "categoryName": "Nikola Vucevic",
                  "name": "1_16_4_59"
                },
                {
                  "num": 13.6,
                  "categoryName": "Jonathon Simmons",
                  "name": "1_16_4_104"
                },
                {
                  "num": 13.1,
                  "categoryName": "Elfrid Payton",
                  "name": "1_16_4_77"
                },
                {
                  "num": 9,
                  "categoryName": "Terrence Ross",
                  "name": "1_16_4_92"
                },
                {
                  "num": 8.4,
                  "categoryName": "D.J. Augustin",
                  "name": "1_16_4_95"
                },
                {
                  "num": 7.5,
                  "categoryName": "Marreese Speights",
                  "name": "1_16_4_105"
                },
                {
                  "num": 7.4,
                  "categoryName": "Mario Hezonja",
                  "name": "1_16_4_87"
                },
                {
                  "num": 5.5,
                  "categoryName": "Bismack Biyombo",
                  "name": "1_16_4_96"
                },
                {
                  "num": 5.3,
                  "categoryName": "Jonathan Isaac",
                  "name": "1_16_4_106"
                },
                {
                  "num": 4.9,
                  "categoryName": "Shelvin Mack",
                  "name": "1_16_4_107"
                },
                {
                  "num": 4.2,
                  "categoryName": "Adreian Payne",
                  "name": "1_16_4_108"
                },
                {
                  "num": 3.4,
                  "categoryName": "Wesley Iwundu",
                  "name": "1_16_4_109"
                },
                {
                  "num": 3.3,
                  "categoryName": "Khem Birch",
                  "name": "1_16_4_110"
                },
                {
                  "num": 3.1,
                  "categoryName": "Arron Afflalo",
                  "name": "1_16_4_58"
                },
                {
                  "num": 1.8,
                  "categoryName": "Jamel Artis",
                  "name": "1_16_4_111"
                }
              ],
              "name": "1_16_4_0"
            },
            {
              "num": 105.6,
              "categoryName": "Washington_Wizards",
              "children": [
                {
                  "num": 23.9,
                  "categoryName": "Bradley Beal",
                  "name": "1_16_5_74"
                },
                {
                  "num": 19.4,
                  "categoryName": "John Wall",
                  "name": "1_16_5_51"
                },
                {
                  "num": 13.9,
                  "categoryName": "Otto Porter",
                  "name": "1_16_5_89"
                },
                {
                  "num": 12,
                  "categoryName": "Kelly Oubre",
                  "name": "1_16_5_98"
                },
                {
                  "num": 10.7,
                  "categoryName": "Markieff Morris",
                  "name": "1_16_5_90"
                },
                {
                  "num": 9.2,
                  "categoryName": "Mike Scott",
                  "name": "1_16_5_113"
                },
                {
                  "num": 8.9,
                  "categoryName": "Marcin Gortat",
                  "name": "1_16_5_83"
                },
                {
                  "num": 6.1,
                  "categoryName": "Jodie Meeks",
                  "name": "1_16_5_114"
                },
                {
                  "num": 5,
                  "categoryName": "Tomas Satoransky",
                  "name": "1_16_5_108"
                },
                {
                  "num": 4,
                  "categoryName": "Ian Mahinmi",
                  "name": "1_16_5_104"
                },
                {
                  "num": 3.2,
                  "categoryName": "Tim Frazier",
                  "name": "1_16_5_115"
                },
                {
                  "num": 3,
                  "categoryName": "Jason Smith",
                  "name": "1_16_5_103"
                },
                {
                  "num": 2.7,
                  "categoryName": "Chris McCullough",
                  "name": "1_16_5_111"
                }
              ],
              "name": "1_16_5_0"
            }
          ],
          "name": "1_16_0_0",
          "num": 531.3
        },
        {
          "categoryName": "Atlantic",
          "children": [
            {
              "num": 98.5,
              "categoryName": "Boston_Celtics",
              "children": [
                {
                  "num": 24.9,
                  "categoryName": "Kyrie Irving",
                  "name": "1_14_1_320"
                },
                {
                  "num": 14.2,
                  "categoryName": "Jaylen Brown",
                  "name": "1_14_1_318"
                },
                {
                  "num": 13.8,
                  "categoryName": "Jayson Tatum",
                  "name": "1_14_1_321"
                },
                {
                  "num": 13.4,
                  "categoryName": "Al Horford",
                  "name": "1_14_1_317"
                },
                {
                  "num": 12.1,
                  "categoryName": "Marcus Morris",
                  "name": "1_14_1_322"
                },
                {
                  "num": 10.1,
                  "categoryName": "Marcus Smart",
                  "name": "1_14_1_304"
                },
                {
                  "num": 9.6,
                  "categoryName": "Terry Rozier",
                  "name": "1_14_1_315"
                },
                {
                  "num": 5.7,
                  "categoryName": "Aron Baynes",
                  "name": "1_14_1_323"
                },
                {
                  "num": 4.9,
                  "categoryName": "Daniel Theis",
                  "name": "1_14_1_324"
                },
                {
                  "num": 3.5,
                  "categoryName": "Shane Larkin",
                  "name": "1_14_1_325"
                },
                {
                  "num": 2.4,
                  "categoryName": "Semi Ojeleye",
                  "name": "1_14_1_326"
                },
                {
                  "num": 2.3,
                  "categoryName": "Abdel Nader",
                  "name": "1_14_1_327"
                },
                {
                  "num": 2,
                  "categoryName": "Gordon Hayward",
                  "name": "1_14_1_328"
                },
                {
                  "num": 1.6,
                  "categoryName": "Guerschon Yabusele",
                  "name": "1_14_1_329"
                },
                {
                  "num": 1.3,
                  "categoryName": "Jabari Bird",
                  "name": "1_14_1_330"
                },
                {
                  "num": 0.6,
                  "categoryName": "Kadeem Allen",
                  "name": "1_14_1_331"
                },
                {
                  "num": 0,
                  "categoryName": "Jarell Eddie",
                  "name": "1_14_1_332"
                }
              ],
              "name": "1_14_1_0"
            },
            {
              "num": 108.7,
              "categoryName": "Brooklyn_Nets",
              "children": [
                {
                  "num": 18,
                  "categoryName": "Jeremy Lin",
                  "name": "1_14_13_49"
                },
                {
                  "num": 16.8,
                  "categoryName": "D'Angelo Russell",
                  "name": "1_14_13_65"
                },
                {
                  "num": 14.3,
                  "categoryName": "R. Hollis-Jefferson",
                  "name": "1_14_13_45"
                },
                {
                  "num": 13.5,
                  "categoryName": "Spencer Dinwiddie",
                  "name": "1_14_13_55"
                },
                {
                  "num": 13,
                  "categoryName": "DeMarre Carroll",
                  "name": "1_14_13_66"
                },
                {
                  "num": 11.7,
                  "categoryName": "Allen Crabbe",
                  "name": "1_14_13_67"
                },
                {
                  "num": 11.6,
                  "categoryName": "Caris LeVert",
                  "name": "1_14_13_52"
                },
                {
                  "num": 10.3,
                  "categoryName": "Joe Harris",
                  "name": "1_14_13_51"
                },
                {
                  "num": 10.1,
                  "categoryName": "Trevor Booker",
                  "name": "1_14_13_50"
                },
                {
                  "num": 7.5,
                  "categoryName": "Isaiah Whitehead",
                  "name": "1_14_13_54"
                },
                {
                  "num": 7.1,
                  "categoryName": "Tyler Zeller",
                  "name": "1_14_13_68"
                },
                {
                  "num": 7.1,
                  "categoryName": "Jarrett Allen",
                  "name": "1_14_13_69"
                },
                {
                  "num": 6.3,
                  "categoryName": "Nik Stauskas",
                  "name": "1_14_13_70"
                },
                {
                  "num": 5.9,
                  "categoryName": "Jahlil Okafor",
                  "name": "1_14_13_71"
                },
                {
                  "num": 5.7,
                  "categoryName": "Quincy Acy",
                  "name": "1_14_13_57"
                },
                {
                  "num": 4.9,
                  "categoryName": "Sean Kilpatrick",
                  "name": "1_14_13_39"
                },
                {
                  "num": 4.4,
                  "categoryName": "Timofey Mozgov",
                  "name": "1_14_13_72"
                },
                {
                  "num": 3,
                  "categoryName": "Milton Doyle",
                  "name": "1_14_13_73"
                },
                {
                  "num": 0.8,
                  "categoryName": "Jacob Wiley",
                  "name": "1_14_13_74"
                },
                {
                  "num": 0.8,
                  "categoryName": "James Webb III",
                  "name": "1_14_13_75"
                }
              ],
              "name": "1_14_13_0"
            },
            {
              "num": 105.6,
              "categoryName": "New_York_Knicks",
              "children": [
                {
                  "num": 23,
                  "categoryName": "Kristaps Porzingis",
                  "name": "1_14_3_307"
                },
                {
                  "num": 17.1,
                  "categoryName": "Tim Hardaway Jr.",
                  "name": "1_14_3_286"
                },
                {
                  "num": 14.1,
                  "categoryName": "Enes Kanter",
                  "name": "1_14_3_328"
                },
                {
                  "num": 13.4,
                  "categoryName": "Courtney Lee",
                  "name": "1_14_3_318"
                },
                {
                  "num": 12.6,
                  "categoryName": "Michael Beasley",
                  "name": "1_14_3_329"
                },
                {
                  "num": 7.7,
                  "categoryName": "Jarrett Jack",
                  "name": "1_14_3_330"
                },
                {
                  "num": 7.4,
                  "categoryName": "Trey Burke",
                  "name": "1_14_3_331"
                },
                {
                  "num": 7.3,
                  "categoryName": "Doug McDermott",
                  "name": "1_14_3_332"
                },
                {
                  "num": 6.5,
                  "categoryName": "Kyle O'Quinn",
                  "name": "1_14_3_313"
                },
                {
                  "num": 5.4,
                  "categoryName": "Frank Ntilikina",
                  "name": "1_14_3_333"
                },
                {
                  "num": 4.4,
                  "categoryName": "Willy Hernangomez",
                  "name": "1_14_3_320"
                },
                {
                  "num": 4.1,
                  "categoryName": "Lance Thomas",
                  "name": "1_14_3_298"
                },
                {
                  "num": 3.7,
                  "categoryName": "Ramon Sessions",
                  "name": "1_14_3_334"
                },
                {
                  "num": 2.8,
                  "categoryName": "Damyean Dotson",
                  "name": "1_14_3_335"
                },
                {
                  "num": 2.4,
                  "categoryName": "Ron Baker",
                  "name": "1_14_3_325"
                },
                {
                  "num": 1.7,
                  "categoryName": "Joakim Noah",
                  "name": "1_14_3_324"
                },
                {
                  "num": 0,
                  "categoryName": "M. Kuzminskas",
                  "name": "1_14_3_322"
                }
              ],
              "name": "1_14_3_0"
            },
            {
              "num": 106.7,
              "categoryName": "Philadelphia_76ers",
              "children": [
                {
                  "num": 23.6,
                  "categoryName": "Joel Embiid",
                  "name": "1_14_4_375"
                },
                {
                  "num": 17.3,
                  "categoryName": "J.J. Redick",
                  "name": "1_14_4_388"
                },
                {
                  "num": 16.8,
                  "categoryName": "Ben Simmons",
                  "name": "1_14_4_389"
                },
                {
                  "num": 14.1,
                  "categoryName": "Dario Saric",
                  "name": "1_14_4_377"
                },
                {
                  "num": 13.1,
                  "categoryName": "Robert Covington",
                  "name": "1_14_4_348"
                },
                {
                  "num": 8.2,
                  "categoryName": "Jerryd Bayless",
                  "name": "1_14_4_378"
                },
                {
                  "num": 7.4,
                  "categoryName": "T.J. McConnell",
                  "name": "1_14_4_369"
                },
                {
                  "num": 6.5,
                  "categoryName": "T. Luwawu-Cabarrot",
                  "name": "1_14_4_384"
                },
                {
                  "num": 6.3,
                  "categoryName": "Richaun Holmes",
                  "name": "1_14_4_370"
                },
                {
                  "num": 6,
                  "categoryName": "Justin Anderson",
                  "name": "1_14_4_381"
                },
                {
                  "num": 6,
                  "categoryName": "Markelle Fultz",
                  "name": "1_14_4_390"
                },
                {
                  "num": 5.1,
                  "categoryName": "Trevor Booker",
                  "name": "1_14_4_391"
                },
                {
                  "num": 5,
                  "categoryName": "Jahlil Okafor",
                  "name": "1_14_4_366"
                },
                {
                  "num": 4.7,
                  "categoryName": "Amir Johnson",
                  "name": "1_14_4_392"
                },
                {
                  "num": 3,
                  "categoryName": "James Young",
                  "name": "1_14_4_393"
                },
                {
                  "num": 2.7,
                  "categoryName": "J.M. McAdoo",
                  "name": "1_14_4_394"
                },
                {
                  "num": 1.5,
                  "categoryName": "Furkan Korkmaz",
                  "name": "1_14_4_395"
                },
                {
                  "num": 0.7,
                  "categoryName": "Larry Drew II",
                  "name": "1_14_4_360"
                },
                {
                  "num": 0.7,
                  "categoryName": "Jacob Pullen",
                  "name": "1_14_4_396"
                },
                {
                  "num": 0.7,
                  "categoryName": "Nik Stauskas",
                  "name": "1_14_4_368"
                }
              ],
              "name": "1_14_4_0"
            },
            {
              "num": 104.2,
              "categoryName": "Toronto_Raptors",
              "children": [
                {
                  "num": 24.6,
                  "categoryName": "DeMar DeRozan",
                  "name": "1_14_12_51"
                },
                {
                  "num": 16.6,
                  "categoryName": "Kyle Lowry",
                  "name": "1_14_12_80"
                },
                {
                  "num": 13,
                  "categoryName": "Serge Ibaka",
                  "name": "1_14_12_112"
                },
                {
                  "num": 12,
                  "categoryName": "Jonas Valanciunas",
                  "name": "1_14_12_81"
                },
                {
                  "num": 9.9,
                  "categoryName": "C.J. Miles",
                  "name": "1_14_12_117"
                },
                {
                  "num": 8.2,
                  "categoryName": "Delon Wright",
                  "name": "1_14_12_110"
                },
                {
                  "num": 7.8,
                  "categoryName": "Fred VanVleet",
                  "name": "1_14_12_116"
                },
                {
                  "num": 6.8,
                  "categoryName": "Jakob Poeltl",
                  "name": "1_14_12_115"
                },
                {
                  "num": 6.6,
                  "categoryName": "Norman Powell",
                  "name": "1_14_12_107"
                },
                {
                  "num": 6.3,
                  "categoryName": "Pascal Siakam",
                  "name": "1_14_12_113"
                },
                {
                  "num": 6.1,
                  "categoryName": "OG Anunoby",
                  "name": "1_14_12_118"
                },
                {
                  "num": 2.8,
                  "categoryName": "Lucas Nogueira",
                  "name": "1_14_12_102"
                },
                {
                  "num": 2,
                  "categoryName": "Malcolm Miller",
                  "name": "1_14_12_119"
                },
                {
                  "num": 1.5,
                  "categoryName": "Alfonzo McKinnie",
                  "name": "1_14_12_120"
                },
                {
                  "num": 1.2,
                  "categoryName": "Lorenzo Brown",
                  "name": "1_14_12_121"
                },
                {
                  "num": 0,
                  "categoryName": "Bruno Caboclo",
                  "name": "1_14_12_101"
                }
              ],
              "name": "1_14_12_0"
            }
          ],
          "name": "1_14_0_0",
          "num": 523.6999999999999
        },
        {
          "categoryName": "Central",
          "children": [
            {
              "num": 109.3,
              "categoryName": "Chicago_Bulls",
              "children": [
                {
                  "num": 16.8,
                  "categoryName": "Nikola Mirotic",
                  "name": "1_15_12_245"
                },
                {
                  "num": 15.3,
                  "categoryName": "Lauri Markkanen",
                  "name": "1_15_12_264"
                },
                {
                  "num": 13.8,
                  "categoryName": "Zach LaVine",
                  "name": "1_15_12_265"
                },
                {
                  "num": 13.7,
                  "categoryName": "Kris Dunn",
                  "name": "1_15_12_266"
                },
                {
                  "num": 13.2,
                  "categoryName": "Justin Holiday",
                  "name": "1_15_12_250"
                },
                {
                  "num": 12.5,
                  "categoryName": "Robin Lopez",
                  "name": "1_15_12_253"
                },
                {
                  "num": 12.1,
                  "categoryName": "Bobby Portis",
                  "name": "1_15_12_249"
                },
                {
                  "num": 10,
                  "categoryName": "Denzel Valentine",
                  "name": "1_15_12_258"
                },
                {
                  "num": 8.2,
                  "categoryName": "Jerian Grant",
                  "name": "1_15_12_256"
                },
                {
                  "num": 7.2,
                  "categoryName": "David Nwaba",
                  "name": "1_15_12_267"
                },
                {
                  "num": 7.1,
                  "categoryName": "Antonio Blakeney",
                  "name": "1_15_12_268"
                },
                {
                  "num": 3.9,
                  "categoryName": "Kay Felder",
                  "name": "1_15_12_269"
                },
                {
                  "num": 3.9,
                  "categoryName": "Cristiano Felicio",
                  "name": "1_15_12_251"
                },
                {
                  "num": 3.5,
                  "categoryName": "Paul Zipser",
                  "name": "1_15_12_257"
                },
                {
                  "num": 2,
                  "categoryName": "Quincy Pondexter",
                  "name": "1_15_12_270"
                },
                {
                  "num": 1.4,
                  "categoryName": "Ryan Arcidiacono",
                  "name": "1_15_12_271"
                }
              ],
              "name": "1_15_12_0"
            },
            {
              "num": 109.3,
              "categoryName": "Cleveland_Cavaliers",
              "children": [
                {
                  "num": 26.6,
                  "categoryName": "LeBron James",
                  "name": "1_15_4_233"
                },
                {
                  "num": 17.9,
                  "categoryName": "Kevin Love",
                  "name": "1_15_4_338"
                },
                {
                  "num": 15.4,
                  "categoryName": "Isaiah Thomas",
                  "name": "1_15_4_368"
                },
                {
                  "num": 11.2,
                  "categoryName": "Dwyane Wade",
                  "name": "1_15_4_369"
                },
                {
                  "num": 11.1,
                  "categoryName": "Derrick Rose",
                  "name": "1_15_4_370"
                },
                {
                  "num": 10.5,
                  "categoryName": "Jeff Green",
                  "name": "1_15_4_371"
                },
                {
                  "num": 9.2,
                  "categoryName": "Kyle Korver",
                  "name": "1_15_4_358"
                },
                {
                  "num": 8.7,
                  "categoryName": "Jae Crowder",
                  "name": "1_15_4_372"
                },
                {
                  "num": 7.8,
                  "categoryName": "J.R. Smith",
                  "name": "1_15_4_339"
                },
                {
                  "num": 5.5,
                  "categoryName": "Tristan Thompson",
                  "name": "1_15_4_307"
                },
                {
                  "num": 4.9,
                  "categoryName": "Channing Frye",
                  "name": "1_15_4_353"
                },
                {
                  "num": 4.4,
                  "categoryName": "Iman Shumpert",
                  "name": "1_15_4_341"
                },
                {
                  "num": 4,
                  "categoryName": "Jose Calderon",
                  "name": "1_15_4_373"
                },
                {
                  "num": 2.3,
                  "categoryName": "Cedi Osman",
                  "name": "1_15_4_374"
                },
                {
                  "num": 1.1,
                  "categoryName": "Ante Zizic",
                  "name": "1_15_4_375"
                },
                {
                  "num": 0.8,
                  "categoryName": "John Holland",
                  "name": "1_15_4_376"
                },
                {
                  "num": 0,
                  "categoryName": "London Perrantes",
                  "name": "1_15_4_377"
                }
              ],
              "name": "1_15_4_0"
            },
            {
              "num": 103.1,
              "categoryName": "Detroit_Pistons",
              "children": [
                {
                  "num": 24,
                  "categoryName": "Blake Griffin",
                  "name": "1_15_10_286"
                },
                {
                  "num": 18.1,
                  "categoryName": "Tobias Harris",
                  "name": "1_15_10_271"
                },
                {
                  "num": 15,
                  "categoryName": "Avery Bradley",
                  "name": "1_15_10_287"
                },
                {
                  "num": 14.8,
                  "categoryName": "Andre Drummond",
                  "name": "1_15_10_248"
                },
                {
                  "num": 14.6,
                  "categoryName": "Reggie Jackson",
                  "name": "1_15_10_260"
                },
                {
                  "num": 10.3,
                  "categoryName": "Ish Smith",
                  "name": "1_15_10_281"
                },
                {
                  "num": 8.8,
                  "categoryName": "Reggie Bullock",
                  "name": "1_15_10_278"
                },
                {
                  "num": 8.2,
                  "categoryName": "Dwight Buycks",
                  "name": "1_15_10_288"
                },
                {
                  "num": 8.1,
                  "categoryName": "Stanley Johnson",
                  "name": "1_15_10_274"
                },
                {
                  "num": 7.7,
                  "categoryName": "Anthony Tolliver",
                  "name": "1_15_10_263"
                },
                {
                  "num": 6.8,
                  "categoryName": "Luke Kennard",
                  "name": "1_15_10_289"
                },
                {
                  "num": 6.2,
                  "categoryName": "Boban Marjanovic",
                  "name": "1_15_10_283"
                },
                {
                  "num": 6.1,
                  "categoryName": "Langston Galloway",
                  "name": "1_15_10_290"
                },
                {
                  "num": 5.4,
                  "categoryName": "Jon Leuer",
                  "name": "1_15_10_280"
                },
                {
                  "num": 2.8,
                  "categoryName": "Henry Ellenson",
                  "name": "1_15_10_284"
                },
                {
                  "num": 1.5,
                  "categoryName": "Eric Moreland",
                  "name": "1_15_10_291"
                },
                {
                  "num": 0,
                  "categoryName": "Luis Montero",
                  "name": "1_15_10_292"
                },
                {
                  "num": 0,
                  "categoryName": "Willie Reed",
                  "name": "1_15_10_293"
                }
              ],
              "name": "1_15_10_0"
            },
            {
              "num": 105.8,
              "categoryName": "Indiana_Pacers",
              "children": [
                {
                  "num": 24.1,
                  "categoryName": "Victor Oladipo",
                  "name": "1_15_11_232"
                },
                {
                  "num": 14,
                  "categoryName": "Myles Turner",
                  "name": "1_15_11_219"
                },
                {
                  "num": 13.2,
                  "categoryName": "Bojan Bogdanovic",
                  "name": "1_15_11_233"
                },
                {
                  "num": 12.8,
                  "categoryName": "Darren Collison",
                  "name": "1_15_11_187"
                },
                {
                  "num": 12.5,
                  "categoryName": "Domantas Sabonis",
                  "name": "1_15_11_234"
                },
                {
                  "num": 12.1,
                  "categoryName": "Thaddeus Young",
                  "name": "1_15_11_227"
                },
                {
                  "num": 9.1,
                  "categoryName": "Lance Stephenson",
                  "name": "1_15_11_190"
                },
                {
                  "num": 7.8,
                  "categoryName": "Cory Joseph",
                  "name": "1_15_11_235"
                },
                {
                  "num": 6.6,
                  "categoryName": "Al Jefferson",
                  "name": "1_15_11_228"
                },
                {
                  "num": 3.5,
                  "categoryName": "Joe Young",
                  "name": "1_15_11_225"
                },
                {
                  "num": 3.1,
                  "categoryName": "T.J. Leaf",
                  "name": "1_15_11_236"
                },
                {
                  "num": 1.7,
                  "categoryName": "Damien Wilkins",
                  "name": "1_15_11_237"
                },
                {
                  "num": 1.3,
                  "categoryName": "Ike Anigbogu",
                  "name": "1_15_11_238"
                },
                {
                  "num": 1,
                  "categoryName": "Alex Poythress",
                  "name": "1_15_11_239"
                },
                {
                  "num": 0,
                  "categoryName": "Ben Moore",
                  "name": "1_15_11_240"
                }
              ],
              "name": "1_15_11_0"
            },
            {
              "num": 105.1,
              "categoryName": "Milwaukee_Bucks",
              "children": [
                {
                  "num": 28.3,
                  "categoryName": "G. Antetokounmpo",
                  "name": "1_15_13_269"
                },
                {
                  "num": 20.2,
                  "categoryName": "Khris Middleton",
                  "name": "1_15_13_263"
                },
                {
                  "num": 16.7,
                  "categoryName": "Eric Bledsoe",
                  "name": "1_15_13_303"
                },
                {
                  "num": 13.3,
                  "categoryName": "Malcolm Brogdon",
                  "name": "1_15_13_292"
                },
                {
                  "num": 12,
                  "categoryName": "Jabari Parker",
                  "name": "1_15_13_275"
                },
                {
                  "num": 8.8,
                  "categoryName": "John Henson",
                  "name": "1_15_13_257"
                },
                {
                  "num": 7.9,
                  "categoryName": "Tony Snell",
                  "name": "1_15_13_294"
                },
                {
                  "num": 7.1,
                  "categoryName": "Mirza Teletovic",
                  "name": "1_15_13_296"
                },
                {
                  "num": 6.8,
                  "categoryName": "Greg Monroe",
                  "name": "1_15_13_285"
                },
                {
                  "num": 4.6,
                  "categoryName": "Thon Maker",
                  "name": "1_15_13_299"
                },
                {
                  "num": 4.5,
                  "categoryName": "Sterling Brown",
                  "name": "1_15_13_304"
                },
                {
                  "num": 4.4,
                  "categoryName": "M. Dellavedova",
                  "name": "1_15_13_295"
                },
                {
                  "num": 3.4,
                  "categoryName": "Sean Kilpatrick",
                  "name": "1_15_13_305"
                },
                {
                  "num": 2.8,
                  "categoryName": "Rashad Vaughn",
                  "name": "1_15_13_288"
                },
                {
                  "num": 2.5,
                  "categoryName": "Gary Payton II",
                  "name": "1_15_13_300"
                },
                {
                  "num": 2.4,
                  "categoryName": "Marshall Plumlee",
                  "name": "1_15_13_306"
                },
                {
                  "num": 1.9,
                  "categoryName": "Jason Terry",
                  "name": "1_15_13_298"
                },
                {
                  "num": 1.8,
                  "categoryName": "DeAndre Liggins",
                  "name": "1_15_13_307"
                },
                {
                  "num": 1.5,
                  "categoryName": "Xavier Munford",
                  "name": "1_15_13_308"
                },
                {
                  "num": 1.5,
                  "categoryName": "Joel Bolomboy",
                  "name": "1_15_13_309"
                },
                {
                  "num": 0.9,
                  "categoryName": "D.J. Wilson",
                  "name": "1_15_13_310"
                }
              ],
              "name": "1_15_13_0"
            }
          ],
          "name": "1_15_0_0",
          "num": 532.6
        }
      ],
      "name": "1_0_0_0",
      "num": 1587.6
    },
    {
      "categoryName": "Western",
      "children": [
        {
          "categoryName": "Northwest",
          "children": [
            {
              "num": 105.9,
              "categoryName": "Denver_Nuggets",
              "children": [
                {
                  "num": 17.4,
                  "categoryName": "Gary Harris",
                  "name": "2_34_1_83"
                },
                {
                  "num": 16.6,
                  "categoryName": "Jamal Murray",
                  "name": "2_34_1_95"
                },
                {
                  "num": 16.5,
                  "categoryName": "Nikola Jokic",
                  "name": "2_34_1_89"
                },
                {
                  "num": 15.3,
                  "categoryName": "Paul Millsap",
                  "name": "2_34_1_102"
                },
                {
                  "num": 14.2,
                  "categoryName": "Will Barton",
                  "name": "2_34_1_78"
                },
                {
                  "num": 10.8,
                  "categoryName": "Trey Lyles",
                  "name": "2_34_1_103"
                },
                {
                  "num": 9,
                  "categoryName": "Wilson Chandler",
                  "name": "2_34_1_53"
                },
                {
                  "num": 8.5,
                  "categoryName": "Emmanuel Mudiay",
                  "name": "2_34_1_87"
                },
                {
                  "num": 7.4,
                  "categoryName": "Mason Plumlee",
                  "name": "2_34_1_96"
                },
                {
                  "num": 5.9,
                  "categoryName": "Kenneth Faried",
                  "name": "2_34_1_62"
                },
                {
                  "num": 3.9,
                  "categoryName": "Torrey Craig",
                  "name": "2_34_1_104"
                },
                {
                  "num": 3.3,
                  "categoryName": "Malik Beasley",
                  "name": "2_34_1_98"
                },
                {
                  "num": 3.2,
                  "categoryName": "Juan Hernangomez",
                  "name": "2_34_1_97"
                },
                {
                  "num": 1.9,
                  "categoryName": "Darrell Arthur",
                  "name": "2_34_1_76"
                },
                {
                  "num": 1.6,
                  "categoryName": "Richard Jefferson",
                  "name": "2_34_1_105"
                },
                {
                  "num": 0,
                  "categoryName": "Tyler Lydon",
                  "name": "2_34_1_106"
                },
                {
                  "num": 0,
                  "categoryName": "Monte Morris",
                  "name": "2_34_1_107"
                }
              ],
              "name": "2_34_1_0"
            },
            {
              "num": 105.7,
              "categoryName": "Minnesota_Timberwolves",
              "children": [
                {
                  "num": 21.9,
                  "categoryName": "Jimmy Butler",
                  "name": "2_34_2_116"
                },
                {
                  "num": 19.9,
                  "categoryName": "Karl-Anthony Towns",
                  "name": "2_34_2_102"
                },
                {
                  "num": 17.9,
                  "categoryName": "Andrew Wiggins",
                  "name": "2_34_2_87"
                },
                {
                  "num": 12.9,
                  "categoryName": "Jeff Teague",
                  "name": "2_34_2_117"
                },
                {
                  "num": 12.1,
                  "categoryName": "Taj Gibson",
                  "name": "2_34_2_118"
                },
                {
                  "num": 9.9,
                  "categoryName": "Jamal Crawford",
                  "name": "2_34_2_119"
                },
                {
                  "num": 6.6,
                  "categoryName": "Gorgui Dieng",
                  "name": "2_34_2_81"
                },
                {
                  "num": 6,
                  "categoryName": "Nemanja Bjelica",
                  "name": "2_34_2_103"
                },
                {
                  "num": 4.9,
                  "categoryName": "Tyus Jones",
                  "name": "2_34_2_104"
                },
                {
                  "num": 3.7,
                  "categoryName": "Shabazz Muhammad",
                  "name": "2_34_2_82"
                },
                {
                  "num": 2.2,
                  "categoryName": "Aaron Brooks",
                  "name": "2_34_2_120"
                },
                {
                  "num": 1.3,
                  "categoryName": "M. Georges-Hunt",
                  "name": "2_34_2_121"
                },
                {
                  "num": 0.7,
                  "categoryName": "Cole Aldrich",
                  "name": "2_34_2_114"
                }
              ],
              "name": "2_34_2_0"
            },
            {
              "num": 102.5,
              "categoryName": "Oklahoma_City_Thunder",
              "children": [
                {
                  "num": 25.4,
                  "categoryName": "Russell Westbrook",
                  "name": "2_34_6_3"
                },
                {
                  "num": 21.8,
                  "categoryName": "Paul George",
                  "name": "2_34_6_78"
                },
                {
                  "num": 17.5,
                  "categoryName": "Carmelo Anthony",
                  "name": "2_34_6_79"
                },
                {
                  "num": 13.7,
                  "categoryName": "Steven Adams",
                  "name": "2_34_6_50"
                },
                {
                  "num": 7.4,
                  "categoryName": "Jerami Grant",
                  "name": "2_34_6_74"
                },
                {
                  "num": 6.9,
                  "categoryName": "Raymond Felton",
                  "name": "2_34_6_80"
                },
                {
                  "num": 5,
                  "categoryName": "Andre Roberson",
                  "name": "2_34_6_51"
                },
                {
                  "num": 4.5,
                  "categoryName": "Alex Abrines",
                  "name": "2_34_6_71"
                },
                {
                  "num": 3.5,
                  "categoryName": "Daniel Hamilton",
                  "name": "2_34_6_81"
                },
                {
                  "num": 3.4,
                  "categoryName": "Patrick Patterson",
                  "name": "2_34_6_82"
                },
                {
                  "num": 2.9,
                  "categoryName": "Terrance Ferguson",
                  "name": "2_34_6_83"
                },
                {
                  "num": 2.3,
                  "categoryName": "Josh Huestis",
                  "name": "2_34_6_67"
                },
                {
                  "num": 2.3,
                  "categoryName": "Kyle Singler",
                  "name": "2_34_6_61"
                },
                {
                  "num": 2.1,
                  "categoryName": "Dakari Johnson",
                  "name": "2_34_6_84"
                },
                {
                  "num": 1.6,
                  "categoryName": "Nick Collison",
                  "name": "2_34_6_8"
                }
              ],
              "name": "2_34_6_0"
            },
            {
              "num": 103.6,
              "categoryName": "Portland_Trail_Blazers",
              "children": [
                {
                  "num": 25.3,
                  "categoryName": "Damian Lillard",
                  "name": "2_34_3_71"
                },
                {
                  "num": 21.9,
                  "categoryName": "C.J. McCollum",
                  "name": "2_34_3_82"
                },
                {
                  "num": 14.3,
                  "categoryName": "Jusuf Nurkic",
                  "name": "2_34_3_101"
                },
                {
                  "num": 9.8,
                  "categoryName": "Al-Farouq Aminu",
                  "name": "2_34_3_91"
                },
                {
                  "num": 9.5,
                  "categoryName": "Shabazz Napier",
                  "name": "2_34_3_103"
                },
                {
                  "num": 8.6,
                  "categoryName": "Evan Turner",
                  "name": "2_34_3_102"
                },
                {
                  "num": 6.5,
                  "categoryName": "Pat Connaughton",
                  "name": "2_34_3_100"
                },
                {
                  "num": 5.6,
                  "categoryName": "Ed Davis",
                  "name": "2_34_3_94"
                },
                {
                  "num": 5,
                  "categoryName": "Maurice Harkless",
                  "name": "2_34_3_95"
                },
                {
                  "num": 4.6,
                  "categoryName": "Meyers Leonard",
                  "name": "2_34_3_73"
                },
                {
                  "num": 4.2,
                  "categoryName": "Zach Collins",
                  "name": "2_34_3_106"
                },
                {
                  "num": 3.7,
                  "categoryName": "Noah Vonleh",
                  "name": "2_34_3_96"
                },
                {
                  "num": 2.6,
                  "categoryName": "Caleb Swanigan",
                  "name": "2_34_3_107"
                },
                {
                  "num": 1.1,
                  "categoryName": "Jake Layman",
                  "name": "2_34_3_104"
                }
              ],
              "name": "2_34_3_0"
            },
            {
              "num": 102.1,
              "categoryName": "Utah_Jazz",
              "children": [
                {
                  "num": 19.3,
                  "categoryName": "Donovan Mitchell",
                  "name": "2_34_5_88"
                },
                {
                  "num": 16.7,
                  "categoryName": "Rodney Hood",
                  "name": "2_34_5_71"
                },
                {
                  "num": 12.3,
                  "categoryName": "Derrick Favors",
                  "name": "2_34_5_44"
                },
                {
                  "num": 12.3,
                  "categoryName": "Rudy Gobert",
                  "name": "2_34_5_67"
                },
                {
                  "num": 11.4,
                  "categoryName": "Ricky Rubio",
                  "name": "2_34_5_89"
                },
                {
                  "num": 10,
                  "categoryName": "Joe Ingles",
                  "name": "2_34_5_77"
                },
                {
                  "num": 9.3,
                  "categoryName": "Alec Burks",
                  "name": "2_34_5_52"
                },
                {
                  "num": 8.2,
                  "categoryName": "Thabo Sefolosha",
                  "name": "2_34_5_90"
                },
                {
                  "num": 7.3,
                  "categoryName": "Joe Johnson",
                  "name": "2_34_5_84"
                },
                {
                  "num": 6.3,
                  "categoryName": "Jonas Jerebko",
                  "name": "2_34_5_91"
                },
                {
                  "num": 4.8,
                  "categoryName": "Raul Neto",
                  "name": "2_34_5_74"
                },
                {
                  "num": 4.1,
                  "categoryName": "Royce O'Neale",
                  "name": "2_34_5_92"
                },
                {
                  "num": 3.2,
                  "categoryName": "Ekpe Udoh",
                  "name": "2_34_5_93"
                },
                {
                  "num": 3,
                  "categoryName": "Naz Mitrou-Long",
                  "name": "2_34_5_94"
                },
                {
                  "num": 1,
                  "categoryName": "Tony Bradley",
                  "name": "2_34_5_95"
                },
                {
                  "num": 0.4,
                  "categoryName": "Nate Wolters",
                  "name": "2_34_5_96"
                },
                {
                  "num": 0,
                  "categoryName": "Georges Niang",
                  "name": "2_34_5_97"
                }
              ],
              "name": "2_34_5_0"
            }
          ],
          "name": "2_34_0_0",
          "num": 519.8000000000001
        },
        {
          "categoryName": "Pacific",
          "children": [
            {
              "num": 107.7,
              "categoryName": "Golden_State_Warriors",
              "children": [
                {
                  "num": 27.7,
                  "categoryName": "Stephen Curry",
                  "name": "2_33_6_300"
                },
                {
                  "num": 25.6,
                  "categoryName": "Kevin Durant",
                  "name": "2_33_6_361"
                },
                {
                  "num": 20.3,
                  "categoryName": "Klay Thompson",
                  "name": "2_33_6_321"
                },
                {
                  "num": 11.3,
                  "categoryName": "Draymond Green",
                  "name": "2_33_6_338"
                },
                {
                  "num": 6.9,
                  "categoryName": "David West",
                  "name": "2_33_6_364"
                },
                {
                  "num": 6.6,
                  "categoryName": "Nick Young",
                  "name": "2_33_6_368"
                },
                {
                  "num": 6.4,
                  "categoryName": "Omri Casspi",
                  "name": "2_33_6_369"
                },
                {
                  "num": 5.8,
                  "categoryName": "Zaza Pachulia",
                  "name": "2_33_6_363"
                },
                {
                  "num": 5.6,
                  "categoryName": "Andre Iguodala",
                  "name": "2_33_6_342"
                },
                {
                  "num": 5.2,
                  "categoryName": "Shaun Livingston",
                  "name": "2_33_6_354"
                },
                {
                  "num": 5.1,
                  "categoryName": "Jordan Bell",
                  "name": "2_33_6_370"
                },
                {
                  "num": 4.1,
                  "categoryName": "JaVale McGee",
                  "name": "2_33_6_362"
                },
                {
                  "num": 3.9,
                  "categoryName": "Patrick McCaw",
                  "name": "2_33_6_365"
                },
                {
                  "num": 3.2,
                  "categoryName": "Quinn Cook",
                  "name": "2_33_6_371"
                },
                {
                  "num": 3.1,
                  "categoryName": "Kevon Looney",
                  "name": "2_33_6_360"
                },
                {
                  "num": 0,
                  "categoryName": "Damian Jones",
                  "name": "2_33_6_366"
                }
              ],
              "name": "2_33_6_0"
            },
            {
              "num": 107.3,
              "categoryName": "Los_Angeles_Clippers",
              "children": [
                {
                  "num": 23.5,
                  "categoryName": "Lou Williams",
                  "name": "2_33_10_287"
                },
                {
                  "num": 22.6,
                  "categoryName": "Blake Griffin",
                  "name": "2_33_10_219"
                },
                {
                  "num": 15.8,
                  "categoryName": "Austin Rivers",
                  "name": "2_33_10_259"
                },
                {
                  "num": 13.5,
                  "categoryName": "Danilo Gallinari",
                  "name": "2_33_10_288"
                },
                {
                  "num": 12.2,
                  "categoryName": "Patrick Beverley",
                  "name": "2_33_10_289"
                },
                {
                  "num": 12.1,
                  "categoryName": "Tyrone Wallace",
                  "name": "2_33_10_290"
                },
                {
                  "num": 11.8,
                  "categoryName": "DeAndre Jordan",
                  "name": "2_33_10_207"
                },
                {
                  "num": 9.6,
                  "categoryName": "Milos Teodosic",
                  "name": "2_33_10_291"
                },
                {
                  "num": 8.8,
                  "categoryName": "Montrezl Harrell",
                  "name": "2_33_10_292"
                },
                {
                  "num": 7.1,
                  "categoryName": "Wesley Johnson",
                  "name": "2_33_10_271"
                },
                {
                  "num": 7,
                  "categoryName": "Jamil Wilson",
                  "name": "2_33_10_293"
                },
                {
                  "num": 5.9,
                  "categoryName": "C.J. Williams",
                  "name": "2_33_10_294"
                },
                {
                  "num": 5.6,
                  "categoryName": "Jawun Evans",
                  "name": "2_33_10_295"
                },
                {
                  "num": 4.9,
                  "categoryName": "Willie Reed",
                  "name": "2_33_10_296"
                },
                {
                  "num": 4.6,
                  "categoryName": "Sam Dekker",
                  "name": "2_33_10_297"
                },
                {
                  "num": 3.3,
                  "categoryName": "S. Thornwell",
                  "name": "2_33_10_298"
                },
                {
                  "num": 1.8,
                  "categoryName": "Brice Johnson",
                  "name": "2_33_10_286"
                }
              ],
              "name": "2_33_10_0"
            },
            {
              "num": 110.1,
              "categoryName": "Los_Angeles_Lakers",
              "children": [
                {
                  "num": 16,
                  "categoryName": "Kyle Kuzma",
                  "name": "2_33_1_298"
                },
                {
                  "num": 15.6,
                  "categoryName": "Brandon Ingram",
                  "name": "2_33_1_289"
                },
                {
                  "num": 14.6,
                  "categoryName": "Jordan Clarkson",
                  "name": "2_33_1_272"
                },
                {
                  "num": 13.9,
                  "categoryName": "Julius Randle",
                  "name": "2_33_1_281"
                },
                {
                  "num": 13.1,
                  "categoryName": "K. Caldwell-Pope",
                  "name": "2_33_1_299"
                },
                {
                  "num": 11.8,
                  "categoryName": "Brook Lopez",
                  "name": "2_33_1_300"
                },
                {
                  "num": 10.2,
                  "categoryName": "Lonzo Ball",
                  "name": "2_33_1_301"
                },
                {
                  "num": 8.8,
                  "categoryName": "Larry Nance Jr.",
                  "name": "2_33_1_286"
                },
                {
                  "num": 5.6,
                  "categoryName": "Josh Hart",
                  "name": "2_33_1_302"
                },
                {
                  "num": 3.6,
                  "categoryName": "Corey Brewer",
                  "name": "2_33_1_295"
                },
                {
                  "num": 3.5,
                  "categoryName": "Tyler Ennis",
                  "name": "2_33_1_290"
                },
                {
                  "num": 3,
                  "categoryName": "Gary Payton II",
                  "name": "2_33_1_303"
                },
                {
                  "num": 2.9,
                  "categoryName": "Alex Caruso",
                  "name": "2_33_1_304"
                },
                {
                  "num": 2,
                  "categoryName": "Luol Deng",
                  "name": "2_33_1_291"
                },
                {
                  "num": 1.5,
                  "categoryName": "Nigel Hayes",
                  "name": "2_33_1_305"
                },
                {
                  "num": 1.5,
                  "categoryName": "Andrew Bogut",
                  "name": "2_33_1_306"
                },
                {
                  "num": 1,
                  "categoryName": "Thomas Bryant",
                  "name": "2_33_1_307"
                },
                {
                  "num": 0.9,
                  "categoryName": "Ivica Zubac",
                  "name": "2_33_1_292"
                },
                {
                  "num": 0.6,
                  "categoryName": "Vander Blue",
                  "name": "2_33_1_275"
                }
              ],
              "name": "2_33_1_0"
            },
            {
              "num": 111.8,
              "categoryName": "Phoenix_Suns",
              "children": [
                {
                  "num": 24.4,
                  "categoryName": "Devin Booker",
                  "name": "2_33_8_303"
                },
                {
                  "num": 19.8,
                  "categoryName": "T.J. Warren",
                  "name": "2_33_8_294"
                },
                {
                  "num": 15.7,
                  "categoryName": "Eric Bledsoe",
                  "name": "2_33_8_282"
                },
                {
                  "num": 11.3,
                  "categoryName": "Greg Monroe",
                  "name": "2_33_8_324"
                },
                {
                  "num": 10.4,
                  "categoryName": "Mike James",
                  "name": "2_33_8_325"
                },
                {
                  "num": 10.3,
                  "categoryName": "Josh Jackson",
                  "name": "2_33_8_326"
                },
                {
                  "num": 9.1,
                  "categoryName": "Isaiah Canaan",
                  "name": "2_33_8_327"
                },
                {
                  "num": 8.7,
                  "categoryName": "Troy Daniels",
                  "name": "2_33_8_328"
                },
                {
                  "num": 8.5,
                  "categoryName": "Alex Len",
                  "name": "2_33_8_288"
                },
                {
                  "num": 7.1,
                  "categoryName": "Marquese Chriss",
                  "name": "2_33_8_318"
                },
                {
                  "num": 6.9,
                  "categoryName": "Tyler Ulis",
                  "name": "2_33_8_319"
                },
                {
                  "num": 6.5,
                  "categoryName": "Tyson Chandler",
                  "name": "2_33_8_308"
                },
                {
                  "num": 5.4,
                  "categoryName": "Dragan Bender",
                  "name": "2_33_8_322"
                },
                {
                  "num": 4.5,
                  "categoryName": "Danuel House",
                  "name": "2_33_8_329"
                },
                {
                  "num": 3.5,
                  "categoryName": "Jared Dudley",
                  "name": "2_33_8_242"
                },
                {
                  "num": 2.3,
                  "categoryName": "Alec Peters",
                  "name": "2_33_8_330"
                },
                {
                  "num": 1.5,
                  "categoryName": "Derrick Jones ",
                  "name": "2_33_8_320"
                },
                {
                  "num": 0,
                  "categoryName": "Davon Reed",
                  "name": "2_33_8_331"
                }
              ],
              "name": "2_33_8_0"
            },
            {
              "num": 106.5,
              "categoryName": "Sacramento_Kings",
              "children": [
                {
                  "num": 14.5,
                  "categoryName": "Zach Randolph",
                  "name": "2_33_11_238"
                },
                {
                  "num": 12.4,
                  "categoryName": "W. Cauley-Stein",
                  "name": "2_33_11_223"
                },
                {
                  "num": 12.4,
                  "categoryName": "Buddy Hield",
                  "name": "2_33_11_229"
                },
                {
                  "num": 11.1,
                  "categoryName": "Bogdan Bogdanovic",
                  "name": "2_33_11_239"
                },
                {
                  "num": 11,
                  "categoryName": "De'Aaron Fox",
                  "name": "2_33_11_240"
                },
                {
                  "num": 10.6,
                  "categoryName": "George Hill",
                  "name": "2_33_11_241"
                },
                {
                  "num": 8.4,
                  "categoryName": "Garrett Temple",
                  "name": "2_33_11_172"
                },
                {
                  "num": 7.9,
                  "categoryName": "Skal Labissiere",
                  "name": "2_33_11_231"
                },
                {
                  "num": 7.6,
                  "categoryName": "Frank Mason",
                  "name": "2_33_11_242"
                },
                {
                  "num": 6,
                  "categoryName": "Kosta Koufos",
                  "name": "2_33_11_225"
                },
                {
                  "num": 5.2,
                  "categoryName": "Justin Jackson",
                  "name": "2_33_11_243"
                },
                {
                  "num": 5.1,
                  "categoryName": "Vince Carter",
                  "name": "2_33_11_244"
                },
                {
                  "num": 4.3,
                  "categoryName": "JaKarr Sampson",
                  "name": "2_33_11_245"
                },
                {
                  "num": 3.5,
                  "categoryName": "Malachi Richardson",
                  "name": "2_33_11_237"
                },
                {
                  "num": 2.3,
                  "categoryName": "G. Papagianni",
                  "name": "2_33_11_236"
                },
                {
                  "num": 2,
                  "categoryName": "Jack Cooley",
                  "name": "2_33_11_246"
                }
              ],
              "name": "2_33_11_0"
            }
          ],
          "name": "2_33_0_0",
          "num": 543.4000000000001
        },
        {
          "categoryName": "Southwest",
          "children": [
            {
              "num": 103.7,
              "categoryName": "Dallas_Mavericks",
              "children": [
                {
                  "num": 18.4,
                  "categoryName": "Harrison Barnes",
                  "name": "2_35_1_115"
                },
                {
                  "num": 14.8,
                  "categoryName": "Dennis Smith Jr.",
                  "name": "2_35_1_131"
                },
                {
                  "num": 12.7,
                  "categoryName": "Wesley Matthews",
                  "name": "2_35_1_107"
                },
                {
                  "num": 12,
                  "categoryName": "Dirk Nowitzki",
                  "name": "2_35_1_1"
                },
                {
                  "num": 11.4,
                  "categoryName": "Jose Juan Barea",
                  "name": "2_35_1_28"
                },
                {
                  "num": 10.3,
                  "categoryName": "Yogi Ferrell",
                  "name": "2_35_1_117"
                },
                {
                  "num": 8.3,
                  "categoryName": "Devin Harris",
                  "name": "2_35_1_9"
                },
                {
                  "num": 6.9,
                  "categoryName": "Dwight Powell",
                  "name": "2_35_1_104"
                },
                {
                  "num": 5.5,
                  "categoryName": "Maxi Kleber",
                  "name": "2_35_1_132"
                },
                {
                  "num": 4.5,
                  "categoryName": "Johnathan Motley",
                  "name": "2_35_1_133"
                },
                {
                  "num": 4,
                  "categoryName": "Nerlens Noel",
                  "name": "2_35_1_118"
                },
                {
                  "num": 3.4,
                  "categoryName": "Salah Mejri",
                  "name": "2_35_1_112"
                },
                {
                  "num": 3.3,
                  "categoryName": "D. Finney-Smith",
                  "name": "2_35_1_123"
                },
                {
                  "num": 2.9,
                  "categoryName": "Gian Clavell",
                  "name": "2_35_1_134"
                },
                {
                  "num": 2.5,
                  "categoryName": "Kyle Collinsworth",
                  "name": "2_35_1_135"
                },
                {
                  "num": 2,
                  "categoryName": "Jalen Jones",
                  "name": "2_35_1_136"
                },
                {
                  "num": 1.5,
                  "categoryName": "Jeff Withey",
                  "name": "2_35_1_137"
                },
                {
                  "num": 0.8,
                  "categoryName": "Antonius Cleveland",
                  "name": "2_35_1_138"
                },
                {
                  "num": 0,
                  "categoryName": "Josh McRoberts",
                  "name": "2_35_1_139"
                }
              ],
              "name": "2_35_1_0"
            },
            {
              "num": 106.1,
              "categoryName": "Houston_Rockets",
              "children": [
                {
                  "num": 31.5,
                  "categoryName": "James Harden",
                  "name": "2_35_2_82"
                },
                {
                  "num": 19.1,
                  "categoryName": "Chris Paul",
                  "name": "2_35_2_131"
                },
                {
                  "num": 19.1,
                  "categoryName": "Eric Gordon",
                  "name": "2_35_2_121"
                },
                {
                  "num": 14.2,
                  "categoryName": "Clint Capela",
                  "name": "2_35_2_112"
                },
                {
                  "num": 13.6,
                  "categoryName": "Gerald Green",
                  "name": "2_35_2_132"
                },
                {
                  "num": 12.1,
                  "categoryName": "Trevor Ariza",
                  "name": "2_35_2_54"
                },
                {
                  "num": 10,
                  "categoryName": "Ryan Anderson",
                  "name": "2_35_2_123"
                },
                {
                  "num": 7.2,
                  "categoryName": "Luc Mbah a Moute",
                  "name": "2_35_2_133"
                },
                {
                  "num": 7,
                  "categoryName": " Nene",
                  "name": "2_35_2_125"
                },
                {
                  "num": 5.5,
                  "categoryName": "P.J. Tucker",
                  "name": "2_35_2_134"
                },
                {
                  "num": 3.6,
                  "categoryName": "Tarik Black",
                  "name": "2_35_2_109"
                },
                {
                  "num": 2.5,
                  "categoryName": "Bobby Brown",
                  "name": "2_35_2_127"
                },
                {
                  "num": 2,
                  "categoryName": "Briante Weber",
                  "name": "2_35_2_135"
                },
                {
                  "num": 1.3,
                  "categoryName": "Troy Williams",
                  "name": "2_35_2_124"
                },
                {
                  "num": 1.2,
                  "categoryName": "Zhou Qi",
                  "name": "2_35_2_136"
                },
                {
                  "num": 0.7,
                  "categoryName": "Demetrius Jackson",
                  "name": "2_35_2_137"
                },
                {
                  "num": 0,
                  "categoryName": "Isaiah Canaan",
                  "name": "2_35_2_101"
                },
                {
                  "num": 0,
                  "categoryName": "R.J. Hunter",
                  "name": "2_35_2_138"
                }
              ],
              "name": "2_35_2_0"
            },
            {
              "num": 102.5,
              "categoryName": "Memphis_Grizzlies",
              "children": [
                {
                  "num": 19.5,
                  "categoryName": "Tyreke Evans",
                  "name": "2_35_3_119"
                },
                {
                  "num": 18,
                  "categoryName": "Marc Gasol",
                  "name": "2_35_3_32"
                },
                {
                  "num": 17.1,
                  "categoryName": "Mike Conley",
                  "name": "2_35_3_33"
                },
                {
                  "num": 10,
                  "categoryName": "JaMychal Green",
                  "name": "2_35_3_92"
                },
                {
                  "num": 8.8,
                  "categoryName": "Wayne Selden",
                  "name": "2_35_3_115"
                },
                {
                  "num": 8.8,
                  "categoryName": "Dillon Brooks",
                  "name": "2_35_3_120"
                },
                {
                  "num": 8.8,
                  "categoryName": "Chandler Parsons",
                  "name": "2_35_3_112"
                },
                {
                  "num": 8,
                  "categoryName": "Andrew Harrison",
                  "name": "2_35_3_113"
                },
                {
                  "num": 7.8,
                  "categoryName": "Mario Chalmers",
                  "name": "2_35_3_96"
                },
                {
                  "num": 7,
                  "categoryName": "James Ennis",
                  "name": "2_35_3_109"
                },
                {
                  "num": 6.4,
                  "categoryName": "Ben McLemore",
                  "name": "2_35_3_121"
                },
                {
                  "num": 6.3,
                  "categoryName": "Jarell Martin",
                  "name": "2_35_3_103"
                },
                {
                  "num": 5.1,
                  "categoryName": "Myke Henry",
                  "name": "2_35_3_122"
                },
                {
                  "num": 5.1,
                  "categoryName": "Deyonta Davis",
                  "name": "2_35_3_118"
                },
                {
                  "num": 5,
                  "categoryName": "Brandan Wright",
                  "name": "2_35_3_99"
                },
                {
                  "num": 4.9,
                  "categoryName": "Ivan Rabb",
                  "name": "2_35_3_123"
                },
                {
                  "num": 3.8,
                  "categoryName": "Kobi Simmons",
                  "name": "2_35_3_124"
                },
                {
                  "num": 1.5,
                  "categoryName": "Vince Hunter",
                  "name": "2_35_3_125"
                }
              ],
              "name": "2_35_3_0"
            },
            {
              "num": 110.7,
              "categoryName": "New_Orleans_Pelicans",
              "children": [
                {
                  "num": 26.4,
                  "categoryName": "Anthony Davis",
                  "name": "2_35_7_1"
                },
                {
                  "num": 25.2,
                  "categoryName": "DeMarcus Cousins",
                  "name": "2_35_7_42"
                },
                {
                  "num": 18.7,
                  "categoryName": "Jrue Holiday",
                  "name": "2_35_7_5"
                },
                {
                  "num": 12.8,
                  "categoryName": "E'Twaun Moore",
                  "name": "2_35_7_47"
                },
                {
                  "num": 9,
                  "categoryName": "Jordan Crawford",
                  "name": "2_35_7_43"
                },
                {
                  "num": 8,
                  "categoryName": "Darius Miller",
                  "name": "2_35_7_14"
                },
                {
                  "num": 6.8,
                  "categoryName": "Rajon Rondo",
                  "name": "2_35_7_61"
                },
                {
                  "num": 5.6,
                  "categoryName": "Ian Clark",
                  "name": "2_35_7_62"
                },
                {
                  "num": 5.1,
                  "categoryName": "Jameer Nelson",
                  "name": "2_35_7_63"
                },
                {
                  "num": 4.9,
                  "categoryName": "Dante Cunningham",
                  "name": "2_35_7_25"
                },
                {
                  "num": 4.7,
                  "categoryName": "Tony Allen",
                  "name": "2_35_7_64"
                },
                {
                  "num": 4.3,
                  "categoryName": "DeAndre Liggins",
                  "name": "2_35_7_65"
                },
                {
                  "num": 2.7,
                  "categoryName": "Cheick Diallo",
                  "name": "2_35_7_54"
                },
                {
                  "num": 2,
                  "categoryName": "Mike James",
                  "name": "2_35_7_66"
                },
                {
                  "num": 1.3,
                  "categoryName": "Omer Asik",
                  "name": "2_35_7_24"
                },
                {
                  "num": 1.3,
                  "categoryName": "Jalen Jones",
                  "name": "2_35_7_67"
                },
                {
                  "num": 1,
                  "categoryName": "Charles Cooke",
                  "name": "2_35_7_68"
                },
                {
                  "num": 0.7,
                  "categoryName": "Josh Smith",
                  "name": "2_35_7_69"
                }
              ],
              "name": "2_35_7_0"
            },
            {
              "num": 97.6,
              "categoryName": "San_Antonio_Spurs",
              "children": [
                {
                  "num": 22.3,
                  "categoryName": "LaMarcus Aldridge",
                  "name": "2_35_5_82"
                },
                {
                  "num": 16.2,
                  "categoryName": "Kawhi Leonard",
                  "name": "2_35_5_63"
                },
                {
                  "num": 11.5,
                  "categoryName": "Rudy Gay",
                  "name": "2_35_5_98"
                },
                {
                  "num": 10.8,
                  "categoryName": "Pau Gasol",
                  "name": "2_35_5_90"
                },
                {
                  "num": 9.5,
                  "categoryName": "Patty Mills",
                  "name": "2_35_5_61"
                },
                {
                  "num": 9.2,
                  "categoryName": "Manu Ginobili",
                  "name": "2_35_5_3"
                },
                {
                  "num": 8.6,
                  "categoryName": "Danny Green",
                  "name": "2_35_5_52"
                },
                {
                  "num": 8.1,
                  "categoryName": "Tony Parker",
                  "name": "2_35_5_2"
                },
                {
                  "num": 8,
                  "categoryName": "Kyle Anderson",
                  "name": "2_35_5_79"
                },
                {
                  "num": 7.9,
                  "categoryName": "Bryn Forbes",
                  "name": "2_35_5_96"
                },
                {
                  "num": 6.7,
                  "categoryName": "Dejounte Murray",
                  "name": "2_35_5_94"
                },
                {
                  "num": 6,
                  "categoryName": "Davis Bertans",
                  "name": "2_35_5_93"
                },
                {
                  "num": 3.9,
                  "categoryName": "Joffrey Lauvergne",
                  "name": "2_35_5_99"
                },
                {
                  "num": 2.5,
                  "categoryName": "Brandon Paul",
                  "name": "2_35_5_100"
                },
                {
                  "num": 1.3,
                  "categoryName": "Derrick White",
                  "name": "2_35_5_101"
                },
                {
                  "num": 1,
                  "categoryName": "Darrun Hilliard",
                  "name": "2_35_5_102"
                },
                {
                  "num": 0.7,
                  "categoryName": "Matt Costello",
                  "name": "2_35_5_103"
                }
              ],
              "name": "2_35_5_0"
            }
          ],
          "name": "2_35_0_0",
          "num": 520.6
        }
      ],
      "name": "2_0_0_0",
      "num": 1583.8000000000002
    }
  ],
  "num": 3171.4
}