{"year":1967,"name":"root","categoryName":"root","children":[{"categoryName":"Eastern","children":[{"num":117.4,"categoryName":"Baltimore_Bullets","children":[{"num":24.3,"categoryName":"Earl Monroe","name":"1_11_15_0"},{"num":19.1,"categoryName":"Gus Johnson","name":"1_11_1_0"},{"num":16.4,"categoryName":"Ray Scott","name":"1_11_3_0"},{"num":15.9,"categoryName":"Kevin Loughery","name":"1_11_4_0"},{"num":14.8,"categoryName":"Don Ohl","name":"1_11_2_0"},{"num":13.5,"categoryName":"Jack Marin","name":"1_11_7_0"},{"num":12.4,"categoryName":"LeRoy Ellis","name":"1_11_5_0"},{"num":7,"categoryName":"Johnny Egan","name":"1_11_6_0"},{"num":5.6,"categoryName":"Bob Ferry","name":"1_11_11_0"},{"num":4.1,"categoryName":"Stan McKenzie","name":"1_11_16_0"},{"num":4,"categoryName":"Ed Manning","name":"1_11_17_0"},{"num":1,"categoryName":"Roland West","name":"1_11_18_0"},{"num":1,"categoryName":"Tom Workman","name":"1_11_19_0"}],"name":"1_11_0_0"},{"num":116.1,"categoryName":"Boston_Celtics","children":[{"num":21.3,"categoryName":"Sam Jones","name":"1_1_93_0"},{"num":20.7,"categoryName":"John Havlicek","name":"1_1_103_0"},{"num":19.8,"categoryName":"Bailey Howell","name":"1_1_119_0"},{"num":12.5,"categoryName":"Bill Russell","name":"1_1_90_0"},{"num":12.2,"categoryName":"Larry Siegfried","name":"1_1_108_0"},{"num":10.2,"categoryName":"Tom Sanders","name":"1_1_99_0"},{"num":10,"categoryName":"Don Nelson","name":"1_1_115_0"},{"num":6.3,"categoryName":"Wayne Embry","name":"1_1_120_0"},{"num":6,"categoryName":"Mal Graham","name":"1_1_123_0"},{"num":4.2,"categoryName":"Johnny Jones","name":"1_1_124_0"},{"num":4.2,"categoryName":"Tom Thacker","name":"1_1_125_0"},{"num":1.3,"categoryName":"Rick Weitzman","name":"1_1_126_0"}],"name":"1_1_0_0"},{"num":116.6,"categoryName":"Cincinnati_Royals","children":[{"num":29.2,"categoryName":"Oscar Robertson","name":"1_9_1_0"},{"num":21.5,"categoryName":"Jerry Lucas","name":"1_9_13_0"},{"num":17.4,"categoryName":"Happy Hairston","name":"1_9_17_0"},{"num":16.4,"categoryName":"Connie Dierking","name":"1_9_19_0"},{"num":15.6,"categoryName":"Adrian Smith","name":"1_9_7_0"},{"num":10.4,"categoryName":"Tom Van Arsdale","name":"1_9_28_0"},{"num":10.3,"categoryName":"John Tresvant","name":"1_9_29_0"},{"num":6.8,"categoryName":"Walt Wesley","name":"1_9_24_0"},{"num":6.4,"categoryName":"Bob Love","name":"1_9_23_0"},{"num":5.1,"categoryName":"Bill Dinwiddie","name":"1_9_30_0"},{"num":4.8,"categoryName":"Guy Rodgers","name":"1_9_31_0"},{"num":4.5,"categoryName":"Flynn Robinson","name":"1_9_22_0"},{"num":3.8,"categoryName":"Len Chappell","name":"1_9_26_0"},{"num":3.2,"categoryName":"Jim Fox","name":"1_9_32_0"},{"num":2.4,"categoryName":"Gary Gray","name":"1_9_33_0"},{"num":0,"categoryName":"Al Jackson","name":"1_9_34_0"}],"name":"1_9_0_0"},{"num":118.6,"categoryName":"Detroit_Pistons","children":[{"num":27.1,"categoryName":"Dave Bing","name":"1_12_1_0"},{"num":18.8,"categoryName":"Happy Hairston","name":"1_12_2_0"},{"num":18.5,"categoryName":"Eddie Miles","name":"1_12_3_0"},{"num":17.9,"categoryName":"Dave DeBusschere","name":"1_12_4_0"},{"num":13.3,"categoryName":"John Tresvant","name":"1_12_5_0"},{"num":13.1,"categoryName":"Terry Dischinger","name":"1_12_6_0"},{"num":10,"categoryName":"Len Chappell","name":"1_12_7_0"},{"num":8.8,"categoryName":"Jimmy Walker","name":"1_12_8_0"},{"num":7.5,"categoryName":"Joe Strawder","name":"1_12_9_0"},{"num":6.6,"categoryName":"Tom Van Arsdale","name":"1_12_10_0"},{"num":4.1,"categoryName":"Jim Fox","name":"1_12_11_0"},{"num":3.6,"categoryName":"Paul Long","name":"1_12_12_0"},{"num":3,"categoryName":"George Carter","name":"1_12_13_0"},{"num":2,"categoryName":"George Patterson","name":"1_12_14_0"},{"num":2,"categoryName":"Sonny Dove","name":"1_12_15_0"}],"name":"1_12_0_0"},{"num":116.1,"categoryName":"New_York_Knicks","children":[{"num":20.8,"categoryName":"Willis Reed","name":"1_2_124_0"},{"num":18,"categoryName":"Dick Barnett","name":"1_2_130_0"},{"num":16.9,"categoryName":"Cazzie Russell","name":"1_2_134_0"},{"num":16.7,"categoryName":"Walt Bellamy","name":"1_2_129_0"},{"num":11,"categoryName":"Dick Van Arsdale","name":"1_2_132_0"},{"num":9,"categoryName":"Walt Frazier","name":"1_2_140_0"},{"num":8,"categoryName":"Bill Bradley","name":"1_2_141_0"},{"num":7.7,"categoryName":"Howard Komives","name":"1_2_126_0"},{"num":6.2,"categoryName":"Phil Jackson","name":"1_2_142_0"},{"num":5.4,"categoryName":"Freddie Crawford","name":"1_2_135_0"},{"num":3.7,"categoryName":"Em Bryant","name":"1_2_127_0"},{"num":2.7,"categoryName":"Nate Bowman","name":"1_2_143_0"},{"num":2.6,"categoryName":"Neil Johnson","name":"1_2_138_0"},{"num":0,"categoryName":"Jim Caldwell","name":"1_2_144_0"}],"name":"1_2_0_0"},{"num":122.6,"categoryName":"Philadelphia_76ers","children":[{"num":24.3,"categoryName":"Wilt Chamberlain","name":"1_10_15_0"},{"num":24.1,"categoryName":"Hal Greer","name":"1_10_1_0"},{"num":18.9,"categoryName":"Billy Cunningham","name":"1_10_19_0"},{"num":17.9,"categoryName":"Chet Walker","name":"1_10_2_0"},{"num":12.8,"categoryName":"Wali Jones","name":"1_10_20_0"},{"num":11.8,"categoryName":"Luke Jackson","name":"1_10_16_0"},{"num":7.2,"categoryName":"Larry Costello","name":"1_10_5_0"},{"num":6.1,"categoryName":"Matt Guokas","name":"1_10_26_0"},{"num":5.1,"categoryName":"Johnny Green","name":"1_10_27_0"},{"num":4.6,"categoryName":"Bill Melchionni","name":"1_10_25_0"},{"num":3.5,"categoryName":"Jim Reid","name":"1_10_28_0"},{"num":2.3,"categoryName":"Ron Filipek","name":"1_10_29_0"}],"name":"1_10_0_0"}],"name":"1_0_0_0","num":707.4000000000001},{"categoryName":"Western","children":[{"num":109.5,"categoryName":"Chicago_Bulls","children":[{"num":21.5,"categoryName":"Bob Boozer","name":"2_27_2_0"},{"num":16,"categoryName":"Flynn Robinson","name":"2_27_15_0"},{"num":13.3,"categoryName":"Jerry Sloan","name":"2_27_3_0"},{"num":12.7,"categoryName":"McCoy McLemore","name":"2_27_6_0"},{"num":12.5,"categoryName":"Jim Washington","name":"2_27_8_0"},{"num":12.2,"categoryName":"Keith Erickson","name":"2_27_7_0"},{"num":10.3,"categoryName":"Guy Rodgers","name":"2_27_1_0"},{"num":9.3,"categoryName":"Barry Clemens","name":"2_27_9_0"},{"num":8.9,"categoryName":"Clem Haskins","name":"2_27_16_0"},{"num":8.5,"categoryName":"Jim Barnes","name":"2_27_17_0"},{"num":6.5,"categoryName":"Erwin Mueller","name":"2_27_4_0"},{"num":4.6,"categoryName":"Reggie Harding","name":"2_27_18_0"},{"num":3.7,"categoryName":"Ken Wilburn","name":"2_27_19_0"},{"num":2.7,"categoryName":"Dave Schellhase","name":"2_27_13_0"},{"num":1.8,"categoryName":"Craig Spitzer","name":"2_27_20_0"},{"num":1.3,"categoryName":"Jim Burns","name":"2_27_21_0"}],"name":"2_27_0_0"},{"num":121.2,"categoryName":"Los_Angeles_Lakers","children":[{"num":26.3,"categoryName":"Jerry West","name":"2_22_2_0"},{"num":26,"categoryName":"Elgin Baylor","name":"2_22_1_0"},{"num":19.9,"categoryName":"Archie Clark","name":"2_22_33_0"},{"num":13.8,"categoryName":"Gail Goodrich","name":"2_22_31_0"},{"num":11.7,"categoryName":"Mel Counts","name":"2_22_34_0"},{"num":11.6,"categoryName":"Tom Hawkins","name":"2_22_6_0"},{"num":10.3,"categoryName":"Freddie Crawford","name":"2_22_39_0"},{"num":9.3,"categoryName":"Darrall Imhoff","name":"2_22_25_0"},{"num":8.3,"categoryName":"Erwin Mueller","name":"2_22_40_0"},{"num":6.2,"categoryName":"Jim Barnes","name":"2_22_36_0"},{"num":3.7,"categoryName":"John Wetzel","name":"2_22_41_0"},{"num":2.8,"categoryName":"Dennis Hamilton","name":"2_22_42_0"},{"num":1.4,"categoryName":"Cliff Anderson","name":"2_22_43_0"}],"name":"2_22_0_0"},{"num":112.4,"categoryName":"San_Diego_Rockets","children":[{"num":20.2,"categoryName":"John Block","name":"2_28_1_0"},{"num":19.7,"categoryName":"Don Kojis","name":"2_28_2_0"},{"num":13.9,"categoryName":"Johnny Green","name":"2_28_3_0"},{"num":13.4,"categoryName":"Dave Gambee","name":"2_28_4_0"},{"num":12.1,"categoryName":"Jon McGlocklin","name":"2_28_5_0"},{"num":11.6,"categoryName":"Hank Finkel","name":"2_28_6_0"},{"num":11,"categoryName":"Toby Kimball","name":"2_28_7_0"},{"num":9.9,"categoryName":"John Barnhill","name":"2_28_8_0"},{"num":9.4,"categoryName":"Jim Barnett","name":"2_28_9_0"},{"num":8.1,"categoryName":"Art Williams","name":"2_28_10_0"},{"num":7.9,"categoryName":"Pat Riley","name":"2_28_11_0"},{"num":5.4,"categoryName":"Nick Jones","name":"2_28_12_0"},{"num":3.3,"categoryName":"Bud Acton","name":"2_28_13_0"},{"num":2.5,"categoryName":"Tyrone Britt","name":"2_28_14_0"},{"num":2.4,"categoryName":"Jim Ware","name":"2_28_15_0"}],"name":"2_28_0_0"},{"num":117,"categoryName":"San_Francisco_Warriors","children":[{"num":21.8,"categoryName":"Rudy LaRusso","name":"2_25_37_0"},{"num":20.5,"categoryName":"Nate Thurmond","name":"2_25_17_0"},{"num":19,"categoryName":"Fred Hetzel","name":"2_25_28_0"},{"num":18.9,"categoryName":"Jeff Mullins","name":"2_25_32_0"},{"num":16.6,"categoryName":"Jim King","name":"2_25_33_0"},{"num":11.9,"categoryName":"Clyde Lee","name":"2_25_34_0"},{"num":9.8,"categoryName":"Al Attles","name":"2_25_6_0"},{"num":8.9,"categoryName":"Bob Warlick","name":"2_25_36_0"},{"num":5,"categoryName":"Joe Ellis","name":"2_25_35_0"},{"num":4.4,"categoryName":"Bobby Lewis","name":"2_25_38_0"},{"num":4.1,"categoryName":"Bill Turner","name":"2_25_39_0"},{"num":3.3,"categoryName":"George Lee","name":"2_25_10_0"},{"num":2.2,"categoryName":"Dave Lattin","name":"2_25_40_0"}],"name":"2_25_0_0"},{"num":118.7,"categoryName":"Seattle_Supersonics","children":[{"num":24,"categoryName":"Mahdi Abdul-Rahman","name":"2_29_1_0"},{"num":18.1,"categoryName":"Bob Rule","name":"2_29_2_0"},{"num":15.2,"categoryName":"Rod Thorn","name":"2_29_3_0"},{"num":14.5,"categoryName":"Tom Meschery","name":"2_29_4_0"},{"num":13.1,"categoryName":"Al Tucker","name":"2_29_5_0"},{"num":9.8,"categoryName":"Bob Weiss","name":"2_29_6_0"},{"num":9.7,"categoryName":"Tommy Kron","name":"2_29_7_0"},{"num":7.3,"categoryName":"Dorie Murrey","name":"2_29_8_0"},{"num":6.1,"categoryName":"George Wilson","name":"2_29_9_0"},{"num":3.8,"categoryName":"Bud Olsen","name":"2_29_10_0"},{"num":3.1,"categoryName":"Henry Akin","name":"2_29_11_0"},{"num":2.5,"categoryName":"Plummer Lott","name":"2_29_12_0"}],"name":"2_29_0_0"},{"num":113,"categoryName":"St._Louis_Hawks","children":[{"num":21.1,"categoryName":"Zelmo Beaty","name":"2_19_51_0"},{"num":20,"categoryName":"Lenny Wilkens","name":"2_19_31_0"},{"num":16.4,"categoryName":"Joe Caldwell","name":"2_19_68_0"},{"num":15.6,"categoryName":"Bill Bridges","name":"2_19_55_0"},{"num":13.4,"categoryName":"Paul Silas","name":"2_19_64_0"},{"num":13.1,"categoryName":"Don Ohl","name":"2_19_75_0"},{"num":12.5,"categoryName":"Lou Hudson","name":"2_19_71_0"},{"num":8.6,"categoryName":"Dick Snyder","name":"2_19_72_0"},{"num":3,"categoryName":"Gene Tormohlen","name":"2_19_59_0"},{"num":2.9,"categoryName":"Jim Davis","name":"2_19_76_0"},{"num":2.9,"categoryName":"Tom Workman","name":"2_19_77_0"},{"num":2.8,"categoryName":"George Lehmann","name":"2_19_78_0"},{"num":2.5,"categoryName":"Jay Miller","name":"2_19_79_0"}],"name":"2_19_0_0"}],"name":"2_0_0_0","num":691.8000000000001}],"num":1399.2000000000003}