{"year":2004,"name":"root","categoryName":"root","children":[{"categoryName":"Eastern","children":[{"categoryName":"Southeast","children":[{"num":92.7,"categoryName":"Atlanta_Hawks","children":[{"num":20.4,"categoryName":"Antoine Walker","name":"1_16_1_1"},{"num":17.5,"categoryName":"Al Harrington","name":"1_16_1_2"},{"num":13.5,"categoryName":"Tyronn Lue","name":"1_16_1_3"},{"num":11.9,"categoryName":"Tony Delk","name":"1_16_1_4"},{"num":10.1,"categoryName":"Josh Childress","name":"1_16_1_5"},{"num":9.7,"categoryName":"Josh Smith","name":"1_16_1_6"},{"num":8.4,"categoryName":"Predrag Drobnjak","name":"1_16_1_7"},{"num":7.9,"categoryName":"Tom Gugliotta","name":"1_16_1_8"},{"num":5.7,"categoryName":"Jason Collier","name":"1_16_1_9"},{"num":5.5,"categoryName":"Obinna Ekezie","name":"1_16_1_10"},{"num":5.2,"categoryName":"Jon Barry","name":"1_16_1_11"},{"num":5,"categoryName":"Kenny Anderson","name":"1_16_1_12"},{"num":4.8,"categoryName":"Boris Diaw","name":"1_16_1_13"},{"num":3.5,"categoryName":"Royal Ivey","name":"1_16_1_14"},{"num":3.3,"categoryName":"Donta Smith","name":"1_16_1_15"},{"num":3,"categoryName":"Kevin Willis","name":"1_16_1_16"},{"num":2.1,"categoryName":"Michael Stewart","name":"1_16_1_17"},{"num":2,"categoryName":"Anthony Miller","name":"1_16_1_18"},{"num":1.5,"categoryName":"Jelani McCoy","name":"1_16_1_19"},{"num":1,"categoryName":"James Thomas","name":"1_16_1_20"}],"name":"1_16_1_0"},{"num":94.3,"categoryName":"Charlotte_Bobcats","children":[{"num":15.1,"categoryName":"Emeka Okafor","name":"1_16_2_1"},{"num":13,"categoryName":"Primoz Brezec","name":"1_16_2_2"},{"num":11.5,"categoryName":"Kareem Rush","name":"1_16_2_3"},{"num":11.1,"categoryName":"Gerald Wallace","name":"1_16_2_4"},{"num":11.1,"categoryName":"Eddie House","name":"1_16_2_5"},{"num":10.1,"categoryName":"Brevin Knight","name":"1_16_2_6"},{"num":9.6,"categoryName":"Keith Bogans","name":"1_16_2_7"},{"num":9.5,"categoryName":"Jason Hart","name":"1_16_2_8"},{"num":9,"categoryName":"Matt Carroll","name":"1_16_2_9"},{"num":8.5,"categoryName":"Jason Kapono","name":"1_16_2_10"},{"num":7.9,"categoryName":"Steve Smith","name":"1_16_2_11"},{"num":7.3,"categoryName":"Melvin Ely","name":"1_16_2_12"},{"num":5,"categoryName":"Malik Allen","name":"1_16_2_13"},{"num":3.5,"categoryName":"Tamar Slay","name":"1_16_2_14"},{"num":3.4,"categoryName":"Jamal Sampson","name":"1_16_2_15"},{"num":3.2,"categoryName":"Theron Smith","name":"1_16_2_16"},{"num":3.1,"categoryName":"Cory Alexander","name":"1_16_2_17"},{"num":3,"categoryName":"Bernard Robinson","name":"1_16_2_18"},{"num":2.5,"categoryName":"Jahidi White","name":"1_16_2_19"}],"name":"1_16_2_0"},{"num":101.5,"categoryName":"Miami_Heat","children":[{"num":24.1,"categoryName":"Dwyane Wade","name":"1_16_3_1"},{"num":22.9,"categoryName":"Shaquille O'Neal","name":"1_16_3_2"},{"num":12.7,"categoryName":"Eddie Jones","name":"1_16_3_3"},{"num":11.6,"categoryName":"Damon Jones","name":"1_16_3_4"},{"num":10.9,"categoryName":"Udonis Haslem","name":"1_16_3_5"},{"num":6.5,"categoryName":"Rasual Butler","name":"1_16_3_6"},{"num":5.9,"categoryName":"Malik Allen","name":"1_16_3_7"},{"num":5.3,"categoryName":"Christian Laettner","name":"1_16_3_8"},{"num":5.2,"categoryName":"Keyon Dooling","name":"1_16_3_9"},{"num":5,"categoryName":"Alonzo Mourning","name":"1_16_3_10"},{"num":4,"categoryName":"Michael Doleac","name":"1_16_3_11"},{"num":3.9,"categoryName":"Shandon Anderson","name":"1_16_3_12"},{"num":3.9,"categoryName":"Wesley Person","name":"1_16_3_13"},{"num":3.3,"categoryName":"Qyntel Woods","name":"1_16_3_14"},{"num":2.3,"categoryName":"Dorell Wright","name":"1_16_3_15"},{"num":2.2,"categoryName":"Wang Zhizhi","name":"1_16_3_16"},{"num":1.8,"categoryName":"Steve Smith","name":"1_16_3_17"}],"name":"1_16_3_0"},{"num":99.5,"categoryName":"Orlando_Magic","children":[{"num":21.3,"categoryName":"Steve Francis","name":"1_16_4_1"},{"num":19.7,"categoryName":"Grant Hill","name":"1_16_4_2"},{"num":16,"categoryName":"Cuttino Mobley","name":"1_16_4_3"},{"num":14,"categoryName":"Hedo Turkoglu","name":"1_16_4_4"},{"num":12,"categoryName":"Dwight Howard","name":"1_16_4_5"},{"num":8.7,"categoryName":"Jameer Nelson","name":"1_16_4_6"},{"num":7.8,"categoryName":"DeShawn Stevenson","name":"1_16_4_7"},{"num":7,"categoryName":"Kelvin Cato","name":"1_16_4_8"},{"num":5.7,"categoryName":"Doug Christie","name":"1_16_4_9"},{"num":5.6,"categoryName":"Andre Barrett","name":"1_16_4_10"},{"num":4.9,"categoryName":"Tony Battie","name":"1_16_4_11"},{"num":4.6,"categoryName":"Pat Garrity","name":"1_16_4_12"},{"num":3.5,"categoryName":"Stacey Augmon","name":"1_16_4_13"},{"num":3.1,"categoryName":"Brandon Hunter","name":"1_16_4_14"},{"num":2.6,"categoryName":"Mario Kasun","name":"1_16_4_15"},{"num":2.3,"categoryName":"Mark Jones","name":"1_16_4_16"},{"num":1.1,"categoryName":"Andrew DeClercq","name":"1_16_4_17"},{"num":0.8,"categoryName":"Michael Bradley","name":"1_16_4_18"}],"name":"1_16_4_0"},{"num":100.5,"categoryName":"Washington_Wizards","children":[{"num":25.5,"categoryName":"Gilbert Arenas","name":"1_16_5_1"},{"num":22,"categoryName":"Larry Hughes","name":"1_16_5_2"},{"num":19.6,"categoryName":"Antawn Jamison","name":"1_16_5_3"},{"num":10.2,"categoryName":"Jarvis Hayes","name":"1_16_5_4"},{"num":9.4,"categoryName":"Brendan Haywood","name":"1_16_5_5"},{"num":8,"categoryName":"Juan Dixon","name":"1_16_5_6"},{"num":7.1,"categoryName":"Etan Thomas","name":"1_16_5_7"},{"num":7,"categoryName":"Kwame Brown","name":"1_16_5_8"},{"num":6.8,"categoryName":"Jared Jeffries","name":"1_16_5_9"},{"num":4.3,"categoryName":"Steve Blake","name":"1_16_5_10"},{"num":3.9,"categoryName":"Damone Brown","name":"1_16_5_11"},{"num":3.8,"categoryName":"Anthony Peeler","name":"1_16_5_12"},{"num":3.2,"categoryName":"Laron Profit","name":"1_16_5_13"},{"num":1.8,"categoryName":"Peter John Ramos","name":"1_16_5_14"},{"num":1.7,"categoryName":"Samaki Walker","name":"1_16_5_15"},{"num":1.4,"categoryName":"Michael Ruffin","name":"1_16_5_16"}],"name":"1_16_5_0"}],"name":"1_16_0_0","num":488.5},{"categoryName":"Atlantic","children":[{"num":101.3,"categoryName":"Boston_Celtics","children":[{"num":21.6,"categoryName":"Paul Pierce","name":"1_14_1_164"},{"num":16.3,"categoryName":"Antoine Walker","name":"1_14_1_143"},{"num":16,"categoryName":"Ricky Davis","name":"1_14_1_201"},{"num":11.3,"categoryName":"Gary Payton","name":"1_14_1_212"},{"num":11.1,"categoryName":"Raef LaFrentz","name":"1_14_1_205"},{"num":9.4,"categoryName":"Mark Blount","name":"1_14_1_182"},{"num":7.5,"categoryName":"Jiri Welsch","name":"1_14_1_204"},{"num":6.7,"categoryName":"Al Jefferson","name":"1_14_1_213"},{"num":6.4,"categoryName":"Tony Allen","name":"1_14_1_214"},{"num":4.6,"categoryName":"Marcus Banks","name":"1_14_1_207"},{"num":4.5,"categoryName":"Delonte West","name":"1_14_1_215"},{"num":3.7,"categoryName":"Walter McCarty","name":"1_14_1_154"},{"num":2.5,"categoryName":"Kendrick Perkins","name":"1_14_1_210"},{"num":1.8,"categoryName":"Justin Reed","name":"1_14_1_216"},{"num":1.3,"categoryName":"Tom Gugliotta","name":"1_14_1_217"}],"name":"1_14_1_0"},{"num":91.4,"categoryName":"New_Jersey_Nets","children":[{"num":27.5,"categoryName":"Vince Carter","name":"1_14_6_219"},{"num":22.2,"categoryName":"Richard Jefferson","name":"1_14_6_201"},{"num":14.4,"categoryName":"Jason Kidd","name":"1_14_6_199"},{"num":12.6,"categoryName":"Eric Williams","name":"1_14_6_220"},{"num":10.4,"categoryName":"Alonzo Mourning","name":"1_14_6_213"},{"num":10,"categoryName":"Nenad Krstic","name":"1_14_6_221"},{"num":7.6,"categoryName":"Ron Mercer","name":"1_14_6_222"},{"num":7,"categoryName":"Rodney Buford","name":"1_14_6_223"},{"num":6.8,"categoryName":"Travis Best","name":"1_14_6_224"},{"num":6.4,"categoryName":"Jason Collins","name":"1_14_6_202"},{"num":6.3,"categoryName":"Brian Scalabrine","name":"1_14_6_205"},{"num":6,"categoryName":"Clifford Robinson","name":"1_14_6_225"},{"num":5.3,"categoryName":"Jacque Vaughn","name":"1_14_6_226"},{"num":5,"categoryName":"Zoran Planinic","name":"1_14_6_214"},{"num":3.7,"categoryName":"Jabari Smith","name":"1_14_6_227"},{"num":3.7,"categoryName":"Billy Thomas","name":"1_14_6_228"},{"num":2.7,"categoryName":"Donnell Harvey","name":"1_14_6_229"},{"num":1.9,"categoryName":"Aaron Williams","name":"1_14_6_191"},{"num":1.2,"categoryName":"Kaniel Dickens","name":"1_14_6_230"},{"num":1,"categoryName":"Jerome Moiso","name":"1_14_6_231"},{"num":0.9,"categoryName":"Awvee Storey","name":"1_14_6_232"},{"num":0.2,"categoryName":"Elden Campbell","name":"1_14_6_233"}],"name":"1_14_6_0"},{"num":97.3,"categoryName":"New_York_Knicks","children":[{"num":21.7,"categoryName":"Stephon Marbury","name":"1_14_3_191"},{"num":17.7,"categoryName":"Jamal Crawford","name":"1_14_3_204"},{"num":12,"categoryName":"Tim Thomas","name":"1_14_3_193"},{"num":11.9,"categoryName":"Allan Houston","name":"1_14_3_153"},{"num":11.5,"categoryName":"Kurt Thomas","name":"1_14_3_168"},{"num":10.9,"categoryName":"Nazr Mohammed","name":"1_14_3_195"},{"num":8.4,"categoryName":"Mike Sweetney","name":"1_14_3_200"},{"num":8.3,"categoryName":"Malik Rose","name":"1_14_3_205"},{"num":7.3,"categoryName":"Penny Hardaway","name":"1_14_3_194"},{"num":6.5,"categoryName":"Maurice Taylor","name":"1_14_3_206"},{"num":5.9,"categoryName":"Trevor Ariza","name":"1_14_3_207"},{"num":4.5,"categoryName":"Jerome Williams","name":"1_14_3_208"},{"num":3.3,"categoryName":"Jackie Butler","name":"1_14_3_209"},{"num":2.6,"categoryName":"Moochie Norris","name":"1_14_3_201"},{"num":2,"categoryName":"Jermaine Jackson","name":"1_14_3_210"},{"num":1.7,"categoryName":"Jamison Brewer","name":"1_14_3_211"},{"num":1.4,"categoryName":"Vin Baker","name":"1_14_3_197"},{"num":1.2,"categoryName":"Bruno Sundov","name":"1_14_3_202"},{"num":0,"categoryName":"Shandon Anderson","name":"1_14_3_185"}],"name":"1_14_3_0"},{"num":99.1,"categoryName":"Philadelphia_76ers","children":[{"num":30.7,"categoryName":"Allen Iverson","name":"1_14_4_200"},{"num":15.6,"categoryName":"Chris Webber","name":"1_14_4_275"},{"num":12,"categoryName":"Marc Jackson","name":"1_14_4_270"},{"num":11.5,"categoryName":"Kyle Korver","name":"1_14_4_272"},{"num":11.3,"categoryName":"Kenny Thomas","name":"1_14_4_260"},{"num":10.8,"categoryName":"Corliss Williamson","name":"1_14_4_276"},{"num":9,"categoryName":"Andre Iguodala","name":"1_14_4_277"},{"num":8.2,"categoryName":"Samuel Dalembert","name":"1_14_4_254"},{"num":7.7,"categoryName":"Willie Green","name":"1_14_4_271"},{"num":6,"categoryName":"Rodney Rogers","name":"1_14_4_278"},{"num":4.5,"categoryName":"Michael Bradley","name":"1_14_4_279"},{"num":4.1,"categoryName":"John Salmons","name":"1_14_4_265"},{"num":2.8,"categoryName":"Josh Davis","name":"1_14_4_280"},{"num":2.2,"categoryName":"Aaron McKie","name":"1_14_4_220"},{"num":2,"categoryName":"Brian Skinner","name":"1_14_4_262"},{"num":1.5,"categoryName":"Kedrick Brown","name":"1_14_4_281"},{"num":1.1,"categoryName":"Kevin Ollie","name":"1_14_4_237"}],"name":"1_14_4_0"},{"num":99.7,"categoryName":"Toronto_Raptors","children":[{"num":18.5,"categoryName":"Jalen Rose","name":"1_14_12_1"},{"num":16.8,"categoryName":"Chris Bosh","name":"1_14_12_2"},{"num":15.9,"categoryName":"Vince Carter","name":"1_14_12_3"},{"num":14.2,"categoryName":"Rafer Alston","name":"1_14_12_4"},{"num":12.5,"categoryName":"Morris Peterson","name":"1_14_12_5"},{"num":11.5,"categoryName":"Donyell Marshall","name":"1_14_12_6"},{"num":7.2,"categoryName":"Matt Bonner","name":"1_14_12_7"},{"num":6,"categoryName":"Lamond Murray","name":"1_14_12_8"},{"num":5.8,"categoryName":"Milt Palacio","name":"1_14_12_9"},{"num":4.7,"categoryName":"Eric Williams","name":"1_14_12_10"},{"num":4.6,"categoryName":"Omar Cook","name":"1_14_12_11"},{"num":3.9,"categoryName":"Loren Woods","name":"1_14_12_12"},{"num":3.3,"categoryName":"Rafael Araujo","name":"1_14_12_13"},{"num":2.3,"categoryName":"Pape Sow","name":"1_14_12_14"},{"num":1.8,"categoryName":"Jerome Moiso","name":"1_14_12_15"},{"num":1.6,"categoryName":"Aaron Williams","name":"1_14_12_16"}],"name":"1_14_12_0"}],"name":"1_14_0_0","num":488.8},{"categoryName":"Central","children":[{"num":94.5,"categoryName":"Chicago_Bulls","children":[{"num":16.1,"categoryName":"Eddy Curry","name":"1_15_12_149"},{"num":15.7,"categoryName":"Kirk Hinrich","name":"1_15_12_159"},{"num":15.1,"categoryName":"Ben Gordon","name":"1_15_12_167"},{"num":11.7,"categoryName":"Luol Deng","name":"1_15_12_168"},{"num":8.4,"categoryName":"Andres Nocioni","name":"1_15_12_169"},{"num":8,"categoryName":"Othella Harrington","name":"1_15_12_170"},{"num":8,"categoryName":"Tyson Chandler","name":"1_15_12_150"},{"num":7,"categoryName":"Antonio Davis","name":"1_15_12_161"},{"num":6.4,"categoryName":"Jannero Pargo","name":"1_15_12_158"},{"num":5.9,"categoryName":"Chris Duhon","name":"1_15_12_171"},{"num":4.8,"categoryName":"Eric Piatkowski","name":"1_15_12_172"},{"num":4.5,"categoryName":"L. Funderburke","name":"1_15_12_173"},{"num":2.2,"categoryName":"Adrian Griffin","name":"1_15_12_174"},{"num":1.1,"categoryName":"Jared Reiner","name":"1_15_12_175"},{"num":0.7,"categoryName":"Frank Williams","name":"1_15_12_176"}],"name":"1_15_12_0"},{"num":96.5,"categoryName":"Cleveland_Cavaliers","children":[{"num":27.2,"categoryName":"LeBron James","name":"1_15_4_233"},{"num":16.9,"categoryName":"Zydrunas Ilgauskas","name":"1_15_4_184"},{"num":14.4,"categoryName":"Drew Gooden","name":"1_15_4_246"},{"num":12.8,"categoryName":"Jeff McInnis","name":"1_15_4_234"},{"num":5.9,"categoryName":"Ira Newble","name":"1_15_4_240"},{"num":5.5,"categoryName":"Robert Traylor","name":"1_15_4_212"},{"num":4.9,"categoryName":"Anderson Varejao","name":"1_15_4_247"},{"num":4.8,"categoryName":"Sasha Pavlovic","name":"1_15_4_248"},{"num":4.3,"categoryName":"Lucious Harris","name":"1_15_4_249"},{"num":4,"categoryName":"Dajuan Wagner","name":"1_15_4_226"},{"num":4,"categoryName":"Eric Snow","name":"1_15_4_250"},{"num":2.9,"categoryName":"Luke Jackson","name":"1_15_4_251"},{"num":2.9,"categoryName":"Jiri Welsch","name":"1_15_4_252"},{"num":1.7,"categoryName":"Scott Williams","name":"1_15_4_253"},{"num":1.5,"categoryName":"Jerome Moiso","name":"1_15_4_254"},{"num":1,"categoryName":"DeSagana Diop","name":"1_15_4_225"}],"name":"1_15_4_0"},{"num":93.3,"categoryName":"Detroit_Pistons","children":[{"num":18.7,"categoryName":"Richard Hamilton","name":"1_15_10_191"},{"num":16.5,"categoryName":"Chauncey Billups","name":"1_15_10_192"},{"num":14.7,"categoryName":"Tayshaun Prince","name":"1_15_10_194"},{"num":14.5,"categoryName":"Rasheed Wallace","name":"1_15_10_198"},{"num":9.7,"categoryName":"Ben Wallace","name":"1_15_10_177"},{"num":9.6,"categoryName":"Antonio McDyess","name":"1_15_10_205"},{"num":5.4,"categoryName":"Carlos Arroyo","name":"1_15_10_206"},{"num":3.3,"categoryName":"Elden Campbell","name":"1_15_10_200"},{"num":3.9,"categoryName":"Carlos Delfino","name":"1_15_10_207"},{"num":3.8,"categoryName":"Lindsey Hunter","name":"1_15_10_120"},{"num":3.2,"categoryName":"Ronald Dupree","name":"1_15_10_208"},{"num":3,"categoryName":"Smush Parker","name":"1_15_10_209"},{"num":2.8,"categoryName":"Horace Jenkins","name":"1_15_10_210"},{"num":2,"categoryName":"Anthony Goldwire","name":"1_15_10_211"},{"num":1.8,"categoryName":"Darko Milicic","name":"1_15_10_203"},{"num":1.8,"categoryName":"Derrick Coleman","name":"1_15_10_212"},{"num":1,"categoryName":"Darvin Ham","name":"1_15_10_202"}],"name":"1_15_10_0"},{"num":93,"categoryName":"Indiana_Pacers","children":[{"num":24.6,"categoryName":"Metta World Peace","name":"1_15_11_135"},{"num":24.3,"categoryName":"Jermaine O'Neal","name":"1_15_11_129"},{"num":18.7,"categoryName":"Stephen Jackson","name":"1_15_11_150"},{"num":15.4,"categoryName":"Jamaal Tinsley","name":"1_15_11_136"},{"num":14.8,"categoryName":"Reggie Miller","name":"1_15_11_67"},{"num":10.6,"categoryName":"Fred Jones","name":"1_15_11_145"},{"num":8.9,"categoryName":"Austin Croshere","name":"1_15_11_120"},{"num":8.4,"categoryName":"Anthony Johnson","name":"1_15_11_146"},{"num":7,"categoryName":"Jeff Foster","name":"1_15_11_127"},{"num":6.9,"categoryName":"Dale Davis","name":"1_15_11_88"},{"num":6.1,"categoryName":"David Harrison","name":"1_15_11_151"},{"num":5.1,"categoryName":"Jonathan Bender","name":"1_15_11_126"},{"num":4.9,"categoryName":"James Jones","name":"1_15_11_149"},{"num":3.9,"categoryName":"Scot Pollard","name":"1_15_11_148"},{"num":3.7,"categoryName":"Eddie Gill","name":"1_15_11_152"},{"num":3.6,"categoryName":"Marcus Haislip","name":"1_15_11_153"},{"num":2.4,"categoryName":"Tremaine Fowlkes","name":"1_15_11_154"},{"num":2,"categoryName":"Britton Johnsen","name":"1_15_11_155"},{"num":1.7,"categoryName":"Michael Curry","name":"1_15_11_156"},{"num":1.2,"categoryName":"John Edwards","name":"1_15_11_157"}],"name":"1_15_11_0"},{"num":97.2,"categoryName":"Milwaukee_Bucks","children":[{"num":23,"categoryName":"Michael Redd","name":"1_15_13_166"},{"num":17.2,"categoryName":"Desmond Mason","name":"1_15_13_172"},{"num":11.4,"categoryName":"Mike James","name":"1_15_13_188"},{"num":11,"categoryName":"Joe Smith","name":"1_15_13_180"},{"num":10.4,"categoryName":"Keith Van Horn","name":"1_15_13_179"},{"num":10.2,"categoryName":"Mo Williams","name":"1_15_13_189"},{"num":7.3,"categoryName":"Dan Gadzuric","name":"1_15_13_176"},{"num":0,"categoryName":"Anthony Goldwire","name":"1_15_13_190"},{"num":6.2,"categoryName":"Marcus Fizer","name":"1_15_13_191"},{"num":6.2,"categoryName":"Zaza Pachulia","name":"1_15_13_192"},{"num":6.1,"categoryName":"Kendall Gill","name":"1_15_13_193"},{"num":5.6,"categoryName":"Toni Kukoc","name":"1_15_13_173"},{"num":4.9,"categoryName":"Erick Strickland","name":"1_15_13_185"},{"num":3.2,"categoryName":"Eddie House","name":"1_15_13_194"},{"num":3.2,"categoryName":"Zendon Hamilton","name":"1_15_13_195"},{"num":2.5,"categoryName":"Calvin Booth","name":"1_15_13_196"},{"num":2,"categoryName":"Daniel Santiago","name":"1_15_13_186"},{"num":1.4,"categoryName":"Reece Gaines","name":"1_15_13_197"}],"name":"1_15_13_0"}],"name":"1_15_0_0","num":474.5}],"name":"1_0_0_0","num":1451.8},{"categoryName":"Western","children":[{"categoryName":"Northwest","children":[{"num":99.5,"categoryName":"Denver_Nuggets","children":[{"num":20.8,"categoryName":"Carmelo Anthony","name":"2_34_1_1"},{"num":15.5,"categoryName":"Kenyon Martin","name":"2_34_1_2"},{"num":13.6,"categoryName":"Andre Miller","name":"2_34_1_3"},{"num":12.4,"categoryName":"Earl Boykins","name":"2_34_1_4"},{"num":10.3,"categoryName":"Marcus Camby","name":"2_34_1_5"},{"num":9.7,"categoryName":"Voshon Lenard","name":"2_34_1_6"},{"num":9.6,"categoryName":" Nene","name":"2_34_1_7"},{"num":8.1,"categoryName":"Wesley Person","name":"2_34_1_8"},{"num":7.1,"categoryName":"DerMarr Johnson","name":"2_34_1_9"},{"num":6.9,"categoryName":"Eduardo Najera","name":"2_34_1_10"},{"num":6.2,"categoryName":"Greg Buckner","name":"2_34_1_11"},{"num":5.6,"categoryName":"Rodney White","name":"2_34_1_12"},{"num":4.4,"categoryName":"Bryon Russell","name":"2_34_1_13"},{"num":3.7,"categoryName":"Francisco Elson","name":"2_34_1_14"},{"num":3,"categoryName":"Luis Flores","name":"2_34_1_15"},{"num":1.5,"categoryName":"N. Tskitishvili","name":"2_34_1_16"},{"num":0.4,"categoryName":"Mark Pope","name":"2_34_1_17"}],"name":"2_34_1_0"},{"num":96.8,"categoryName":"Minnesota_Timberwolves","children":[{"num":22.2,"categoryName":"Kevin Garnett","name":"2_34_2_1"},{"num":15.5,"categoryName":"Wally Szczerbiak","name":"2_34_2_2"},{"num":13.5,"categoryName":"Sam Cassell","name":"2_34_2_3"},{"num":13.5,"categoryName":"Ndudi Ebi","name":"2_34_2_4"},{"num":12.8,"categoryName":"Latrell Sprewell","name":"2_34_2_5"},{"num":8.7,"categoryName":"Troy Hudson","name":"2_34_2_6"},{"num":7.5,"categoryName":"Eddie Griffin","name":"2_34_2_7"},{"num":6.6,"categoryName":"Trenton Hassell","name":"2_34_2_8"},{"num":5.9,"categoryName":"Michael Olowokandi","name":"2_34_2_9"},{"num":5.8,"categoryName":"Fred Hoiberg","name":"2_34_2_10"},{"num":2.7,"categoryName":"Anthony Carter","name":"2_34_2_11"},{"num":2.5,"categoryName":"John Thomas","name":"2_34_2_12"},{"num":2.1,"categoryName":"Mark Madsen","name":"2_34_2_13"},{"num":1.6,"categoryName":"Ervin Johnson","name":"2_34_2_14"}],"name":"2_34_2_0"},{"num":92.9,"categoryName":"Portland_Trail_Blazers","children":[{"num":18.9,"categoryName":"Zach Randolph","name":"2_34_3_1"},{"num":16.8,"categoryName":"S. Abdur-Rahim","name":"2_34_3_2"},{"num":15.8,"categoryName":"Damon Stoudamire","name":"2_34_3_3"},{"num":12.8,"categoryName":"Darius Miles","name":"2_34_3_4"},{"num":11.6,"categoryName":"Ruben Patterson","name":"2_34_3_5"},{"num":11.1,"categoryName":"Nick Van Exel","name":"2_34_3_6"},{"num":9.2,"categoryName":"Derek Anderson","name":"2_34_3_7"},{"num":6.8,"categoryName":"Sebastian Telfair","name":"2_34_3_8"},{"num":6.4,"categoryName":"Joel Przybilla","name":"2_34_3_9"},{"num":5.4,"categoryName":"Travis Outlaw","name":"2_34_3_10"},{"num":4.8,"categoryName":"Theo Ratliff","name":"2_34_3_11"},{"num":4.2,"categoryName":"Viktor Khryapa","name":"2_34_3_12"},{"num":3.8,"categoryName":"Richie Frahm","name":"2_34_3_13"},{"num":2.7,"categoryName":"James Thomas","name":"2_34_3_14"},{"num":1.4,"categoryName":"Ha Seung-Jin","name":"2_34_3_15"},{"num":1.3,"categoryName":"Geno Carlisle","name":"2_34_3_16"},{"num":0,"categoryName":"Maurice Baker","name":"2_34_3_17"}],"name":"2_34_3_0"},{"num":98.9,"categoryName":"Seattle_Supersonics","children":[{"num":23.9,"categoryName":"Ray Allen","name":"2_34_4_1"},{"num":20.5,"categoryName":"Rashard Lewis","name":"2_34_4_2"},{"num":11.8,"categoryName":"V. Radmanovic","name":"2_34_4_3"},{"num":11.2,"categoryName":"Antonio Daniels","name":"2_34_4_4"},{"num":10,"categoryName":"Luke Ridnour","name":"2_34_4_5"},{"num":7.5,"categoryName":"Danny Fortson","name":"2_34_4_6"},{"num":7,"categoryName":"Ronald Murray","name":"2_34_4_7"},{"num":6.3,"categoryName":"Damien Wilkins","name":"2_34_4_8"},{"num":5.6,"categoryName":"Nick Collison","name":"2_34_4_9"},{"num":4.9,"categoryName":"Jerome James","name":"2_34_4_10"},{"num":4.9,"categoryName":"Reggie Evans","name":"2_34_4_11"},{"num":3.5,"categoryName":"Vitaly Potapenko","name":"2_34_4_12"},{"num":0.9,"categoryName":"Robert Swift","name":"2_34_4_13"},{"num":0.9,"categoryName":"Mateen Cleaves","name":"2_34_4_14"},{"num":0,"categoryName":"Ibo Kutluay","name":"2_34_4_15"}],"name":"2_34_4_0"},{"num":93,"categoryName":"Utah_Jazz","children":[{"num":17.8,"categoryName":"Carlos Boozer","name":"2_34_5_1"},{"num":15.6,"categoryName":"Andrei Kirilenko","name":"2_34_5_2"},{"num":14,"categoryName":"Matt Harpring","name":"2_34_5_3"},{"num":12.9,"categoryName":"Mehmet Okur","name":"2_34_5_4"},{"num":12.3,"categoryName":"Raja Bell","name":"2_34_5_5"},{"num":8.8,"categoryName":"Gordan Giricek","name":"2_34_5_6"},{"num":8.2,"categoryName":"Carlos Arroyo","name":"2_34_5_7"},{"num":7.8,"categoryName":"Keith McLeod","name":"2_34_5_8"},{"num":5.6,"categoryName":"Howard Eisley","name":"2_34_5_9"},{"num":5.2,"categoryName":"Raul Lopez","name":"2_34_5_10"},{"num":5,"categoryName":"Kirk Snyder","name":"2_34_5_11"},{"num":4.5,"categoryName":"Ben Handlogten","name":"2_34_5_12"},{"num":4.3,"categoryName":"Jarron Collins","name":"2_34_5_13"},{"num":4.1,"categoryName":"Kris Humphries","name":"2_34_5_14"},{"num":3.8,"categoryName":"Randy Livingston","name":"2_34_5_15"},{"num":3,"categoryName":"Curtis Borchardt","name":"2_34_5_16"},{"num":1.6,"categoryName":"A. Radojevic","name":"2_34_5_17"}],"name":"2_34_5_0"}],"name":"2_34_0_0","num":481.1},{"categoryName":"Pacific","children":[{"num":98.7,"categoryName":"Golden_State_Warriors","children":[{"num":21.7,"categoryName":"Jason Richardson","name":"2_33_6_233"},{"num":19.5,"categoryName":"Baron Davis","name":"2_33_6_257"},{"num":15.4,"categoryName":"Troy Murphy","name":"2_33_6_235"},{"num":13.4,"categoryName":"Mike Dunleavy, Jr.","name":"2_33_6_240"},{"num":13.1,"categoryName":"Speedy Claxton","name":"2_33_6_247"},{"num":11.9,"categoryName":"Derek Fisher","name":"2_33_6_258"},{"num":9.5,"categoryName":"Mickael Pietrus","name":"2_33_6_250"},{"num":8.5,"categoryName":"Clifford Robinson","name":"2_33_6_246"},{"num":6.2,"categoryName":"Zarko Cabarkapa","name":"2_33_6_259"},{"num":4.5,"categoryName":"Calbert Cheaney","name":"2_33_6_249"},{"num":4.5,"categoryName":"Adonal Foyle","name":"2_33_6_200"},{"num":4.2,"categoryName":"Eduardo Najera","name":"2_33_6_260"},{"num":3.6,"categoryName":"Andris Biedrins","name":"2_33_6_261"},{"num":3.6,"categoryName":"Rodney White","name":"2_33_6_262"},{"num":3.1,"categoryName":"Dale Davis","name":"2_33_6_263"},{"num":3.1,"categoryName":"Ansu Sesay","name":"2_33_6_264"},{"num":2.1,"categoryName":"Luis Flores","name":"2_33_6_265"},{"num":1.3,"categoryName":"N. Tskitishvili","name":"2_33_6_266"}],"name":"2_33_6_0"},{"num":95.7,"categoryName":"Los_Angeles_Clippers","children":[{"num":22.2,"categoryName":"Corey Maggette","name":"2_33_10_139"},{"num":20,"categoryName":"Elton Brand","name":"2_33_10_148"},{"num":16.4,"categoryName":"Bobby Simmons","name":"2_33_10_159"},{"num":9.9,"categoryName":"Marko Jaric","name":"2_33_10_155"},{"num":9.1,"categoryName":"Chris Kaman","name":"2_33_10_162"},{"num":7.9,"categoryName":"Chris Wilcox","name":"2_33_10_158"},{"num":7.4,"categoryName":"Shaun Livingston","name":"2_33_10_166"},{"num":6.3,"categoryName":"Kerry Kittles","name":"2_33_10_167"},{"num":5.8,"categoryName":"Zeljko Rebraca","name":"2_33_10_168"},{"num":5.5,"categoryName":"Rick Brunson","name":"2_33_10_169"},{"num":5.4,"categoryName":"Mikki Moore","name":"2_33_10_170"},{"num":5.1,"categoryName":"Quinton Ross","name":"2_33_10_171"},{"num":3.8,"categoryName":"Darrick Martin","name":"2_33_10_113"},{"num":3.1,"categoryName":"Lionel Chalmers","name":"2_33_10_172"},{"num":2,"categoryName":"Kenny Anderson","name":"2_33_10_173"},{"num":1.8,"categoryName":"Mamadou N'Diaye","name":"2_33_10_174"},{"num":0.5,"categoryName":"Kirk Penney","name":"2_33_10_175"},{"num":0,"categoryName":"Maurice Baker","name":"2_33_10_176"}],"name":"2_33_10_0"},{"num":98.7,"categoryName":"Los_Angeles_Lakers","children":[{"num":27.6,"categoryName":"Kobe Bryant","name":"2_33_1_159"},{"num":15.5,"categoryName":"Caron Butler","name":"2_33_1_207"},{"num":15.2,"categoryName":"Lamar Odom","name":"2_33_1_208"},{"num":13.6,"categoryName":"Chucky Atkins","name":"2_33_1_209"},{"num":9.8,"categoryName":"Chris Mihm","name":"2_33_1_210"},{"num":7.6,"categoryName":"Jumaine Jones","name":"2_33_1_211"},{"num":7.3,"categoryName":"Devean George","name":"2_33_1_181"},{"num":6.4,"categoryName":"Brian Cook","name":"2_33_1_202"},{"num":4.4,"categoryName":"Tierre Brown","name":"2_33_1_212"},{"num":3.8,"categoryName":"Slava Medvedenko","name":"2_33_1_187"},{"num":3.8,"categoryName":"Brian Grant","name":"2_33_1_213"},{"num":3.2,"categoryName":"Luke Walton","name":"2_33_1_205"},{"num":2.9,"categoryName":"Sasha Vujacic","name":"2_33_1_214"},{"num":2.5,"categoryName":"Tony Bobbitt","name":"2_33_1_215"},{"num":2.3,"categoryName":"Vlade Divac","name":"2_33_1_115"},{"num":0.9,"categoryName":"Kareem Rush","name":"2_33_1_195"}],"name":"2_33_1_0"},{"num":110.4,"categoryName":"Phoenix_Suns","children":[{"num":26,"categoryName":"Amar'e Stoudemire","name":"2_33_8_198"},{"num":19.4,"categoryName":"Shawn Marion","name":"2_33_8_176"},{"num":17.1,"categoryName":"Joe Johnson","name":"2_33_8_189"},{"num":15.5,"categoryName":"Steve Nash","name":"2_33_8_151"},{"num":14.9,"categoryName":"Quentin Richardson","name":"2_33_8_212"},{"num":8.8,"categoryName":"Jim Jackson","name":"2_33_8_213"},{"num":7,"categoryName":"Leandro Barbosa","name":"2_33_8_203"},{"num":5.3,"categoryName":"Casey Jacobsen","name":"2_33_8_199"},{"num":4.6,"categoryName":"Steven Hunter","name":"2_33_8_214"},{"num":3.5,"categoryName":"Walter McCarty","name":"2_33_8_215"},{"num":3,"categoryName":"Zarko Cabarkapa","name":"2_33_8_207"},{"num":3,"categoryName":"Smush Parker","name":"2_33_8_216"},{"num":2.8,"categoryName":"Maciej Lampe","name":"2_33_8_205"},{"num":2.1,"categoryName":"Jake Voskuhl","name":"2_33_8_191"},{"num":1.8,"categoryName":"Yuta Tabuse","name":"2_33_8_217"},{"num":1.6,"categoryName":"Jackson Vroman","name":"2_33_8_218"},{"num":1.3,"categoryName":"Paul Shirley","name":"2_33_8_219"},{"num":0.7,"categoryName":"Bo Outlaw","name":"2_33_8_192"}],"name":"2_33_8_0"},{"num":103.7,"categoryName":"Sacramento_Kings","children":[{"num":21.3,"categoryName":"Chris Webber","name":"2_33_11_93"},{"num":20.1,"categoryName":"Peja Stojakovic","name":"2_33_11_97"},{"num":19.6,"categoryName":"Mike Bibby","name":"2_33_11_114"},{"num":17.8,"categoryName":"Cuttino Mobley","name":"2_33_11_127"},{"num":15.6,"categoryName":"Brad Miller","name":"2_33_11_122"},{"num":14.5,"categoryName":"Kenny Thomas","name":"2_33_11_128"},{"num":12,"categoryName":"Bobby Jackson","name":"2_33_11_110"},{"num":9.3,"categoryName":"Corliss Williamson","name":"2_33_11_75"},{"num":7.5,"categoryName":"Darius Songaila","name":"2_33_11_124"},{"num":7.4,"categoryName":"Brian Skinner","name":"2_33_11_129"},{"num":7.3,"categoryName":"Doug Christie","name":"2_33_11_109"},{"num":6.4,"categoryName":"Maurice Evans","name":"2_33_11_130"},{"num":4.7,"categoryName":"Eddie House","name":"2_33_11_131"},{"num":3.8,"categoryName":"Matt Barnes","name":"2_33_11_132"},{"num":2.9,"categoryName":"Kevin Martin","name":"2_33_11_133"},{"num":2.3,"categoryName":"Michael Bradley","name":"2_33_11_134"},{"num":1.6,"categoryName":"Greg Ostertag","name":"2_33_11_135"},{"num":0.6,"categoryName":"Erik Daniels","name":"2_33_11_136"}],"name":"2_33_11_0"}],"name":"2_33_0_0","num":507.2},{"categoryName":"Southwest","children":[{"num":102.5,"categoryName":"Dallas_Mavericks","children":[{"num":26.1,"categoryName":"Dirk Nowitzki","name":"2_35_1_1"},{"num":15.7,"categoryName":"Michael Finley","name":"2_35_1_2"},{"num":14.9,"categoryName":"Jerry Stackhouse","name":"2_35_1_3"},{"num":12.6,"categoryName":"Josh Howard","name":"2_35_1_4"},{"num":12.4,"categoryName":"Jason Terry","name":"2_35_1_5"},{"num":12.2,"categoryName":"Keith Van Horn","name":"2_35_1_6"},{"num":9.2,"categoryName":"Erick Dampier","name":"2_35_1_7"},{"num":9.1,"categoryName":"Marquis Daniels","name":"2_35_1_8"},{"num":5.7,"categoryName":"Devin Harris","name":"2_35_1_9"},{"num":3.5,"categoryName":"Alan Henderson","name":"2_35_1_10"},{"num":2.7,"categoryName":"Shawn Bradley","name":"2_35_1_11"},{"num":2.4,"categoryName":"Calvin Booth","name":"2_35_1_12"},{"num":2.3,"categoryName":"Darrell Armstrong","name":"2_35_1_13"},{"num":1.3,"categoryName":"Dan Dickau","name":"2_35_1_14"},{"num":1,"categoryName":"D.J. Mbenga","name":"2_35_1_15"},{"num":0.2,"categoryName":"Pavel Podkolzin","name":"2_35_1_16"}],"name":"2_35_1_0"},{"num":95.1,"categoryName":"Houston_Rockets","children":[{"num":25.7,"categoryName":"Tracy McGrady","name":"2_35_2_1"},{"num":18.3,"categoryName":"Yao Ming","name":"2_35_2_2"},{"num":13.3,"categoryName":"Jim Jackson","name":"2_35_2_3"},{"num":12.4,"categoryName":"Mike James","name":"2_35_2_4"},{"num":10.9,"categoryName":"David Wesley","name":"2_35_2_5"},{"num":10.3,"categoryName":"Bob Sura","name":"2_35_2_6"},{"num":9.6,"categoryName":"Juwan Howard","name":"2_35_2_7"},{"num":7.8,"categoryName":"Maurice Taylor","name":"2_35_2_8"},{"num":7,"categoryName":"Jon Barry","name":"2_35_2_9"},{"num":6,"categoryName":"Tyronn Lue","name":"2_35_2_10"},{"num":5.4,"categoryName":"Charlie Ward","name":"2_35_2_11"},{"num":4.2,"categoryName":"Scott Padgett","name":"2_35_2_12"},{"num":4,"categoryName":"Dikembe Mutombo","name":"2_35_2_13"},{"num":3.1,"categoryName":"C. Weatherspoon","name":"2_35_2_14"},{"num":3.1,"categoryName":"Bostjan Nachbar","name":"2_35_2_15"},{"num":2.6,"categoryName":"Reece Gaines","name":"2_35_2_16"},{"num":2.1,"categoryName":"Andre Barrett","name":"2_35_2_17"},{"num":1.8,"categoryName":"Rod Strickland","name":"2_35_2_18"},{"num":1.7,"categoryName":"Ryan Bowen","name":"2_35_2_19"},{"num":1.3,"categoryName":"Moochie Norris","name":"2_35_2_20"},{"num":0.9,"categoryName":"Torraye Braggs","name":"2_35_2_21"},{"num":0.7,"categoryName":"Vin Baker","name":"2_35_2_22"},{"num":0,"categoryName":"Brandin Knight","name":"2_35_2_23"}],"name":"2_35_2_0"},{"num":93.4,"categoryName":"Memphis_Grizzlies","children":[{"num":17.8,"categoryName":"Pau Gasol","name":"2_35_3_1"},{"num":13.4,"categoryName":"Mike Miller","name":"2_35_3_2"},{"num":10.4,"categoryName":"Bonzi Wells","name":"2_35_3_3"},{"num":10.1,"categoryName":"Jason Williams","name":"2_35_3_4"},{"num":10.1,"categoryName":"Stromile Swift","name":"2_35_3_5"},{"num":9.9,"categoryName":"Shane Battier","name":"2_35_3_6"},{"num":9.6,"categoryName":"Lorenzen Wright","name":"2_35_3_7"},{"num":9,"categoryName":"Brian Cardinal","name":"2_35_3_8"},{"num":8.1,"categoryName":"James Posey","name":"2_35_3_9"},{"num":7.7,"categoryName":"Earl Watson","name":"2_35_3_10"},{"num":4.5,"categoryName":"Dahntay Jones","name":"2_35_3_11"},{"num":3,"categoryName":"Antonio Burks","name":"2_35_3_12"},{"num":2.9,"categoryName":"Ryan Humphrey","name":"2_35_3_13"},{"num":2.5,"categoryName":"Jake Tsakalidis","name":"2_35_3_14"},{"num":0.9,"categoryName":"Andre Emmett","name":"2_35_3_15"}],"name":"2_35_3_0"},{"num":88.4,"categoryName":"New_Orleans_Hornets","children":[{"num":18.9,"categoryName":"Baron Davis","name":"2_35_4_1"},{"num":14.2,"categoryName":"Lee Nailon","name":"2_35_4_2"},{"num":13.9,"categoryName":"David Wesley","name":"2_35_4_3"},{"num":13.2,"categoryName":"Dan Dickau","name":"2_35_4_4"},{"num":11.7,"categoryName":"Jamaal Magloire","name":"2_35_4_5"},{"num":10.8,"categoryName":"P.J. Brown","name":"2_35_4_6"},{"num":10.3,"categoryName":"J.R. Smith","name":"2_35_4_7"},{"num":10.1,"categoryName":"Darrell Armstrong","name":"2_35_4_8"},{"num":9.2,"categoryName":"Rodney Rogers","name":"2_35_4_9"},{"num":8.1,"categoryName":"Bostjan Nachbar","name":"2_35_4_10"},{"num":7.7,"categoryName":"Chris Andersen","name":"2_35_4_11"},{"num":7.6,"categoryName":"Casey Jacobsen","name":"2_35_4_12"},{"num":6.8,"categoryName":"Speedy Claxton","name":"2_35_4_13"},{"num":6.2,"categoryName":"David West","name":"2_35_4_14"},{"num":5.6,"categoryName":"Junior Harrington","name":"2_35_4_15"},{"num":5.5,"categoryName":"Alex Garcia","name":"2_35_4_16"},{"num":5.4,"categoryName":"Jackson Vroman","name":"2_35_4_17"},{"num":4,"categoryName":"Matt Freije","name":"2_35_4_18"},{"num":3.7,"categoryName":"George Lynch","name":"2_35_4_19"},{"num":3.4,"categoryName":"Maciej Lampe","name":"2_35_4_20"},{"num":2.7,"categoryName":"Corsley Edwards","name":"2_35_4_21"},{"num":1.5,"categoryName":"Lonny Baxter","name":"2_35_4_22"}],"name":"2_35_4_0"},{"num":96.2,"categoryName":"San_Antonio_Spurs","children":[{"num":20.3,"categoryName":"Tim Duncan","name":"2_35_5_1"},{"num":16.6,"categoryName":"Tony Parker","name":"2_35_5_2"},{"num":16,"categoryName":"Manu Ginobili","name":"2_35_5_3"},{"num":10,"categoryName":"Glenn Robinson","name":"2_35_5_4"},{"num":8.2,"categoryName":"Bruce Bowen","name":"2_35_5_5"},{"num":7.4,"categoryName":"Brent Barry","name":"2_35_5_6"},{"num":7.4,"categoryName":"Devin Brown","name":"2_35_5_7"},{"num":6.3,"categoryName":"Malik Rose","name":"2_35_5_8"},{"num":6.2,"categoryName":"Nazr Mohammed","name":"2_35_5_9"},{"num":6,"categoryName":"Robert Horry","name":"2_35_5_10"},{"num":5.9,"categoryName":"Beno Udrih","name":"2_35_5_11"},{"num":5.9,"categoryName":"Rasho Nesterovic","name":"2_35_5_12"},{"num":3.6,"categoryName":"Dion Glover","name":"2_35_5_13"},{"num":3.3,"categoryName":"Sean Marks","name":"2_35_5_14"},{"num":3.2,"categoryName":"Tony Massenburg","name":"2_35_5_15"},{"num":1.7,"categoryName":"Mike Wilks","name":"2_35_5_16"},{"num":0,"categoryName":"Linton Johnson","name":"2_35_5_17"}],"name":"2_35_5_0"}],"name":"2_35_0_0","num":475.59999999999997}],"name":"2_0_0_0","num":1463.8999999999999}],"num":2915.7}