{"year":2010,"name":"root","categoryName":"root","children":[{"categoryName":"Eastern","children":[{"categoryName":"Southeast","children":[{"num":95,"categoryName":"Atlanta_Hawks","children":[{"num":18.2,"categoryName":"Joe Johnson","name":"1_16_1_21"},{"num":16.5,"categoryName":"Josh Smith","name":"1_16_1_6"},{"num":15.3,"categoryName":"Al Horford","name":"1_16_1_40"},{"num":14.2,"categoryName":"Jamal Crawford","name":"1_16_1_48"},{"num":10.4,"categoryName":"Marvin Williams","name":"1_16_1_24"},{"num":9.4,"categoryName":"Mike Bibby","name":"1_16_1_39"},{"num":8.6,"categoryName":"Kirk Hinrich","name":"1_16_1_52"},{"num":5.2,"categoryName":"Jeff Teague","name":"1_16_1_49"},{"num":4.5,"categoryName":"Maurice Evans","name":"1_16_1_44"},{"num":4.4,"categoryName":"Zaza Pachulia","name":"1_16_1_22"},{"num":4.2,"categoryName":"Jordan Crawford","name":"1_16_1_53"},{"num":4.1,"categoryName":"Josh Powell","name":"1_16_1_54"},{"num":3.5,"categoryName":"Damien Wilkins","name":"1_16_1_55"},{"num":2.5,"categoryName":"Etan Thomas","name":"1_16_1_56"},{"num":2.3,"categoryName":"Pape Sy","name":"1_16_1_57"},{"num":2,"categoryName":"Jason Collins","name":"1_16_1_51"},{"num":1.3,"categoryName":"Hilton Armstrong","name":"1_16_1_58"}],"name":"1_16_1_0"},{"num":93.3,"categoryName":"Charlotte_Bobcats","children":[{"num":18.5,"categoryName":"Stephen Jackson","name":"1_16_2_53"},{"num":15.6,"categoryName":"Gerald Wallace","name":"1_16_2_4"},{"num":14.4,"categoryName":"D.J. Augustin","name":"1_16_2_41"},{"num":11.3,"categoryName":"Boris Diaw","name":"1_16_2_39"},{"num":10.2,"categoryName":"Tyrus Thomas","name":"1_16_2_54"},{"num":9.6,"categoryName":"G. Henderson, Jr.","name":"1_16_2_61"},{"num":9,"categoryName":"Dante Cunningham","name":"1_16_2_63"},{"num":8.5,"categoryName":"D.J. White","name":"1_16_2_64"},{"num":7.9,"categoryName":"Kwame Brown","name":"1_16_2_65"},{"num":7.3,"categoryName":"Nazr Mohammed","name":"1_16_2_35"},{"num":6.6,"categoryName":"Shaun Livingston","name":"1_16_2_66"},{"num":4.4,"categoryName":"Matt Carroll","name":"1_16_2_9"},{"num":3.7,"categoryName":"Derrick Brown","name":"1_16_2_60"},{"num":3.3,"categoryName":"Dominic McGuire","name":"1_16_2_67"},{"num":3.2,"categoryName":"Garrett Temple","name":"1_16_2_68"},{"num":2.2,"categoryName":"Eduardo Najera","name":"1_16_2_69"},{"num":1.8,"categoryName":"Joel Przybilla","name":"1_16_2_70"},{"num":1.3,"categoryName":"DeSagana Diop","name":"1_16_2_46"},{"num":0.9,"categoryName":"Sherron Collins","name":"1_16_2_71"}],"name":"1_16_2_0"},{"num":102.1,"categoryName":"Miami_Heat","children":[{"num":26.7,"categoryName":"LeBron James","name":"1_16_3_48"},{"num":25.5,"categoryName":"Dwyane Wade","name":"1_16_3_1"},{"num":18.7,"categoryName":"Chris Bosh","name":"1_16_3_49"},{"num":8,"categoryName":"Udonis Haslem","name":"1_16_3_5"},{"num":7.3,"categoryName":"Mike Bibby","name":"1_16_3_50"},{"num":6.5,"categoryName":"Eddie House","name":"1_16_3_51"},{"num":6.4,"categoryName":"Mario Chalmers","name":"1_16_3_33"},{"num":5.9,"categoryName":"James Jones","name":"1_16_3_37"},{"num":5.6,"categoryName":"Carlos Arroyo","name":"1_16_3_47"},{"num":5.6,"categoryName":"Mike Miller","name":"1_16_3_52"},{"num":5,"categoryName":"Zydrunas Ilgauskas","name":"1_16_3_53"},{"num":2.5,"categoryName":"Erick Dampier","name":"1_16_3_54"},{"num":2.4,"categoryName":"Juwan Howard","name":"1_16_3_55"},{"num":2,"categoryName":"Joel Anthony","name":"1_16_3_43"},{"num":1.9,"categoryName":"Jamaal Magloire","name":"1_16_3_40"},{"num":1.7,"categoryName":"Jerry Stackhouse","name":"1_16_3_56"},{"num":1,"categoryName":"Dexter Pittman","name":"1_16_3_57"}],"name":"1_16_3_0"},{"num":99.2,"categoryName":"Orlando_Magic","children":[{"num":22.9,"categoryName":"Dwight Howard","name":"1_16_4_5"},{"num":15.1,"categoryName":"Vince Carter","name":"1_16_4_39"},{"num":13.9,"categoryName":"Jason Richardson","name":"1_16_4_44"},{"num":13.1,"categoryName":"Jameer Nelson","name":"1_16_4_6"},{"num":12.2,"categoryName":"Rashard Lewis","name":"1_16_4_29"},{"num":11.4,"categoryName":"Hedo Turkoglu","name":"1_16_4_4"},{"num":11.2,"categoryName":"Brandon Bass","name":"1_16_4_43"},{"num":10.6,"categoryName":"Ryan Anderson","name":"1_16_4_41"},{"num":10.1,"categoryName":"J.J. Redick","name":"1_16_4_26"},{"num":8,"categoryName":"Gilbert Arenas","name":"1_16_4_45"},{"num":6.7,"categoryName":"Mickael Pietrus","name":"1_16_4_31"},{"num":4.4,"categoryName":"Quentin Richardson","name":"1_16_4_46"},{"num":4.1,"categoryName":"Earl Clark","name":"1_16_4_47"},{"num":4,"categoryName":"Marcin Gortat","name":"1_16_4_34"},{"num":2.5,"categoryName":"Chris Duhon","name":"1_16_4_48"},{"num":2.1,"categoryName":"Jason Williams","name":"1_16_4_42"},{"num":1.3,"categoryName":"Malik Allen","name":"1_16_4_49"}],"name":"1_16_4_0"},{"num":97.3,"categoryName":"Washington_Wizards","children":[{"num":17.4,"categoryName":"Nick Young","name":"1_16_5_30"},{"num":17.3,"categoryName":"Gilbert Arenas","name":"1_16_5_1"},{"num":16.8,"categoryName":"Andray Blatche","name":"1_16_5_21"},{"num":16.4,"categoryName":"John Wall","name":"1_16_5_51"},{"num":16.3,"categoryName":"Jordan Crawford","name":"1_16_5_52"},{"num":11.4,"categoryName":"Rashard Lewis","name":"1_16_5_53"},{"num":11.1,"categoryName":"Kirk Hinrich","name":"1_16_5_54"},{"num":10.1,"categoryName":"JaVale McGee","name":"1_16_5_32"},{"num":9.7,"categoryName":"Maurice Evans","name":"1_16_5_55"},{"num":8.4,"categoryName":"Josh Howard","name":"1_16_5_37"},{"num":8,"categoryName":"Al Thornton","name":"1_16_5_39"},{"num":6.2,"categoryName":"Larry Owens","name":"1_16_5_56"},{"num":5.7,"categoryName":"Othyus Jeffers","name":"1_16_5_57"},{"num":5.6,"categoryName":"Yi Jianlian","name":"1_16_5_58"},{"num":5.3,"categoryName":"Trevor Booker","name":"1_16_5_59"},{"num":4,"categoryName":"Cartier Martin","name":"1_16_5_44"},{"num":2.9,"categoryName":"Alonzo Gee","name":"1_16_5_42"},{"num":2.7,"categoryName":"Kevin Seraphin","name":"1_16_5_60"},{"num":2.3,"categoryName":"Mustafa Shakur","name":"1_16_5_61"},{"num":1.9,"categoryName":"Hilton Armstrong","name":"1_16_5_62"},{"num":1.6,"categoryName":"Lester Hudson","name":"1_16_5_63"},{"num":1,"categoryName":"Mike Bibby","name":"1_16_5_64"},{"num":0.9,"categoryName":"Hamady N'Diaye","name":"1_16_5_65"}],"name":"1_16_5_0"}],"name":"1_16_0_0","num":486.9},{"categoryName":"Atlantic","children":[{"num":96.5,"categoryName":"Boston_Celtics","children":[{"num":18.9,"categoryName":"Paul Pierce","name":"1_14_1_164"},{"num":16.5,"categoryName":"Ray Allen","name":"1_14_1_233"},{"num":14.9,"categoryName":"Kevin Garnett","name":"1_14_1_232"},{"num":11.7,"categoryName":"Glen Davis","name":"1_14_1_237"},{"num":10.6,"categoryName":"Rajon Rondo","name":"1_14_1_226"},{"num":9.8,"categoryName":"Jeff Green","name":"1_14_1_253"},{"num":9.2,"categoryName":"Shaquille O'Neal","name":"1_14_1_254"},{"num":9.1,"categoryName":"Nenad Krstic","name":"1_14_1_255"},{"num":7.3,"categoryName":"Kendrick Perkins","name":"1_14_1_210"},{"num":7.1,"categoryName":"Nate Robinson","name":"1_14_1_247"},{"num":5.6,"categoryName":"Delonte West","name":"1_14_1_215"},{"num":5.5,"categoryName":"Marquis Daniels","name":"1_14_1_248"},{"num":5.4,"categoryName":"Jermaine O'Neal","name":"1_14_1_256"},{"num":4.1,"categoryName":"Semih Erden","name":"1_14_1_257"},{"num":3.2,"categoryName":"Von Wafer","name":"1_14_1_258"},{"num":2.6,"categoryName":"Troy Murphy","name":"1_14_1_259"},{"num":2.4,"categoryName":"Carlos Arroyo","name":"1_14_1_260"},{"num":2.3,"categoryName":"Luke Harangody","name":"1_14_1_261"},{"num":1.8,"categoryName":"Sasha Pavlovic","name":"1_14_1_262"},{"num":1.7,"categoryName":"Avery Bradley","name":"1_14_1_263"},{"num":1.5,"categoryName":"Chris Johnson","name":"1_14_1_264"}],"name":"1_14_1_0"},{"num":94.2,"categoryName":"New_Jersey_Nets","children":[{"num":20.4,"categoryName":"Brook Lopez","name":"1_14_6_250"},{"num":15,"categoryName":"Devin Harris","name":"1_14_6_249"},{"num":15,"categoryName":"Deron Williams","name":"1_14_6_268"},{"num":13.2,"categoryName":"Anthony Morrow","name":"1_14_6_269"},{"num":11.4,"categoryName":"Sasha Vujacic","name":"1_14_6_270"},{"num":10,"categoryName":"Kris Humphries","name":"1_14_6_265"},{"num":9.6,"categoryName":"Jordan Farmar","name":"1_14_6_271"},{"num":9.2,"categoryName":"Travis Outlaw","name":"1_14_6_272"},{"num":6.7,"categoryName":"Terrence Williams","name":"1_14_6_264"},{"num":6.3,"categoryName":"Derrick Favors","name":"1_14_6_273"},{"num":5.5,"categoryName":"Sundiata Gaines","name":"1_14_6_274"},{"num":4.4,"categoryName":"Damion James","name":"1_14_6_275"},{"num":3.8,"categoryName":"Ben Uzoh","name":"1_14_6_276"},{"num":3.7,"categoryName":"Mario West","name":"1_14_6_277"},{"num":3.6,"categoryName":"Brandan Wright","name":"1_14_6_278"},{"num":3.6,"categoryName":"Troy Murphy","name":"1_14_6_279"},{"num":3.5,"categoryName":"Johan Petro","name":"1_14_6_280"},{"num":3.4,"categoryName":"Stephen Graham","name":"1_14_6_281"},{"num":2.8,"categoryName":"Dan Gadzuric","name":"1_14_6_282"},{"num":1.6,"categoryName":"Quinton Ross","name":"1_14_6_283"},{"num":1,"categoryName":"Orien Greene","name":"1_14_6_284"},{"num":0.5,"categoryName":"Joe Smith","name":"1_14_6_285"}],"name":"1_14_6_0"},{"num":106.5,"categoryName":"New_York_Knicks","children":[{"num":26.3,"categoryName":"Carmelo Anthony","name":"1_14_3_253"},{"num":25.3,"categoryName":"Amar'e Stoudemire","name":"1_14_3_254"},{"num":17.5,"categoryName":"Chauncey Billups","name":"1_14_3_255"},{"num":17.1,"categoryName":"Raymond Felton","name":"1_14_3_256"},{"num":16.4,"categoryName":"Wilson Chandler","name":"1_14_3_231"},{"num":15.9,"categoryName":"Danilo Gallinari","name":"1_14_3_234"},{"num":10.6,"categoryName":"Toney Douglas","name":"1_14_3_245"},{"num":9.7,"categoryName":"Landry Fields","name":"1_14_3_257"},{"num":7.1,"categoryName":"Shawne Williams","name":"1_14_3_258"},{"num":4.9,"categoryName":"Henry Walker","name":"1_14_3_242"},{"num":4.4,"categoryName":"Anthony Carter","name":"1_14_3_259"},{"num":4.3,"categoryName":"Derrick Brown","name":"1_14_3_260"},{"num":4.2,"categoryName":"Ronny Turiaf","name":"1_14_3_261"},{"num":4,"categoryName":"Timofey Mozgov","name":"1_14_3_262"},{"num":3.9,"categoryName":"Shelden Williams","name":"1_14_3_263"},{"num":2.9,"categoryName":"Roger Mason","name":"1_14_3_264"},{"num":2.1,"categoryName":"Anthony Randolph","name":"1_14_3_265"},{"num":2,"categoryName":"Jared Jeffries","name":"1_14_3_226"},{"num":1.6,"categoryName":"Andy Rautins","name":"1_14_3_266"},{"num":1,"categoryName":"Renaldo Balkman","name":"1_14_3_224"}],"name":"1_14_3_0"},{"num":99,"categoryName":"Philadelphia_76ers","children":[{"num":15,"categoryName":"Elton Brand","name":"1_14_4_296"},{"num":14.1,"categoryName":"Andre Iguodala","name":"1_14_4_277"},{"num":14,"categoryName":"Jrue Holiday","name":"1_14_4_302"},{"num":13.7,"categoryName":"Lou Williams","name":"1_14_4_286"},{"num":12.7,"categoryName":"Thaddeus Young","name":"1_14_4_295"},{"num":10.5,"categoryName":"Jodie Meeks","name":"1_14_4_303"},{"num":7.2,"categoryName":"Evan Turner","name":"1_14_4_308"},{"num":7.2,"categoryName":"Spencer Hawes","name":"1_14_4_309"},{"num":6.1,"categoryName":"Andres Nocioni","name":"1_14_4_310"},{"num":5.4,"categoryName":"Marreese Speights","name":"1_14_4_297"},{"num":2.7,"categoryName":"Craig Brackins","name":"1_14_4_311"},{"num":2.6,"categoryName":"Tony Battie","name":"1_14_4_312"},{"num":1.6,"categoryName":"Darius Songaila","name":"1_14_4_313"},{"num":1.5,"categoryName":"Antonio Daniels","name":"1_14_4_314"},{"num":0.7,"categoryName":"Jason Kapono","name":"1_14_4_304"}],"name":"1_14_4_0"},{"num":99.1,"categoryName":"Toronto_Raptors","children":[{"num":21.4,"categoryName":"Andrea Bargnani","name":"1_14_12_27"},{"num":17.2,"categoryName":"DeMar DeRozan","name":"1_14_12_51"},{"num":13.3,"categoryName":"Leandro Barbosa","name":"1_14_12_57"},{"num":11.2,"categoryName":"Linas Kleiza","name":"1_14_12_58"},{"num":10.8,"categoryName":"Jarrett Jack","name":"1_14_12_49"},{"num":10,"categoryName":"Jerryd Bayless","name":"1_14_12_59"},{"num":10,"categoryName":"Peja Stojakovic","name":"1_14_12_60"},{"num":9.8,"categoryName":"Jose Calderon","name":"1_14_12_20"},{"num":9.6,"categoryName":"Amir Johnson","name":"1_14_12_55"},{"num":9.2,"categoryName":"Sonny Weems","name":"1_14_12_52"},{"num":9.2,"categoryName":"James Johnson","name":"1_14_12_61"},{"num":7.7,"categoryName":"Ed Davis","name":"1_14_12_62"},{"num":5.8,"categoryName":"Sundiata Gaines","name":"1_14_12_63"},{"num":5.1,"categoryName":"David Andersen","name":"1_14_12_64"},{"num":4.8,"categoryName":"Alexis Ajinca","name":"1_14_12_65"},{"num":4.4,"categoryName":"Reggie Evans","name":"1_14_12_56"},{"num":4,"categoryName":"Trey Johnson","name":"1_14_12_66"},{"num":3.6,"categoryName":"Julian Wright","name":"1_14_12_67"},{"num":3.1,"categoryName":"Joey Dorsey","name":"1_14_12_68"},{"num":2,"categoryName":"Marcus Banks","name":"1_14_12_45"},{"num":0.7,"categoryName":"Ronald Dupree","name":"1_14_12_69"},{"num":0.5,"categoryName":"Solomon Alabi","name":"1_14_12_70"}],"name":"1_14_12_0"}],"name":"1_14_0_0","num":495.29999999999995},{"categoryName":"Central","children":[{"num":98.6,"categoryName":"Chicago_Bulls","children":[{"num":25,"categoryName":"Derrick Rose","name":"1_15_12_203"},{"num":17.5,"categoryName":"Carlos Boozer","name":"1_15_12_214"},{"num":17.4,"categoryName":"Luol Deng","name":"1_15_12_168"},{"num":11.7,"categoryName":"Joakim Noah","name":"1_15_12_196"},{"num":8.3,"categoryName":"Kyle Korver","name":"1_15_12_215"},{"num":7.1,"categoryName":"Taj Gibson","name":"1_15_12_207"},{"num":6.2,"categoryName":"Ronnie Brewer","name":"1_15_12_216"},{"num":4.9,"categoryName":"C.J. Watson","name":"1_15_12_217"},{"num":4.4,"categoryName":"Keith Bogans","name":"1_15_12_218"},{"num":4.1,"categoryName":"Kurt Thomas","name":"1_15_12_219"},{"num":3.2,"categoryName":"James Johnson","name":"1_15_12_210"},{"num":2.8,"categoryName":"Omer Asik","name":"1_15_12_220"},{"num":2.7,"categoryName":"Rasual Butler","name":"1_15_12_221"},{"num":1.1,"categoryName":"Brian Scalabrine","name":"1_15_12_222"},{"num":1,"categoryName":"John Lucas III","name":"1_15_12_223"}],"name":"1_15_12_0"},{"num":95.5,"categoryName":"Cleveland_Cavaliers","children":[{"num":18,"categoryName":"Antawn Jamison","name":"1_15_4_286"},{"num":13.9,"categoryName":"Baron Davis","name":"1_15_4_295"},{"num":13.8,"categoryName":"J.J. Hickson","name":"1_15_4_280"},{"num":13.3,"categoryName":"Ramon Sessions","name":"1_15_4_296"},{"num":13.3,"categoryName":"Mo Williams","name":"1_15_4_279"},{"num":11.6,"categoryName":"Daniel Gibson","name":"1_15_4_264"},{"num":9.1,"categoryName":"Anderson Varejao","name":"1_15_4_247"},{"num":8.3,"categoryName":"Anthony Parker","name":"1_15_4_289"},{"num":7.8,"categoryName":"Samardo Samuels","name":"1_15_4_297"},{"num":7.4,"categoryName":"Alonzo Gee","name":"1_15_4_298"},{"num":6.9,"categoryName":"Christian Eyenga","name":"1_15_4_299"},{"num":6.2,"categoryName":"Luke Harangody","name":"1_15_4_300"},{"num":5.9,"categoryName":"Manny Harris","name":"1_15_4_301"},{"num":5.3,"categoryName":"Ryan Hollins","name":"1_15_4_302"},{"num":5.2,"categoryName":"Joey Graham","name":"1_15_4_303"},{"num":5,"categoryName":"Leon Powe","name":"1_15_4_291"},{"num":4.7,"categoryName":"Jamario Moon","name":"1_15_4_290"},{"num":4,"categoryName":"Jawad Williams","name":"1_15_4_284"},{"num":3.3,"categoryName":"Semih Erden","name":"1_15_4_304"}],"name":"1_15_4_0"},{"num":97,"categoryName":"Detroit_Pistons","children":[{"num":15.5,"categoryName":"Rodney Stuckey","name":"1_15_10_224"},{"num":14.1,"categoryName":"Richard Hamilton","name":"1_15_10_191"},{"num":14.1,"categoryName":"Tayshaun Prince","name":"1_15_10_194"},{"num":11.2,"categoryName":"Ben Gordon","name":"1_15_10_235"},{"num":11.1,"categoryName":"Charlie Villanueva","name":"1_15_10_236"},{"num":9.4,"categoryName":"Greg Monroe","name":"1_15_10_241"},{"num":8,"categoryName":"Tracy McGrady","name":"1_15_10_242"},{"num":7.9,"categoryName":"Will Bynum","name":"1_15_10_232"},{"num":7.5,"categoryName":"Austin Daye","name":"1_15_10_238"},{"num":7.4,"categoryName":"Chris Wilcox","name":"1_15_10_239"},{"num":4.2,"categoryName":"Jason Maxiell","name":"1_15_10_217"},{"num":3.4,"categoryName":"DaJuan Summers","name":"1_15_10_240"},{"num":2.9,"categoryName":"Ben Wallace","name":"1_15_10_177"}],"name":"1_15_10_0"},{"num":99.8,"categoryName":"Indiana_Pacers","children":[{"num":20.5,"categoryName":"Danny Granger","name":"1_15_11_159"},{"num":13.2,"categoryName":"Darren Collison","name":"1_15_11_187"},{"num":12.7,"categoryName":"Roy Hibbert","name":"1_15_11_176"},{"num":11.2,"categoryName":"Mike Dunleavy, Jr.","name":"1_15_11_162"},{"num":11,"categoryName":"Tyler Hansbrough","name":"1_15_11_182"},{"num":9.1,"categoryName":"Brandon Rush","name":"1_15_11_175"},{"num":7.8,"categoryName":"Paul George","name":"1_15_11_188"},{"num":7.4,"categoryName":"Josh McRoberts","name":"1_15_11_180"},{"num":6.5,"categoryName":"A.J. Price","name":"1_15_11_185"},{"num":6.3,"categoryName":"Dahntay Jones","name":"1_15_11_181"},{"num":5.4,"categoryName":"T.J. Ford","name":"1_15_11_173"},{"num":4.9,"categoryName":"James Posey","name":"1_15_11_189"},{"num":3.6,"categoryName":"Solomon Jones","name":"1_15_11_186"},{"num":3.3,"categoryName":"Jeff Foster","name":"1_15_11_127"},{"num":3.1,"categoryName":"Lance Stephenson","name":"1_15_11_190"}],"name":"1_15_11_0"},{"num":91.9,"categoryName":"Milwaukee_Bucks","children":[{"num":16.2,"categoryName":"Brandon Jennings","name":"1_15_13_228"},{"num":14,"categoryName":"John Salmons","name":"1_15_13_227"},{"num":12.8,"categoryName":"Andrew Bogut","name":"1_15_13_199"},{"num":12,"categoryName":"Corey Maggette","name":"1_15_13_238"},{"num":11.5,"categoryName":"Carlos Delfino","name":"1_15_13_229"},{"num":11.3,"categoryName":"Drew Gooden","name":"1_15_13_239"},{"num":9.5,"categoryName":"Ersan Ilyasova","name":"1_15_13_208"},{"num":7.3,"categoryName":"C. Douglas-Roberts","name":"1_15_13_240"},{"num":7.2,"categoryName":"Earl Boykins","name":"1_15_13_206"},{"num":7.1,"categoryName":"Keyon Dooling","name":"1_15_13_241"},{"num":6.7,"categoryName":"Luc Mbah a Moute","name":"1_15_13_219"},{"num":5.1,"categoryName":"Earl Barron","name":"1_15_13_242"},{"num":4.4,"categoryName":"Michael Redd","name":"1_15_13_166"},{"num":4.3,"categoryName":"Larry Sanders","name":"1_15_13_243"},{"num":2.2,"categoryName":"Jon Brockman","name":"1_15_13_244"},{"num":1.9,"categoryName":"Garrett Temple","name":"1_15_13_245"},{"num":0,"categoryName":"Brian Skinner","name":"1_15_13_181"}],"name":"1_15_13_0"}],"name":"1_15_0_0","num":482.80000000000007}],"name":"1_0_0_0","num":1465},{"categoryName":"Western","children":[{"categoryName":"Northwest","children":[{"num":107.5,"categoryName":"Denver_Nuggets","children":[{"num":25.2,"categoryName":"Carmelo Anthony","name":"2_34_1_1"},{"num":16.5,"categoryName":"Chauncey Billups","name":"2_34_1_39"},{"num":14.7,"categoryName":"Danilo Gallinari","name":"2_34_1_52"},{"num":14.5,"categoryName":" Nene","name":"2_34_1_7"},{"num":12.6,"categoryName":"Arron Afflalo","name":"2_34_1_48"},{"num":12.5,"categoryName":"Wilson Chandler","name":"2_34_1_53"},{"num":12.3,"categoryName":"J.R. Smith","name":"2_34_1_26"},{"num":11.7,"categoryName":"Ty Lawson","name":"2_34_1_49"},{"num":11.5,"categoryName":"Raymond Felton","name":"2_34_1_54"},{"num":10.5,"categoryName":"Al Harrington","name":"2_34_1_55"},{"num":8.6,"categoryName":"Kenyon Martin","name":"2_34_1_2"},{"num":5.6,"categoryName":"Chris Andersen","name":"2_34_1_40"},{"num":5.2,"categoryName":"Gary Forbes","name":"2_34_1_56"},{"num":4.9,"categoryName":"Kosta Koufos","name":"2_34_1_57"},{"num":4.7,"categoryName":"Shelden Williams","name":"2_34_1_58"},{"num":2.6,"categoryName":"Renaldo Balkman","name":"2_34_1_42"},{"num":2.5,"categoryName":"Timofey Mozgov","name":"2_34_1_59"},{"num":2.3,"categoryName":"Melvin Ely","name":"2_34_1_60"},{"num":1.9,"categoryName":"Anthony Carter","name":"2_34_1_30"}],"name":"2_34_1_0"},{"num":101.1,"categoryName":"Minnesota_Timberwolves","children":[{"num":20.2,"categoryName":"Kevin Love","name":"2_34_2_30"},{"num":19.2,"categoryName":"Michael Beasley","name":"2_34_2_52"},{"num":11.8,"categoryName":"Luke Ridnour","name":"2_34_2_53"},{"num":11.7,"categoryName":"Anthony Randolph","name":"2_34_2_54"},{"num":9.8,"categoryName":"Martell Webster","name":"2_34_2_55"},{"num":9,"categoryName":"Wesley Johnson","name":"2_34_2_56"},{"num":8.8,"categoryName":"Darko Milicic","name":"2_34_2_42"},{"num":8.6,"categoryName":"Corey Brewer","name":"2_34_2_34"},{"num":7.2,"categoryName":"Sebastian Telfair","name":"2_34_2_32"},{"num":6.7,"categoryName":"Anthony Tolliver","name":"2_34_2_57"},{"num":6.6,"categoryName":"Wayne Ellington","name":"2_34_2_44"},{"num":5.5,"categoryName":"Nikola Pekovic","name":"2_34_2_58"},{"num":5.3,"categoryName":"Jonny Flynn","name":"2_34_2_41"},{"num":3.8,"categoryName":"Lazar Hayward","name":"2_34_2_59"},{"num":3.8,"categoryName":"Maurice Ager","name":"2_34_2_60"},{"num":2.7,"categoryName":"Kosta Koufos","name":"2_34_2_61"},{"num":2.6,"categoryName":"Sundiata Gaines","name":"2_34_2_62"}],"name":"2_34_2_0"},{"num":104.8,"categoryName":"Oklahoma_City_Thunder","children":[{"num":27.7,"categoryName":"Kevin Durant","name":"2_34_6_1"},{"num":21.9,"categoryName":"Russell Westbrook","name":"2_34_6_3"},{"num":15.2,"categoryName":"Jeff Green","name":"2_34_6_2"},{"num":12.2,"categoryName":"James Harden","name":"2_34_6_21"},{"num":9.9,"categoryName":"Serge Ibaka","name":"2_34_6_22"},{"num":7.6,"categoryName":"Nenad Krstic","name":"2_34_6_4"},{"num":6.9,"categoryName":"Nazr Mohammed","name":"2_34_6_30"},{"num":5.6,"categoryName":"Daequan Cook","name":"2_34_6_31"},{"num":5.1,"categoryName":"Kendrick Perkins","name":"2_34_6_32"},{"num":5.1,"categoryName":"Thabo Sefolosha","name":"2_34_6_6"},{"num":4.6,"categoryName":"Nick Collison","name":"2_34_6_8"},{"num":4.2,"categoryName":"Eric Maynor","name":"2_34_6_23"},{"num":3.3,"categoryName":"Nate Robinson","name":"2_34_6_33"},{"num":2.8,"categoryName":"D.J. White","name":"2_34_6_5"},{"num":1.9,"categoryName":"Byron Mullens","name":"2_34_6_29"},{"num":1.6,"categoryName":"Royal Ivey","name":"2_34_6_34"},{"num":1,"categoryName":"Morris Peterson","name":"2_34_6_35"},{"num":1,"categoryName":"Cole Aldrich","name":"2_34_6_36"}],"name":"2_34_6_0"},{"num":96.3,"categoryName":"Portland_Trail_Blazers","children":[{"num":21.8,"categoryName":"LaMarcus Aldridge","name":"2_34_3_27"},{"num":15.9,"categoryName":"Wesley Matthews","name":"2_34_3_53"},{"num":15.8,"categoryName":"Gerald Wallace","name":"2_34_3_54"},{"num":12.7,"categoryName":"Andre Miller","name":"2_34_3_45"},{"num":12.4,"categoryName":"Nicolas Batum","name":"2_34_3_39"},{"num":12.2,"categoryName":"Brandon Roy","name":"2_34_3_26"},{"num":8.6,"categoryName":"Rudy Fernandez","name":"2_34_3_37"},{"num":5.5,"categoryName":"Patty Mills","name":"2_34_3_50"},{"num":5.1,"categoryName":"Dante Cunningham","name":"2_34_3_48"},{"num":4.7,"categoryName":"Marcus Camby","name":"2_34_3_46"},{"num":3.5,"categoryName":"Earl Barron","name":"2_34_3_55"},{"num":2.9,"categoryName":"Armon Johnson","name":"2_34_3_56"},{"num":2,"categoryName":"Chris Johnson","name":"2_34_3_57"},{"num":1.8,"categoryName":"Joel Przybilla","name":"2_34_3_9"},{"num":1.6,"categoryName":"Sean Marks","name":"2_34_3_58"},{"num":1.5,"categoryName":"Luke Babbitt","name":"2_34_3_59"},{"num":1.4,"categoryName":"Fabricio Oberto","name":"2_34_3_60"},{"num":0.4,"categoryName":"Jarron Collins","name":"2_34_3_61"}],"name":"2_34_3_0"},{"num":99.4,"categoryName":"Utah_Jazz","children":[{"num":21.3,"categoryName":"Deron Williams","name":"2_34_5_18"},{"num":18.6,"categoryName":"Al Jefferson","name":"2_34_5_42"},{"num":17.3,"categoryName":"Paul Millsap","name":"2_34_5_26"},{"num":15.8,"categoryName":"Devin Harris","name":"2_34_5_43"},{"num":12.8,"categoryName":"C.J. Miles","name":"2_34_5_21"},{"num":11.7,"categoryName":"Andrei Kirilenko","name":"2_34_5_2"},{"num":8.2,"categoryName":"Derrick Favors","name":"2_34_5_44"},{"num":8,"categoryName":"Raja Bell","name":"2_34_5_5"},{"num":5.6,"categoryName":"Kyle Weaver","name":"2_34_5_45"},{"num":5.4,"categoryName":"Gordon Hayward","name":"2_34_5_46"},{"num":4.9,"categoryName":"Mehmet Okur","name":"2_34_5_4"},{"num":4.3,"categoryName":"Earl Watson","name":"2_34_5_47"},{"num":3.6,"categoryName":"Jeremy Evans","name":"2_34_5_48"},{"num":3.3,"categoryName":"Ronnie Price","name":"2_34_5_34"},{"num":2.2,"categoryName":"Francisco Elson","name":"2_34_5_49"},{"num":2,"categoryName":"Kyrylo Fesenko","name":"2_34_5_37"},{"num":1,"categoryName":"Marcus Cousin","name":"2_34_5_50"}],"name":"2_34_5_0"}],"name":"2_34_0_0","num":509.1},{"categoryName":"Pacific","children":[{"num":103.4,"categoryName":"Golden_State_Warriors","children":[{"num":24.1,"categoryName":"Monta Ellis","name":"2_33_6_268"},{"num":18.6,"categoryName":"Stephen Curry","name":"2_33_6_300"},{"num":16.5,"categoryName":"David Lee","name":"2_33_6_311"},{"num":16.4,"categoryName":"Dorell Wright","name":"2_33_6_312"},{"num":9.2,"categoryName":"Reggie Williams","name":"2_33_6_301"},{"num":6,"categoryName":"Al Thornton","name":"2_33_6_313"},{"num":5.1,"categoryName":"Acie Law","name":"2_33_6_307"},{"num":5.1,"categoryName":"V. Radmanovic","name":"2_33_6_306"},{"num":5,"categoryName":"Rodney Carney","name":"2_33_6_314"},{"num":5,"categoryName":"Andris Biedrins","name":"2_33_6_261"},{"num":4.3,"categoryName":"Lou Amundson","name":"2_33_6_315"},{"num":4.1,"categoryName":"Ekpe Udoh","name":"2_33_6_316"},{"num":4,"categoryName":"Brandan Wright","name":"2_33_6_283"},{"num":2.8,"categoryName":"Dan Gadzuric","name":"2_33_6_317"},{"num":2.6,"categoryName":"Jeremy Lin","name":"2_33_6_318"},{"num":2.5,"categoryName":"Jeff Adrien","name":"2_33_6_319"},{"num":1.7,"categoryName":"Charlie Bell","name":"2_33_6_320"}],"name":"2_33_6_0"},{"num":98.6,"categoryName":"Los_Angeles_Clippers","children":[{"num":22.5,"categoryName":"Blake Griffin","name":"2_33_10_219"},{"num":22.3,"categoryName":"Eric Gordon","name":"2_33_10_199"},{"num":15.2,"categoryName":"Mo Williams","name":"2_33_10_220"},{"num":12.8,"categoryName":"Baron Davis","name":"2_33_10_200"},{"num":12.4,"categoryName":"Chris Kaman","name":"2_33_10_162"},{"num":9.8,"categoryName":"Randy Foye","name":"2_33_10_221"},{"num":7.2,"categoryName":"Ryan Gomes","name":"2_33_10_222"},{"num":7.1,"categoryName":"DeAndre Jordan","name":"2_33_10_207"},{"num":6.7,"categoryName":"Eric Bledsoe","name":"2_33_10_223"},{"num":5.8,"categoryName":"Ike Diogu","name":"2_33_10_224"},{"num":5.6,"categoryName":"Al-Farouq Aminu","name":"2_33_10_225"},{"num":5.4,"categoryName":"Craig Smith","name":"2_33_10_213"},{"num":5,"categoryName":"Rasual Butler","name":"2_33_10_211"},{"num":4.8,"categoryName":"Brian Cook","name":"2_33_10_226"},{"num":3.5,"categoryName":"Jamario Moon","name":"2_33_10_227"},{"num":1.9,"categoryName":"Willie Warren","name":"2_33_10_228"},{"num":0.7,"categoryName":"Jarron Collins","name":"2_33_10_229"}],"name":"2_33_10_0"},{"num":101.5,"categoryName":"Los_Angeles_Lakers","children":[{"num":25.3,"categoryName":"Kobe Bryant","name":"2_33_1_159"},{"num":18.8,"categoryName":"Pau Gasol","name":"2_33_1_229"},{"num":14.4,"categoryName":"Lamar Odom","name":"2_33_1_208"},{"num":11.3,"categoryName":"Andrew Bynum","name":"2_33_1_221"},{"num":8.7,"categoryName":"Shannon Brown","name":"2_33_1_232"},{"num":8.5,"categoryName":"Metta World Peace","name":"2_33_1_236"},{"num":6.8,"categoryName":"Derek Fisher","name":"2_33_1_163"},{"num":6.7,"categoryName":"Matt Barnes","name":"2_33_1_237"},{"num":6,"categoryName":"Trey Johnson","name":"2_33_1_238"},{"num":4,"categoryName":"Steve Blake","name":"2_33_1_239"},{"num":3.1,"categoryName":"Devin Ebanks","name":"2_33_1_240"},{"num":2,"categoryName":"Derrick Caracter","name":"2_33_1_241"},{"num":1.8,"categoryName":"Sasha Vujacic","name":"2_33_1_214"},{"num":1.7,"categoryName":"Luke Walton","name":"2_33_1_205"},{"num":0.5,"categoryName":"Joe Smith","name":"2_33_1_242"},{"num":0.2,"categoryName":"Theo Ratliff","name":"2_33_1_243"}],"name":"2_33_1_0"},{"num":105,"categoryName":"Phoenix_Suns","children":[{"num":19.3,"categoryName":"Jason Richardson","name":"2_33_8_239"},{"num":14.7,"categoryName":"Steve Nash","name":"2_33_8_151"},{"num":13.5,"categoryName":"Vince Carter","name":"2_33_8_256"},{"num":13.2,"categoryName":"Grant Hill","name":"2_33_8_240"},{"num":13,"categoryName":"Marcin Gortat","name":"2_33_8_257"},{"num":12.7,"categoryName":"Channing Frye","name":"2_33_8_251"},{"num":10.6,"categoryName":"Jared Dudley","name":"2_33_8_242"},{"num":9.6,"categoryName":"Aaron Brooks","name":"2_33_8_258"},{"num":9.5,"categoryName":"Hedo Turkoglu","name":"2_33_8_259"},{"num":8.4,"categoryName":"Hakim Warrick","name":"2_33_8_260"},{"num":7.4,"categoryName":"Mickael Pietrus","name":"2_33_8_261"},{"num":7.4,"categoryName":"Goran Dragic","name":"2_33_8_244"},{"num":6.4,"categoryName":"Robin Lopez","name":"2_33_8_246"},{"num":5,"categoryName":"Zabian Dowdell","name":"2_33_8_262"},{"num":5,"categoryName":"Josh Childress","name":"2_33_8_263"},{"num":3.2,"categoryName":"Earl Clark","name":"2_33_8_252"},{"num":3,"categoryName":"Earl Barron","name":"2_33_8_264"},{"num":2.1,"categoryName":"Garret Siler","name":"2_33_8_265"},{"num":0,"categoryName":"Gani Lawal","name":"2_33_8_266"}],"name":"2_33_8_0"},{"num":99.4,"categoryName":"Sacramento_Kings","children":[{"num":21.3,"categoryName":"Marcus Thornton","name":"2_33_11_176"},{"num":17.8,"categoryName":"Tyreke Evans","name":"2_33_11_164"},{"num":14.1,"categoryName":"DeMarcus Cousins","name":"2_33_11_177"},{"num":13.7,"categoryName":"Beno Udrih","name":"2_33_11_154"},{"num":11.9,"categoryName":"Carl Landry","name":"2_33_11_165"},{"num":9.7,"categoryName":"Francisco Garcia","name":"2_33_11_140"},{"num":8.8,"categoryName":"Jason Thompson","name":"2_33_11_153"},{"num":8.6,"categoryName":"Omri Casspi","name":"2_33_11_166"},{"num":8.1,"categoryName":"Samuel Dalembert","name":"2_33_11_178"},{"num":7.1,"categoryName":"Jermaine Taylor","name":"2_33_11_179"},{"num":5.8,"categoryName":"Donte Greene","name":"2_33_11_159"},{"num":5.6,"categoryName":"Luther Head","name":"2_33_11_180"},{"num":4.1,"categoryName":"Eugene Jeter","name":"2_33_11_181"},{"num":3.2,"categoryName":"Darnell Jackson","name":"2_33_11_182"},{"num":0.3,"categoryName":"Antoine Wright","name":"2_33_11_183"},{"num":0,"categoryName":"Hassan Whiteside","name":"2_33_11_184"}],"name":"2_33_11_0"}],"name":"2_33_0_0","num":507.9},{"categoryName":"Southwest","children":[{"num":100.2,"categoryName":"Dallas_Mavericks","children":[{"num":23,"categoryName":"Dirk Nowitzki","name":"2_35_1_1"},{"num":15.8,"categoryName":"Jason Terry","name":"2_35_1_5"},{"num":15,"categoryName":"Caron Butler","name":"2_35_1_45"},{"num":12.5,"categoryName":"Shawn Marion","name":"2_35_1_46"},{"num":10.1,"categoryName":"Tyson Chandler","name":"2_35_1_55"},{"num":9.5,"categoryName":"Jose Juan Barea","name":"2_35_1_28"},{"num":8.6,"categoryName":"Peja Stojakovic","name":"2_35_1_56"},{"num":8.4,"categoryName":"Rodrigue Beaubois","name":"2_35_1_50"},{"num":7.9,"categoryName":"Jason Kidd","name":"2_35_1_30"},{"num":5.3,"categoryName":"DeShawn Stevenson","name":"2_35_1_53"},{"num":5.3,"categoryName":"Corey Brewer","name":"2_35_1_57"},{"num":4.4,"categoryName":"Brendan Haywood","name":"2_35_1_48"},{"num":4.1,"categoryName":"Sasha Pavlovic","name":"2_35_1_58"},{"num":3.1,"categoryName":"Ian Mahinmi","name":"2_35_1_59"},{"num":2.9,"categoryName":"Alexis Ajinca","name":"2_35_1_60"},{"num":2.6,"categoryName":"Brian Cardinal","name":"2_35_1_61"},{"num":2.3,"categoryName":"Dominique Jones","name":"2_35_1_62"},{"num":1.6,"categoryName":"Steve Novak","name":"2_35_1_63"}],"name":"2_35_1_0"},{"num":105.9,"categoryName":"Houston_Rockets","children":[{"num":23.5,"categoryName":"Kevin Martin","name":"2_35_2_53"},{"num":18.3,"categoryName":"Luis Scola","name":"2_35_2_44"},{"num":13.5,"categoryName":"Kyle Lowry","name":"2_35_2_48"},{"num":11.6,"categoryName":"Aaron Brooks","name":"2_35_2_45"},{"num":10.2,"categoryName":"Yao Ming","name":"2_35_2_2"},{"num":9.8,"categoryName":"Chase Budinger","name":"2_35_2_55"},{"num":8.6,"categoryName":"Shane Battier","name":"2_35_2_37"},{"num":8.3,"categoryName":"Courtney Lee","name":"2_35_2_65"},{"num":7.9,"categoryName":"Chuck Hayes","name":"2_35_2_30"},{"num":7.7,"categoryName":"Goran Dragic","name":"2_35_2_66"},{"num":6.4,"categoryName":"Brad Miller","name":"2_35_2_67"},{"num":6.3,"categoryName":"Patrick Patterson","name":"2_35_2_68"},{"num":5.6,"categoryName":"Jordan Hill","name":"2_35_2_56"},{"num":4.9,"categoryName":"Jermaine Taylor","name":"2_35_2_60"},{"num":3.5,"categoryName":"Terrence Williams","name":"2_35_2_69"},{"num":2.6,"categoryName":"Ish Smith","name":"2_35_2_70"},{"num":2,"categoryName":"Mike Harris","name":"2_35_2_61"},{"num":1.5,"categoryName":"Jared Jeffries","name":"2_35_2_59"},{"num":0,"categoryName":"DeMarre Carroll","name":"2_35_2_71"},{"num":0,"categoryName":"Hasheem Thabeet","name":"2_35_2_72"}],"name":"2_35_2_0"},{"num":99.9,"categoryName":"Memphis_Grizzlies","children":[{"num":20.1,"categoryName":"Zach Randolph","name":"2_35_3_43"},{"num":19.8,"categoryName":"Rudy Gay","name":"2_35_3_24"},{"num":13.7,"categoryName":"Mike Conley","name":"2_35_3_33"},{"num":11.7,"categoryName":"Marc Gasol","name":"2_35_3_32"},{"num":11.3,"categoryName":"O.J. Mayo","name":"2_35_3_31"},{"num":9.1,"categoryName":"Darrell Arthur","name":"2_35_3_34"},{"num":8.9,"categoryName":"Tony Allen","name":"2_35_3_54"},{"num":7.3,"categoryName":"Sam Young","name":"2_35_3_45"},{"num":5.5,"categoryName":"Leon Powe","name":"2_35_3_55"},{"num":5,"categoryName":"Shane Battier","name":"2_35_3_6"},{"num":4.3,"categoryName":"Xavier Henry","name":"2_35_3_56"},{"num":3.6,"categoryName":"Greivis Vasquez","name":"2_35_3_57"},{"num":2.4,"categoryName":"Hamed Haddadi","name":"2_35_3_40"},{"num":1.9,"categoryName":"Jason Williams","name":"2_35_3_4"},{"num":1.8,"categoryName":"Ish Smith","name":"2_35_3_58"},{"num":1.4,"categoryName":"DeMarre Carroll","name":"2_35_3_50"},{"num":1.2,"categoryName":"Hasheem Thabeet","name":"2_35_3_49"},{"num":1.1,"categoryName":"Acie Law","name":"2_35_3_59"},{"num":1,"categoryName":"Rodney Carney","name":"2_35_3_60"}],"name":"2_35_3_0"},{"num":94.9,"categoryName":"New_Orleans_Hornets","children":[{"num":18.9,"categoryName":"David West","name":"2_35_4_14"},{"num":15.9,"categoryName":"Chris Paul","name":"2_35_4_23"},{"num":11.8,"categoryName":"Carl Landry","name":"2_35_4_44"},{"num":11,"categoryName":"Trevor Ariza","name":"2_35_4_45"},{"num":10.5,"categoryName":"Marco Belinelli","name":"2_35_4_46"},{"num":10.3,"categoryName":"Emeka Okafor","name":"2_35_4_39"},{"num":8.7,"categoryName":"Willie Green","name":"2_35_4_47"},{"num":8.5,"categoryName":"Jarrett Jack","name":"2_35_4_48"},{"num":7.8,"categoryName":"Marcus Thornton","name":"2_35_4_37"},{"num":7.5,"categoryName":"Peja Stojakovic","name":"2_35_4_24"},{"num":4.5,"categoryName":"Jerryd Bayless","name":"2_35_4_49"},{"num":4.3,"categoryName":"Jason Smith","name":"2_35_4_50"},{"num":3.1,"categoryName":"Aaron Gray","name":"2_35_4_42"},{"num":2.8,"categoryName":"Quincy Pondexter","name":"2_35_4_51"},{"num":2.7,"categoryName":"David Andersen","name":"2_35_4_52"},{"num":1.4,"categoryName":"D.J. Mbenga","name":"2_35_4_53"},{"num":1,"categoryName":"Sasha Pavlovic","name":"2_35_4_54"},{"num":0.4,"categoryName":"Patrick Ewing, Jr.","name":"2_35_4_55"},{"num":0.3,"categoryName":"Pops Mensah-Bonsu","name":"2_35_4_56"}],"name":"2_35_4_0"},{"num":103.7,"categoryName":"San_Antonio_Spurs","children":[{"num":17.5,"categoryName":"Tony Parker","name":"2_35_5_2"},{"num":17.4,"categoryName":"Manu Ginobili","name":"2_35_5_3"},{"num":13.4,"categoryName":"Tim Duncan","name":"2_35_5_1"},{"num":11.6,"categoryName":"George Hill","name":"2_35_5_32"},{"num":11,"categoryName":"Richard Jefferson","name":"2_35_5_42"},{"num":9.8,"categoryName":"Gary Neal","name":"2_35_5_51"},{"num":8.3,"categoryName":"DeJuan Blair","name":"2_35_5_43"},{"num":7.3,"categoryName":"Matt Bonner","name":"2_35_5_25"},{"num":5.3,"categoryName":"Antonio McDyess","name":"2_35_5_45"},{"num":5.1,"categoryName":"Danny Green","name":"2_35_5_52"},{"num":4.6,"categoryName":"Tiago Splitter","name":"2_35_5_53"},{"num":4,"categoryName":"Steve Novak","name":"2_35_5_54"},{"num":3.6,"categoryName":"James Anderson","name":"2_35_5_55"},{"num":2,"categoryName":"Othyus Jeffers","name":"2_35_5_56"},{"num":2,"categoryName":"Chris Quinn","name":"2_35_5_57"},{"num":1.3,"categoryName":"Larry Owens","name":"2_35_5_58"},{"num":0.7,"categoryName":"Ime Udoka","name":"2_35_5_36"},{"num":0.7,"categoryName":"Garrett Temple","name":"2_35_5_44"},{"num":0.4,"categoryName":"Alonzo Gee","name":"2_35_5_59"},{"num":0,"categoryName":"Bobby Simmons","name":"2_35_5_60"}],"name":"2_35_5_0"}],"name":"2_35_0_0","num":504.59999999999997}],"name":"2_0_0_0","num":1521.6}],"num":2986.6}