{"year":1975,"name":"root","categoryName":"root","children":[{"categoryName":"Eastern","children":[{"categoryName":"Atlantic","children":[{"num":106.2,"categoryName":"Boston_Celtics","children":[{"num":19,"categoryName":"Dave Cowens","name":"1_14_1_3"},{"num":18.9,"categoryName":"Jo Jo White","name":"1_14_1_2"},{"num":17.6,"categoryName":"Charlie Scott","name":"1_14_1_25"},{"num":17,"categoryName":"John Havlicek","name":"1_14_1_1"},{"num":10.7,"categoryName":"Paul Silas","name":"1_14_1_16"},{"num":6.4,"categoryName":"Don Nelson","name":"1_14_1_4"},{"num":5.6,"categoryName":"Glenn McDonald","name":"1_14_1_24"},{"num":5.4,"categoryName":"Steve Kuberski","name":"1_14_1_6"},{"num":5.3,"categoryName":"Kevin Stacom","name":"1_14_1_22"},{"num":3.5,"categoryName":"Jim Ard","name":"1_14_1_21"},{"num":2.8,"categoryName":"Jerome Anderson","name":"1_14_1_26"},{"num":2.7,"categoryName":"Tom Boswell","name":"1_14_1_27"},{"num":1.5,"categoryName":"Ed Searcy","name":"1_14_1_28"}],"name":"1_14_1_0"},{"num":107.3,"categoryName":"Buffalo_Braves","children":[{"num":31.1,"categoryName":"Bob McAdoo","name":"1_14_2_21"},{"num":21.8,"categoryName":"Randy Smith","name":"1_14_2_18"},{"num":15.8,"categoryName":"Jim McMillian","name":"1_14_2_26"},{"num":12.2,"categoryName":"John Shumate","name":"1_14_2_41"},{"num":10.1,"categoryName":"Ken Charles","name":"1_14_2_31"},{"num":9.9,"categoryName":"Gar Heard","name":"1_14_2_27"},{"num":9.1,"categoryName":"Jack Marin","name":"1_14_2_29"},{"num":6.7,"categoryName":"Ernie DiGregorio","name":"1_14_2_28"},{"num":4.7,"categoryName":"Tom McMillen","name":"1_14_2_42"},{"num":4.7,"categoryName":"Dick Gibbs","name":"1_14_2_43"},{"num":3.2,"categoryName":"Bob Weiss","name":"1_14_2_39"},{"num":3.1,"categoryName":"Don Adams","name":"1_14_2_44"},{"num":2.5,"categoryName":"Dale Schlueter","name":"1_14_2_38"},{"num":1.7,"categoryName":"Steve Kuberski","name":"1_14_2_45"},{"num":0,"categoryName":"Jim Washington","name":"1_14_2_37"}],"name":"1_14_2_0"},{"num":102.7,"categoryName":"New_York_Knicks","children":[{"num":20.7,"categoryName":"Earl Monroe","name":"1_14_3_15"},{"num":19.9,"categoryName":"Spencer Haywood","name":"1_14_3_33"},{"num":19.1,"categoryName":"Walt Frazier","name":"1_14_3_1"},{"num":11.1,"categoryName":"Bill Bradley","name":"1_14_3_5"},{"num":9.3,"categoryName":"John Gianelli","name":"1_14_3_21"},{"num":8.4,"categoryName":"Butch Beard","name":"1_14_3_34"},{"num":7.4,"categoryName":"Neal Walk","name":"1_14_3_29"},{"num":6,"categoryName":"Phil Jackson","name":"1_14_3_9"},{"num":5.9,"categoryName":"Jim Barnett","name":"1_14_3_28"},{"num":4.1,"categoryName":"Mel Davis","name":"1_14_3_25"},{"num":3.2,"categoryName":"Harthorne Wingo","name":"1_14_3_23"},{"num":2.8,"categoryName":"Ken Mayfield","name":"1_14_3_35"},{"num":2.6,"categoryName":"Gene Short","name":"1_14_3_36"},{"num":1.9,"categoryName":"Dennis Bell","name":"1_14_3_27"},{"num":1,"categoryName":"Larry Fogle","name":"1_14_3_37"}],"name":"1_14_3_0"},{"num":106.5,"categoryName":"Philadelphia_76ers","children":[{"num":23,"categoryName":"George McGinnis","name":"1_14_4_52"},{"num":20.8,"categoryName":"Doug Collins","name":"1_14_4_38"},{"num":18.9,"categoryName":"Fred Carter","name":"1_14_4_17"},{"num":13.9,"categoryName":"Steve Mix","name":"1_14_4_36"},{"num":13.7,"categoryName":"Billy Cunningham","name":"1_14_4_1"},{"num":8.3,"categoryName":"World B. Free","name":"1_14_4_53"},{"num":7.4,"categoryName":"Joe Bryant","name":"1_14_4_54"},{"num":5.9,"categoryName":"Connie Norman","name":"1_14_4_46"},{"num":4.8,"categoryName":"LeRoy Ellis","name":"1_14_4_25"},{"num":3.9,"categoryName":"Clyde Lee","name":"1_14_4_44"},{"num":3.5,"categoryName":"Harvey Catchings","name":"1_14_4_50"},{"num":2.9,"categoryName":"Wali Jones","name":"1_14_4_6"},{"num":2.4,"categoryName":"Darryl Dawkins","name":"1_14_4_55"},{"num":1.2,"categoryName":"Jerry Baskerville","name":"1_14_4_56"},{"num":0.8,"categoryName":"Freddie Boyd","name":"1_14_4_29"}],"name":"1_14_4_0"}],"name":"1_14_0_0","num":422.7},{"categoryName":"Central","children":[{"num":102.6,"categoryName":"Atlanta_Hawks","children":[{"num":21.6,"categoryName":"John Drew","name":"1_15_1_32"},{"num":17,"categoryName":"Lou Hudson","name":"1_15_1_1"},{"num":14.2,"categoryName":"Tom Henderson","name":"1_15_1_34"},{"num":10.9,"categoryName":"Tom Van Arsdale","name":"1_15_1_31"},{"num":10.1,"categoryName":"Dwight Jones","name":"1_15_1_28"},{"num":8.6,"categoryName":"Mike Sojourner","name":"1_15_1_33"},{"num":8.2,"categoryName":"Connie Hawkins","name":"1_15_1_38"},{"num":7.9,"categoryName":"John Brown","name":"1_15_1_27"},{"num":6,"categoryName":"Dean Meminger","name":"1_15_1_35"},{"num":5.8,"categoryName":"Wilbur Holland","name":"1_15_1_39"},{"num":4.7,"categoryName":"Bill Willoughby","name":"1_15_1_40"},{"num":2.8,"categoryName":"Dennis DuVal","name":"1_15_1_41"},{"num":1,"categoryName":"Jim Creighton","name":"1_15_1_42"}],"name":"1_15_1_0"},{"num":101.7,"categoryName":"Cleveland_Cavaliers","children":[{"num":15.8,"categoryName":"Jim Chones","name":"1_15_4_33"},{"num":15,"categoryName":"Campy Russell","name":"1_15_4_35"},{"num":13.6,"categoryName":"Bingo Smith","name":"1_15_4_3"},{"num":12.6,"categoryName":"Dick Snyder","name":"1_15_4_34"},{"num":12.2,"categoryName":"Jim Cleamons","name":"1_15_4_27"},{"num":11.5,"categoryName":"Jim Brewer","name":"1_15_4_30"},{"num":10.1,"categoryName":"Austin Carr","name":"1_15_4_17"},{"num":6.5,"categoryName":"Butch Beard","name":"1_15_4_18"},{"num":4.6,"categoryName":"Nate Thurmond","name":"1_15_4_37"},{"num":4.6,"categoryName":"Foots Walker","name":"1_15_4_36"},{"num":2.9,"categoryName":"Rowland Garrett","name":"1_15_4_38"},{"num":2.7,"categoryName":"Steve Patterson","name":"1_15_4_21"},{"num":2.3,"categoryName":"John Lambert","name":"1_15_4_39"},{"num":1.4,"categoryName":"Luke Witte","name":"1_15_4_32"},{"num":0,"categoryName":"Eric Fernsten","name":"1_15_4_40"}],"name":"1_15_4_0"},{"num":106.2,"categoryName":"Houston_Rockets","children":[{"num":21,"categoryName":"Calvin Murphy","name":"1_15_5_5"},{"num":18.6,"categoryName":"Mike Newlin","name":"1_15_5_4"},{"num":18.5,"categoryName":"Rudy Tomjanovich","name":"1_15_5_1"},{"num":12.9,"categoryName":"Kevin Kunnert","name":"1_15_5_19"},{"num":11.1,"categoryName":"Ed Ratleff","name":"1_15_5_15"},{"num":10.2,"categoryName":"Joe Meriweather","name":"1_15_5_24"},{"num":9.7,"categoryName":"John Johnson","name":"1_15_5_25"},{"num":5.2,"categoryName":"Cliff Meely","name":"1_15_5_8"},{"num":4.1,"categoryName":"Ron Riley","name":"1_15_5_20"},{"num":3.4,"categoryName":"Dave Wohl","name":"1_15_5_16"},{"num":3.2,"categoryName":"Rudy White","name":"1_15_5_26"},{"num":2.3,"categoryName":"Gus Bailey","name":"1_15_5_23"},{"num":1.7,"categoryName":"Steve Hawes","name":"1_15_5_21"}],"name":"1_15_5_0"},{"num":104.1,"categoryName":"New_Orleans_Jazz","children":[{"num":25.9,"categoryName":"Pete Maravich","name":"1_15_7_1"},{"num":12.8,"categoryName":"Nate Williams","name":"1_15_7_2"},{"num":12.5,"categoryName":"Louie Nelson","name":"1_15_7_5"},{"num":11.5,"categoryName":"Ron Behagen","name":"1_15_7_23"},{"num":9.3,"categoryName":"Henry Bibby","name":"1_15_7_8"},{"num":9.1,"categoryName":"Bud Stallworth","name":"1_15_7_7"},{"num":9,"categoryName":"Aaron James","name":"1_15_7_4"},{"num":9,"categoryName":"Otto Moore","name":"1_15_7_12"},{"num":7.5,"categoryName":"Jim McElroy","name":"1_15_7_24"},{"num":7.3,"categoryName":"E.C. Coleman","name":"1_15_7_9"},{"num":7,"categoryName":"Rich Kelley","name":"1_15_7_25"},{"num":5.7,"categoryName":"Freddie Boyd","name":"1_15_7_26"},{"num":3,"categoryName":"Mel Counts","name":"1_15_7_13"}],"name":"1_15_7_0"},{"num":102.8,"categoryName":"Washington_Bullets","children":[{"num":19.9,"categoryName":"Phil Chenier","name":"1_15_8_2"},{"num":19.8,"categoryName":"Elvin Hayes","name":"1_15_8_1"},{"num":16.2,"categoryName":"Dave Bing","name":"1_15_8_14"},{"num":11.2,"categoryName":"Truck Robinson","name":"1_15_8_8"},{"num":9.6,"categoryName":"Wes Unseld","name":"1_15_8_5"},{"num":8.4,"categoryName":"Mike Riordan","name":"1_15_8_3"},{"num":8.3,"categoryName":"Nick Weatherspoon","name":"1_15_8_6"},{"num":6.4,"categoryName":"Clem Haskins","name":"1_15_8_9"},{"num":5.9,"categoryName":"Jimmy Jones","name":"1_15_8_7"},{"num":3.8,"categoryName":"Kevin Grevey","name":"1_15_8_15"},{"num":1.7,"categoryName":"Tom Kozelko","name":"1_15_8_11"},{"num":0.8,"categoryName":"Tom Kropp","name":"1_15_8_16"}],"name":"1_15_8_0"}],"name":"1_15_0_0","num":517.4}],"name":"1_0_0_0","num":940.0999999999999},{"categoryName":"Western","children":[{"categoryName":"Midwest","children":[{"num":95.9,"categoryName":"Chicago_Bulls","children":[{"num":19.1,"categoryName":"Bob Love","name":"2_32_1_1"},{"num":15.3,"categoryName":"Mickey Johnson","name":"2_32_1_30"},{"num":12.6,"categoryName":"Norm Van Lier","name":"2_32_1_14"},{"num":11,"categoryName":"Jack Marin","name":"2_32_1_32"},{"num":10.9,"categoryName":"Rowland Garrett","name":"2_32_1_22"},{"num":10.1,"categoryName":"Jerry Sloan","name":"2_32_1_3"},{"num":9.2,"categoryName":"John Laskowski","name":"2_32_1_33"},{"num":8.8,"categoryName":"Tom Boerwinkle","name":"2_32_1_4"},{"num":7.5,"categoryName":"Bobby Wilson","name":"2_32_1_29"},{"num":7.1,"categoryName":"Leon Benbow","name":"2_32_1_31"},{"num":5.8,"categoryName":"Cliff Pondexter","name":"2_32_1_34"},{"num":4.5,"categoryName":"Matt Guokas","name":"2_32_1_7"},{"num":3.7,"categoryName":"Nate Thurmond","name":"2_32_1_27"},{"num":3.2,"categoryName":"Steve Patterson","name":"2_32_1_35"},{"num":2.8,"categoryName":"Eric Fernsten","name":"2_32_1_36"},{"num":2,"categoryName":"John Block","name":"2_32_1_26"}],"name":"2_32_1_0"},{"num":104.9,"categoryName":"Detroit_Pistons","children":[{"num":21.3,"categoryName":"Bob Lanier","name":"2_32_2_3"},{"num":16,"categoryName":"Curtis Rowe","name":"2_32_2_13"},{"num":13,"categoryName":"Eric Money","name":"2_32_2_27"},{"num":12.6,"categoryName":"Kevin Porter","name":"2_32_2_30"},{"num":10.7,"categoryName":"John Mengelt","name":"2_32_2_17"},{"num":9.3,"categoryName":"Al Eberhard","name":"2_32_2_29"},{"num":8.9,"categoryName":"Howard Porter","name":"2_32_2_26"},{"num":8.4,"categoryName":"Chris Ford","name":"2_32_2_21"},{"num":8.1,"categoryName":"George Trapp","name":"2_32_2_24"},{"num":8,"categoryName":"Wali Jones","name":"2_32_2_31"},{"num":7.6,"categoryName":"Archie Clark","name":"2_32_2_32"},{"num":5.8,"categoryName":"Lindsay Hairston","name":"2_32_2_33"},{"num":3.7,"categoryName":"Earl Williams","name":"2_32_2_34"},{"num":2.8,"categoryName":"Terry Thomas","name":"2_32_2_35"},{"num":2.5,"categoryName":"Roger Brown","name":"2_32_2_36"},{"num":1.6,"categoryName":"Henry Dickerson","name":"2_32_2_37"}],"name":"2_32_2_0"},{"num":103.3,"categoryName":"Kansas_City_Kings","children":[{"num":24.8,"categoryName":"Tiny Archibald","name":"2_32_6_1"},{"num":15.7,"categoryName":"Jimmy Walker","name":"2_32_6_2"},{"num":15.5,"categoryName":"Scott Wedman","name":"2_32_6_3"},{"num":12.8,"categoryName":"Sam Lacey","name":"2_32_6_4"},{"num":10.1,"categoryName":"Ollie Johnson","name":"2_32_6_5"},{"num":9.7,"categoryName":"Larry McNeill","name":"2_32_6_6"},{"num":8,"categoryName":"Bill Robinzine","name":"2_32_6_7"},{"num":6.5,"categoryName":"Glenn Hansen","name":"2_32_6_8"},{"num":3.3,"categoryName":"Lee Winfield","name":"2_32_6_9"},{"num":2.5,"categoryName":"Rick Roberson","name":"2_32_6_10"},{"num":2.2,"categoryName":"Len Kosmalski","name":"2_32_6_11"},{"num":2.2,"categoryName":"Matt Guokas","name":"2_32_6_12"},{"num":1.8,"categoryName":"Bob Bigelow","name":"2_32_6_13"},{"num":1.8,"categoryName":"Mike D'Antoni","name":"2_32_6_14"}],"name":"2_32_6_0"},{"num":101.8,"categoryName":"Milwaukee_Bucks","children":[{"num":21.5,"categoryName":"Bob Dandridge","name":"2_32_3_3"},{"num":18.2,"categoryName":"Brian Winters","name":"2_32_3_37"},{"num":15.6,"categoryName":"Elmore Smith","name":"2_32_3_38"},{"num":11.7,"categoryName":"Jim Price","name":"2_32_3_30"},{"num":8.6,"categoryName":"Junior Bridgeman","name":"2_32_3_39"},{"num":8.4,"categoryName":"Gary Brokaw","name":"2_32_3_32"},{"num":7.4,"categoryName":"Dave Meyers","name":"2_32_3_40"},{"num":6,"categoryName":"Kevin Restani","name":"2_32_3_33"},{"num":4.4,"categoryName":"Clyde Mayes","name":"2_32_3_41"},{"num":4.1,"categoryName":"Jon McGlocklin","name":"2_32_3_4"},{"num":3.9,"categoryName":"Jim Fox","name":"2_32_3_42"},{"num":3.6,"categoryName":"Mickey Davis","name":"2_32_3_23"}],"name":"2_32_3_0"}],"name":"2_32_0_0","num":405.90000000000003},{"categoryName":"Pacific","children":[{"num":109.8,"categoryName":"Golden_State_Warriors","children":[{"num":21,"categoryName":"Rick Barry","name":"2_33_6_13"},{"num":20,"categoryName":"Phil Smith","name":"2_33_6_21"},{"num":17.8,"categoryName":"Jamaal Wilkes","name":"2_33_6_19"},{"num":11.7,"categoryName":"Gus Williams","name":"2_33_6_26"},{"num":9.2,"categoryName":"Charles Johnson","name":"2_33_6_14"},{"num":6.9,"categoryName":"Clifford Ray","name":"2_33_6_20"},{"num":6.4,"categoryName":"Derrek Dickey","name":"2_33_6_18"},{"num":6.4,"categoryName":"Charles Dudley","name":"2_33_6_22"},{"num":4.9,"categoryName":"George Johnson","name":"2_33_6_16"},{"num":4.8,"categoryName":"Jeff Mullins","name":"2_33_6_1"},{"num":4.2,"categoryName":"Dwight Davis","name":"2_33_6_27"},{"num":3.9,"categoryName":"Robert Hawkins","name":"2_33_6_28"}],"name":"2_33_6_0"},{"num":106.9,"categoryName":"Los_Angeles_Lakers","children":[{"num":27.7,"categoryName":"K. Abdul-Jabbar","name":"2_33_1_35"},{"num":19.5,"categoryName":"Gail Goodrich","name":"2_33_1_4"},{"num":14.7,"categoryName":"Lucius Allen","name":"2_33_1_29"},{"num":11.8,"categoryName":"Cazzie Russell","name":"2_33_1_30"},{"num":10.8,"categoryName":"Donnie Freeman","name":"2_33_1_36"},{"num":9.6,"categoryName":"Don Ford","name":"2_33_1_37"},{"num":7.3,"categoryName":"Cornell Warner","name":"2_33_1_38"},{"num":5.5,"categoryName":"Pat Riley","name":"2_33_1_11"},{"num":5.4,"categoryName":"Corky Calhoun","name":"2_33_1_34"},{"num":4.9,"categoryName":"Ron Williams","name":"2_33_1_39"},{"num":4.7,"categoryName":"Stu Lantz","name":"2_33_1_32"},{"num":4,"categoryName":"Walt Wesley","name":"2_33_1_40"},{"num":3.4,"categoryName":"Kermit Washington","name":"2_33_1_27"},{"num":3.2,"categoryName":"Cliff Meely","name":"2_33_1_41"},{"num":2.6,"categoryName":"Jim McDaniels","name":"2_33_1_42"},{"num":1.7,"categoryName":"C.J. Kupec","name":"2_33_1_43"},{"num":0.5,"categoryName":"John Roche","name":"2_33_1_44"}],"name":"2_33_1_0"},{"num":105.1,"categoryName":"Phoenix_Suns","children":[{"num":20.5,"categoryName":"Paul Westphal","name":"2_33_8_26"},{"num":19,"categoryName":"Alvan Adams","name":"2_33_8_27"},{"num":13.3,"categoryName":"Curtis Perry","name":"2_33_8_20"},{"num":12.9,"categoryName":"Dick Van Arsdale","name":"2_33_8_3"},{"num":12.4,"categoryName":"Gar Heard","name":"2_33_8_28"},{"num":11.3,"categoryName":"John Shumate","name":"2_33_8_29"},{"num":10.1,"categoryName":"Keith Erickson","name":"2_33_8_13"},{"num":9.2,"categoryName":"Ricky Sobers","name":"2_33_8_30"},{"num":6.1,"categoryName":"Nate Hawthorne","name":"2_33_8_23"},{"num":4.9,"categoryName":"Dennis Awtrey","name":"2_33_8_21"},{"num":4.6,"categoryName":"Pat Riley","name":"2_33_8_31"},{"num":3.6,"categoryName":"Fred Saunders","name":"2_33_8_22"},{"num":3,"categoryName":"Mike Bantom","name":"2_33_8_14"},{"num":2.1,"categoryName":"Phil Lumpkin","name":"2_33_8_32"},{"num":1.7,"categoryName":"John Wetzel","name":"2_33_8_33"}],"name":"2_33_8_0"},{"num":104.1,"categoryName":"Portland_Trail_Blazers","children":[{"num":19.1,"categoryName":"Sidney Wicks","name":"2_33_2_15"},{"num":18.9,"categoryName":"Geoff Petrie","name":"2_33_2_1"},{"num":16.1,"categoryName":"Bill Walton","name":"2_33_2_37"},{"num":15.5,"categoryName":"Lloyd Neal","name":"2_33_2_22"},{"num":11.7,"categoryName":"John Johnson","name":"2_33_2_31"},{"num":10.8,"categoryName":"Lionel Hollins","name":"2_33_2_42"},{"num":9.9,"categoryName":"Larry Steele","name":"2_33_2_19"},{"num":7.2,"categoryName":"Steve Hawes","name":"2_33_2_43"},{"num":6.8,"categoryName":"Bob Gross","name":"2_33_2_44"},{"num":6.5,"categoryName":"Steve Jones","name":"2_33_2_45"},{"num":4.4,"categoryName":"Dan Anderson","name":"2_33_2_41"},{"num":4.4,"categoryName":"LaRue Martin","name":"2_33_2_28"},{"num":3.5,"categoryName":"Barry Clemens","name":"2_33_2_39"},{"num":1.2,"categoryName":"Greg Lee","name":"2_33_2_46"},{"num":0,"categoryName":"Greg Smith","name":"2_33_2_25"}],"name":"2_33_2_0"},{"num":106.4,"categoryName":"Seattle_Supersonics","children":[{"num":23.1,"categoryName":"Fred Brown","name":"2_33_5_16"},{"num":15.6,"categoryName":"Tom Burleson","name":"2_33_5_32"},{"num":13.8,"categoryName":"Leonard Gray","name":"2_33_5_31"},{"num":13,"categoryName":"Slick Watts","name":"2_33_5_26"},{"num":11.8,"categoryName":"Bruce Seals","name":"2_33_5_37"},{"num":8.5,"categoryName":"Herm Gilliam","name":"2_33_5_38"},{"num":8.4,"categoryName":"Mike Bantom","name":"2_33_5_39"},{"num":6.9,"categoryName":"Willie Norwood","name":"2_33_5_40"},{"num":5.9,"categoryName":"Frank Oleynick","name":"2_33_5_41"},{"num":4.3,"categoryName":"Tal Skinner","name":"2_33_5_34"},{"num":3.9,"categoryName":"Rod Derline","name":"2_33_5_33"},{"num":3.2,"categoryName":"Zaid Abdul-Aziz","name":"2_33_5_6"},{"num":2.8,"categoryName":"John Hummer","name":"2_33_5_25"},{"num":2.6,"categoryName":"Al Carlson","name":"2_33_5_42"},{"num":1.9,"categoryName":"Gene Short","name":"2_33_5_43"}],"name":"2_33_5_0"}],"name":"2_33_0_0","num":532.3}],"name":"2_0_0_0","num":938.2}],"num":1878.3}