{"year":1970,"name":"root","categoryName":"root","children":[{"categoryName":"Eastern","children":[{"categoryName":"Atlantic","children":[{"num":117.2,"categoryName":"Boston_Celtics","children":[{"num":28.9,"categoryName":"John Havlicek","name":"1_14_1_1"},{"num":21.3,"categoryName":"Jo Jo White","name":"1_14_1_2"},{"num":17,"categoryName":"Dave Cowens","name":"1_14_1_3"},{"num":13.9,"categoryName":"Don Nelson","name":"1_14_1_4"},{"num":11.5,"categoryName":"Don Chaney","name":"1_14_1_5"},{"num":9.3,"categoryName":"Steve Kuberski","name":"1_14_1_6"},{"num":8,"categoryName":"Rich Johnson","name":"1_14_1_7"},{"num":6.5,"categoryName":"Hank Finkel","name":"1_14_1_8"},{"num":4.9,"categoryName":"Bill Dinwiddie","name":"1_14_1_9"},{"num":4.9,"categoryName":"Art Williams","name":"1_14_1_10"},{"num":3.4,"categoryName":"Rex Morgan","name":"1_14_1_11"},{"num":2.9,"categoryName":"Garfield Smith","name":"1_14_1_12"},{"num":2.3,"categoryName":"Tom Sanders","name":"1_14_1_13"},{"num":0.9,"categoryName":"Willie Williams","name":"1_14_1_14"}],"name":"1_14_1_0"},{"num":105.5,"categoryName":"Buffalo_Braves","children":[{"num":20.4,"categoryName":"Bob Kauffman","name":"1_14_2_1"},{"num":20.2,"categoryName":"Don May","name":"1_14_2_2"},{"num":12.9,"categoryName":"Dick Garrett","name":"1_14_2_3"},{"num":11.4,"categoryName":"Mike Davis","name":"1_14_2_4"},{"num":11.3,"categoryName":"John Hummer","name":"1_14_2_5"},{"num":11.2,"categoryName":"Herm Gilliam","name":"1_14_2_6"},{"num":10,"categoryName":"Em Bryant","name":"1_14_2_7"},{"num":8.1,"categoryName":"Bill Hosket","name":"1_14_2_8"},{"num":6,"categoryName":"Cornell Warner","name":"1_14_2_9"},{"num":5.9,"categoryName":"Freddie Crawford","name":"1_14_2_10"},{"num":5.2,"categoryName":"George Wilson","name":"1_14_2_11"},{"num":4.5,"categoryName":"Paul Long","name":"1_14_2_12"},{"num":3.1,"categoryName":"Nate Bowman","name":"1_14_2_13"},{"num":2.5,"categoryName":"Mike Silliman","name":"1_14_2_14"},{"num":1.4,"categoryName":"Mike Lynn","name":"1_14_2_15"}],"name":"1_14_2_0"},{"num":110.1,"categoryName":"New_York_Knicks","children":[{"num":21.7,"categoryName":"Walt Frazier","name":"1_14_3_1"},{"num":20.9,"categoryName":"Willis Reed","name":"1_14_3_2"},{"num":15.6,"categoryName":"Dave DeBusschere","name":"1_14_3_3"},{"num":15.5,"categoryName":"Dick Barnett","name":"1_14_3_4"},{"num":12.4,"categoryName":"Bill Bradley","name":"1_14_3_5"},{"num":9.4,"categoryName":"Dave Stallworth","name":"1_14_3_6"},{"num":9.2,"categoryName":"Cazzie Russell","name":"1_14_3_7"},{"num":4.8,"categoryName":"Mike Riordan","name":"1_14_3_8"},{"num":4.7,"categoryName":"Phil Jackson","name":"1_14_3_9"},{"num":2.6,"categoryName":"Greg Fillmore","name":"1_14_3_10"},{"num":2,"categoryName":"Eddie Mast","name":"1_14_3_11"},{"num":1.5,"categoryName":"Mike Price","name":"1_14_3_12"},{"num":0.8,"categoryName":"Milt Williams","name":"1_14_3_13"}],"name":"1_14_3_0"},{"num":114.8,"categoryName":"Philadelphia_76ers","children":[{"num":23,"categoryName":"Billy Cunningham","name":"1_14_4_1"},{"num":21.3,"categoryName":"Archie Clark","name":"1_14_4_2"},{"num":18.6,"categoryName":"Hal Greer","name":"1_14_4_3"},{"num":13.4,"categoryName":"Jim Washington","name":"1_14_4_4"},{"num":10.7,"categoryName":"Bailey Howell","name":"1_14_4_5"},{"num":10.1,"categoryName":"Wali Jones","name":"1_14_4_6"},{"num":7.2,"categoryName":"Dennis Awtrey","name":"1_14_4_7"},{"num":6.7,"categoryName":"Luke Jackson","name":"1_14_4_8"},{"num":5.8,"categoryName":"Connie Dierking","name":"1_14_4_9"},{"num":5.5,"categoryName":"Fred Foster","name":"1_14_4_10"},{"num":5,"categoryName":"Freddie Crawford","name":"1_14_4_11"},{"num":2.4,"categoryName":"Bud Ogden","name":"1_14_4_12"},{"num":1.4,"categoryName":"Cliff Anderson","name":"1_14_4_13"},{"num":1.2,"categoryName":"Al Henry","name":"1_14_4_14"},{"num":0,"categoryName":"Matt Guokas","name":"1_14_4_15"}],"name":"1_14_4_0"}],"name":"1_14_0_0","num":447.59999999999997},{"categoryName":"Central","children":[{"num":114,"categoryName":"Atlanta_Hawks","children":[{"num":26.8,"categoryName":"Lou Hudson","name":"1_15_1_1"},{"num":23.2,"categoryName":"Pete Maravich","name":"1_15_1_2"},{"num":16.5,"categoryName":"Mahdi Abdul-Rahman","name":"1_15_1_3"},{"num":14.7,"categoryName":"Walt Bellamy","name":"1_15_1_4"},{"num":11.9,"categoryName":"Bill Bridges","name":"1_15_1_5"},{"num":8.9,"categoryName":"Jerry Chambers","name":"1_15_1_6"},{"num":8.3,"categoryName":"Jim Davis","name":"1_15_1_7"},{"num":4.8,"categoryName":"Len Chappell","name":"1_15_1_8"},{"num":3.7,"categoryName":"John Vallely","name":"1_15_1_9"},{"num":2.8,"categoryName":"Bob Christian","name":"1_15_1_10"},{"num":2.4,"categoryName":"Herb White","name":"1_15_1_11"},{"num":1.9,"categoryName":"Bob Riley","name":"1_15_1_12"}],"name":"1_15_1_0"},{"num":112.9,"categoryName":"Baltimore_Bullets","children":[{"num":21.4,"categoryName":"Earl Monroe","name":"1_15_2_1"},{"num":18.8,"categoryName":"Jack Marin","name":"1_15_2_2"},{"num":18.2,"categoryName":"Gus Johnson","name":"1_15_2_3"},{"num":15.1,"categoryName":"Kevin Loughery","name":"1_15_2_4"},{"num":14.1,"categoryName":"Wes Unseld","name":"1_15_2_5"},{"num":10.4,"categoryName":"Fred Carter","name":"1_15_2_6"},{"num":9.9,"categoryName":"Eddie Miles","name":"1_15_2_7"},{"num":7.6,"categoryName":"John Tresvant","name":"1_15_2_8"},{"num":4.2,"categoryName":"Al Tucker","name":"1_15_2_9"},{"num":3.9,"categoryName":"George Johnson","name":"1_15_2_10"},{"num":3.4,"categoryName":"Jim Barnes","name":"1_15_2_11"},{"num":3.2,"categoryName":"Dorie Murrey","name":"1_15_2_12"},{"num":2,"categoryName":"Dennis Stewart","name":"1_15_2_13"},{"num":1.7,"categoryName":"Gary Zeller","name":"1_15_2_14"}],"name":"1_15_2_0"},{"num":116,"categoryName":"Cincinnati_Royals","children":[{"num":22.9,"categoryName":"Tom Van Arsdale","name":"1_15_3_1"},{"num":16.7,"categoryName":"Johnny Green","name":"1_15_3_2"},{"num":16,"categoryName":"Norm Van Lier","name":"1_15_3_3"},{"num":16,"categoryName":"Tiny Archibald","name":"1_15_3_4"},{"num":13.5,"categoryName":"Sam Lacey","name":"1_15_3_5"},{"num":13.3,"categoryName":"Flynn Robinson","name":"1_15_3_6"},{"num":9.2,"categoryName":"Charlie Paulk","name":"1_15_3_7"},{"num":8.1,"categoryName":"Darrall Imhoff","name":"1_15_3_8"},{"num":7,"categoryName":"Fred Foster","name":"1_15_3_9"},{"num":6,"categoryName":"Connie Dierking","name":"1_15_3_10"},{"num":5.5,"categoryName":"Bob Arnzen","name":"1_15_3_11"},{"num":5.4,"categoryName":"Greg Hyder","name":"1_15_3_12"},{"num":2,"categoryName":"Moe Barr","name":"1_15_3_13"},{"num":1.6,"categoryName":"Tom Black","name":"1_15_3_14"},{"num":0.9,"categoryName":"Willie Williams","name":"1_15_3_15"}],"name":"1_15_3_0"},{"num":102.1,"categoryName":"Cleveland_Cavaliers","children":[{"num":17.7,"categoryName":"Walt Wesley","name":"1_15_4_1"},{"num":16.6,"categoryName":"John Johnson","name":"1_15_4_2"},{"num":15.2,"categoryName":"Bingo Smith","name":"1_15_4_3"},{"num":11.7,"categoryName":"McCoy McLemore","name":"1_15_4_4"},{"num":11.5,"categoryName":"John Warren","name":"1_15_4_5"},{"num":11.3,"categoryName":"Dave Sorenson","name":"1_15_4_6"},{"num":7.6,"categoryName":"Luther Rackley","name":"1_15_4_7"},{"num":7.4,"categoryName":"Bobby Washington","name":"1_15_4_8"},{"num":6.8,"categoryName":"Len Chappell","name":"1_15_4_9"},{"num":5.9,"categoryName":"Bobby Lewis","name":"1_15_4_10"},{"num":4.3,"categoryName":"Joe Cooke","name":"1_15_4_11"},{"num":4,"categoryName":"Johnny Egan","name":"1_15_4_12"},{"num":3.4,"categoryName":"Cliff Anderson","name":"1_15_4_13"},{"num":3,"categoryName":"Larry Mikan","name":"1_15_4_14"},{"num":1.4,"categoryName":"Gary Suiter","name":"1_15_4_15"},{"num":1.4,"categoryName":"Gary Freeman","name":"1_15_4_16"}],"name":"1_15_4_0"}],"name":"1_15_0_0","num":445}],"name":"1_0_0_0","num":892.5999999999999},{"categoryName":"Western","children":[{"categoryName":"Midwest","children":[{"num":110.6,"categoryName":"Chicago_Bulls","children":[{"num":25.2,"categoryName":"Bob Love","name":"2_32_1_1"},{"num":22,"categoryName":"Chet Walker","name":"2_32_1_2"},{"num":18.3,"categoryName":"Jerry Sloan","name":"2_32_1_3"},{"num":10.8,"categoryName":"Tom Boerwinkle","name":"2_32_1_4"},{"num":9.7,"categoryName":"Jim Fox","name":"2_32_1_5"},{"num":9.5,"categoryName":"Bob Weiss","name":"2_32_1_6"},{"num":6.6,"categoryName":"Matt Guokas","name":"2_32_1_7"},{"num":4.8,"categoryName":"Jim King","name":"2_32_1_8"},{"num":4.6,"categoryName":"Johnny Baum","name":"2_32_1_9"},{"num":4,"categoryName":"Jimmy Collins","name":"2_32_1_10"},{"num":3.4,"categoryName":"Paul Ruffner","name":"2_32_1_11"},{"num":1,"categoryName":"Shaler Halimon","name":"2_32_1_12"},{"num":0.7,"categoryName":"A.W. Holt","name":"2_32_1_13"}],"name":"2_32_1_0"},{"num":110.1,"categoryName":"Detroit_Pistons","children":[{"num":27,"categoryName":"Dave Bing","name":"2_32_2_1"},{"num":17.6,"categoryName":"Jimmy Walker","name":"2_32_2_2"},{"num":15.6,"categoryName":"Bob Lanier","name":"2_32_2_3"},{"num":11.8,"categoryName":"Terry Dischinger","name":"2_32_2_4"},{"num":9,"categoryName":"Otto Moore","name":"2_32_2_5"},{"num":8.3,"categoryName":"Steve Mix","name":"2_32_2_6"},{"num":8.2,"categoryName":"Howard Komives","name":"2_32_2_7"},{"num":8,"categoryName":"Bob Quick","name":"2_32_2_8"},{"num":7.7,"categoryName":"Bill Hewitt","name":"2_32_2_9"},{"num":6,"categoryName":"Erwin Mueller","name":"2_32_2_10"},{"num":5.4,"categoryName":"Terry Driscoll","name":"2_32_2_11"},{"num":2.8,"categoryName":"Harvey Marlatt","name":"2_32_2_12"}],"name":"2_32_2_0"},{"num":118.4,"categoryName":"Milwaukee_Bucks","children":[{"num":31.7,"categoryName":"K. Abdul-Jabbar","name":"2_32_3_1"},{"num":19.4,"categoryName":"Oscar Robertson","name":"2_32_3_2"},{"num":18.4,"categoryName":"Bob Dandridge","name":"2_32_3_3"},{"num":15.8,"categoryName":"Jon McGlocklin","name":"2_32_3_4"},{"num":11.7,"categoryName":"Greg Smith","name":"2_32_3_5"},{"num":9.1,"categoryName":"Bob Boozer","name":"2_32_3_6"},{"num":7.1,"categoryName":"Lucius Allen","name":"2_32_3_7"},{"num":4.7,"categoryName":"McCoy McLemore","name":"2_32_3_8"},{"num":3.7,"categoryName":"Gary Freeman","name":"2_32_3_9"},{"num":2.7,"categoryName":"Marv Winkler","name":"2_32_3_10"},{"num":2.6,"categoryName":"Dick Cunningham","name":"2_32_3_11"},{"num":2.5,"categoryName":"Bob Greacen","name":"2_32_3_12"},{"num":2.2,"categoryName":"Jeff Webb","name":"2_32_3_13"},{"num":2.2,"categoryName":"Bill Zopf","name":"2_32_3_14"}],"name":"2_32_3_0"},{"num":113.8,"categoryName":"Phoenix_Suns","children":[{"num":21.9,"categoryName":"Dick Van Arsdale","name":"2_32_4_1"},{"num":20.9,"categoryName":"Connie Hawkins","name":"2_32_4_2"},{"num":17.8,"categoryName":"Clem Haskins","name":"2_32_4_3"},{"num":12.9,"categoryName":"Neal Walk","name":"2_32_4_4"},{"num":11.9,"categoryName":"Paul Silas","name":"2_32_4_5"},{"num":11,"categoryName":"Mel Counts","name":"2_32_4_6"},{"num":8.3,"categoryName":"Art Harris","name":"2_32_4_7"},{"num":5.9,"categoryName":"Lamar Green","name":"2_32_4_8"},{"num":5.5,"categoryName":"Fred Taylor","name":"2_32_4_9"},{"num":4.7,"categoryName":"John Wetzel","name":"2_32_4_10"},{"num":3.9,"categoryName":"Greg Howard","name":"2_32_4_11"},{"num":1.4,"categoryName":"Joe Thomas","name":"2_32_4_12"}],"name":"2_32_4_0"}],"name":"2_32_0_0","num":452.90000000000003},{"categoryName":"Pacific","children":[{"num":114.8,"categoryName":"Los_Angeles_Lakers","children":[{"num":26.9,"categoryName":"Jerry West","name":"2_33_1_1"},{"num":20.7,"categoryName":"Wilt Chamberlain","name":"2_33_1_2"},{"num":18.6,"categoryName":"Happy Hairston","name":"2_33_1_3"},{"num":17.5,"categoryName":"Gail Goodrich","name":"2_33_1_4"},{"num":11.3,"categoryName":"Keith Erickson","name":"2_33_1_5"},{"num":10,"categoryName":"Elgin Baylor","name":"2_33_1_6"},{"num":8.4,"categoryName":"Jim McMillian","name":"2_33_1_7"},{"num":7.1,"categoryName":"Willie McCarter","name":"2_33_1_8"},{"num":5.4,"categoryName":"John Tresvant","name":"2_33_1_9"},{"num":5.2,"categoryName":"Rick Roberson","name":"2_33_1_10"},{"num":4.9,"categoryName":"Pat Riley","name":"2_33_1_11"},{"num":4.8,"categoryName":"Fred Hetzel","name":"2_33_1_12"},{"num":0.3,"categoryName":"Earnie Killum","name":"2_33_1_13"}],"name":"2_33_1_0"},{"num":115.5,"categoryName":"Portland_Trail_Blazers","children":[{"num":24.8,"categoryName":"Geoff Petrie","name":"2_33_2_1"},{"num":18.5,"categoryName":"Jim Barnett","name":"2_33_2_2"},{"num":15.9,"categoryName":"LeRoy Ellis","name":"2_33_2_3"},{"num":13.7,"categoryName":"Stan McKenzie","name":"2_33_2_4"},{"num":12.6,"categoryName":"Rick Adelman","name":"2_33_2_5"},{"num":9.6,"categoryName":"Gary Gregor","name":"2_33_2_6"},{"num":8.9,"categoryName":"Shaler Halimon","name":"2_33_2_7"},{"num":8.2,"categoryName":"Dale Schlueter","name":"2_33_2_8"},{"num":7.1,"categoryName":"Ed Manning","name":"2_33_2_9"},{"num":5.5,"categoryName":"Dorie Murrey","name":"2_33_2_10"},{"num":4.2,"categoryName":"Ron Knight","name":"2_33_2_11"},{"num":4,"categoryName":"Bill Stricker","name":"2_33_2_12"},{"num":2.1,"categoryName":"Walt Gilmore","name":"2_33_2_13"},{"num":1.5,"categoryName":"Claude English","name":"2_33_2_14"}],"name":"2_33_2_0"},{"num":113.2,"categoryName":"San_Diego_Rockets","children":[{"num":28.7,"categoryName":"Elvin Hayes","name":"2_33_3_1"},{"num":20.6,"categoryName":"Stu Lantz","name":"2_33_3_2"},{"num":15.8,"categoryName":"Calvin Murphy","name":"2_33_3_3"},{"num":11.4,"categoryName":"Don Adams","name":"2_33_3_4"},{"num":9.6,"categoryName":"John Block","name":"2_33_3_5"},{"num":9.6,"categoryName":"John Trapp","name":"2_33_3_6"},{"num":8,"categoryName":"Larry Siegfried","name":"2_33_3_7"},{"num":5.3,"categoryName":"Rudy Tomjanovich","name":"2_33_3_8"},{"num":5.2,"categoryName":"Bernie Williams","name":"2_33_3_9"},{"num":3.4,"categoryName":"Toby Kimball","name":"2_33_3_10"},{"num":2.9,"categoryName":"Curtis Perry","name":"2_33_3_11"},{"num":2,"categoryName":"Johnny Egan","name":"2_33_3_12"}],"name":"2_33_3_0"},{"num":107.1,"categoryName":"San_Francisco_Warriors","children":[{"num":20.8,"categoryName":"Jeff Mullins","name":"2_33_4_1"},{"num":20,"categoryName":"Nate Thurmond","name":"2_33_4_2"},{"num":19.2,"categoryName":"Jerry Lucas","name":"2_33_4_3"},{"num":14.4,"categoryName":"Ron Williams","name":"2_33_4_4"},{"num":10.8,"categoryName":"Joe Ellis","name":"2_33_4_5"},{"num":7.6,"categoryName":"Bob Portman","name":"2_33_4_6"},{"num":6.9,"categoryName":"Nick Jones","name":"2_33_4_7"},{"num":6.1,"categoryName":"Clyde Lee","name":"2_33_4_8"},{"num":5.3,"categoryName":"Adrian Smith","name":"2_33_4_9"},{"num":3.8,"categoryName":"Levi Fontaine","name":"2_33_4_10"},{"num":3.6,"categoryName":"Bill Turner","name":"2_33_4_11"},{"num":2,"categoryName":"Al Attles","name":"2_33_4_12"},{"num":1.3,"categoryName":"Ralph Ogden","name":"2_33_4_13"}],"name":"2_33_4_0"},{"num":115,"categoryName":"Seattle_Supersonics","children":[{"num":29.8,"categoryName":"Bob Rule","name":"2_33_5_1"},{"num":20.6,"categoryName":"Spencer Haywood","name":"2_33_5_2"},{"num":19.8,"categoryName":"Lenny Wilkens","name":"2_33_5_3"},{"num":19.4,"categoryName":"Dick Snyder","name":"2_33_5_4"},{"num":14.6,"categoryName":"Don Kojis","name":"2_33_5_5"},{"num":10.9,"categoryName":"Zaid Abdul-Aziz","name":"2_33_5_6"},{"num":10.5,"categoryName":"Lee Winfield","name":"2_33_5_7"},{"num":9.3,"categoryName":"Tom Meschery","name":"2_33_5_8"},{"num":8,"categoryName":"Pete Cross","name":"2_33_5_9"},{"num":7.4,"categoryName":"Barry Clemens","name":"2_33_5_10"},{"num":6.8,"categoryName":"Jake Ford","name":"2_33_5_11"},{"num":5.9,"categoryName":"Gar Heard","name":"2_33_5_12"},{"num":5.6,"categoryName":"Rod Thorn","name":"2_33_5_13"},{"num":5,"categoryName":"Tom Black","name":"2_33_5_14"}],"name":"2_33_5_0"}],"name":"2_33_0_0","num":565.6}],"name":"2_0_0_0","num":1018.5}],"num":1911.1}