{
  "year": 2006,
  "name": "root",
  "categoryName": "root",
  "children": [
    {
      "categoryName": "Eastern",
      "children": [
        {
          "categoryName": "Southeast",
          "children": [
            {
              "num": 93.7,
              "categoryName": "Atlanta_Hawks",
              "children": [
                {
                  "num": 25,
                  "categoryName": "Joe Johnson",
                  "name": "1_16_1_21"
                },
                {
                  "num": 16.4,
                  "categoryName": "Josh Smith",
                  "name": "1_16_1_6"
                },
                {
                  "num": 13.1,
                  "categoryName": "Marvin Williams",
                  "name": "1_16_1_24"
                },
                {
                  "num": 13,
                  "categoryName": "Josh Childress",
                  "name": "1_16_1_5"
                },
                {
                  "num": 12.2,
                  "categoryName": "Zaza Pachulia",
                  "name": "1_16_1_22"
                },
                {
                  "num": 11.4,
                  "categoryName": "Tyronn Lue",
                  "name": "1_16_1_3"
                },
                {
                  "num": 7.7,
                  "categoryName": "Salim Stoudamire",
                  "name": "1_16_1_23"
                },
                {
                  "num": 7.5,
                  "categoryName": "Anthony Johnson",
                  "name": "1_16_1_29"
                },
                {
                  "num": 5.5,
                  "categoryName": "Shelden Williams",
                  "name": "1_16_1_30"
                },
                {
                  "num": 5.3,
                  "categoryName": "Speedy Claxton",
                  "name": "1_16_1_31"
                },
                {
                  "num": 3.3,
                  "categoryName": "Solomon Jones",
                  "name": "1_16_1_32"
                },
                {
                  "num": 3,
                  "categoryName": "Slava Medvedenko",
                  "name": "1_16_1_33"
                },
                {
                  "num": 3,
                  "categoryName": "Royal Ivey",
                  "name": "1_16_1_14"
                },
                {
                  "num": 2.8,
                  "categoryName": "Dijon Thompson",
                  "name": "1_16_1_34"
                },
                {
                  "num": 2.6,
                  "categoryName": "Lorenzen Wright",
                  "name": "1_16_1_35"
                },
                {
                  "num": 2.1,
                  "categoryName": "Matt Freije",
                  "name": "1_16_1_36"
                },
                {
                  "num": 1.6,
                  "categoryName": "Jeremy Richardson",
                  "name": "1_16_1_37"
                },
                {
                  "num": 1.5,
                  "categoryName": "Esteban Batista",
                  "name": "1_16_1_26"
                },
                {
                  "num": 1.1,
                  "categoryName": "Cedric Bozeman",
                  "name": "1_16_1_38"
                }
              ],
              "name": "1_16_1_0"
            },
            {
              "num": 96.9,
              "categoryName": "Charlotte_Bobcats",
              "children": [
                {
                  "num": 18.1,
                  "categoryName": "Gerald Wallace",
                  "name": "1_16_2_4"
                },
                {
                  "num": 14.4,
                  "categoryName": "Emeka Okafor",
                  "name": "1_16_2_1"
                },
                {
                  "num": 14,
                  "categoryName": "Raymond Felton",
                  "name": "1_16_2_20"
                },
                {
                  "num": 12.1,
                  "categoryName": "Matt Carroll",
                  "name": "1_16_2_9"
                },
                {
                  "num": 11.9,
                  "categoryName": "Sean May",
                  "name": "1_16_2_22"
                },
                {
                  "num": 11.8,
                  "categoryName": "Adam Morrison",
                  "name": "1_16_2_27"
                },
                {
                  "num": 9.2,
                  "categoryName": "Walter Herrmann",
                  "name": "1_16_2_28"
                },
                {
                  "num": 9.1,
                  "categoryName": "Brevin Knight",
                  "name": "1_16_2_6"
                },
                {
                  "num": 8,
                  "categoryName": "Derek Anderson",
                  "name": "1_16_2_29"
                },
                {
                  "num": 5.8,
                  "categoryName": "Alan Anderson",
                  "name": "1_16_2_23"
                },
                {
                  "num": 5,
                  "categoryName": "Primoz Brezec",
                  "name": "1_16_2_2"
                },
                {
                  "num": 4.4,
                  "categoryName": "Jake Voskuhl",
                  "name": "1_16_2_24"
                },
                {
                  "num": 4.3,
                  "categoryName": "Jeff McInnis",
                  "name": "1_16_2_30"
                },
                {
                  "num": 2.9,
                  "categoryName": "Melvin Ely",
                  "name": "1_16_2_12"
                },
                {
                  "num": 2.6,
                  "categoryName": "Othella Harrington",
                  "name": "1_16_2_31"
                },
                {
                  "num": 2.4,
                  "categoryName": "Bernard Robinson",
                  "name": "1_16_2_18"
                },
                {
                  "num": 2.4,
                  "categoryName": "Eric Williams",
                  "name": "1_16_2_32"
                },
                {
                  "num": 2.4,
                  "categoryName": "Ryan Hollins",
                  "name": "1_16_2_33"
                }
              ],
              "name": "1_16_2_0"
            },
            {
              "num": 94.6,
              "categoryName": "Miami_Heat",
              "children": [
                {
                  "num": 27.4,
                  "categoryName": "Dwyane Wade",
                  "name": "1_16_3_1"
                },
                {
                  "num": 17.3,
                  "categoryName": "Shaquille O'Neal",
                  "name": "1_16_3_2"
                },
                {
                  "num": 10.9,
                  "categoryName": "Jason Kapono",
                  "name": "1_16_3_24"
                },
                {
                  "num": 10.9,
                  "categoryName": "Jason Williams",
                  "name": "1_16_3_18"
                },
                {
                  "num": 10.7,
                  "categoryName": "Udonis Haslem",
                  "name": "1_16_3_5"
                },
                {
                  "num": 9.5,
                  "categoryName": "Eddie Jones",
                  "name": "1_16_3_3"
                },
                {
                  "num": 8.6,
                  "categoryName": "Alonzo Mourning",
                  "name": "1_16_3_10"
                },
                {
                  "num": 8.5,
                  "categoryName": "Antoine Walker",
                  "name": "1_16_3_19"
                },
                {
                  "num": 7.7,
                  "categoryName": "James Posey",
                  "name": "1_16_3_21"
                },
                {
                  "num": 6,
                  "categoryName": "Dorell Wright",
                  "name": "1_16_3_15"
                },
                {
                  "num": 5.3,
                  "categoryName": "Gary Payton",
                  "name": "1_16_3_20"
                },
                {
                  "num": 4.3,
                  "categoryName": "Robert Hite",
                  "name": "1_16_3_28"
                },
                {
                  "num": 3.6,
                  "categoryName": "Michael Doleac",
                  "name": "1_16_3_11"
                },
                {
                  "num": 3.4,
                  "categoryName": "Chris Quinn",
                  "name": "1_16_3_29"
                },
                {
                  "num": 2.9,
                  "categoryName": "Wayne Simien",
                  "name": "1_16_3_25"
                },
                {
                  "num": 2.3,
                  "categoryName": "Earl Barron",
                  "name": "1_16_3_26"
                }
              ],
              "name": "1_16_3_0"
            },
            {
              "num": 94.8,
              "categoryName": "Orlando_Magic",
              "children": [
                {
                  "num": 17.6,
                  "categoryName": "Dwight Howard",
                  "name": "1_16_4_5"
                },
                {
                  "num": 14.4,
                  "categoryName": "Grant Hill",
                  "name": "1_16_4_2"
                },
                {
                  "num": 13.3,
                  "categoryName": "Hedo Turkoglu",
                  "name": "1_16_4_4"
                },
                {
                  "num": 13,
                  "categoryName": "Jameer Nelson",
                  "name": "1_16_4_6"
                },
                {
                  "num": 8.9,
                  "categoryName": "Trevor Ariza",
                  "name": "1_16_4_22"
                },
                {
                  "num": 8,
                  "categoryName": "Darko Milicic",
                  "name": "1_16_4_21"
                },
                {
                  "num": 7.9,
                  "categoryName": "Keyon Dooling",
                  "name": "1_16_4_20"
                },
                {
                  "num": 7.7,
                  "categoryName": "Carlos Arroyo",
                  "name": "1_16_4_19"
                },
                {
                  "num": 6.1,
                  "categoryName": "Tony Battie",
                  "name": "1_16_4_11"
                },
                {
                  "num": 6,
                  "categoryName": "J.J. Redick",
                  "name": "1_16_4_26"
                },
                {
                  "num": 5.1,
                  "categoryName": "Keith Bogans",
                  "name": "1_16_4_27"
                },
                {
                  "num": 3.8,
                  "categoryName": "Travis Diener",
                  "name": "1_16_4_23"
                },
                {
                  "num": 2.2,
                  "categoryName": "Pat Garrity",
                  "name": "1_16_4_12"
                },
                {
                  "num": 2,
                  "categoryName": "Bo Outlaw",
                  "name": "1_16_4_24"
                },
                {
                  "num": 1,
                  "categoryName": "James Augustine",
                  "name": "1_16_4_28"
                }
              ],
              "name": "1_16_4_0"
            },
            {
              "num": 104.3,
              "categoryName": "Washington_Wizards",
              "children": [
                {
                  "num": 28.4,
                  "categoryName": "Gilbert Arenas",
                  "name": "1_16_5_1"
                },
                {
                  "num": 19.8,
                  "categoryName": "Antawn Jamison",
                  "name": "1_16_5_3"
                },
                {
                  "num": 19.1,
                  "categoryName": "Caron Butler",
                  "name": "1_16_5_17"
                },
                {
                  "num": 11.2,
                  "categoryName": "DeShawn Stevenson",
                  "name": "1_16_5_25"
                },
                {
                  "num": 7.6,
                  "categoryName": "Darius Songaila",
                  "name": "1_16_5_26"
                },
                {
                  "num": 7.2,
                  "categoryName": "Jarvis Hayes",
                  "name": "1_16_5_4"
                },
                {
                  "num": 7.1,
                  "categoryName": "Antonio Daniels",
                  "name": "1_16_5_18"
                },
                {
                  "num": 6.6,
                  "categoryName": "Brendan Haywood",
                  "name": "1_16_5_5"
                },
                {
                  "num": 6.1,
                  "categoryName": "Etan Thomas",
                  "name": "1_16_5_7"
                },
                {
                  "num": 3.7,
                  "categoryName": "Andray Blatche",
                  "name": "1_16_5_21"
                },
                {
                  "num": 2.7,
                  "categoryName": "Donell Taylor",
                  "name": "1_16_5_20"
                },
                {
                  "num": 2.7,
                  "categoryName": "Roger Mason",
                  "name": "1_16_5_27"
                },
                {
                  "num": 1.6,
                  "categoryName": "Calvin Booth",
                  "name": "1_16_5_24"
                },
                {
                  "num": 1,
                  "categoryName": "Mike Hall",
                  "name": "1_16_5_28"
                },
                {
                  "num": 1,
                  "categoryName": "James Lang",
                  "name": "1_16_5_29"
                },
                {
                  "num": 0.6,
                  "categoryName": "Michael Ruffin",
                  "name": "1_16_5_16"
                }
              ],
              "name": "1_16_5_0"
            }
          ],
          "name": "1_16_0_0",
          "num": 484.30000000000007
        },
        {
          "categoryName": "Atlantic",
          "children": [
            {
              "num": 95.8,
              "categoryName": "Boston_Celtics",
              "children": [
                {
                  "num": 25,
                  "categoryName": "Paul Pierce",
                  "name": "1_14_1_164"
                },
                {
                  "num": 16,
                  "categoryName": "Al Jefferson",
                  "name": "1_14_1_213"
                },
                {
                  "num": 15,
                  "categoryName": "Wally Szczerbiak",
                  "name": "1_14_1_218"
                },
                {
                  "num": 12.2,
                  "categoryName": "Delonte West",
                  "name": "1_14_1_215"
                },
                {
                  "num": 12.1,
                  "categoryName": "Ryan Gomes",
                  "name": "1_14_1_219"
                },
                {
                  "num": 11.5,
                  "categoryName": "Tony Allen",
                  "name": "1_14_1_214"
                },
                {
                  "num": 10.4,
                  "categoryName": "Gerald Green",
                  "name": "1_14_1_220"
                },
                {
                  "num": 6.4,
                  "categoryName": "Rajon Rondo",
                  "name": "1_14_1_226"
                },
                {
                  "num": 6.2,
                  "categoryName": "Allan Ray",
                  "name": "1_14_1_227"
                },
                {
                  "num": 6.1,
                  "categoryName": "Sebastian Telfair",
                  "name": "1_14_1_228"
                },
                {
                  "num": 5.2,
                  "categoryName": "Kevinn Pinkney",
                  "name": "1_14_1_229"
                },
                {
                  "num": 4.5,
                  "categoryName": "Kendrick Perkins",
                  "name": "1_14_1_210"
                },
                {
                  "num": 4.2,
                  "categoryName": "Leon Powe",
                  "name": "1_14_1_230"
                },
                {
                  "num": 4,
                  "categoryName": "Brian Scalabrine",
                  "name": "1_14_1_223"
                },
                {
                  "num": 2.5,
                  "categoryName": "Theo Ratliff",
                  "name": "1_14_1_231"
                },
                {
                  "num": 1.7,
                  "categoryName": "Michael Olowokandi",
                  "name": "1_14_1_224"
                }
              ],
              "name": "1_14_1_0"
            },
            {
              "num": 97.6,
              "categoryName": "New_Jersey_Nets",
              "children": [
                {
                  "num": 25.2,
                  "categoryName": "Vince Carter",
                  "name": "1_14_6_219"
                },
                {
                  "num": 16.4,
                  "categoryName": "Nenad Krstic",
                  "name": "1_14_6_221"
                },
                {
                  "num": 16.3,
                  "categoryName": "Richard Jefferson",
                  "name": "1_14_6_201"
                },
                {
                  "num": 13,
                  "categoryName": "Jason Kidd",
                  "name": "1_14_6_199"
                },
                {
                  "num": 9.8,
                  "categoryName": "Mikki Moore",
                  "name": "1_14_6_217"
                },
                {
                  "num": 9.2,
                  "categoryName": "Bostjan Nachbar",
                  "name": "1_14_6_238"
                },
                {
                  "num": 8.4,
                  "categoryName": "Eddie House",
                  "name": "1_14_6_243"
                },
                {
                  "num": 6.8,
                  "categoryName": "Marcus Williams",
                  "name": "1_14_6_244"
                },
                {
                  "num": 4.5,
                  "categoryName": "Antoine Wright",
                  "name": "1_14_6_240"
                },
                {
                  "num": 4.2,
                  "categoryName": "Josh Boone",
                  "name": "1_14_6_245"
                },
                {
                  "num": 4.1,
                  "categoryName": "Clifford Robinson",
                  "name": "1_14_6_225"
                },
                {
                  "num": 2.9,
                  "categoryName": "Hassan Adams",
                  "name": "1_14_6_246"
                },
                {
                  "num": 2.1,
                  "categoryName": "Jason Collins",
                  "name": "1_14_6_202"
                },
                {
                  "num": 1,
                  "categoryName": "Bernard Robinson",
                  "name": "1_14_6_247"
                },
                {
                  "num": 0,
                  "categoryName": "Mile Ilic",
                  "name": "1_14_6_248"
                }
              ],
              "name": "1_14_6_0"
            },
            {
              "num": 97.5,
              "categoryName": "New_York_Knicks",
              "children": [
                {
                  "num": 19.5,
                  "categoryName": "Eddy Curry",
                  "name": "1_14_3_212"
                },
                {
                  "num": 17.6,
                  "categoryName": "Jamal Crawford",
                  "name": "1_14_3_204"
                },
                {
                  "num": 16.4,
                  "categoryName": "Stephon Marbury",
                  "name": "1_14_3_191"
                },
                {
                  "num": 13,
                  "categoryName": "Quentin Richardson",
                  "name": "1_14_3_217"
                },
                {
                  "num": 11.3,
                  "categoryName": "Steve Francis",
                  "name": "1_14_3_215"
                },
                {
                  "num": 10.7,
                  "categoryName": "David Lee",
                  "name": "1_14_3_219"
                },
                {
                  "num": 10.1,
                  "categoryName": "Nate Robinson",
                  "name": "1_14_3_216"
                },
                {
                  "num": 9.5,
                  "categoryName": "Channing Frye",
                  "name": "1_14_3_214"
                },
                {
                  "num": 4.9,
                  "categoryName": "Renaldo Balkman",
                  "name": "1_14_3_224"
                },
                {
                  "num": 4.5,
                  "categoryName": "Mardy Collins",
                  "name": "1_14_3_225"
                },
                {
                  "num": 4.1,
                  "categoryName": "Jared Jeffries",
                  "name": "1_14_3_226"
                },
                {
                  "num": 3,
                  "categoryName": "Malik Rose",
                  "name": "1_14_3_205"
                },
                {
                  "num": 1.9,
                  "categoryName": "Jerome James",
                  "name": "1_14_3_222"
                },
                {
                  "num": 1.2,
                  "categoryName": "Kelvin Cato",
                  "name": "1_14_3_227"
                },
                {
                  "num": 0.8,
                  "categoryName": "Randolph Morris",
                  "name": "1_14_3_228"
                }
              ],
              "name": "1_14_3_0"
            },
            {
              "num": 94.9,
              "categoryName": "Philadelphia_76ers",
              "children": [
                {
                  "num": 31.2,
                  "categoryName": "Allen Iverson",
                  "name": "1_14_4_200"
                },
                {
                  "num": 18.2,
                  "categoryName": "Andre Iguodala",
                  "name": "1_14_4_277"
                },
                {
                  "num": 14.4,
                  "categoryName": "Kyle Korver",
                  "name": "1_14_4_272"
                },
                {
                  "num": 13.6,
                  "categoryName": "Andre Miller",
                  "name": "1_14_4_289"
                },
                {
                  "num": 11.3,
                  "categoryName": "Willie Green",
                  "name": "1_14_4_271"
                },
                {
                  "num": 11,
                  "categoryName": "Chris Webber",
                  "name": "1_14_4_275"
                },
                {
                  "num": 10.7,
                  "categoryName": "Samuel Dalembert",
                  "name": "1_14_4_254"
                },
                {
                  "num": 9.2,
                  "categoryName": "Joe Smith",
                  "name": "1_14_4_214"
                },
                {
                  "num": 6.6,
                  "categoryName": "Rodney Carney",
                  "name": "1_14_4_290"
                },
                {
                  "num": 6.4,
                  "categoryName": "Steven Hunter",
                  "name": "1_14_4_282"
                },
                {
                  "num": 4.5,
                  "categoryName": "Shavlik Randolph",
                  "name": "1_14_4_285"
                },
                {
                  "num": 4.3,
                  "categoryName": "Lou Williams",
                  "name": "1_14_4_286"
                },
                {
                  "num": 3.8,
                  "categoryName": "Kevin Ollie",
                  "name": "1_14_4_237"
                },
                {
                  "num": 3.1,
                  "categoryName": "Alan Henderson",
                  "name": "1_14_4_291"
                },
                {
                  "num": 2.5,
                  "categoryName": "Bobby Jones",
                  "name": "1_14_4_66"
                },
                {
                  "num": 1.6,
                  "categoryName": "Lou Amundson",
                  "name": "1_14_4_292"
                },
                {
                  "num": 1.4,
                  "categoryName": "Ivan McFarlin",
                  "name": "1_14_4_293"
                },
                {
                  "num": 0.6,
                  "categoryName": "Steven Smith",
                  "name": "1_14_4_294"
                }
              ],
              "name": "1_14_4_0"
            },
            {
              "num": 99.5,
              "categoryName": "Toronto_Raptors",
              "children": [
                {
                  "num": 22.6,
                  "categoryName": "Chris Bosh",
                  "name": "1_14_12_2"
                },
                {
                  "num": 14,
                  "categoryName": "T.J. Ford",
                  "name": "1_14_12_25"
                },
                {
                  "num": 12.4,
                  "categoryName": "Anthony Parker",
                  "name": "1_14_12_26"
                },
                {
                  "num": 11.6,
                  "categoryName": "Andrea Bargnani",
                  "name": "1_14_12_27"
                },
                {
                  "num": 11.1,
                  "categoryName": "Juan Dixon",
                  "name": "1_14_12_28"
                },
                {
                  "num": 8.9,
                  "categoryName": "Morris Peterson",
                  "name": "1_14_12_5"
                },
                {
                  "num": 8.7,
                  "categoryName": "Jose Calderon",
                  "name": "1_14_12_20"
                },
                {
                  "num": 8.5,
                  "categoryName": "Jorge Garbajosa",
                  "name": "1_14_12_29"
                },
                {
                  "num": 7.6,
                  "categoryName": "Fred Jones",
                  "name": "1_14_12_30"
                },
                {
                  "num": 6.4,
                  "categoryName": "Joey Graham",
                  "name": "1_14_12_19"
                },
                {
                  "num": 6.2,
                  "categoryName": "Rasho Nesterovic",
                  "name": "1_14_12_31"
                },
                {
                  "num": 4.5,
                  "categoryName": "Luke Jackson",
                  "name": "1_14_12_32"
                },
                {
                  "num": 3.8,
                  "categoryName": "Kris Humphries",
                  "name": "1_14_12_33"
                },
                {
                  "num": 3,
                  "categoryName": "Darrick Martin",
                  "name": "1_14_12_23"
                },
                {
                  "num": 1.9,
                  "categoryName": "Uros Slokar",
                  "name": "1_14_12_34"
                },
                {
                  "num": 1.8,
                  "categoryName": "P.J. Tucker",
                  "name": "1_14_12_35"
                },
                {
                  "num": 1.4,
                  "categoryName": "Pape Sow",
                  "name": "1_14_12_14"
                }
              ],
              "name": "1_14_12_0"
            }
          ],
          "name": "1_14_0_0",
          "num": 485.29999999999995
        },
        {
          "categoryName": "Central",
          "children": [
            {
              "num": 98.8,
              "categoryName": "Chicago_Bulls",
              "children": [
                {
                  "num": 21.4,
                  "categoryName": "Ben Gordon",
                  "name": "1_15_12_167"
                },
                {
                  "num": 18.8,
                  "categoryName": "Luol Deng",
                  "name": "1_15_12_168"
                },
                {
                  "num": 16.6,
                  "categoryName": "Kirk Hinrich",
                  "name": "1_15_12_159"
                },
                {
                  "num": 14.1,
                  "categoryName": "Andres Nocioni",
                  "name": "1_15_12_169"
                },
                {
                  "num": 7.2,
                  "categoryName": "Chris Duhon",
                  "name": "1_15_12_171"
                },
                {
                  "num": 6.4,
                  "categoryName": "Ben Wallace",
                  "name": "1_15_12_187"
                },
                {
                  "num": 6.1,
                  "categoryName": "P.J. Brown",
                  "name": "1_15_12_188"
                },
                {
                  "num": 5.2,
                  "categoryName": "Tyrus Thomas",
                  "name": "1_15_12_189"
                },
                {
                  "num": 4,
                  "categoryName": "Malik Allen",
                  "name": "1_15_12_179"
                },
                {
                  "num": 3.6,
                  "categoryName": "Thabo Sefolosha",
                  "name": "1_15_12_190"
                },
                {
                  "num": 3.2,
                  "categoryName": "Mike Sweetney",
                  "name": "1_15_12_178"
                },
                {
                  "num": 2.5,
                  "categoryName": "Adrian Griffin",
                  "name": "1_15_12_174"
                },
                {
                  "num": 2.2,
                  "categoryName": "Viktor Khryapa",
                  "name": "1_15_12_191"
                },
                {
                  "num": 1.3,
                  "categoryName": "Andre Barrett",
                  "name": "1_15_12_192"
                }
              ],
              "name": "1_15_12_0"
            },
            {
              "num": 96.8,
              "categoryName": "Cleveland_Cavaliers",
              "children": [
                {
                  "num": 27.3,
                  "categoryName": "LeBron James",
                  "name": "1_15_4_233"
                },
                {
                  "num": 14.9,
                  "categoryName": "Larry Hughes",
                  "name": "1_15_4_255"
                },
                {
                  "num": 11.9,
                  "categoryName": "Zydrunas Ilgauskas",
                  "name": "1_15_4_184"
                },
                {
                  "num": 11.1,
                  "categoryName": "Drew Gooden",
                  "name": "1_15_4_246"
                },
                {
                  "num": 9,
                  "categoryName": "Sasha Pavlovic",
                  "name": "1_15_4_248"
                },
                {
                  "num": 7,
                  "categoryName": "Donyell Marshall",
                  "name": "1_15_4_257"
                },
                {
                  "num": 6.8,
                  "categoryName": "Anderson Varejao",
                  "name": "1_15_4_247"
                },
                {
                  "num": 6.6,
                  "categoryName": "Damon Jones",
                  "name": "1_15_4_258"
                },
                {
                  "num": 4.6,
                  "categoryName": "Daniel Gibson",
                  "name": "1_15_4_264"
                },
                {
                  "num": 4.2,
                  "categoryName": "Eric Snow",
                  "name": "1_15_4_250"
                },
                {
                  "num": 3.2,
                  "categoryName": "Shannon Brown",
                  "name": "1_15_4_265"
                },
                {
                  "num": 3.1,
                  "categoryName": "Ira Newble",
                  "name": "1_15_4_240"
                },
                {
                  "num": 2.1,
                  "categoryName": "David Wesley",
                  "name": "1_15_4_266"
                },
                {
                  "num": 1,
                  "categoryName": "Scot Pollard",
                  "name": "1_15_4_267"
                },
                {
                  "num": 0.8,
                  "categoryName": "Dwayne Jones",
                  "name": "1_15_4_268"
                }
              ],
              "name": "1_15_4_0"
            },
            {
              "num": 96,
              "categoryName": "Detroit_Pistons",
              "children": [
                {
                  "num": 19.8,
                  "categoryName": "Richard Hamilton",
                  "name": "1_15_10_191"
                },
                {
                  "num": 17,
                  "categoryName": "Chauncey Billups",
                  "name": "1_15_10_192"
                },
                {
                  "num": 14.3,
                  "categoryName": "Tayshaun Prince",
                  "name": "1_15_10_194"
                },
                {
                  "num": 12.3,
                  "categoryName": "Rasheed Wallace",
                  "name": "1_15_10_198"
                },
                {
                  "num": 11.3,
                  "categoryName": "Chris Webber",
                  "name": "1_15_10_220"
                },
                {
                  "num": 8.1,
                  "categoryName": "Antonio McDyess",
                  "name": "1_15_10_205"
                },
                {
                  "num": 6.7,
                  "categoryName": "Ronald Murray",
                  "name": "1_15_10_221"
                },
                {
                  "num": 5.9,
                  "categoryName": "Amir Johnson",
                  "name": "1_15_10_214"
                },
                {
                  "num": 5.6,
                  "categoryName": "Nazr Mohammed",
                  "name": "1_15_10_222"
                },
                {
                  "num": 5.2,
                  "categoryName": "Carlos Delfino",
                  "name": "1_15_10_207"
                },
                {
                  "num": 5,
                  "categoryName": "Jason Maxiell",
                  "name": "1_15_10_217"
                },
                {
                  "num": 4.9,
                  "categoryName": "Lindsey Hunter",
                  "name": "1_15_10_120"
                },
                {
                  "num": 1.8,
                  "categoryName": "Dale Davis",
                  "name": "1_15_10_219"
                },
                {
                  "num": 1.8,
                  "categoryName": "Will Blalock",
                  "name": "1_15_10_223"
                },
                {
                  "num": 1.3,
                  "categoryName": "Ronald Dupree",
                  "name": "1_15_10_208"
                }
              ],
              "name": "1_15_10_0"
            },
            {
              "num": 95.6,
              "categoryName": "Indiana_Pacers",
              "children": [
                {
                  "num": 19.4,
                  "categoryName": "Jermaine O'Neal",
                  "name": "1_15_11_129"
                },
                {
                  "num": 15.9,
                  "categoryName": "Al Harrington",
                  "name": "1_15_11_125"
                },
                {
                  "num": 14.1,
                  "categoryName": "Stephen Jackson",
                  "name": "1_15_11_150"
                },
                {
                  "num": 14,
                  "categoryName": "Mike Dunleavy, Jr.",
                  "name": "1_15_11_162"
                },
                {
                  "num": 13.9,
                  "categoryName": "Danny Granger",
                  "name": "1_15_11_159"
                },
                {
                  "num": 12.8,
                  "categoryName": "Jamaal Tinsley",
                  "name": "1_15_11_136"
                },
                {
                  "num": 11.1,
                  "categoryName": "Troy Murphy",
                  "name": "1_15_11_163"
                },
                {
                  "num": 7.4,
                  "categoryName": "S. Jasikevicius",
                  "name": "1_15_11_160"
                },
                {
                  "num": 7.1,
                  "categoryName": "Marquis Daniels",
                  "name": "1_15_11_164"
                },
                {
                  "num": 5.8,
                  "categoryName": "Ike Diogu",
                  "name": "1_15_11_165"
                },
                {
                  "num": 5.6,
                  "categoryName": "Darrell Armstrong",
                  "name": "1_15_11_166"
                },
                {
                  "num": 4.3,
                  "categoryName": "Jeff Foster",
                  "name": "1_15_11_127"
                },
                {
                  "num": 4.2,
                  "categoryName": "Keith McLeod",
                  "name": "1_15_11_167"
                },
                {
                  "num": 3.9,
                  "categoryName": "Shawne Williams",
                  "name": "1_15_11_168"
                },
                {
                  "num": 3,
                  "categoryName": "David Harrison",
                  "name": "1_15_11_151"
                },
                {
                  "num": 2.9,
                  "categoryName": "Maceo Baston",
                  "name": "1_15_11_169"
                },
                {
                  "num": 2.5,
                  "categoryName": "Rawle Marshall",
                  "name": "1_15_11_170"
                },
                {
                  "num": 1.7,
                  "categoryName": "Josh Powell",
                  "name": "1_15_11_171"
                },
                {
                  "num": 1.5,
                  "categoryName": "Orien Greene",
                  "name": "1_15_11_172"
                }
              ],
              "name": "1_15_11_0"
            },
            {
              "num": 99.7,
              "categoryName": "Milwaukee_Bucks",
              "children": [
                {
                  "num": 26.7,
                  "categoryName": "Michael Redd",
                  "name": "1_15_13_166"
                },
                {
                  "num": 17.3,
                  "categoryName": "Mo Williams",
                  "name": "1_15_13_189"
                },
                {
                  "num": 14.7,
                  "categoryName": "Ruben Patterson",
                  "name": "1_15_13_205"
                },
                {
                  "num": 14,
                  "categoryName": "Earl Boykins",
                  "name": "1_15_13_206"
                },
                {
                  "num": 13.5,
                  "categoryName": "Charlie Bell",
                  "name": "1_15_13_201"
                },
                {
                  "num": 12.3,
                  "categoryName": "Andrew Bogut",
                  "name": "1_15_13_199"
                },
                {
                  "num": 11.8,
                  "categoryName": "Charlie Villanueva",
                  "name": "1_15_13_207"
                },
                {
                  "num": 6.1,
                  "categoryName": "Ersan Ilyasova",
                  "name": "1_15_13_208"
                },
                {
                  "num": 4.8,
                  "categoryName": "Dan Gadzuric",
                  "name": "1_15_13_176"
                },
                {
                  "num": 4.4,
                  "categoryName": "Brian Skinner",
                  "name": "1_15_13_181"
                },
                {
                  "num": 4.1,
                  "categoryName": "Lynn Greer",
                  "name": "1_15_13_209"
                },
                {
                  "num": 3.6,
                  "categoryName": "Steve Blake",
                  "name": "1_15_13_210"
                },
                {
                  "num": 2.7,
                  "categoryName": "David Noel",
                  "name": "1_15_13_211"
                },
                {
                  "num": 1.8,
                  "categoryName": "Julius Hodge",
                  "name": "1_15_13_212"
                },
                {
                  "num": 1.7,
                  "categoryName": "Damir Markota",
                  "name": "1_15_13_213"
                },
                {
                  "num": 1.2,
                  "categoryName": "Jared Reiner",
                  "name": "1_15_13_214"
                },
                {
                  "num": 0,
                  "categoryName": "Chris McCray",
                  "name": "1_15_13_215"
                }
              ],
              "name": "1_15_13_0"
            }
          ],
          "name": "1_15_0_0",
          "num": 486.90000000000003
        }
      ],
      "name": "1_0_0_0",
      "num": 1456.5
    },
    {
      "categoryName": "Western",
      "children": [
        {
          "categoryName": "Northwest",
          "children": [
            {
              "num": 105.4,
              "categoryName": "Denver_Nuggets",
              "children": [
                {
                  "num": 28.9,
                  "categoryName": "Carmelo Anthony",
                  "name": "2_34_1_1"
                },
                {
                  "num": 24.8,
                  "categoryName": "Allen Iverson",
                  "name": "2_34_1_25"
                },
                {
                  "num": 15.2,
                  "categoryName": "Earl Boykins",
                  "name": "2_34_1_4"
                },
                {
                  "num": 13,
                  "categoryName": "Andre Miller",
                  "name": "2_34_1_3"
                },
                {
                  "num": 13,
                  "categoryName": "J.R. Smith",
                  "name": "2_34_1_26"
                },
                {
                  "num": 12.2,
                  "categoryName": " Nene",
                  "name": "2_34_1_7"
                },
                {
                  "num": 11.2,
                  "categoryName": "Marcus Camby",
                  "name": "2_34_1_5"
                },
                {
                  "num": 9.5,
                  "categoryName": "Kenyon Martin",
                  "name": "2_34_1_2"
                },
                {
                  "num": 8.3,
                  "categoryName": "Steve Blake",
                  "name": "2_34_1_27"
                },
                {
                  "num": 7.6,
                  "categoryName": "Linas Kleiza",
                  "name": "2_34_1_22"
                },
                {
                  "num": 6.6,
                  "categoryName": "Eduardo Najera",
                  "name": "2_34_1_10"
                },
                {
                  "num": 5.1,
                  "categoryName": "Joe Smith",
                  "name": "2_34_1_28"
                },
                {
                  "num": 4.9,
                  "categoryName": "Reggie Evans",
                  "name": "2_34_1_20"
                },
                {
                  "num": 4.4,
                  "categoryName": "Yakhouba Diawara",
                  "name": "2_34_1_29"
                },
                {
                  "num": 3.5,
                  "categoryName": "DerMarr Johnson",
                  "name": "2_34_1_9"
                },
                {
                  "num": 3,
                  "categoryName": "Anthony Carter",
                  "name": "2_34_1_30"
                },
                {
                  "num": 1.5,
                  "categoryName": "Julius Hodge",
                  "name": "2_34_1_23"
                },
                {
                  "num": 1.1,
                  "categoryName": "Jamal Sampson",
                  "name": "2_34_1_31"
                }
              ],
              "name": "2_34_1_0"
            },
            {
              "num": 96.1,
              "categoryName": "Minnesota_Timberwolves",
              "children": [
                {
                  "num": 22.4,
                  "categoryName": "Kevin Garnett",
                  "name": "2_34_2_1"
                },
                {
                  "num": 17,
                  "categoryName": "Ricky Davis",
                  "name": "2_34_2_15"
                },
                {
                  "num": 12.3,
                  "categoryName": "Mark Blount",
                  "name": "2_34_2_17"
                },
                {
                  "num": 10.1,
                  "categoryName": "Randy Foye",
                  "name": "2_34_2_25"
                },
                {
                  "num": 10.1,
                  "categoryName": "Mike James",
                  "name": "2_34_2_26"
                },
                {
                  "num": 7.4,
                  "categoryName": "Craig Smith",
                  "name": "2_34_2_27"
                },
                {
                  "num": 6.7,
                  "categoryName": "Trenton Hassell",
                  "name": "2_34_2_8"
                },
                {
                  "num": 5.9,
                  "categoryName": "Troy Hudson",
                  "name": "2_34_2_6"
                },
                {
                  "num": 5.3,
                  "categoryName": "Marko Jaric",
                  "name": "2_34_2_20"
                },
                {
                  "num": 5,
                  "categoryName": "Rashad McCants",
                  "name": "2_34_2_19"
                },
                {
                  "num": 3.5,
                  "categoryName": "Bracey Wright",
                  "name": "2_34_2_18"
                },
                {
                  "num": 2.6,
                  "categoryName": "Justin Reed",
                  "name": "2_34_2_21"
                },
                {
                  "num": 1.4,
                  "categoryName": "Eddie Griffin",
                  "name": "2_34_2_7"
                },
                {
                  "num": 1.1,
                  "categoryName": "Mark Madsen",
                  "name": "2_34_2_13"
                }
              ],
              "name": "2_34_2_0"
            },
            {
              "num": 94.1,
              "categoryName": "Portland_Trail_Blazers",
              "children": [
                {
                  "num": 23.6,
                  "categoryName": "Zach Randolph",
                  "name": "2_34_3_1"
                },
                {
                  "num": 16.8,
                  "categoryName": "Brandon Roy",
                  "name": "2_34_3_26"
                },
                {
                  "num": 12,
                  "categoryName": "Jarrett Jack",
                  "name": "2_34_3_20"
                },
                {
                  "num": 9.6,
                  "categoryName": "Travis Outlaw",
                  "name": "2_34_3_10"
                },
                {
                  "num": 9,
                  "categoryName": "LaMarcus Aldridge",
                  "name": "2_34_3_27"
                },
                {
                  "num": 8.9,
                  "categoryName": "Juan Dixon",
                  "name": "2_34_3_18"
                },
                {
                  "num": 8.4,
                  "categoryName": "Ime Udoka",
                  "name": "2_34_3_28"
                },
                {
                  "num": 7,
                  "categoryName": "Martell Webster",
                  "name": "2_34_3_21"
                },
                {
                  "num": 6.5,
                  "categoryName": "Jamaal Magloire",
                  "name": "2_34_3_29"
                },
                {
                  "num": 4.8,
                  "categoryName": "Fred Jones",
                  "name": "2_34_3_30"
                },
                {
                  "num": 3.7,
                  "categoryName": "Raef LaFrentz",
                  "name": "2_34_3_31"
                },
                {
                  "num": 3.7,
                  "categoryName": "Sergio Rodriguez",
                  "name": "2_34_3_32"
                },
                {
                  "num": 3.3,
                  "categoryName": "Dan Dickau",
                  "name": "2_34_3_33"
                },
                {
                  "num": 3.2,
                  "categoryName": "Stephen Graham",
                  "name": "2_34_3_34"
                },
                {
                  "num": 2,
                  "categoryName": "Joel Przybilla",
                  "name": "2_34_3_9"
                },
                {
                  "num": 1.7,
                  "categoryName": "Luke Schenscher",
                  "name": "2_34_3_35"
                },
                {
                  "num": 0,
                  "categoryName": "Jeremy Richardson",
                  "name": "2_34_3_36"
                }
              ],
              "name": "2_34_3_0"
            },
            {
              "num": 99.1,
              "categoryName": "Seattle_Supersonics",
              "children": [
                {
                  "num": 26.4,
                  "categoryName": "Ray Allen",
                  "name": "2_34_4_1"
                },
                {
                  "num": 22.4,
                  "categoryName": "Rashard Lewis",
                  "name": "2_34_4_2"
                },
                {
                  "num": 13.5,
                  "categoryName": "Chris Wilcox",
                  "name": "2_34_4_16"
                },
                {
                  "num": 11,
                  "categoryName": "Luke Ridnour",
                  "name": "2_34_4_5"
                },
                {
                  "num": 9.6,
                  "categoryName": "Nick Collison",
                  "name": "2_34_4_9"
                },
                {
                  "num": 9.4,
                  "categoryName": "Earl Watson",
                  "name": "2_34_4_17"
                },
                {
                  "num": 8.8,
                  "categoryName": "Damien Wilkins",
                  "name": "2_34_4_8"
                },
                {
                  "num": 6.2,
                  "categoryName": "Johan Petro",
                  "name": "2_34_4_18"
                },
                {
                  "num": 4.6,
                  "categoryName": "Mickael Gelabale",
                  "name": "2_34_4_23"
                },
                {
                  "num": 3.6,
                  "categoryName": "Mike Wilks",
                  "name": "2_34_4_19"
                },
                {
                  "num": 2.9,
                  "categoryName": "Danny Fortson",
                  "name": "2_34_4_6"
                },
                {
                  "num": 2.4,
                  "categoryName": "Andre Brown",
                  "name": "2_34_4_24"
                },
                {
                  "num": 1.9,
                  "categoryName": "Mouhamed Sene",
                  "name": "2_34_4_25"
                },
                {
                  "num": 1.6,
                  "categoryName": "Desmon Farmer",
                  "name": "2_34_4_26"
                },
                {
                  "num": 1.3,
                  "categoryName": "A. Glyniadakis",
                  "name": "2_34_4_27"
                },
                {
                  "num": 0,
                  "categoryName": "Randy Livingston",
                  "name": "2_34_4_28"
                }
              ],
              "name": "2_34_4_0"
            },
            {
              "num": 101.5,
              "categoryName": "Utah_Jazz",
              "children": [
                {
                  "num": 20.9,
                  "categoryName": "Carlos Boozer",
                  "name": "2_34_5_1"
                },
                {
                  "num": 17.6,
                  "categoryName": "Mehmet Okur",
                  "name": "2_34_5_4"
                },
                {
                  "num": 16.2,
                  "categoryName": "Deron Williams",
                  "name": "2_34_5_18"
                },
                {
                  "num": 11.6,
                  "categoryName": "Matt Harpring",
                  "name": "2_34_5_3"
                },
                {
                  "num": 10.1,
                  "categoryName": "Derek Fisher",
                  "name": "2_34_5_25"
                },
                {
                  "num": 8.3,
                  "categoryName": "Andrei Kirilenko",
                  "name": "2_34_5_2"
                },
                {
                  "num": 7.8,
                  "categoryName": "Gordan Giricek",
                  "name": "2_34_5_6"
                },
                {
                  "num": 6.8,
                  "categoryName": "Paul Millsap",
                  "name": "2_34_5_26"
                },
                {
                  "num": 4.6,
                  "categoryName": "Ronnie Brewer",
                  "name": "2_34_5_27"
                },
                {
                  "num": 2.7,
                  "categoryName": "C.J. Miles",
                  "name": "2_34_5_21"
                },
                {
                  "num": 2.6,
                  "categoryName": "Rafael Araujo",
                  "name": "2_34_5_28"
                },
                {
                  "num": 2.5,
                  "categoryName": "Jarron Collins",
                  "name": "2_34_5_13"
                },
                {
                  "num": 1.9,
                  "categoryName": "Dee Brown",
                  "name": "2_34_5_29"
                },
                {
                  "num": 0.7,
                  "categoryName": "Roger Powell",
                  "name": "2_34_5_30"
                },
                {
                  "num": 0,
                  "categoryName": "Lou Amundson",
                  "name": "2_34_5_31"
                }
              ],
              "name": "2_34_5_0"
            }
          ],
          "name": "2_34_0_0",
          "num": 496.20000000000005
        },
        {
          "categoryName": "Pacific",
          "children": [
            {
              "num": 106.5,
              "categoryName": "Golden_State_Warriors",
              "children": [
                {
                  "num": 20.1,
                  "categoryName": "Baron Davis",
                  "name": "2_33_6_257"
                },
                {
                  "num": 17,
                  "categoryName": "Al Harrington",
                  "name": "2_33_6_272"
                },
                {
                  "num": 16.8,
                  "categoryName": "Stephen Jackson",
                  "name": "2_33_6_273"
                },
                {
                  "num": 16.5,
                  "categoryName": "Monta Ellis",
                  "name": "2_33_6_268"
                },
                {
                  "num": 16,
                  "categoryName": "Jason Richardson",
                  "name": "2_33_6_233"
                },
                {
                  "num": 11.4,
                  "categoryName": "Mike Dunleavy, Jr.",
                  "name": "2_33_6_240"
                },
                {
                  "num": 11.1,
                  "categoryName": "Mickael Pietrus",
                  "name": "2_33_6_250"
                },
                {
                  "num": 9.8,
                  "categoryName": "Matt Barnes",
                  "name": "2_33_6_274"
                },
                {
                  "num": 9.5,
                  "categoryName": "Andris Biedrins",
                  "name": "2_33_6_261"
                },
                {
                  "num": 8.9,
                  "categoryName": "Troy Murphy",
                  "name": "2_33_6_235"
                },
                {
                  "num": 7.2,
                  "categoryName": "Ike Diogu",
                  "name": "2_33_6_267"
                },
                {
                  "num": 7.1,
                  "categoryName": "Kelenna Azubuike",
                  "name": "2_33_6_275"
                },
                {
                  "num": 5.6,
                  "categoryName": "Anthony Roberson",
                  "name": "2_33_6_276"
                },
                {
                  "num": 5.3,
                  "categoryName": "Keith McLeod",
                  "name": "2_33_6_277"
                },
                {
                  "num": 5,
                  "categoryName": "Renaldo Major",
                  "name": "2_33_6_278"
                },
                {
                  "num": 4.3,
                  "categoryName": "S. Jasikevicius",
                  "name": "2_33_6_279"
                },
                {
                  "num": 4,
                  "categoryName": "Dajuan Wagner",
                  "name": "2_33_6_280"
                },
                {
                  "num": 3.5,
                  "categoryName": "Josh Powell",
                  "name": "2_33_6_281"
                },
                {
                  "num": 2.2,
                  "categoryName": "Adonal Foyle",
                  "name": "2_33_6_200"
                },
                {
                  "num": 1.9,
                  "categoryName": "Patrick O'Bryant",
                  "name": "2_33_6_282"
                }
              ],
              "name": "2_33_6_0"
            },
            {
              "num": 95.6,
              "categoryName": "Los_Angeles_Clippers",
              "children": [
                {
                  "num": 20.5,
                  "categoryName": "Elton Brand",
                  "name": "2_33_10_148"
                },
                {
                  "num": 16.9,
                  "categoryName": "Corey Maggette",
                  "name": "2_33_10_139"
                },
                {
                  "num": 13.8,
                  "categoryName": "Cuttino Mobley",
                  "name": "2_33_10_178"
                },
                {
                  "num": 12.3,
                  "categoryName": "Sam Cassell",
                  "name": "2_33_10_177"
                },
                {
                  "num": 11,
                  "categoryName": "Tim Thomas",
                  "name": "2_33_10_188"
                },
                {
                  "num": 10.1,
                  "categoryName": "Chris Kaman",
                  "name": "2_33_10_162"
                },
                {
                  "num": 9.3,
                  "categoryName": "Shaun Livingston",
                  "name": "2_33_10_166"
                },
                {
                  "num": 9,
                  "categoryName": "Jason Hart",
                  "name": "2_33_10_189"
                },
                {
                  "num": 5.2,
                  "categoryName": "Quinton Ross",
                  "name": "2_33_10_171"
                },
                {
                  "num": 2.9,
                  "categoryName": "Daniel Ewing",
                  "name": "2_33_10_180"
                },
                {
                  "num": 2,
                  "categoryName": "Aaron Williams",
                  "name": "2_33_10_190"
                },
                {
                  "num": 1.9,
                  "categoryName": "Doug Christie",
                  "name": "2_33_10_191"
                },
                {
                  "num": 1.6,
                  "categoryName": "Paul Davis",
                  "name": "2_33_10_192"
                },
                {
                  "num": 1.6,
                  "categoryName": "James Singleton",
                  "name": "2_33_10_181"
                },
                {
                  "num": 1.2,
                  "categoryName": "Yaroslav Korolev",
                  "name": "2_33_10_185"
                },
                {
                  "num": 1,
                  "categoryName": "Luke Jackson",
                  "name": "2_33_10_193"
                },
                {
                  "num": 1,
                  "categoryName": "Alvin Williams",
                  "name": "2_33_10_194"
                },
                {
                  "num": 0,
                  "categoryName": "Will Conroy",
                  "name": "2_33_10_195"
                },
                {
                  "num": 0,
                  "categoryName": "Von Wafer",
                  "name": "2_33_10_196"
                }
              ],
              "name": "2_33_10_0"
            },
            {
              "num": 103.3,
              "categoryName": "Los_Angeles_Lakers",
              "children": [
                {
                  "num": 31.6,
                  "categoryName": "Kobe Bryant",
                  "name": "2_33_1_159"
                },
                {
                  "num": 15.9,
                  "categoryName": "Lamar Odom",
                  "name": "2_33_1_208"
                },
                {
                  "num": 11.4,
                  "categoryName": "Luke Walton",
                  "name": "2_33_1_205"
                },
                {
                  "num": 11.1,
                  "categoryName": "Smush Parker",
                  "name": "2_33_1_216"
                },
                {
                  "num": 8.4,
                  "categoryName": "Kwame Brown",
                  "name": "2_33_1_217"
                },
                {
                  "num": 8.4,
                  "categoryName": "Maurice Evans",
                  "name": "2_33_1_225"
                },
                {
                  "num": 7.8,
                  "categoryName": "Andrew Bynum",
                  "name": "2_33_1_221"
                },
                {
                  "num": 6.9,
                  "categoryName": "Brian Cook",
                  "name": "2_33_1_202"
                },
                {
                  "num": 6.6,
                  "categoryName": "V. Radmanovic",
                  "name": "2_33_1_226"
                },
                {
                  "num": 5.3,
                  "categoryName": "Ronny Turiaf",
                  "name": "2_33_1_219"
                },
                {
                  "num": 4.4,
                  "categoryName": "Jordan Farmar",
                  "name": "2_33_1_227"
                },
                {
                  "num": 4.3,
                  "categoryName": "Sasha Vujacic",
                  "name": "2_33_1_214"
                },
                {
                  "num": 3.1,
                  "categoryName": "Shammond Williams",
                  "name": "2_33_1_228"
                },
                {
                  "num": 2.2,
                  "categoryName": "Aaron McKie",
                  "name": "2_33_1_224"
                }
              ],
              "name": "2_33_1_0"
            },
            {
              "num": 110.2,
              "categoryName": "Phoenix_Suns",
              "children": [
                {
                  "num": 20.4,
                  "categoryName": "Amar'e Stoudemire",
                  "name": "2_33_8_198"
                },
                {
                  "num": 18.6,
                  "categoryName": "Steve Nash",
                  "name": "2_33_8_151"
                },
                {
                  "num": 18.1,
                  "categoryName": "Leandro Barbosa",
                  "name": "2_33_8_203"
                },
                {
                  "num": 17.5,
                  "categoryName": "Shawn Marion",
                  "name": "2_33_8_176"
                },
                {
                  "num": 14.7,
                  "categoryName": "Raja Bell",
                  "name": "2_33_8_220"
                },
                {
                  "num": 9.7,
                  "categoryName": "Boris Diaw",
                  "name": "2_33_8_221"
                },
                {
                  "num": 6.4,
                  "categoryName": "James Jones",
                  "name": "2_33_8_224"
                },
                {
                  "num": 4.9,
                  "categoryName": "Marcus Banks",
                  "name": "2_33_8_233"
                },
                {
                  "num": 4.6,
                  "categoryName": "Kurt Thomas",
                  "name": "2_33_8_225"
                },
                {
                  "num": 3.7,
                  "categoryName": "Jalen Rose",
                  "name": "2_33_8_234"
                },
                {
                  "num": 2.6,
                  "categoryName": "Pat Burke",
                  "name": "2_33_8_228"
                },
                {
                  "num": 2.5,
                  "categoryName": "Eric Piatkowski",
                  "name": "2_33_8_235"
                },
                {
                  "num": 2.2,
                  "categoryName": "Jumaine Jones",
                  "name": "2_33_8_236"
                },
                {
                  "num": 2,
                  "categoryName": "Sean Marks",
                  "name": "2_33_8_237"
                }
              ],
              "name": "2_33_8_0"
            },
            {
              "num": 101.3,
              "categoryName": "Sacramento_Kings",
              "children": [
                {
                  "num": 20.2,
                  "categoryName": "Kevin Martin",
                  "name": "2_33_11_133"
                },
                {
                  "num": 18.8,
                  "categoryName": "Metta World Peace",
                  "name": "2_33_11_137"
                },
                {
                  "num": 17.1,
                  "categoryName": "Mike Bibby",
                  "name": "2_33_11_114"
                },
                {
                  "num": 9.9,
                  "categoryName": "S. Abdur-Rahim",
                  "name": "2_33_11_139"
                },
                {
                  "num": 9.1,
                  "categoryName": "Corliss Williamson",
                  "name": "2_33_11_75"
                },
                {
                  "num": 9,
                  "categoryName": "Brad Miller",
                  "name": "2_33_11_122"
                },
                {
                  "num": 8.5,
                  "categoryName": "John Salmons",
                  "name": "2_33_11_146"
                },
                {
                  "num": 6,
                  "categoryName": "Francisco Garcia",
                  "name": "2_33_11_140"
                },
                {
                  "num": 5.3,
                  "categoryName": "Kenny Thomas",
                  "name": "2_33_11_128"
                },
                {
                  "num": 5,
                  "categoryName": "Justin Williams",
                  "name": "2_33_11_147"
                },
                {
                  "num": 3.3,
                  "categoryName": "Ronnie Price",
                  "name": "2_33_11_142"
                },
                {
                  "num": 3.3,
                  "categoryName": "Jason Hart",
                  "name": "2_33_11_141"
                },
                {
                  "num": 2.8,
                  "categoryName": "Quincy Douby",
                  "name": "2_33_11_148"
                },
                {
                  "num": 2,
                  "categoryName": "Maurice Taylor",
                  "name": "2_33_11_149"
                },
                {
                  "num": 0,
                  "categoryName": "Vitaly Potapenko",
                  "name": "2_33_11_143"
                }
              ],
              "name": "2_33_11_0"
            }
          ],
          "name": "2_33_0_0",
          "num": 516.9
        },
        {
          "categoryName": "Southwest",
          "children": [
            {
              "num": 100,
              "categoryName": "Dallas_Mavericks",
              "children": [
                {
                  "num": 24.6,
                  "categoryName": "Dirk Nowitzki",
                  "name": "2_35_1_1"
                },
                {
                  "num": 18.9,
                  "categoryName": "Josh Howard",
                  "name": "2_35_1_4"
                },
                {
                  "num": 16.7,
                  "categoryName": "Jason Terry",
                  "name": "2_35_1_5"
                },
                {
                  "num": 12,
                  "categoryName": "Jerry Stackhouse",
                  "name": "2_35_1_3"
                },
                {
                  "num": 10.2,
                  "categoryName": "Devin Harris",
                  "name": "2_35_1_9"
                },
                {
                  "num": 7.1,
                  "categoryName": "Erick Dampier",
                  "name": "2_35_1_7"
                },
                {
                  "num": 6.4,
                  "categoryName": "Devean George",
                  "name": "2_35_1_22"
                },
                {
                  "num": 4,
                  "categoryName": "Greg Buckner",
                  "name": "2_35_1_23"
                },
                {
                  "num": 3.8,
                  "categoryName": "Anthony Johnson",
                  "name": "2_35_1_24"
                },
                {
                  "num": 3.7,
                  "categoryName": "Austin Croshere",
                  "name": "2_35_1_25"
                },
                {
                  "num": 2.4,
                  "categoryName": "Pops Mensah-Bonsu",
                  "name": "2_35_1_26"
                },
                {
                  "num": 2.4,
                  "categoryName": "Kevin Willis",
                  "name": "2_35_1_27"
                },
                {
                  "num": 2.4,
                  "categoryName": "Jose Juan Barea",
                  "name": "2_35_1_28"
                },
                {
                  "num": 2.3,
                  "categoryName": "DeSagana Diop",
                  "name": "2_35_1_21"
                },
                {
                  "num": 2.2,
                  "categoryName": "Maurice Ager",
                  "name": "2_35_1_29"
                },
                {
                  "num": 0.8,
                  "categoryName": "D.J. Mbenga",
                  "name": "2_35_1_15"
                }
              ],
              "name": "2_35_1_0"
            },
            {
              "num": 97,
              "categoryName": "Houston_Rockets",
              "children": [
                {
                  "num": 25,
                  "categoryName": "Yao Ming",
                  "name": "2_35_2_2"
                },
                {
                  "num": 24.6,
                  "categoryName": "Tracy McGrady",
                  "name": "2_35_2_1"
                },
                {
                  "num": 13.3,
                  "categoryName": "Rafer Alston",
                  "name": "2_35_2_24"
                },
                {
                  "num": 10.9,
                  "categoryName": "Luther Head",
                  "name": "2_35_2_27"
                },
                {
                  "num": 10.1,
                  "categoryName": "Shane Battier",
                  "name": "2_35_2_37"
                },
                {
                  "num": 9.7,
                  "categoryName": "Juwan Howard",
                  "name": "2_35_2_7"
                },
                {
                  "num": 7.8,
                  "categoryName": "Bonzi Wells",
                  "name": "2_35_2_38"
                },
                {
                  "num": 5.6,
                  "categoryName": "Chuck Hayes",
                  "name": "2_35_2_30"
                },
                {
                  "num": 4.9,
                  "categoryName": "Kirk Snyder",
                  "name": "2_35_2_39"
                },
                {
                  "num": 3.3,
                  "categoryName": "John Lucas III",
                  "name": "2_35_2_33"
                },
                {
                  "num": 3.1,
                  "categoryName": "Dikembe Mutombo",
                  "name": "2_35_2_13"
                },
                {
                  "num": 2.7,
                  "categoryName": "Vassilis Spanoulis",
                  "name": "2_35_2_40"
                },
                {
                  "num": 2.3,
                  "categoryName": "Jake Tsakalidis",
                  "name": "2_35_2_41"
                },
                {
                  "num": 1.8,
                  "categoryName": "Scott Padgett",
                  "name": "2_35_2_12"
                },
                {
                  "num": 1.5,
                  "categoryName": "Steve Novak",
                  "name": "2_35_2_42"
                }
              ],
              "name": "2_35_2_0"
            },
            {
              "num": 101.6,
              "categoryName": "Memphis_Grizzlies",
              "children": [
                {
                  "num": 20.8,
                  "categoryName": "Pau Gasol",
                  "name": "2_35_3_1"
                },
                {
                  "num": 18.5,
                  "categoryName": "Mike Miller",
                  "name": "2_35_3_2"
                },
                {
                  "num": 13.2,
                  "categoryName": "Chucky Atkins",
                  "name": "2_35_3_18"
                },
                {
                  "num": 12.7,
                  "categoryName": "Hakim Warrick",
                  "name": "2_35_3_20"
                },
                {
                  "num": 10.8,
                  "categoryName": "Rudy Gay",
                  "name": "2_35_3_24"
                },
                {
                  "num": 7.8,
                  "categoryName": "Stromile Swift",
                  "name": "2_35_3_5"
                },
                {
                  "num": 7.7,
                  "categoryName": "Tarence Kinsey",
                  "name": "2_35_3_25"
                },
                {
                  "num": 7.5,
                  "categoryName": "Damon Stoudamire",
                  "name": "2_35_3_17"
                },
                {
                  "num": 7.5,
                  "categoryName": "Dahntay Jones",
                  "name": "2_35_3_11"
                },
                {
                  "num": 5.6,
                  "categoryName": "Kyle Lowry",
                  "name": "2_35_3_26"
                },
                {
                  "num": 5.6,
                  "categoryName": "Eddie Jones",
                  "name": "2_35_3_16"
                },
                {
                  "num": 5.2,
                  "categoryName": "Junior Harrington",
                  "name": "2_35_3_27"
                },
                {
                  "num": 5.2,
                  "categoryName": "Lawrence Roberts",
                  "name": "2_35_3_22"
                },
                {
                  "num": 4.5,
                  "categoryName": "Brian Cardinal",
                  "name": "2_35_3_8"
                },
                {
                  "num": 4.4,
                  "categoryName": "Alexander Johnson",
                  "name": "2_35_3_28"
                },
                {
                  "num": 2.3,
                  "categoryName": "Jake Tsakalidis",
                  "name": "2_35_3_14"
                },
                {
                  "num": 0.3,
                  "categoryName": "Scott Padgett",
                  "name": "2_35_3_29"
                },
                {
                  "num": 0,
                  "categoryName": "Will Conroy",
                  "name": "2_35_3_30"
                }
              ],
              "name": "2_35_3_0"
            },
            {
              "num": 95.5,
              "categoryName": "New_Orleans/Oklahoma_City_Hornets",
              "children": [
                {
                  "num": 18.3,
                  "categoryName": "David West",
                  "name": "2_35_6_1"
                },
                {
                  "num": 17.8,
                  "categoryName": "Peja Stojakovic",
                  "name": "2_35_6_20"
                },
                {
                  "num": 17.3,
                  "categoryName": "Chris Paul",
                  "name": "2_35_6_2"
                },
                {
                  "num": 13.7,
                  "categoryName": "Desmond Mason",
                  "name": "2_35_6_4"
                },
                {
                  "num": 11.6,
                  "categoryName": "Devin Brown",
                  "name": "2_35_6_21"
                },
                {
                  "num": 10.6,
                  "categoryName": "Bobby Jackson",
                  "name": "2_35_6_22"
                },
                {
                  "num": 10.1,
                  "categoryName": "Rasual Butler",
                  "name": "2_35_6_7"
                },
                {
                  "num": 9.5,
                  "categoryName": "Tyson Chandler",
                  "name": "2_35_6_23"
                },
                {
                  "num": 9.2,
                  "categoryName": "Jannero Pargo",
                  "name": "2_35_6_24"
                },
                {
                  "num": 7.3,
                  "categoryName": "Marc Jackson",
                  "name": "2_35_6_5"
                },
                {
                  "num": 4.2,
                  "categoryName": "Linton Johnson",
                  "name": "2_35_6_12"
                },
                {
                  "num": 3.1,
                  "categoryName": "Hilton Armstrong",
                  "name": "2_35_6_25"
                },
                {
                  "num": 2.9,
                  "categoryName": "Cedric Simmons",
                  "name": "2_35_6_26"
                },
                {
                  "num": 2,
                  "categoryName": "Brandon Bass",
                  "name": "2_35_6_16"
                },
                {
                  "num": 1.7,
                  "categoryName": "Marcus Vinicius",
                  "name": "2_35_6_27"
                }
              ],
              "name": "2_35_6_0"
            },
            {
              "num": 98.5,
              "categoryName": "San_Antonio_Spurs",
              "children": [
                {
                  "num": 20,
                  "categoryName": "Tim Duncan",
                  "name": "2_35_5_1"
                },
                {
                  "num": 18.6,
                  "categoryName": "Tony Parker",
                  "name": "2_35_5_2"
                },
                {
                  "num": 16.5,
                  "categoryName": "Manu Ginobili",
                  "name": "2_35_5_3"
                },
                {
                  "num": 9,
                  "categoryName": "Michael Finley",
                  "name": "2_35_5_18"
                },
                {
                  "num": 8.5,
                  "categoryName": "Brent Barry",
                  "name": "2_35_5_6"
                },
                {
                  "num": 8.3,
                  "categoryName": "James White",
                  "name": "2_35_5_23"
                },
                {
                  "num": 6.2,
                  "categoryName": "Bruce Bowen",
                  "name": "2_35_5_5"
                },
                {
                  "num": 5,
                  "categoryName": "Francisco Elson",
                  "name": "2_35_5_24"
                },
                {
                  "num": 4.9,
                  "categoryName": "Matt Bonner",
                  "name": "2_35_5_25"
                },
                {
                  "num": 4.7,
                  "categoryName": "Beno Udrih",
                  "name": "2_35_5_11"
                },
                {
                  "num": 4.4,
                  "categoryName": "Fabricio Oberto",
                  "name": "2_35_5_21"
                },
                {
                  "num": 3.9,
                  "categoryName": "Robert Horry",
                  "name": "2_35_5_10"
                },
                {
                  "num": 3.7,
                  "categoryName": "Jackie Butler",
                  "name": "2_35_5_26"
                },
                {
                  "num": 3.2,
                  "categoryName": "Melvin Ely",
                  "name": "2_35_5_27"
                },
                {
                  "num": 3,
                  "categoryName": "Jacque Vaughn",
                  "name": "2_35_5_28"
                },
                {
                  "num": 2.6,
                  "categoryName": "Eric Williams",
                  "name": "2_35_5_29"
                }
              ],
              "name": "2_35_5_0"
            }
          ],
          "name": "2_35_0_0",
          "num": 492.6
        }
      ],
      "name": "2_0_0_0",
      "num": 1505.7
    }
  ],
  "num": 2962.2
}