{"year":1974,"name":"root","categoryName":"root","children":[{"categoryName":"Eastern","children":[{"categoryName":"Atlantic","children":[{"num":106.5,"categoryName":"Boston_Celtics","children":[{"num":20.4,"categoryName":"Dave Cowens","name":"1_14_1_3"},{"num":19.2,"categoryName":"John Havlicek","name":"1_14_1_1"},{"num":18.3,"categoryName":"Jo Jo White","name":"1_14_1_2"},{"num":14,"categoryName":"Don Nelson","name":"1_14_1_4"},{"num":10.6,"categoryName":"Paul Silas","name":"1_14_1_16"},{"num":9.8,"categoryName":"Paul Westphal","name":"1_14_1_17"},{"num":9.5,"categoryName":"Don Chaney","name":"1_14_1_5"},{"num":4,"categoryName":"Phil Hankinson","name":"1_14_1_19"},{"num":3.8,"categoryName":"Jim Ard","name":"1_14_1_21"},{"num":2.8,"categoryName":"Kevin Stacom","name":"1_14_1_22"},{"num":2.8,"categoryName":"Ben Clyde","name":"1_14_1_23"},{"num":2.7,"categoryName":"Glenn McDonald","name":"1_14_1_24"},{"num":2,"categoryName":"Hank Finkel","name":"1_14_1_8"},{"num":0,"categoryName":"Steve Downing","name":"1_14_1_20"}],"name":"1_14_1_0"},{"num":107.8,"categoryName":"Buffalo_Braves","children":[{"num":34.5,"categoryName":"Bob McAdoo","name":"1_14_2_21"},{"num":17.8,"categoryName":"Randy Smith","name":"1_14_2_18"},{"num":14.3,"categoryName":"Jim McMillian","name":"1_14_2_26"},{"num":11.8,"categoryName":"Jack Marin","name":"1_14_2_29"},{"num":11.1,"categoryName":"Gar Heard","name":"1_14_2_27"},{"num":7.8,"categoryName":"Ernie DiGregorio","name":"1_14_2_28"},{"num":7.6,"categoryName":"Ken Charles","name":"1_14_2_31"},{"num":5.5,"categoryName":"Lee Winfield","name":"1_14_2_32"},{"num":4.2,"categoryName":"Jim Washington","name":"1_14_2_37"},{"num":3.5,"categoryName":"Dale Schlueter","name":"1_14_2_38"},{"num":3.4,"categoryName":"Bob Weiss","name":"1_14_2_39"},{"num":2,"categoryName":"Paul Ruffner","name":"1_14_2_35"},{"num":0.5,"categoryName":"Bernie Harris","name":"1_14_2_40"}],"name":"1_14_2_0"},{"num":100.4,"categoryName":"New_York_Knicks","children":[{"num":21.5,"categoryName":"Walt Frazier","name":"1_14_3_1"},{"num":20.9,"categoryName":"Earl Monroe","name":"1_14_3_15"},{"num":13.3,"categoryName":"Bill Bradley","name":"1_14_3_5"},{"num":10.8,"categoryName":"Phil Jackson","name":"1_14_3_9"},{"num":10.3,"categoryName":"John Gianelli","name":"1_14_3_21"},{"num":9.1,"categoryName":"Henry Bibby","name":"1_14_3_20"},{"num":7.4,"categoryName":"Harthorne Wingo","name":"1_14_3_23"},{"num":6.5,"categoryName":"Jim Barnett","name":"1_14_3_28"},{"num":5.7,"categoryName":"Mel Davis","name":"1_14_3_25"},{"num":3.9,"categoryName":"Neal Walk","name":"1_14_3_29"},{"num":3.6,"categoryName":"Jesse Dark","name":"1_14_3_30"},{"num":3,"categoryName":"Dennis Bell","name":"1_14_3_27"},{"num":3,"categoryName":"Tom Riker","name":"1_14_3_22"},{"num":1.9,"categoryName":"Howard Porter","name":"1_14_3_31"},{"num":1.6,"categoryName":"Greg Jackson","name":"1_14_3_32"},{"num":1.4,"categoryName":"Dave Stallworth","name":"1_14_3_6"}],"name":"1_14_3_0"},{"num":99.8,"categoryName":"Philadelphia_76ers","children":[{"num":21.9,"categoryName":"Fred Carter","name":"1_14_4_17"},{"num":19.5,"categoryName":"Billy Cunningham","name":"1_14_4_1"},{"num":17.9,"categoryName":"Doug Collins","name":"1_14_4_38"},{"num":15.6,"categoryName":"Steve Mix","name":"1_14_4_36"},{"num":14,"categoryName":"Tom Van Arsdale","name":"1_14_4_24"},{"num":7.9,"categoryName":"LeRoy Ellis","name":"1_14_4_25"},{"num":7,"categoryName":"Freddie Boyd","name":"1_14_4_29"},{"num":6.2,"categoryName":"Allan Bristow","name":"1_14_4_41"},{"num":5.8,"categoryName":"Clyde Lee","name":"1_14_4_44"},{"num":5.2,"categoryName":"Don Smith","name":"1_14_4_45"},{"num":4,"categoryName":"Connie Norman","name":"1_14_4_46"},{"num":3.3,"categoryName":"Ken Durrett","name":"1_14_4_47"},{"num":3.1,"categoryName":"John Tschogl","name":"1_14_4_48"},{"num":3,"categoryName":"Walt Wesley","name":"1_14_4_49"},{"num":2.6,"categoryName":"Harvey Catchings","name":"1_14_4_50"},{"num":2,"categoryName":"Perry Warbington","name":"1_14_4_51"}],"name":"1_14_4_0"}],"name":"1_14_0_0","num":414.50000000000006},{"categoryName":"Central","children":[{"num":105.1,"categoryName":"Atlanta_Hawks","children":[{"num":22,"categoryName":"Lou Hudson","name":"1_15_1_1"},{"num":18.9,"categoryName":"Tom Van Arsdale","name":"1_15_1_31"},{"num":18.5,"categoryName":"John Drew","name":"1_15_1_32"},{"num":12,"categoryName":"Herm Gilliam","name":"1_15_1_15"},{"num":11.7,"categoryName":"Mike Sojourner","name":"1_15_1_33"},{"num":11.4,"categoryName":"Tom Henderson","name":"1_15_1_34"},{"num":11.2,"categoryName":"John Brown","name":"1_15_1_27"},{"num":10.4,"categoryName":"Dwight Jones","name":"1_15_1_28"},{"num":7.9,"categoryName":"Dean Meminger","name":"1_15_1_35"},{"num":7.1,"categoryName":"Jim Washington","name":"1_15_1_13"},{"num":6.2,"categoryName":"Clyde Lee","name":"1_15_1_36"},{"num":3.9,"categoryName":"Bob Kauffman","name":"1_15_1_37"},{"num":3.8,"categoryName":"John Wetzel","name":"1_15_1_24"}],"name":"1_15_1_0"},{"num":99,"categoryName":"Cleveland_Cavaliers","children":[{"num":15.9,"categoryName":"Bingo Smith","name":"1_15_4_3"},{"num":14.5,"categoryName":"Jim Chones","name":"1_15_4_33"},{"num":14.5,"categoryName":"Austin Carr","name":"1_15_4_17"},{"num":14.2,"categoryName":"Dick Snyder","name":"1_15_4_34"},{"num":11.9,"categoryName":"Jim Cleamons","name":"1_15_4_27"},{"num":9.8,"categoryName":"Dwight Davis","name":"1_15_4_25"},{"num":8.4,"categoryName":"Jim Brewer","name":"1_15_4_30"},{"num":6.9,"categoryName":"Fred Foster","name":"1_15_4_31"},{"num":6.2,"categoryName":"Campy Russell","name":"1_15_4_35"},{"num":4.6,"categoryName":"Steve Patterson","name":"1_15_4_21"},{"num":4.2,"categoryName":"Foots Walker","name":"1_15_4_36"},{"num":2.2,"categoryName":"Luke Witte","name":"1_15_4_32"}],"name":"1_15_4_0"},{"num":103.9,"categoryName":"Houston_Rockets","children":[{"num":20.7,"categoryName":"Rudy Tomjanovich","name":"1_15_5_1"},{"num":18.7,"categoryName":"Calvin Murphy","name":"1_15_5_5"},{"num":14.4,"categoryName":"Mike Newlin","name":"1_15_5_4"},{"num":11.8,"categoryName":"Ed Ratleff","name":"1_15_5_15"},{"num":10.8,"categoryName":"Kevin Kunnert","name":"1_15_5_19"},{"num":9.7,"categoryName":"Zaid Abdul-Aziz","name":"1_15_5_7"},{"num":7.9,"categoryName":"Cliff Meely","name":"1_15_5_8"},{"num":6.5,"categoryName":"Dave Wohl","name":"1_15_5_16"},{"num":6,"categoryName":"Ron Riley","name":"1_15_5_20"},{"num":5.9,"categoryName":"Steve Hawes","name":"1_15_5_21"},{"num":3,"categoryName":"Owen Wells","name":"1_15_5_22"},{"num":2.6,"categoryName":"Gus Bailey","name":"1_15_5_23"}],"name":"1_15_5_0"},{"num":101.5,"categoryName":"New_Orleans_Jazz","children":[{"num":21.5,"categoryName":"Pete Maravich","name":"1_15_7_1"},{"num":14.3,"categoryName":"Nate Williams","name":"1_15_7_2"},{"num":13,"categoryName":"Jim Barnett","name":"1_15_7_3"},{"num":11.7,"categoryName":"Aaron James","name":"1_15_7_4"},{"num":11.2,"categoryName":"Louie Nelson","name":"1_15_7_5"},{"num":9.9,"categoryName":"Neal Walk","name":"1_15_7_6"},{"num":9.9,"categoryName":"Bud Stallworth","name":"1_15_7_7"},{"num":8.9,"categoryName":"Henry Bibby","name":"1_15_7_8"},{"num":8.1,"categoryName":"E.C. Coleman","name":"1_15_7_9"},{"num":7.9,"categoryName":"Ollie Johnson","name":"1_15_7_10"},{"num":7.4,"categoryName":"Rick Roberson","name":"1_15_7_11"},{"num":7,"categoryName":"Otto Moore","name":"1_15_7_12"},{"num":6.9,"categoryName":"Mel Counts","name":"1_15_7_13"},{"num":6.8,"categoryName":"John Block","name":"1_15_7_14"},{"num":6.7,"categoryName":"Toby Kimball","name":"1_15_7_15"},{"num":6.6,"categoryName":"Stu Lantz","name":"1_15_7_16"},{"num":6.3,"categoryName":"Rick Adelman","name":"1_15_7_17"},{"num":6,"categoryName":"Walt Bellamy","name":"1_15_7_18"},{"num":4.3,"categoryName":"Russ Lee","name":"1_15_7_19"},{"num":4.1,"categoryName":"Bernie Fryer","name":"1_15_7_20"},{"num":3.8,"categoryName":"Lamar Green","name":"1_15_7_21"},{"num":3.2,"categoryName":"Ken Boyd","name":"1_15_7_22"}],"name":"1_15_7_0"},{"num":104.7,"categoryName":"Washington_Bullets","children":[{"num":23,"categoryName":"Elvin Hayes","name":"1_15_8_1"},{"num":21.8,"categoryName":"Phil Chenier","name":"1_15_8_2"},{"num":15.4,"categoryName":"Mike Riordan","name":"1_15_8_3"},{"num":11.6,"categoryName":"Kevin Porter","name":"1_15_8_4"},{"num":9.2,"categoryName":"Wes Unseld","name":"1_15_8_5"},{"num":7.5,"categoryName":"Nick Weatherspoon","name":"1_15_8_6"},{"num":7.1,"categoryName":"Jimmy Jones","name":"1_15_8_7"},{"num":5.8,"categoryName":"Truck Robinson","name":"1_15_8_8"},{"num":4,"categoryName":"Clem Haskins","name":"1_15_8_9"},{"num":3.3,"categoryName":"Dick Gibbs","name":"1_15_8_10"},{"num":2.1,"categoryName":"Tom Kozelko","name":"1_15_8_11"},{"num":1.6,"categoryName":"Dennis DuVal","name":"1_15_8_12"},{"num":0,"categoryName":"Stan Washington","name":"1_15_8_13"}],"name":"1_15_8_0"}],"name":"1_15_0_0","num":514.2}],"name":"1_0_0_0","num":928.7},{"categoryName":"Western","children":[{"categoryName":"Midwest","children":[{"num":98.1,"categoryName":"Chicago_Bulls","children":[{"num":22,"categoryName":"Bob Love","name":"2_32_1_1"},{"num":19.2,"categoryName":"Chet Walker","name":"2_32_1_2"},{"num":15,"categoryName":"Norm Van Lier","name":"2_32_1_14"},{"num":12.2,"categoryName":"Jerry Sloan","name":"2_32_1_3"},{"num":9.5,"categoryName":"Rick Adelman","name":"2_32_1_25"},{"num":8.1,"categoryName":"John Block","name":"2_32_1_26"},{"num":7.9,"categoryName":"Nate Thurmond","name":"2_32_1_27"},{"num":7.6,"categoryName":"Rowland Garrett","name":"2_32_1_22"},{"num":7.2,"categoryName":"Matt Guokas","name":"2_32_1_7"},{"num":7,"categoryName":"Bill Hewitt","name":"2_32_1_28"},{"num":5.8,"categoryName":"Bobby Wilson","name":"2_32_1_29"},{"num":4.2,"categoryName":"Tom Boerwinkle","name":"2_32_1_4"},{"num":3.8,"categoryName":"Mickey Johnson","name":"2_32_1_30"},{"num":2.2,"categoryName":"Leon Benbow","name":"2_32_1_31"}],"name":"2_32_1_0"},{"num":98.9,"categoryName":"Detroit_Pistons","children":[{"num":24,"categoryName":"Bob Lanier","name":"2_32_2_3"},{"num":19,"categoryName":"Dave Bing","name":"2_32_2_1"},{"num":12.4,"categoryName":"Curtis Rowe","name":"2_32_2_13"},{"num":11,"categoryName":"John Mengelt","name":"2_32_2_17"},{"num":10.6,"categoryName":"Howard Porter","name":"2_32_2_26"},{"num":8.7,"categoryName":"George Trapp","name":"2_32_2_24"},{"num":6.6,"categoryName":"Willie Norwood","name":"2_32_2_14"},{"num":5.9,"categoryName":"Chris Ford","name":"2_32_2_21"},{"num":5.9,"categoryName":"Don Adams","name":"2_32_2_19"},{"num":4.8,"categoryName":"Eric Money","name":"2_32_2_27"},{"num":4.1,"categoryName":"Jim Davis","name":"2_32_2_15"},{"num":3.3,"categoryName":"Bill Ligon","name":"2_32_2_28"},{"num":2.3,"categoryName":"Al Eberhard","name":"2_32_2_29"},{"num":1.5,"categoryName":"Otto Moore","name":"2_32_2_5"}],"name":"2_32_2_0"},{"num":101.4,"categoryName":"Kansas_City-Omaha_Kings","children":[{"num":26.5,"categoryName":"Tiny Archibald","name":"2_32_5_1"},{"num":16.7,"categoryName":"Jimmy Walker","name":"2_32_5_18"},{"num":12.5,"categoryName":"Nate Williams","name":"2_32_5_4"},{"num":11.5,"categoryName":"Sam Lacey","name":"2_32_5_2"},{"num":11.1,"categoryName":"Scott Wedman","name":"2_32_5_26"},{"num":10.7,"categoryName":"Ron Behagen","name":"2_32_5_19"},{"num":9.8,"categoryName":"Larry McNeill","name":"2_32_5_20"},{"num":5.4,"categoryName":"Ollie Johnson","name":"2_32_5_27"},{"num":5.3,"categoryName":"Don Kojis","name":"2_32_5_7"},{"num":3.6,"categoryName":"Ken Durrett","name":"2_32_5_14"},{"num":2.5,"categoryName":"Mike D'Antoni","name":"2_32_5_21"},{"num":2.2,"categoryName":"Don May","name":"2_32_5_28"},{"num":1.7,"categoryName":"Rick Adelman","name":"2_32_5_29"},{"num":1.3,"categoryName":"Len Kosmalski","name":"2_32_5_30"}],"name":"2_32_5_0"},{"num":100.7,"categoryName":"Milwaukee_Bucks","children":[{"num":30,"categoryName":"K. Abdul-Jabbar","name":"2_32_3_1"},{"num":19.9,"categoryName":"Bob Dandridge","name":"2_32_3_3"},{"num":16.7,"categoryName":"Lucius Allen","name":"2_32_3_7"},{"num":14.9,"categoryName":"Jim Price","name":"2_32_3_30"},{"num":10.7,"categoryName":"George Thompson","name":"2_32_3_31"},{"num":9,"categoryName":"Jon McGlocklin","name":"2_32_3_4"},{"num":8.1,"categoryName":"Gary Brokaw","name":"2_32_3_32"},{"num":7.6,"categoryName":"Cornell Warner","name":"2_32_3_27"},{"num":5.7,"categoryName":"Mickey Davis","name":"2_32_3_23"},{"num":5.4,"categoryName":"Kevin Restani","name":"2_32_3_33"},{"num":3.2,"categoryName":"Ron Williams","name":"2_32_3_28"},{"num":2.8,"categoryName":"Steve Kuberski","name":"2_32_3_34"},{"num":2.1,"categoryName":"Walt Wesley","name":"2_32_3_35"},{"num":0.6,"categoryName":"Terry Driscoll","name":"2_32_3_22"},{"num":0,"categoryName":"Dick Cunningham","name":"2_32_3_11"},{"num":0,"categoryName":"Bob Rule","name":"2_32_3_36"}],"name":"2_32_3_0"}],"name":"2_32_0_0","num":399.09999999999997},{"categoryName":"Pacific","children":[{"num":108.5,"categoryName":"Golden_State_Warriors","children":[{"num":30.6,"categoryName":"Rick Barry","name":"2_33_6_13"},{"num":14.2,"categoryName":"Jamaal Wilkes","name":"2_33_6_19"},{"num":12.8,"categoryName":"Butch Beard","name":"2_33_6_17"},{"num":10.9,"categoryName":"Charles Johnson","name":"2_33_6_14"},{"num":9.4,"categoryName":"Clifford Ray","name":"2_33_6_20"},{"num":8.2,"categoryName":"Jeff Mullins","name":"2_33_6_1"},{"num":7.7,"categoryName":"Phil Smith","name":"2_33_6_21"},{"num":7.7,"categoryName":"Derrek Dickey","name":"2_33_6_18"},{"num":4.4,"categoryName":"George Johnson","name":"2_33_6_16"},{"num":4.1,"categoryName":"Charles Dudley","name":"2_33_6_22"},{"num":3.3,"categoryName":"Frank Kendrick","name":"2_33_6_23"},{"num":3.2,"categoryName":"Steve Bracey","name":"2_33_6_24"},{"num":2.1,"categoryName":"Bill Bridges","name":"2_33_6_25"}],"name":"2_33_6_0"},{"num":103.2,"categoryName":"Los_Angeles_Lakers","children":[{"num":22.6,"categoryName":"Gail Goodrich","name":"2_33_1_4"},{"num":21.2,"categoryName":"Jim Price","name":"2_33_1_19"},{"num":19.5,"categoryName":"Lucius Allen","name":"2_33_1_29"},{"num":15.7,"categoryName":"Cazzie Russell","name":"2_33_1_30"},{"num":11.7,"categoryName":"Brian Winters","name":"2_33_1_31"},{"num":11,"categoryName":"Pat Riley","name":"2_33_1_11"},{"num":10.9,"categoryName":"Elmore Smith","name":"2_33_1_25"},{"num":10.3,"categoryName":"Happy Hairston","name":"2_33_1_3"},{"num":9.3,"categoryName":"Stu Lantz","name":"2_33_1_32"},{"num":8,"categoryName":"Connie Hawkins","name":"2_33_1_24"},{"num":7.2,"categoryName":"Stan Love","name":"2_33_1_26"},{"num":5.5,"categoryName":"Zelmo Beaty","name":"2_33_1_33"},{"num":5,"categoryName":"Corky Calhoun","name":"2_33_1_34"},{"num":4.5,"categoryName":"Kermit Washington","name":"2_33_1_27"},{"num":3.3,"categoryName":"Bill Bridges","name":"2_33_1_18"}],"name":"2_33_1_0"},{"num":101.2,"categoryName":"Phoenix_Suns","children":[{"num":24.3,"categoryName":"Charlie Scott","name":"2_33_8_1"},{"num":16.1,"categoryName":"Dick Van Arsdale","name":"2_33_8_3"},{"num":13.4,"categoryName":"Curtis Perry","name":"2_33_8_20"},{"num":12.5,"categoryName":"Mike Bantom","name":"2_33_8_14"},{"num":12.3,"categoryName":"Keith Erickson","name":"2_33_8_13"},{"num":9.9,"categoryName":"Dennis Awtrey","name":"2_33_8_21"},{"num":8.5,"categoryName":"Gary Melchionni","name":"2_33_8_15"},{"num":6.1,"categoryName":"Fred Saunders","name":"2_33_8_22"},{"num":5.9,"categoryName":"Nate Hawthorne","name":"2_33_8_23"},{"num":4.7,"categoryName":"Earl Williams","name":"2_33_8_24"},{"num":4,"categoryName":"Greg Jackson","name":"2_33_8_25"},{"num":3,"categoryName":"Jim Owens","name":"2_33_8_18"},{"num":2.9,"categoryName":"Corky Calhoun","name":"2_33_8_9"}],"name":"2_33_8_0"},{"num":103.8,"categoryName":"Portland_Trail_Blazers","children":[{"num":21.7,"categoryName":"Sidney Wicks","name":"2_33_2_15"},{"num":18.3,"categoryName":"Geoff Petrie","name":"2_33_2_1"},{"num":16.1,"categoryName":"John Johnson","name":"2_33_2_31"},{"num":12.8,"categoryName":"Bill Walton","name":"2_33_2_37"},{"num":12.3,"categoryName":"Lloyd Neal","name":"2_33_2_22"},{"num":8.6,"categoryName":"Larry Steele","name":"2_33_2_19"},{"num":7,"categoryName":"LaRue Martin","name":"2_33_2_28"},{"num":6.5,"categoryName":"Lenny Wilkens","name":"2_33_2_38"},{"num":4.9,"categoryName":"Barry Clemens","name":"2_33_2_39"},{"num":4.2,"categoryName":"Phil Lumpkin","name":"2_33_2_40"},{"num":3.2,"categoryName":"Greg Smith","name":"2_33_2_25"},{"num":2.8,"categoryName":"Dan Anderson","name":"2_33_2_41"}],"name":"2_33_2_0"},{"num":103.1,"categoryName":"Seattle_Supersonics","children":[{"num":22.4,"categoryName":"Spencer Haywood","name":"2_33_5_2"},{"num":21,"categoryName":"Fred Brown","name":"2_33_5_16"},{"num":13.9,"categoryName":"Archie Clark","name":"2_33_5_30"},{"num":11.5,"categoryName":"Leonard Gray","name":"2_33_5_31"},{"num":10.1,"categoryName":"Tom Burleson","name":"2_33_5_32"},{"num":9,"categoryName":"Jim Fox","name":"2_33_5_18"},{"num":7.7,"categoryName":"John Brisker","name":"2_33_5_17"},{"num":6.8,"categoryName":"Slick Watts","name":"2_33_5_26"},{"num":5.6,"categoryName":"Rod Derline","name":"2_33_5_33"},{"num":4.8,"categoryName":"Tal Skinner","name":"2_33_5_34"},{"num":4.3,"categoryName":"Wardell Jackson","name":"2_33_5_35"},{"num":3,"categoryName":"Kenny McIntosh","name":"2_33_5_21"},{"num":2.3,"categoryName":"Dean Tolson","name":"2_33_5_36"},{"num":2.2,"categoryName":"John Hummer","name":"2_33_5_25"}],"name":"2_33_5_0"}],"name":"2_33_0_0","num":519.8}],"name":"2_0_0_0","num":918.8999999999999}],"num":1847.6}