{"year":1954,"name":"root","categoryName":"root","children":[{"categoryName":"Eastern","children":[{"num":0,"categoryName":"Baltimore_Bullets_(1st)","children":[{"num":7.6,"categoryName":"Don Henriksen","name":"1_7_71_0"},{"num":5.6,"categoryName":"Rollen Hans","name":"1_7_84_0"},{"num":2.9,"categoryName":"Jim Neal","name":"1_7_96_0"},{"num":2.3,"categoryName":"Alfred McGuire","name":"1_7_97_0"},{"num":1.6,"categoryName":"Dan King","name":"1_7_98_0"},{"num":0,"categoryName":"Al Roges","name":"1_7_82_0"},{"num":0,"categoryName":"Frank Selvy","name":"1_7_99_0"},{"num":0,"categoryName":"Connie Simmons","name":"1_7_1_0"},{"num":0,"categoryName":"Paul Hoffman","name":"1_7_22_0"},{"num":0,"categoryName":"Bob Houbregs","name":"1_7_81_0"},{"num":0,"categoryName":"Ken Murray","name":"1_7_42_0"}],"name":"1_7_0_0"},{"num":101.4,"categoryName":"Boston_Celtics","children":[{"num":21.2,"categoryName":"Bob Cousy","name":"1_1_58_0"},{"num":18.4,"categoryName":"Bill Sharman","name":"1_1_70_0"},{"num":17.6,"categoryName":"Ed Macauley","name":"1_1_57_0"},{"num":11.2,"categoryName":"Frank Ramsey","name":"1_1_80_0"},{"num":10.5,"categoryName":"Don Barksdale","name":"1_1_76_0"},{"num":9.9,"categoryName":"Jack Nichols","name":"1_1_77_0"},{"num":6.2,"categoryName":"Bob Brannum","name":"1_1_71_0"},{"num":4.7,"categoryName":"Togo Palazzi","name":"1_1_81_0"},{"num":4.4,"categoryName":"Red Morrison","name":"1_1_82_0"},{"num":3.2,"categoryName":"Fred Scolari","name":"1_1_83_0"},{"num":0.7,"categoryName":"Skippy Whitaker","name":"1_1_84_0"},{"num":0,"categoryName":"Bob Houbregs","name":"1_1_85_0"}],"name":"1_1_0_0"},{"num":92.7,"categoryName":"New_York_Knicks","children":[{"num":15.1,"categoryName":"Carl Braun","name":"1_2_21_0"},{"num":14.6,"categoryName":"Harry Gallatin","name":"1_2_28_0"},{"num":14.4,"categoryName":"Ray Felix","name":"1_2_57_0"},{"num":13.9,"categoryName":"Jim Baechtold","name":"1_2_53_0"},{"num":13.1,"categoryName":"Nathaniel Clifton","name":"1_2_42_0"},{"num":9.1,"categoryName":"Dick McGuire","name":"1_2_38_0"},{"num":4.4,"categoryName":"Gene Shue","name":"1_2_58_0"},{"num":4.3,"categoryName":"Jack Turner","name":"1_2_59_0"},{"num":4.2,"categoryName":"Bob Peterson","name":"1_2_60_0"},{"num":3.5,"categoryName":"Bob Knight","name":"1_2_61_0"},{"num":3.3,"categoryName":"Fred Christ","name":"1_2_62_0"},{"num":3.2,"categoryName":"Bert Cook","name":"1_2_63_0"},{"num":3,"categoryName":"Don Anielak","name":"1_2_64_0"},{"num":2.3,"categoryName":"Chuck Grigsby","name":"1_2_65_0"},{"num":0.8,"categoryName":"Herm Hedderick","name":"1_2_66_0"},{"num":0,"categoryName":"Paul Hoffman","name":"1_2_67_0"}],"name":"1_2_0_0"},{"num":93.2,"categoryName":"Philadelphia_Warriors","children":[{"num":22.7,"categoryName":"Neil Johnston","name":"1_3_38_0"},{"num":21,"categoryName":"Paul Arizin","name":"1_3_32_0"},{"num":13.6,"categoryName":"Joe Graboski","name":"1_3_53_0"},{"num":11.4,"categoryName":"Jack George","name":"1_3_54_0"},{"num":7.3,"categoryName":"George Dempsey","name":"1_3_61_0"},{"num":6.4,"categoryName":"Zeke Zawoluk","name":"1_3_55_0"},{"num":6.2,"categoryName":"Larry Costello","name":"1_3_62_0"},{"num":4.8,"categoryName":"Danny Finn","name":"1_3_43_0"},{"num":2.9,"categoryName":"Walt Davis","name":"1_3_58_0"},{"num":1.8,"categoryName":"Gene Shue","name":"1_3_63_0"},{"num":0.9,"categoryName":"Tom Brennan","name":"1_3_64_0"},{"num":0.2,"categoryName":"Mike Kearns","name":"1_3_65_0"},{"num":0,"categoryName":"Jackie Moore","name":"1_3_66_0"},{"num":0,"categoryName":"Paul Hoffman","name":"1_3_67_0"},{"num":0,"categoryName":"Ken Murray","name":"1_3_68_0"}],"name":"1_3_0_0"},{"num":91.1,"categoryName":"Syracuse_Nationals","children":[{"num":18.5,"categoryName":"Dolph Schayes","name":"1_8_1_0"},{"num":14.6,"categoryName":"Paul Seymour","name":"1_8_5_0"},{"num":11.3,"categoryName":"Red Rocha","name":"1_8_17_0"},{"num":10.5,"categoryName":"Red Kerr","name":"1_8_32_0"},{"num":10.2,"categoryName":"Earl Lloyd","name":"1_8_21_0"},{"num":8.9,"categoryName":"George King","name":"1_8_18_0"},{"num":7.1,"categoryName":"Billy Kenville","name":"1_8_24_0"},{"num":5.9,"categoryName":"Dick Farley","name":"1_8_33_0"},{"num":5.7,"categoryName":"Bill Gabor","name":"1_8_2_0"},{"num":5.3,"categoryName":"Jim Tucker","name":"1_8_34_0"},{"num":2.9,"categoryName":"Wally Osterkorn","name":"1_8_19_0"},{"num":0,"categoryName":"Jackie Moore","name":"1_8_35_0"},{"num":0,"categoryName":"Connie Simmons","name":"1_8_36_0"}],"name":"1_8_0_0"}],"name":"1_0_0_0","num":378.4},{"categoryName":"Western","children":[{"num":92.4,"categoryName":"Fort_Wayne_Pistons","children":[{"num":17.3,"categoryName":"George Yardley","name":"2_8_51_0"},{"num":17,"categoryName":"Larry Foust","name":"2_8_21_0"},{"num":12,"categoryName":"Mel Hutchins","name":"2_8_50_0"},{"num":11.2,"categoryName":"Max Zaslofsky","name":"2_8_49_0"},{"num":9.7,"categoryName":"Frankie Brian","name":"2_8_34_0"},{"num":9.6,"categoryName":"Andy Phillip","name":"2_8_44_0"},{"num":7.8,"categoryName":"Dick Rosenthal","name":"2_8_53_0"},{"num":5.8,"categoryName":"Monk Meineke","name":"2_8_43_0"},{"num":2.8,"categoryName":"Jim Fritsche","name":"2_8_54_0"},{"num":2.4,"categoryName":"Paul Walther","name":"2_8_55_0"},{"num":0,"categoryName":"Al Roges","name":"2_8_56_0"},{"num":0,"categoryName":"Bob Houbregs","name":"2_8_57_0"}],"name":"2_8_0_0"},{"num":87.4,"categoryName":"Milwaukee_Hawks","children":[{"num":20.4,"categoryName":"Bob Pettit","name":"2_18_49_0"},{"num":11.9,"categoryName":"Chuck Share","name":"2_18_35_0"},{"num":10.1,"categoryName":"Bob Harrison","name":"2_18_37_0"},{"num":9.8,"categoryName":"Ken McBride","name":"2_18_50_0"},{"num":8.2,"categoryName":"Chuck Cooper","name":"2_18_51_0"},{"num":6.6,"categoryName":"Bill Calhoun","name":"2_18_23_0"},{"num":5.9,"categoryName":"Alex Hannum","name":"2_18_52_0"},{"num":4.4,"categoryName":"Pep Saul","name":"2_18_53_0"},{"num":2,"categoryName":"Carl McNulty","name":"2_18_54_0"},{"num":1.8,"categoryName":"George Ratkovicz","name":"2_18_22_0"},{"num":1.7,"categoryName":"Phil Martin","name":"2_18_55_0"},{"num":1.6,"categoryName":"Fred Diute","name":"2_18_56_0"},{"num":1.3,"categoryName":"Ronnie MacGilvray","name":"2_18_57_0"},{"num":0,"categoryName":"Bobby Watson","name":"2_18_58_0"},{"num":0,"categoryName":"Frank Selvy","name":"2_18_59_0"},{"num":0,"categoryName":"Jackie Moore","name":"2_18_60_0"},{"num":0,"categoryName":"Lew Hitch","name":"2_18_38_0"}],"name":"2_18_0_0"},{"num":95.6,"categoryName":"Minneapolis_Lakers","children":[{"num":18.7,"categoryName":"Clyde Lovellette","name":"2_10_29_0"},{"num":18.7,"categoryName":"Vern Mikkelsen","name":"2_10_16_0"},{"num":13.6,"categoryName":"Slater Martin","name":"2_10_17_0"},{"num":10.9,"categoryName":"Whitey Skoog","name":"2_10_24_0"},{"num":10.8,"categoryName":"Jim Pollard","name":"2_10_2_0"},{"num":10.4,"categoryName":"Dick Schnittker","name":"2_10_30_0"},{"num":4.8,"categoryName":"Ed Kalafat","name":"2_10_32_0"},{"num":4.5,"categoryName":"Jim Holstein","name":"2_10_28_0"},{"num":3.6,"categoryName":"Bob Carney","name":"2_10_33_0"},{"num":2.5,"categoryName":"Don Sunderlage","name":"2_10_34_0"},{"num":0,"categoryName":"Bobby Watson","name":"2_10_35_0"},{"num":0,"categoryName":"Lew Hitch","name":"2_10_26_0"}],"name":"2_10_0_0"},{"num":90.8,"categoryName":"Rochester_Royals","children":[{"num":13.1,"categoryName":"Bobby Wanzer","name":"2_11_3_0"},{"num":12.8,"categoryName":"Jack Coleman","name":"2_11_13_0"},{"num":12.1,"categoryName":"Bob Davies","name":"2_11_2_0"},{"num":11.6,"categoryName":"Arnie Risen","name":"2_11_1_0"},{"num":9.5,"categoryName":"Odie Spears","name":"2_11_18_0"},{"num":9,"categoryName":"Jack McMahon","name":"2_11_22_0"},{"num":8,"categoryName":"Tom Marshall","name":"2_11_27_0"},{"num":6.1,"categoryName":"Art Spoelstra","name":"2_11_28_0"},{"num":5.5,"categoryName":"Don Henriksen","name":"2_11_29_0"},{"num":5,"categoryName":"Cal Christensen","name":"2_11_23_0"},{"num":3.3,"categoryName":"Boris Nachamkin","name":"2_11_30_0"}],"name":"2_11_0_0"}],"name":"2_0_0_0","num":366.2}],"num":744.5999999999999}