{"year":1994,"name":"root","categoryName":"root","children":[{"categoryName":"Eastern","children":[{"categoryName":"Atlantic","children":[{"num":102.8,"categoryName":"Boston_Celtics","children":[{"num":17.8,"categoryName":"Dominique Wilkins","name":"1_14_1_123"},{"num":17.2,"categoryName":"Dino Radja","name":"1_14_1_116"},{"num":15.6,"categoryName":"Dee Brown","name":"1_14_1_98"},{"num":14.7,"categoryName":"Sherman Douglas","name":"1_14_1_104"},{"num":10,"categoryName":"Eric Montross","name":"1_14_1_124"},{"num":8.8,"categoryName":"Rick Fox","name":"1_14_1_103"},{"num":8.6,"categoryName":"Xavier McDaniel","name":"1_14_1_110"},{"num":7.4,"categoryName":"David Wesley","name":"1_14_1_125"},{"num":7.1,"categoryName":"Blue Edwards","name":"1_14_1_126"},{"num":6.8,"categoryName":"Pervis Ellison","name":"1_14_1_127"},{"num":6.3,"categoryName":"Derek Strong","name":"1_14_1_128"},{"num":6,"categoryName":"Greg Minor","name":"1_14_1_129"},{"num":4.7,"categoryName":"Tony Harris","name":"1_14_1_117"},{"num":4,"categoryName":"Tony Dawson","name":"1_14_1_130"},{"num":2.2,"categoryName":"Acie Earl","name":"1_14_1_118"},{"num":1.7,"categoryName":"Jay Humphries","name":"1_14_1_131"},{"num":1.6,"categoryName":"James Blackwell","name":"1_14_1_132"}],"name":"1_14_1_0"},{"num":101.1,"categoryName":"Miami_Heat","children":[{"num":22.3,"categoryName":"Glen Rice","name":"1_14_9_3"},{"num":20.5,"categoryName":"Steve Smith","name":"1_14_9_20"},{"num":17.1,"categoryName":"Kevin Willis","name":"1_14_9_31"},{"num":14.3,"categoryName":"Billy Owens","name":"1_14_9_32"},{"num":10,"categoryName":"Bimbo Coles","name":"1_14_9_16"},{"num":9.2,"categoryName":"Khalid Reeves","name":"1_14_9_33"},{"num":8.3,"categoryName":"Matt Geiger","name":"1_14_9_27"},{"num":8,"categoryName":"Grant Long","name":"1_14_9_7"},{"num":7.4,"categoryName":"Kevin Gamble","name":"1_14_9_34"},{"num":7.3,"categoryName":"Ledell Eackles","name":"1_14_9_35"},{"num":7.3,"categoryName":"Harold Miner","name":"1_14_9_25"},{"num":7.3,"categoryName":"John Salley","name":"1_14_9_26"},{"num":4.6,"categoryName":"Keith Askins","name":"1_14_9_18"},{"num":4.4,"categoryName":"Brad Lohaus","name":"1_14_9_36"},{"num":3.1,"categoryName":"Kevin Pritchard","name":"1_14_9_37"}],"name":"1_14_9_0"},{"num":98.1,"categoryName":"New_Jersey_Nets","children":[{"num":20.5,"categoryName":"Derrick Coleman","name":"1_14_6_113"},{"num":17.6,"categoryName":"Kenny Anderson","name":"1_14_6_120"},{"num":14.8,"categoryName":"Armen Gilliam","name":"1_14_6_133"},{"num":14,"categoryName":"Kevin Edwards","name":"1_14_6_132"},{"num":13.4,"categoryName":"Chris Morris","name":"1_14_6_89"},{"num":11.1,"categoryName":"Benoit Benjamin","name":"1_14_6_135"},{"num":8.1,"categoryName":"P.J. Brown","name":"1_14_6_136"},{"num":6.5,"categoryName":"Rex Walters","name":"1_14_6_138"},{"num":5.8,"categoryName":"Chris Childs","name":"1_14_6_141"},{"num":4.8,"categoryName":"Jayson Williams","name":"1_14_6_126"},{"num":4.7,"categoryName":"Sean Higgins","name":"1_14_6_142"},{"num":4.1,"categoryName":"Sleepy Floyd","name":"1_14_6_55"},{"num":3.4,"categoryName":"Rick Mahorn","name":"1_14_6_127"},{"num":2,"categoryName":"Dwayne Schintzius","name":"1_14_6_129"},{"num":0,"categoryName":"Yinka Dare","name":"1_14_6_143"}],"name":"1_14_6_0"},{"num":98.2,"categoryName":"New_York_Knicks","children":[{"num":23.9,"categoryName":"Patrick Ewing","name":"1_14_3_90"},{"num":15.3,"categoryName":"John Starks","name":"1_14_3_120"},{"num":12.7,"categoryName":"Charles Smith","name":"1_14_3_131"},{"num":11.5,"categoryName":"Derek Harper","name":"1_14_3_139"},{"num":10.1,"categoryName":"Charles Oakley","name":"1_14_3_112"},{"num":10,"categoryName":"Hubert Davis","name":"1_14_3_135"},{"num":9.9,"categoryName":"Anthony Mason","name":"1_14_3_124"},{"num":6.3,"categoryName":"Doc Rivers","name":"1_14_3_133"},{"num":6.1,"categoryName":"Greg Anthony","name":"1_14_3_125"},{"num":3.8,"categoryName":"Anthony Bonner","name":"1_14_3_140"},{"num":3.3,"categoryName":"Monty Williams","name":"1_14_3_143"},{"num":3.3,"categoryName":"Herb Williams","name":"1_14_3_137"},{"num":1.6,"categoryName":"Charlie Ward","name":"1_14_3_144"},{"num":1.3,"categoryName":"Doug Christie","name":"1_14_3_145"},{"num":1,"categoryName":"Ron Grandison","name":"1_14_3_146"},{"num":0,"categoryName":"Greg Kite","name":"1_14_3_147"}],"name":"1_14_3_0"},{"num":110.9,"categoryName":"Orlando_Magic","children":[{"num":29.3,"categoryName":"Shaquille O'Neal","name":"1_14_10_18"},{"num":20.9,"categoryName":"Penny Hardaway","name":"1_14_10_25"},{"num":15.8,"categoryName":"Nick Anderson","name":"1_14_10_2"},{"num":12.9,"categoryName":"Dennis Scott","name":"1_14_10_1"},{"num":12.8,"categoryName":"Horace Grant","name":"1_14_10_33"},{"num":9.1,"categoryName":"Donald Royal","name":"1_14_10_19"},{"num":6.4,"categoryName":"Brian Shaw","name":"1_14_10_34"},{"num":5.5,"categoryName":"Anthony Bowie","name":"1_14_10_4"},{"num":4.1,"categoryName":"Jeff Turner","name":"1_14_10_11"},{"num":4,"categoryName":"Geert Hammink","name":"1_14_10_29"},{"num":3.6,"categoryName":"Anthony Avent","name":"1_14_10_27"},{"num":3.3,"categoryName":"Darrell Armstrong","name":"1_14_10_35"},{"num":3.1,"categoryName":"Brooks Thompson","name":"1_14_10_36"},{"num":1.2,"categoryName":"Tree Rollins","name":"1_14_10_30"},{"num":0.3,"categoryName":"Keith Tower","name":"1_14_10_31"}],"name":"1_14_10_0"},{"num":95.4,"categoryName":"Philadelphia_76ers","children":[{"num":20.6,"categoryName":"Dana Barros","name":"1_14_4_163"},{"num":18.4,"categoryName":"Jeff Malone","name":"1_14_4_162"},{"num":18.1,"categoryName":"C. Weatherspoon","name":"1_14_4_157"},{"num":15.3,"categoryName":"Willie Burton","name":"1_14_4_173"},{"num":11.4,"categoryName":"Sharone Wright","name":"1_14_4_174"},{"num":9.5,"categoryName":"Shawn Bradley","name":"1_14_4_165"},{"num":8.3,"categoryName":"Jeff Grayer","name":"1_14_4_175"},{"num":6.4,"categoryName":"Scott Williams","name":"1_14_4_176"},{"num":5,"categoryName":"Greg Graham","name":"1_14_4_168"},{"num":5,"categoryName":"Corey Gaines","name":"1_14_4_137"},{"num":4.7,"categoryName":"Derrick Alston","name":"1_14_4_177"},{"num":4.6,"categoryName":"Lloyd Daniels","name":"1_14_4_178"},{"num":4.6,"categoryName":"Jerome Harmon","name":"1_14_4_179"},{"num":3.8,"categoryName":"Alphonso Ford","name":"1_14_4_180"},{"num":3.5,"categoryName":"B.J. Tyler","name":"1_14_4_181"},{"num":3.3,"categoryName":"Jaren Jackson","name":"1_14_4_182"},{"num":1.8,"categoryName":"Tim Perry","name":"1_14_4_159"},{"num":0.7,"categoryName":"Alaa Abdelnaby","name":"1_14_4_183"},{"num":0.2,"categoryName":"Kevin Pritchard","name":"1_14_4_184"}],"name":"1_14_4_0"}],"name":"1_14_0_0","num":606.5},{"categoryName":"Central","children":[{"num":96.6,"categoryName":"Atlanta_Hawks","children":[{"num":21,"categoryName":"Kevin Willis","name":"1_15_1_93"},{"num":17.2,"categoryName":"Mookie Blaylock","name":"1_15_1_139"},{"num":16.2,"categoryName":"Steve Smith","name":"1_15_1_152"},{"num":13.9,"categoryName":"Stacey Augmon","name":"1_15_1_131"},{"num":12.7,"categoryName":"Ken Norman","name":"1_15_1_153"},{"num":11.7,"categoryName":"Grant Long","name":"1_15_1_154"},{"num":9.7,"categoryName":"Craig Ehlo","name":"1_15_1_147"},{"num":9.7,"categoryName":"Andrew Lang","name":"1_15_1_148"},{"num":6.2,"categoryName":"Tyrone Corbin","name":"1_15_1_155"},{"num":3,"categoryName":"Sergey Bazarevich","name":"1_15_1_156"},{"num":2.9,"categoryName":"Greg Anderson","name":"1_15_1_157"},{"num":2.9,"categoryName":"Jon Koncak","name":"1_15_1_101"},{"num":2.6,"categoryName":"Ennis Whatley","name":"1_15_1_111"},{"num":2.1,"categoryName":"Jim Les","name":"1_15_1_158"},{"num":1.8,"categoryName":"Doug Edwards","name":"1_15_1_149"},{"num":1.4,"categoryName":"Morlon Wiley","name":"1_15_1_136"},{"num":0.8,"categoryName":"Fred Vinson","name":"1_15_1_159"},{"num":0,"categoryName":"Tom Hovasse","name":"1_15_1_160"}],"name":"1_15_1_0"},{"num":100.6,"categoryName":"Charlotte_Hornets","children":[{"num":21.3,"categoryName":"Alonzo Mourning","name":"1_15_15_27"},{"num":18.8,"categoryName":"Larry Johnson","name":"1_15_15_18"},{"num":14.3,"categoryName":"Hersey Hawkins","name":"1_15_15_33"},{"num":13.6,"categoryName":"Dell Curry","name":"1_15_15_7"},{"num":11.5,"categoryName":"Scott Burrell","name":"1_15_15_37"},{"num":11.1,"categoryName":"Muggsy Bogues","name":"1_15_15_10"},{"num":6.5,"categoryName":"Michael Adams","name":"1_15_15_42"},{"num":6,"categoryName":"Kenny Gattison","name":"1_15_15_8"},{"num":5,"categoryName":"Greg Sutton","name":"1_15_15_43"},{"num":4.8,"categoryName":"Robert Parish","name":"1_15_15_44"},{"num":4.7,"categoryName":"Tony Bennett","name":"1_15_15_29"},{"num":3.3,"categoryName":"Darrin Hancock","name":"1_15_15_45"},{"num":2.3,"categoryName":"David Wingate","name":"1_15_15_28"},{"num":1.4,"categoryName":"Joe Wolf","name":"1_15_15_46"},{"num":1.4,"categoryName":"Tom Tolbert","name":"1_15_15_47"},{"num":1,"categoryName":"James Blackwell","name":"1_15_15_48"}],"name":"1_15_15_0"},{"num":101.5,"categoryName":"Chicago_Bulls","children":[{"num":26.9,"categoryName":"Michael Jordan","name":"1_15_12_32"},{"num":21.4,"categoryName":"Scottie Pippen","name":"1_15_12_60"},{"num":15.7,"categoryName":"Toni Kukoc","name":"1_15_12_90"},{"num":14,"categoryName":"B.J. Armstrong","name":"1_15_12_74"},{"num":8.2,"categoryName":"Steve Kerr","name":"1_15_12_91"},{"num":8,"categoryName":"Will Perdue","name":"1_15_12_67"},{"num":6.9,"categoryName":"Ron Harper","name":"1_15_12_96"},{"num":6.5,"categoryName":"Luc Longley","name":"1_15_12_92"},{"num":6.1,"categoryName":"Greg Foster","name":"1_15_12_97"},{"num":5.4,"categoryName":"Jo Jo English","name":"1_15_12_89"},{"num":5,"categoryName":"Bill Wennington","name":"1_15_12_93"},{"num":4.5,"categoryName":"Pete Myers","name":"1_15_12_54"},{"num":4.4,"categoryName":"Larry Krystkowiak","name":"1_15_12_98"},{"num":3.8,"categoryName":"Jud Buechler","name":"1_15_12_99"},{"num":3.5,"categoryName":"Corie Blount","name":"1_15_12_94"},{"num":3.5,"categoryName":"Dickey Simpkins","name":"1_15_12_100"}],"name":"1_15_12_0"},{"num":90.5,"categoryName":"Cleveland_Cavaliers","children":[{"num":15.8,"categoryName":"Mark Price","name":"1_15_4_120"},{"num":13.8,"categoryName":"Tyrone Hill","name":"1_15_4_156"},{"num":13.3,"categoryName":"Terrell Brandon","name":"1_15_4_150"},{"num":12.6,"categoryName":"Hot Rod Williams","name":"1_15_4_119"},{"num":12.3,"categoryName":"Chris Mills","name":"1_15_4_157"},{"num":11,"categoryName":"Bobby Phills","name":"1_15_4_152"},{"num":7.5,"categoryName":"Danny Ferry","name":"1_15_4_144"},{"num":6,"categoryName":"Tony Campbell","name":"1_15_4_163"},{"num":5,"categoryName":"Michael Cage","name":"1_15_4_164"},{"num":4.1,"categoryName":"John Battle","name":"1_15_4_149"},{"num":3.8,"categoryName":"Fred Roberts","name":"1_15_4_165"},{"num":3.8,"categoryName":"Elmer Bennett","name":"1_15_4_166"},{"num":3.4,"categoryName":"Steve Colter","name":"1_15_4_167"},{"num":1.9,"categoryName":"Greg Dreiling","name":"1_15_4_168"},{"num":1.1,"categoryName":"Gerald Madkins","name":"1_15_4_161"}],"name":"1_15_4_0"},{"num":98.2,"categoryName":"Detroit_Pistons","children":[{"num":19.9,"categoryName":"Grant Hill","name":"1_15_10_132"},{"num":18.1,"categoryName":"Joe Dumars","name":"1_15_10_75"},{"num":15.5,"categoryName":"Terry Mills","name":"1_15_10_110"},{"num":14.5,"categoryName":"Allan Houston","name":"1_15_10_121"},{"num":8.5,"categoryName":"Oliver Miller","name":"1_15_10_133"},{"num":8.3,"categoryName":"Rafael Addison","name":"1_15_10_134"},{"num":7.5,"categoryName":"Lindsey Hunter","name":"1_15_10_120"},{"num":7.5,"categoryName":"Mark West","name":"1_15_10_135"},{"num":6.5,"categoryName":"Johnny Dawkins","name":"1_15_10_136"},{"num":5,"categoryName":"Mark Macon","name":"1_15_10_125"},{"num":4.1,"categoryName":"Negele Knight","name":"1_15_10_137"},{"num":3.9,"categoryName":"Eric Leckner","name":"1_15_10_138"},{"num":2.7,"categoryName":"Bill Curley","name":"1_15_10_139"},{"num":2,"categoryName":"Walter Bond","name":"1_15_10_140"},{"num":1.8,"categoryName":"Mike Peplowski","name":"1_15_10_141"},{"num":1.2,"categoryName":"Ivano Newbill","name":"1_15_10_142"}],"name":"1_15_10_0"},{"num":99.2,"categoryName":"Indiana_Pacers","children":[{"num":19.6,"categoryName":"Reggie Miller","name":"1_15_11_67"},{"num":17.9,"categoryName":"Rik Smits","name":"1_15_11_73"},{"num":13.3,"categoryName":"Derrick McKey","name":"1_15_11_94"},{"num":10.6,"categoryName":"Dale Davis","name":"1_15_11_88"},{"num":10,"categoryName":"Byron Scott","name":"1_15_11_95"},{"num":7.6,"categoryName":"Antonio Davis","name":"1_15_11_96"},{"num":7.6,"categoryName":"Mark Jackson","name":"1_15_11_101"},{"num":6.5,"categoryName":"Sam Mitchell","name":"1_15_11_92"},{"num":4.6,"categoryName":"Vern Fleming","name":"1_15_11_44"},{"num":4.2,"categoryName":"Haywoode Workman","name":"1_15_11_97"},{"num":4.1,"categoryName":"Duane Ferrell","name":"1_15_11_102"},{"num":2.9,"categoryName":"LaSalle Thompson","name":"1_15_11_72"},{"num":2.9,"categoryName":"John Williams","name":"1_15_11_103"},{"num":0.9,"categoryName":"Greg Kite","name":"1_15_11_104"},{"num":0.8,"categoryName":"Mark Strickland","name":"1_15_11_105"}],"name":"1_15_11_0"},{"num":99.3,"categoryName":"Milwaukee_Bucks","children":[{"num":21.9,"categoryName":"Glenn Robinson","name":"1_15_13_111"},{"num":17.7,"categoryName":"Vin Baker","name":"1_15_13_105"},{"num":16,"categoryName":"Todd Day","name":"1_15_13_94"},{"num":13,"categoryName":"Eric Murdock","name":"1_15_13_93"},{"num":9.9,"categoryName":"Marty Conlon","name":"1_15_13_112"},{"num":7.7,"categoryName":"Johnny Newman","name":"1_15_13_113"},{"num":5.8,"categoryName":"Lee Mayberry","name":"1_15_13_99"},{"num":3.9,"categoryName":"Eric Mobley","name":"1_15_13_114"},{"num":3.7,"categoryName":"Jon Barry","name":"1_15_13_100"},{"num":3.4,"categoryName":"Danny Young","name":"1_15_13_115"},{"num":2.8,"categoryName":"Alton Lister","name":"1_15_13_15"},{"num":2.3,"categoryName":"Ed Pinckney","name":"1_15_13_116"},{"num":1.6,"categoryName":"Aaron Williams","name":"1_15_13_117"},{"num":1.3,"categoryName":"Tate George","name":"1_15_13_118"}],"name":"1_15_13_0"}],"name":"1_15_0_0","num":685.9}],"name":"1_0_0_0","num":1292.4},{"categoryName":"Western","children":[{"categoryName":"Midwest","children":[{"num":103.2,"categoryName":"Dallas_Mavericks","children":[{"num":25.7,"categoryName":"Jim Jackson","name":"2_32_10_77"},{"num":24.1,"categoryName":"Jamal Mashburn","name":"2_32_10_86"},{"num":12.6,"categoryName":"Roy Tarpley","name":"2_32_10_47"},{"num":11.7,"categoryName":"Jason Kidd","name":"2_32_10_94"},{"num":10.3,"categoryName":"Popeye Jones","name":"2_32_10_88"},{"num":9.6,"categoryName":"George McCloud","name":"2_32_10_95"},{"num":9.5,"categoryName":"Lucious Harris","name":"2_32_10_89"},{"num":7.9,"categoryName":"Scott Brooks","name":"2_32_10_96"},{"num":5.1,"categoryName":"Doug Smith","name":"2_32_10_70"},{"num":4.6,"categoryName":"Tony Dumas","name":"2_32_10_97"},{"num":4,"categoryName":"Lorenzo Williams","name":"2_32_10_91"},{"num":3.9,"categoryName":"Donald Hodge","name":"2_32_10_72"},{"num":3.4,"categoryName":"Morlon Wiley","name":"2_32_10_57"},{"num":3,"categoryName":"Terry Davis","name":"2_32_10_68"}],"name":"2_32_10_0"},{"num":101.3,"categoryName":"Denver_Nuggets","children":[{"num":16,"categoryName":"Mahmoud Abdul-Rauf","name":"2_32_7_88"},{"num":13.4,"categoryName":"Reggie Williams","name":"2_32_7_87"},{"num":12.2,"categoryName":"Rodney Rogers","name":"2_32_7_113"},{"num":12.1,"categoryName":"Robert Pack","name":"2_32_7_108"},{"num":11.5,"categoryName":"Dikembe Mutombo","name":"2_32_7_101"},{"num":11.3,"categoryName":"Dale Ellis","name":"2_32_7_119"},{"num":11.2,"categoryName":"Bryant Stith","name":"2_32_7_109"},{"num":8.2,"categoryName":"Jalen Rose","name":"2_32_7_120"},{"num":7.9,"categoryName":"Bison Dele","name":"2_32_7_114"},{"num":5.9,"categoryName":"Tom Hammonds","name":"2_32_7_110"},{"num":4.8,"categoryName":"Reggie Slater","name":"2_32_7_121"},{"num":4,"categoryName":"LaPhonso Ellis","name":"2_32_7_107"},{"num":2.3,"categoryName":"Cliff Levingston","name":"2_32_7_122"},{"num":2.2,"categoryName":"Greg Grant","name":"2_32_7_123"},{"num":2,"categoryName":"Eldridge Recasner","name":"2_32_7_124"},{"num":1.5,"categoryName":"Darnell Mee","name":"2_32_7_117"},{"num":0.8,"categoryName":"Mark Randall","name":"2_32_7_116"}],"name":"2_32_7_0"},{"num":103.5,"categoryName":"Houston_Rockets","children":[{"num":27.8,"categoryName":"Hakeem Olajuwon","name":"2_32_11_29"},{"num":21.4,"categoryName":"Clyde Drexler","name":"2_32_11_85"},{"num":13.3,"categoryName":"Vernon Maxwell","name":"2_32_11_58"},{"num":13.3,"categoryName":"Otis Thorpe","name":"2_32_11_50"},{"num":10.4,"categoryName":"Kenny Smith","name":"2_32_11_63"},{"num":10.2,"categoryName":"Robert Horry","name":"2_32_11_74"},{"num":9.5,"categoryName":"Sam Cassell","name":"2_32_11_80"},{"num":8.8,"categoryName":"Mario Elie","name":"2_32_11_79"},{"num":6.8,"categoryName":"Carl Herrera","name":"2_32_11_69"},{"num":6.1,"categoryName":"Chucky Brown","name":"2_32_11_86"},{"num":5.3,"categoryName":"Pete Chilcutt","name":"2_32_11_87"},{"num":3.5,"categoryName":"Tracy Murray","name":"2_32_11_88"},{"num":3.4,"categoryName":"Scott Brooks","name":"2_32_11_75"},{"num":3,"categoryName":"Tim Breaux","name":"2_32_11_89"},{"num":2,"categoryName":"Zan Tabak","name":"2_32_11_90"},{"num":1,"categoryName":"Charles Jones","name":"2_32_11_91"},{"num":0.7,"categoryName":"Adrian Caldwell","name":"2_32_11_62"}],"name":"2_32_11_0"},{"num":94.2,"categoryName":"Minnesota_Timberwolves","children":[{"num":20.4,"categoryName":"Isaiah Rider","name":"2_32_16_37"},{"num":16.3,"categoryName":"Christian Laettner","name":"2_32_16_29"},{"num":14.4,"categoryName":"Tom Gugliotta","name":"2_32_16_44"},{"num":12.9,"categoryName":"Doug West","name":"2_32_16_12"},{"num":10.9,"categoryName":"Sean Rooks","name":"2_32_16_45"},{"num":10.8,"categoryName":"Donyell Marshall","name":"2_32_16_46"},{"num":7.5,"categoryName":"Darrick Martin","name":"2_32_16_47"},{"num":6.1,"categoryName":"Winston Garland","name":"2_32_16_48"},{"num":6,"categoryName":"Micheal Williams","name":"2_32_16_31"},{"num":5.3,"categoryName":"Stacey King","name":"2_32_16_38"},{"num":5.1,"categoryName":"Pat Durham","name":"2_32_16_49"},{"num":5,"categoryName":"Chris Smith","name":"2_32_16_34"},{"num":4.6,"categoryName":"Greg Foster","name":"2_32_16_50"},{"num":4.5,"categoryName":"C. Shackleford","name":"2_32_16_51"},{"num":4.1,"categoryName":"Askia Jones","name":"2_32_16_52"},{"num":3.3,"categoryName":"Howard Eisley","name":"2_32_16_53"},{"num":2.6,"categoryName":"Andres Guibert","name":"2_32_16_40"},{"num":1.3,"categoryName":"Mike Brown","name":"2_32_16_39"}],"name":"2_32_16_0"},{"num":106.6,"categoryName":"San_Antonio_Spurs","children":[{"num":27.6,"categoryName":"David Robinson","name":"2_32_12_100"},{"num":18.1,"categoryName":"Sean Elliott","name":"2_32_12_104"},{"num":13.4,"categoryName":"Avery Johnson","name":"2_32_12_114"},{"num":12.5,"categoryName":"Vinny Del Negro","name":"2_32_12_133"},{"num":10.8,"categoryName":"Chuck Person","name":"2_32_12_145"},{"num":7.1,"categoryName":"Dennis Rodman","name":"2_32_12_140"},{"num":7,"categoryName":"J.R. Reid","name":"2_32_12_131"},{"num":6.8,"categoryName":"Terry Cummings","name":"2_32_12_101"},{"num":5,"categoryName":"Doc Rivers","name":"2_32_12_146"},{"num":4.9,"categoryName":"Willie Anderson","name":"2_32_12_84"},{"num":2.9,"categoryName":"Moses Malone","name":"2_32_12_147"},{"num":2.4,"categoryName":"Jack Haley","name":"2_32_12_143"},{"num":1.7,"categoryName":"Chris Whitney","name":"2_32_12_144"},{"num":1.3,"categoryName":"Julius Nwosu","name":"2_32_12_148"},{"num":0.9,"categoryName":"Corey Crowder","name":"2_32_12_149"},{"num":0.5,"categoryName":"Howard Eisley","name":"2_32_12_150"}],"name":"2_32_12_0"},{"num":106.4,"categoryName":"Utah_Jazz","children":[{"num":26.7,"categoryName":"Karl Malone","name":"2_32_9_51"},{"num":16.5,"categoryName":"Jeff Hornacek","name":"2_32_9_95"},{"num":14.7,"categoryName":"John Stockton","name":"2_32_9_48"},{"num":10.4,"categoryName":"David Benoit","name":"2_32_9_83"},{"num":9.6,"categoryName":"Antoine Carr","name":"2_32_9_106"},{"num":9.3,"categoryName":"Felton Spencer","name":"2_32_9_97"},{"num":0.5,"categoryName":"Walter Bond","name":"2_32_9_99"},{"num":6.6,"categoryName":"Blue Edwards","name":"2_32_9_70"},{"num":6.2,"categoryName":"Tom Chambers","name":"2_32_9_96"},{"num":6.1,"categoryName":"Adam Keefe","name":"2_32_9_107"},{"num":4.5,"categoryName":"Bryon Russell","name":"2_32_9_98"},{"num":3.7,"categoryName":"John Crotty","name":"2_32_9_92"},{"num":3.3,"categoryName":"Jamie Watson","name":"2_32_9_108"},{"num":2.6,"categoryName":"James Donaldson","name":"2_32_9_91"},{"num":0.8,"categoryName":"Jay Humphries","name":"2_32_9_88"}],"name":"2_32_9_0"}],"name":"2_32_0_0","num":615.1999999999999},{"categoryName":"Pacific","children":[{"num":105.7,"categoryName":"Golden_State_Warriors","children":[{"num":20.6,"categoryName":"Latrell Sprewell","name":"2_33_6_146"},{"num":20.1,"categoryName":"Tim Hardaway","name":"2_33_6_117"},{"num":19,"categoryName":"Chris Mullin","name":"2_33_6_87"},{"num":14.8,"categoryName":"Donyell Marshall","name":"2_33_6_163"},{"num":13.7,"categoryName":"Chris Gatling","name":"2_33_6_140"},{"num":12.5,"categoryName":"Ricky Pierce","name":"2_33_6_164"},{"num":12.1,"categoryName":"Rony Seikaly","name":"2_33_6_165"},{"num":10.9,"categoryName":"Tom Gugliotta","name":"2_33_6_166"},{"num":10,"categoryName":"Victor Alexander","name":"2_33_6_139"},{"num":8.9,"categoryName":"Carlos Rogers","name":"2_33_6_167"},{"num":7.4,"categoryName":"Keith Jennings","name":"2_33_6_149"},{"num":7.4,"categoryName":"Ryan Lorthridge","name":"2_33_6_168"},{"num":7.3,"categoryName":"Tim Legler","name":"2_33_6_169"},{"num":6.8,"categoryName":"Clifford Rozier","name":"2_33_6_170"},{"num":5.5,"categoryName":"David Wood","name":"2_33_6_171"},{"num":4.1,"categoryName":"Dwayne Morton","name":"2_33_6_172"},{"num":3,"categoryName":"Manute Bol","name":"2_33_6_113"},{"num":2,"categoryName":"Rod Higgins","name":"2_33_6_93"}],"name":"2_33_6_0"},{"num":96.7,"categoryName":"Los_Angeles_Clippers","children":[{"num":17.5,"categoryName":"Loy Vaught","name":"2_33_10_69"},{"num":14.1,"categoryName":"Lamond Murray","name":"2_33_10_99"},{"num":13,"categoryName":"Malik Sealy","name":"2_33_10_100"},{"num":10.9,"categoryName":"Pooh Richardson","name":"2_33_10_101"},{"num":10.4,"categoryName":"Terry Dehere","name":"2_33_10_95"},{"num":9.3,"categoryName":"Tony Massenburg","name":"2_33_10_102"},{"num":7,"categoryName":"Eric Piatkowski","name":"2_33_10_103"},{"num":6.9,"categoryName":"Elmore Spencer","name":"2_33_10_87"},{"num":6.2,"categoryName":"Gary Grant","name":"2_33_10_46"},{"num":5.3,"categoryName":"Michael Smith","name":"2_33_10_104"},{"num":5.2,"categoryName":"Bo Outlaw","name":"2_33_10_94"},{"num":4.7,"categoryName":"Matt Fish","name":"2_33_10_105"},{"num":4.4,"categoryName":"Eric Riley","name":"2_33_10_106"},{"num":3.7,"categoryName":"Harold Ellis","name":"2_33_10_93"},{"num":2,"categoryName":"Randy Woods","name":"2_33_10_88"},{"num":2,"categoryName":"Bob Martin","name":"2_33_10_98"}],"name":"2_33_10_0"},{"num":105.1,"categoryName":"Los_Angeles_Lakers","children":[{"num":21.7,"categoryName":"Cedric Ceballos","name":"2_33_1_147"},{"num":16.9,"categoryName":"Nick Van Exel","name":"2_33_1_140"},{"num":16,"categoryName":"Vlade Divac","name":"2_33_1_115"},{"num":14,"categoryName":"Eddie Jones","name":"2_33_1_148"},{"num":12.5,"categoryName":"Elden Campbell","name":"2_33_1_125"},{"num":10.4,"categoryName":"Anthony Peeler","name":"2_33_1_135"},{"num":9.5,"categoryName":"Sedale Threatt","name":"2_33_1_128"},{"num":7.4,"categoryName":"Lloyd Daniels","name":"2_33_1_149"},{"num":6.1,"categoryName":"George Lynch","name":"2_33_1_142"},{"num":5.6,"categoryName":"Tony Smith","name":"2_33_1_124"},{"num":4.6,"categoryName":"Sam Bowie","name":"2_33_1_143"},{"num":4.1,"categoryName":"Anthony Miller","name":"2_33_1_150"},{"num":3.3,"categoryName":"Randolph Keys","name":"2_33_1_151"},{"num":3,"categoryName":"Antonio Harvey","name":"2_33_1_146"},{"num":1.7,"categoryName":"Kurt Rambis","name":"2_33_1_83"},{"num":1,"categoryName":"Lester Conner","name":"2_33_1_152"}],"name":"2_33_1_0"},{"num":110.6,"categoryName":"Phoenix_Suns","children":[{"num":23,"categoryName":"Charles Barkley","name":"2_33_8_114"},{"num":17.9,"categoryName":"Danny Manning","name":"2_33_8_128"},{"num":15.6,"categoryName":"Dan Majerle","name":"2_33_8_93"},{"num":15.5,"categoryName":"Kevin Johnson","name":"2_33_8_84"},{"num":11.2,"categoryName":"A.C. Green","name":"2_33_8_121"},{"num":10.4,"categoryName":"Wesley Person","name":"2_33_8_129"},{"num":10,"categoryName":"Wayman Tisdale","name":"2_33_8_130"},{"num":9.7,"categoryName":"Elliot Perry","name":"2_33_8_122"},{"num":7.7,"categoryName":"Danny Ainge","name":"2_33_8_116"},{"num":5.5,"categoryName":"Richard Dumas","name":"2_33_8_115"},{"num":4.8,"categoryName":"Trevor Ruffin","name":"2_33_8_131"},{"num":4.4,"categoryName":"Danny Schayes","name":"2_33_8_132"},{"num":3.7,"categoryName":"Joe Kleine","name":"2_33_8_123"},{"num":2.7,"categoryName":"Aaron Swinson","name":"2_33_8_133"},{"num":0.9,"categoryName":"Antonio Lang","name":"2_33_8_134"}],"name":"2_33_8_0"},{"num":103.1,"categoryName":"Portland_Trail_Blazers","children":[{"num":22,"categoryName":"Clyde Drexler","name":"2_33_2_92"},{"num":21.3,"categoryName":"Clifford Robinson","name":"2_33_2_128"},{"num":18.9,"categoryName":"Rod Strickland","name":"2_33_2_139"},{"num":13.5,"categoryName":"Otis Thorpe","name":"2_33_2_151"},{"num":9.2,"categoryName":"Buck Williams","name":"2_33_2_127"},{"num":9.2,"categoryName":"James Robinson","name":"2_33_2_147"},{"num":9.1,"categoryName":"Harvey Grant","name":"2_33_2_146"},{"num":8.9,"categoryName":"Terry Porter","name":"2_33_2_101"},{"num":8.1,"categoryName":"Jerome Kersey","name":"2_33_2_98"},{"num":6.5,"categoryName":"Aaron McKie","name":"2_33_2_152"},{"num":6,"categoryName":"Negele Knight","name":"2_33_2_153"},{"num":5.9,"categoryName":"Tracy Murray","name":"2_33_2_141"},{"num":5.5,"categoryName":"Chris Dudley","name":"2_33_2_149"},{"num":5,"categoryName":"Mark Bryant","name":"2_33_2_122"},{"num":3.2,"categoryName":"Steve Henson","name":"2_33_2_154"},{"num":2.7,"categoryName":"James Edwards","name":"2_33_2_155"}],"name":"2_33_2_0"},{"num":98.2,"categoryName":"Sacramento_Kings","children":[{"num":22.8,"categoryName":"Mitch Richmond","name":"2_33_11_41"},{"num":16.4,"categoryName":"Walt Williams","name":"2_33_11_51"},{"num":13.2,"categoryName":"Brian Grant","name":"2_33_11_66"},{"num":11.6,"categoryName":"Spud Webb","name":"2_33_11_42"},{"num":10.8,"categoryName":"Olden Polynice","name":"2_33_11_58"},{"num":6.9,"categoryName":"Michael Smith","name":"2_33_11_67"},{"num":5.6,"categoryName":"Lionel Simmons","name":"2_33_11_26"},{"num":5,"categoryName":"Alaa Abdelnaby","name":"2_33_11_68"},{"num":4.7,"categoryName":"Randy Brown","name":"2_33_11_46"},{"num":4.2,"categoryName":"Bobby Hurley","name":"2_33_11_60"},{"num":3.6,"categoryName":"Duane Causwell","name":"2_33_11_31"},{"num":3.1,"categoryName":"Trevor Wilson","name":"2_33_11_59"},{"num":2.3,"categoryName":"Henry Turner","name":"2_33_11_21"},{"num":2,"categoryName":"Doug Lee","name":"2_33_11_69"},{"num":0,"categoryName":"Derrick Phelps","name":"2_33_11_70"}],"name":"2_33_11_0"},{"num":110.4,"categoryName":"Seattle_Supersonics","children":[{"num":20.6,"categoryName":"Gary Payton","name":"2_33_5_133"},{"num":19.2,"categoryName":"Detlef Schrempf","name":"2_33_5_143"},{"num":18.7,"categoryName":"Shawn Kemp","name":"2_33_5_126"},{"num":13.7,"categoryName":"Kendall Gill","name":"2_33_5_144"},{"num":12.7,"categoryName":"Sam Perkins","name":"2_33_5_139"},{"num":9.9,"categoryName":"Vincent Askew","name":"2_33_5_140"},{"num":9.3,"categoryName":"S. Marciulionis","name":"2_33_5_148"},{"num":5.2,"categoryName":"Nate McMillan","name":"2_33_5_108"},{"num":3.4,"categoryName":"Byron Houston","name":"2_33_5_149"},{"num":3.1,"categoryName":"Ervin Johnson","name":"2_33_5_147"},{"num":2.4,"categoryName":"Bill Cartwright","name":"2_33_5_150"},{"num":2.3,"categoryName":"Dontonio Wingfield","name":"2_33_5_151"},{"num":2.2,"categoryName":"Steve Scheffler","name":"2_33_5_142"},{"num":0,"categoryName":"Rich King","name":"2_33_5_137"}],"name":"2_33_5_0"}],"name":"2_33_0_0","num":729.8000000000001}],"name":"2_0_0_0","num":1345}],"num":2637.4}