{"year":1971,"name":"root","categoryName":"root","children":[{"categoryName":"Eastern","children":[{"categoryName":"Atlantic","children":[{"num":115.6,"categoryName":"Boston_Celtics","children":[{"num":27.5,"categoryName":"John Havlicek","name":"1_14_1_1"},{"num":23.1,"categoryName":"Jo Jo White","name":"1_14_1_2"},{"num":18.8,"categoryName":"Dave Cowens","name":"1_14_1_3"},{"num":13.8,"categoryName":"Don Nelson","name":"1_14_1_4"},{"num":11.9,"categoryName":"Don Chaney","name":"1_14_1_5"},{"num":6.6,"categoryName":"Tom Sanders","name":"1_14_1_13"},{"num":6.3,"categoryName":"Steve Kuberski","name":"1_14_1_6"},{"num":5.1,"categoryName":"Art Williams","name":"1_14_1_10"},{"num":3.2,"categoryName":"Hank Finkel","name":"1_14_1_8"},{"num":2.6,"categoryName":"Clarence Glover","name":"1_14_1_15"},{"num":2.4,"categoryName":"Garfield Smith","name":"1_14_1_12"},{"num":2,"categoryName":"Rex Morgan","name":"1_14_1_11"}],"name":"1_14_1_0"},{"num":102,"categoryName":"Buffalo_Braves","children":[{"num":18.9,"categoryName":"Bob Kauffman","name":"1_14_2_1"},{"num":17.3,"categoryName":"Elmore Smith","name":"1_14_2_16"},{"num":15.8,"categoryName":"Mahdi Abdul-Rahman","name":"1_14_2_17"},{"num":13.4,"categoryName":"Randy Smith","name":"1_14_2_18"},{"num":11.6,"categoryName":"Fred Hilton","name":"1_14_2_19"},{"num":10.8,"categoryName":"Dick Garrett","name":"1_14_2_3"},{"num":9.1,"categoryName":"Mike Davis","name":"1_14_2_4"},{"num":6.8,"categoryName":"Jerry Chambers","name":"1_14_2_20"},{"num":6.2,"categoryName":"Cornell Warner","name":"1_14_2_9"},{"num":5.2,"categoryName":"John Hummer","name":"1_14_2_5"},{"num":5.1,"categoryName":"Em Bryant","name":"1_14_2_7"},{"num":5,"categoryName":"Bill Hosket","name":"1_14_2_8"}],"name":"1_14_2_0"},{"num":107.1,"categoryName":"New_York_Knicks","children":[{"num":23.2,"categoryName":"Walt Frazier","name":"1_14_3_1"},{"num":16.7,"categoryName":"Jerry Lucas","name":"1_14_3_14"},{"num":15.4,"categoryName":"Dave DeBusschere","name":"1_14_3_3"},{"num":15.1,"categoryName":"Bill Bradley","name":"1_14_3_5"},{"num":13.4,"categoryName":"Willis Reed","name":"1_14_3_2"},{"num":12.2,"categoryName":"Dick Barnett","name":"1_14_3_4"},{"num":11.4,"categoryName":"Earl Monroe","name":"1_14_3_15"},{"num":7.2,"categoryName":"Phil Jackson","name":"1_14_3_9"},{"num":6.8,"categoryName":"Dave Stallworth","name":"1_14_3_6"},{"num":4.6,"categoryName":"Dean Meminger","name":"1_14_3_16"},{"num":3.8,"categoryName":"Luther Rackley","name":"1_14_3_17"},{"num":3.2,"categoryName":"Mike Price","name":"1_14_3_12"},{"num":2.6,"categoryName":"Eddie Mast","name":"1_14_3_11"},{"num":2,"categoryName":"Mike Riordan","name":"1_14_3_8"},{"num":1.5,"categoryName":"Greg Fillmore","name":"1_14_3_10"},{"num":1.5,"categoryName":"Eddie Miles","name":"1_14_3_18"},{"num":1.4,"categoryName":"Charlie Paulk","name":"1_14_3_19"}],"name":"1_14_3_0"},{"num":112.2,"categoryName":"Philadelphia_76ers","children":[{"num":29,"categoryName":"Archie Clark","name":"1_14_4_2"},{"num":23.3,"categoryName":"Billy Cunningham","name":"1_14_4_1"},{"num":17.3,"categoryName":"Bob Rule","name":"1_14_4_16"},{"num":13.8,"categoryName":"Fred Carter","name":"1_14_4_17"},{"num":13.2,"categoryName":"Bill Bridges","name":"1_14_4_18"},{"num":12.6,"categoryName":"Kevin Loughery","name":"1_14_4_19"},{"num":11.9,"categoryName":"Fred Foster","name":"1_14_4_10"},{"num":11.8,"categoryName":"Hal Greer","name":"1_14_4_3"},{"num":11.2,"categoryName":"Jim Washington","name":"1_14_4_4"},{"num":8.1,"categoryName":"Dave Wohl","name":"1_14_4_20"},{"num":5.8,"categoryName":"Luke Jackson","name":"1_14_4_8"},{"num":4.3,"categoryName":"Al Henry","name":"1_14_4_14"},{"num":4.2,"categoryName":"Dennis Awtrey","name":"1_14_4_7"},{"num":3.2,"categoryName":"Jake Jones","name":"1_14_4_21"},{"num":2.9,"categoryName":"Barry Yates","name":"1_14_4_22"}],"name":"1_14_4_0"}],"name":"1_14_0_0","num":436.9},{"categoryName":"Central","children":[{"num":109.5,"categoryName":"Atlanta_Hawks","children":[{"num":24.7,"categoryName":"Lou Hudson","name":"1_15_1_1"},{"num":19.3,"categoryName":"Pete Maravich","name":"1_15_1_2"},{"num":18.6,"categoryName":"Walt Bellamy","name":"1_15_1_4"},{"num":12.7,"categoryName":"Jim Washington","name":"1_15_1_13"},{"num":11.7,"categoryName":"Don Adams","name":"1_15_1_14"},{"num":10.2,"categoryName":"Herm Gilliam","name":"1_15_1_15"},{"num":9.5,"categoryName":"Bill Bridges","name":"1_15_1_5"},{"num":7.9,"categoryName":"Don May","name":"1_15_1_16"},{"num":6.7,"categoryName":"Milt Williams","name":"1_15_1_17"},{"num":6.6,"categoryName":"George Trapp","name":"1_15_1_18"},{"num":5.9,"categoryName":"John Vallely","name":"1_15_1_9"},{"num":4.1,"categoryName":"Tom Payne","name":"1_15_1_19"},{"num":4,"categoryName":"Jeff Halliburton","name":"1_15_1_20"},{"num":3.3,"categoryName":"Larry Siegfried","name":"1_15_1_21"},{"num":3.1,"categoryName":"Bob Christian","name":"1_15_1_10"},{"num":2.4,"categoryName":"Jim Davis","name":"1_15_1_7"},{"num":0,"categoryName":"Shaler Halimon","name":"1_15_1_22"}],"name":"1_15_1_0"},{"num":107.1,"categoryName":"Baltimore_Bullets","children":[{"num":25.1,"categoryName":"Archie Clark","name":"1_15_2_15"},{"num":22.3,"categoryName":"Jack Marin","name":"1_15_2_2"},{"num":21.7,"categoryName":"Earl Monroe","name":"1_15_2_1"},{"num":13,"categoryName":"Wes Unseld","name":"1_15_2_5"},{"num":12.3,"categoryName":"Phil Chenier","name":"1_15_2_16"},{"num":11.4,"categoryName":"Dave Stallworth","name":"1_15_2_17"},{"num":10,"categoryName":"Mike Riordan","name":"1_15_2_18"},{"num":7.9,"categoryName":"Stan Love","name":"1_15_2_19"},{"num":7.5,"categoryName":"Fred Carter","name":"1_15_2_6"},{"num":6.8,"categoryName":"John Tresvant","name":"1_15_2_8"},{"num":6.7,"categoryName":"Gary Zeller","name":"1_15_2_14"},{"num":6.5,"categoryName":"Kevin Loughery","name":"1_15_2_4"},{"num":6.4,"categoryName":"Gus Johnson","name":"1_15_2_3"},{"num":2.7,"categoryName":"Terry Driscoll","name":"1_15_2_20"},{"num":2.7,"categoryName":"Rich Rinaldi","name":"1_15_2_21"},{"num":2.2,"categoryName":"Dorie Murrey","name":"1_15_2_12"}],"name":"1_15_2_0"},{"num":107.8,"categoryName":"Cincinnati_Royals","children":[{"num":28.2,"categoryName":"Tiny Archibald","name":"1_15_3_4"},{"num":19.2,"categoryName":"Tom Van Arsdale","name":"1_15_3_1"},{"num":12.3,"categoryName":"Jim Fox","name":"1_15_3_16"},{"num":11.9,"categoryName":"Nate Williams","name":"1_15_3_17"},{"num":11.6,"categoryName":"Sam Lacey","name":"1_15_3_5"},{"num":10,"categoryName":"John Mengelt","name":"1_15_3_18"},{"num":9.8,"categoryName":"Johnny Green","name":"1_15_3_2"},{"num":7.3,"categoryName":"Matt Guokas","name":"1_15_3_19"},{"num":7.3,"categoryName":"Norm Van Lier","name":"1_15_3_3"},{"num":5.2,"categoryName":"Jake Jones","name":"1_15_3_20"},{"num":4.4,"categoryName":"Ken Durrett","name":"1_15_3_21"},{"num":4.1,"categoryName":"Gil McGregor","name":"1_15_3_22"},{"num":3.4,"categoryName":"Fred Taylor","name":"1_15_3_23"},{"num":2.6,"categoryName":"Darrall Imhoff","name":"1_15_3_8"},{"num":0.7,"categoryName":"Sid Catlett","name":"1_15_3_24"}],"name":"1_15_3_0"},{"num":105.8,"categoryName":"Cleveland_Cavaliers","children":[{"num":21.2,"categoryName":"Austin Carr","name":"1_15_4_17"},{"num":17,"categoryName":"John Johnson","name":"1_15_4_2"},{"num":15.4,"categoryName":"Butch Beard","name":"1_15_4_18"},{"num":15,"categoryName":"Bingo Smith","name":"1_15_4_3"},{"num":13.1,"categoryName":"Rick Roberson","name":"1_15_4_19"},{"num":12.4,"categoryName":"Walt Wesley","name":"1_15_4_1"},{"num":9.8,"categoryName":"Charlie Davis","name":"1_15_4_20"},{"num":7,"categoryName":"Dave Sorenson","name":"1_15_4_6"},{"num":5.1,"categoryName":"Bobby Washington","name":"1_15_4_8"},{"num":5,"categoryName":"John Warren","name":"1_15_4_5"},{"num":3.2,"categoryName":"Steve Patterson","name":"1_15_4_21"},{"num":2.9,"categoryName":"Greg Howard","name":"1_15_4_22"},{"num":2.6,"categoryName":"Luther Rackley","name":"1_15_4_7"},{"num":1.8,"categoryName":"Jackie Ridgle","name":"1_15_4_23"}],"name":"1_15_4_0"}],"name":"1_15_0_0","num":430.2}],"name":"1_0_0_0","num":867.0999999999999},{"categoryName":"Western","children":[{"categoryName":"Midwest","children":[{"num":111.2,"categoryName":"Chicago_Bulls","children":[{"num":25.8,"categoryName":"Bob Love","name":"2_32_1_1"},{"num":22,"categoryName":"Chet Walker","name":"2_32_1_2"},{"num":16.2,"categoryName":"Jerry Sloan","name":"2_32_1_3"},{"num":12.1,"categoryName":"Norm Van Lier","name":"2_32_1_14"},{"num":11.3,"categoryName":"Bob Weiss","name":"2_32_1_6"},{"num":7,"categoryName":"Clifford Ray","name":"2_32_1_15"},{"num":7,"categoryName":"Tom Boerwinkle","name":"2_32_1_4"},{"num":6,"categoryName":"Jim Fox","name":"2_32_1_5"},{"num":6,"categoryName":"Howard Porter","name":"2_32_1_16"},{"num":5.7,"categoryName":"Jim King","name":"2_32_1_8"},{"num":3.3,"categoryName":"Charlie Paulk","name":"2_32_1_17"},{"num":3.3,"categoryName":"Jimmy Collins","name":"2_32_1_10"},{"num":3.1,"categoryName":"Kenny McIntosh","name":"2_32_1_18"},{"num":2.5,"categoryName":"Jackie Dinkins","name":"2_32_1_19"}],"name":"2_32_1_0"},{"num":109.1,"categoryName":"Detroit_Pistons","children":[{"num":25.7,"categoryName":"Bob Lanier","name":"2_32_2_3"},{"num":22.6,"categoryName":"Dave Bing","name":"2_32_2_1"},{"num":21.3,"categoryName":"Jimmy Walker","name":"2_32_2_2"},{"num":11.3,"categoryName":"Curtis Rowe","name":"2_32_2_13"},{"num":9.4,"categoryName":"Terry Dischinger","name":"2_32_2_4"},{"num":8.7,"categoryName":"Howard Komives","name":"2_32_2_7"},{"num":7.5,"categoryName":"Willie Norwood","name":"2_32_2_14"},{"num":6.2,"categoryName":"Bob Quick","name":"2_32_2_8"},{"num":5.9,"categoryName":"Jim Davis","name":"2_32_2_15"},{"num":5,"categoryName":"Harvey Marlatt","name":"2_32_2_12"},{"num":4.6,"categoryName":"Steve Mix","name":"2_32_2_6"},{"num":4.5,"categoryName":"Bill Hewitt","name":"2_32_2_9"},{"num":4.3,"categoryName":"Erwin Mueller","name":"2_32_2_10"},{"num":3.5,"categoryName":"Isaiah Wilson","name":"2_32_2_16"}],"name":"2_32_2_0"},{"num":114.6,"categoryName":"Milwaukee_Bucks","children":[{"num":34.8,"categoryName":"K. Abdul-Jabbar","name":"2_32_3_1"},{"num":18.4,"categoryName":"Bob Dandridge","name":"2_32_3_3"},{"num":17.4,"categoryName":"Oscar Robertson","name":"2_32_3_2"},{"num":13.5,"categoryName":"Lucius Allen","name":"2_32_3_7"},{"num":10.7,"categoryName":"Jon McGlocklin","name":"2_32_3_4"},{"num":8.5,"categoryName":"John Block","name":"2_32_3_15"},{"num":8.4,"categoryName":"Greg Smith","name":"2_32_3_5"},{"num":7.5,"categoryName":"Wali Jones","name":"2_32_3_16"},{"num":7,"categoryName":"Curtis Perry","name":"2_32_3_17"},{"num":3.5,"categoryName":"Toby Kimball","name":"2_32_3_18"},{"num":2.9,"categoryName":"McCoy McLemore","name":"2_32_3_8"},{"num":2.3,"categoryName":"Charlie Lowery","name":"2_32_3_19"},{"num":1.6,"categoryName":"Bill Dinwiddie","name":"2_32_3_20"},{"num":1.5,"categoryName":"Jeff Webb","name":"2_32_3_13"},{"num":1.3,"categoryName":"Barry Nelson","name":"2_32_3_21"}],"name":"2_32_3_0"},{"num":116.3,"categoryName":"Phoenix_Suns","children":[{"num":21,"categoryName":"Connie Hawkins","name":"2_32_4_2"},{"num":19.7,"categoryName":"Dick Van Arsdale","name":"2_32_4_1"},{"num":18.8,"categoryName":"Charlie Scott","name":"2_32_4_13"},{"num":17.5,"categoryName":"Paul Silas","name":"2_32_4_5"},{"num":15.7,"categoryName":"Clem Haskins","name":"2_32_4_3"},{"num":15.7,"categoryName":"Neal Walk","name":"2_32_4_4"},{"num":9.1,"categoryName":"Mo Layton","name":"2_32_4_14"},{"num":7.6,"categoryName":"Otto Moore","name":"2_32_4_15"},{"num":5.2,"categoryName":"Mel Counts","name":"2_32_4_6"},{"num":5,"categoryName":"Lamar Green","name":"2_32_4_8"},{"num":2.6,"categoryName":"Art Harris","name":"2_32_4_7"},{"num":2.5,"categoryName":"Jeff Webb","name":"2_32_4_16"},{"num":1.7,"categoryName":"John Wetzel","name":"2_32_4_10"},{"num":1.2,"categoryName":"Fred Taylor","name":"2_32_4_9"}],"name":"2_32_4_0"}],"name":"2_32_0_0","num":451.2},{"categoryName":"Pacific","children":[{"num":108.2,"categoryName":"Golden_State_Warriors","children":[{"num":21.5,"categoryName":"Jeff Mullins","name":"2_33_6_1"},{"num":21.4,"categoryName":"Nate Thurmond","name":"2_33_6_2"},{"num":21.4,"categoryName":"Cazzie Russell","name":"2_33_6_3"},{"num":12.4,"categoryName":"Jim Barnett","name":"2_33_6_4"},{"num":9.7,"categoryName":"Ron Williams","name":"2_33_6_5"},{"num":8.4,"categoryName":"Joe Ellis","name":"2_33_6_6"},{"num":8.1,"categoryName":"Clyde Lee","name":"2_33_6_7"},{"num":3.8,"categoryName":"Bob Portman","name":"2_33_6_8"},{"num":3.3,"categoryName":"Nick Jones","name":"2_33_6_9"},{"num":2.9,"categoryName":"Bill Turner","name":"2_33_6_10"},{"num":1.9,"categoryName":"Odis Allison","name":"2_33_6_11"},{"num":0.9,"categoryName":"Vic Bartolome","name":"2_33_6_12"}],"name":"2_33_6_0"},{"num":109.7,"categoryName":"Houston_Rockets","children":[{"num":25.2,"categoryName":"Elvin Hayes","name":"2_33_7_1"},{"num":18.5,"categoryName":"Stu Lantz","name":"2_33_7_2"},{"num":18.2,"categoryName":"Calvin Murphy","name":"2_33_7_3"},{"num":15,"categoryName":"Rudy Tomjanovich","name":"2_33_7_4"},{"num":9.9,"categoryName":"Cliff Meely","name":"2_33_7_5"},{"num":9.1,"categoryName":"Greg Smith","name":"2_33_7_6"},{"num":7.6,"categoryName":"Mike Newlin","name":"2_33_7_7"},{"num":5.2,"categoryName":"Jim Davis","name":"2_33_7_8"},{"num":4.8,"categoryName":"Larry Siegfried","name":"2_33_7_9"},{"num":4.3,"categoryName":"Don Adams","name":"2_33_7_10"},{"num":3.7,"categoryName":"Dick Gibbs","name":"2_33_7_11"},{"num":3.5,"categoryName":"Curtis Perry","name":"2_33_7_12"},{"num":2.9,"categoryName":"Johnny Egan","name":"2_33_7_13"},{"num":2.9,"categoryName":"John Vallely","name":"2_33_7_14"},{"num":2.8,"categoryName":"McCoy McLemore","name":"2_33_7_15"},{"num":2.7,"categoryName":"Dick Cunningham","name":"2_33_7_16"}],"name":"2_33_7_0"},{"num":121,"categoryName":"Los_Angeles_Lakers","children":[{"num":25.9,"categoryName":"Gail Goodrich","name":"2_33_1_4"},{"num":25.8,"categoryName":"Jerry West","name":"2_33_1_1"},{"num":18.8,"categoryName":"Jim McMillian","name":"2_33_1_7"},{"num":14.8,"categoryName":"Wilt Chamberlain","name":"2_33_1_2"},{"num":13.1,"categoryName":"Happy Hairston","name":"2_33_1_3"},{"num":11.8,"categoryName":"Elgin Baylor","name":"2_33_1_6"},{"num":9.9,"categoryName":"Flynn Robinson","name":"2_33_1_14"},{"num":6.7,"categoryName":"Pat Riley","name":"2_33_1_11"},{"num":5.7,"categoryName":"Keith Erickson","name":"2_33_1_5"},{"num":5.7,"categoryName":"John Trapp","name":"2_33_1_15"},{"num":4.6,"categoryName":"LeRoy Ellis","name":"2_33_1_16"},{"num":2.6,"categoryName":"Jim Cleamons","name":"2_33_1_17"}],"name":"2_33_1_0"},{"num":106.8,"categoryName":"Portland_Trail_Blazers","children":[{"num":24.5,"categoryName":"Sidney Wicks","name":"2_33_2_15"},{"num":18.9,"categoryName":"Geoff Petrie","name":"2_33_2_1"},{"num":13.8,"categoryName":"Stan McKenzie","name":"2_33_2_4"},{"num":11.7,"categoryName":"Dale Schlueter","name":"2_33_2_8"},{"num":11.1,"categoryName":"Gary Gregor","name":"2_33_2_6"},{"num":10.1,"categoryName":"Rick Adelman","name":"2_33_2_5"},{"num":8.3,"categoryName":"William Smith","name":"2_33_2_16"},{"num":7.9,"categoryName":"Charlie Yelverton","name":"2_33_2_17"},{"num":6.2,"categoryName":"Willie McCarter","name":"2_33_2_18"},{"num":5.2,"categoryName":"Ron Knight","name":"2_33_2_11"},{"num":5.1,"categoryName":"Larry Steele","name":"2_33_2_19"},{"num":3.1,"categoryName":"Jim Marsh","name":"2_33_2_20"},{"num":2.6,"categoryName":"Darrall Imhoff","name":"2_33_2_21"}],"name":"2_33_2_0"},{"num":109.2,"categoryName":"Seattle_Supersonics","children":[{"num":26.2,"categoryName":"Spencer Haywood","name":"2_33_5_2"},{"num":18,"categoryName":"Lenny Wilkens","name":"2_33_5_3"},{"num":16.6,"categoryName":"Dick Snyder","name":"2_33_5_4"},{"num":13.8,"categoryName":"Zaid Abdul-Aziz","name":"2_33_5_6"},{"num":11.4,"categoryName":"Don Kojis","name":"2_33_5_5"},{"num":10.6,"categoryName":"Lee Winfield","name":"2_33_5_7"},{"num":9.4,"categoryName":"Jim McDaniels","name":"2_33_5_15"},{"num":7.9,"categoryName":"Gar Heard","name":"2_33_5_12"},{"num":7.1,"categoryName":"Barry Clemens","name":"2_33_5_10"},{"num":7.1,"categoryName":"Bob Rule","name":"2_33_5_1"},{"num":5.5,"categoryName":"Pete Cross","name":"2_33_5_9"},{"num":4.2,"categoryName":"Fred Brown","name":"2_33_5_16"},{"num":3.5,"categoryName":"Jake Ford","name":"2_33_5_11"}],"name":"2_33_5_0"}],"name":"2_33_0_0","num":554.9}],"name":"2_0_0_0","num":1006.0999999999999}],"num":1873.1999999999998}