{"year":2000,"name":"root","categoryName":"root","children":[{"categoryName":"Eastern","children":[{"categoryName":"Atlantic","children":[{"num":94.6,"categoryName":"Boston_Celtics","children":[{"num":25.3,"categoryName":"Paul Pierce","name":"1_14_1_164"},{"num":23.4,"categoryName":"Antoine Walker","name":"1_14_1_143"},{"num":9.7,"categoryName":"Bryant Stith","name":"1_14_1_178"},{"num":7.5,"categoryName":"Kenny Anderson","name":"1_14_1_152"},{"num":7.5,"categoryName":"Vitaly Potapenko","name":"1_14_1_165"},{"num":6.6,"categoryName":"Eric Williams","name":"1_14_1_135"},{"num":6.5,"categoryName":"Tony Battie","name":"1_14_1_166"},{"num":5.9,"categoryName":"Milt Palacio","name":"1_14_1_179"},{"num":5.4,"categoryName":"Doug Overton","name":"1_14_1_176"},{"num":4.8,"categoryName":"Chris Carr","name":"1_14_1_180"},{"num":4.1,"categoryName":"Randy Brown","name":"1_14_1_181"},{"num":3.9,"categoryName":"Mark Blount","name":"1_14_1_182"},{"num":3.7,"categoryName":"Rick Brunson","name":"1_14_1_183"},{"num":3.3,"categoryName":"Chris Herren","name":"1_14_1_184"},{"num":2.2,"categoryName":"Walter McCarty","name":"1_14_1_154"},{"num":2.1,"categoryName":"Adrian Griffin","name":"1_14_1_173"},{"num":1.5,"categoryName":"Jerome Moiso","name":"1_14_1_185"}],"name":"1_14_1_0"},{"num":88.9,"categoryName":"Miami_Heat","children":[{"num":17.4,"categoryName":"Eddie Jones","name":"1_14_9_87"},{"num":16.1,"categoryName":"Anthony Mason","name":"1_14_9_88"},{"num":15.2,"categoryName":"Brian Grant","name":"1_14_9_89"},{"num":14.9,"categoryName":"Tim Hardaway","name":"1_14_9_39"},{"num":13.6,"categoryName":"Alonzo Mourning","name":"1_14_9_38"},{"num":7.6,"categoryName":"Bruce Bowen","name":"1_14_9_66"},{"num":6.9,"categoryName":"Cedric Ceballos","name":"1_14_9_90"},{"num":6.4,"categoryName":"Anthony Carter","name":"1_14_9_82"},{"num":5,"categoryName":"Dan Majerle","name":"1_14_9_56"},{"num":5,"categoryName":"Eddie House","name":"1_14_9_91"},{"num":4.6,"categoryName":"Ricky Davis","name":"1_14_9_92"},{"num":4.5,"categoryName":"A.C. Green","name":"1_14_9_93"},{"num":3.9,"categoryName":"Don MacLean","name":"1_14_9_94"},{"num":2.8,"categoryName":"Todd Fuller","name":"1_14_9_95"},{"num":2.5,"categoryName":"Duane Causwell","name":"1_14_9_73"},{"num":1,"categoryName":"Jamal Robinson","name":"1_14_9_96"}],"name":"1_14_9_0"},{"num":92.1,"categoryName":"New_Jersey_Nets","children":[{"num":23.9,"categoryName":"Stephon Marbury","name":"1_14_6_176"},{"num":17,"categoryName":"Keith Van Horn","name":"1_14_6_167"},{"num":12,"categoryName":"Kenyon Martin","name":"1_14_6_190"},{"num":10.9,"categoryName":"Johnny Newman","name":"1_14_6_134"},{"num":10.2,"categoryName":"Aaron Williams","name":"1_14_6_191"},{"num":9.4,"categoryName":"Lucious Harris","name":"1_14_6_172"},{"num":9.1,"categoryName":"Kendall Gill","name":"1_14_6_144"},{"num":8.2,"categoryName":"Stephen Jackson","name":"1_14_6_192"},{"num":6.9,"categoryName":"Doug Overton","name":"1_14_6_177"},{"num":5.7,"categoryName":"Sherman Douglas","name":"1_14_6_168"},{"num":5.7,"categoryName":"Mark Strickland","name":"1_14_6_193"},{"num":4.9,"categoryName":"Eddie Gill","name":"1_14_6_194"},{"num":3.7,"categoryName":"Jamie Feick","name":"1_14_6_179"},{"num":3.4,"categoryName":"Evan Eschmeyer","name":"1_14_6_189"},{"num":2.8,"categoryName":"Vladimir Stepania","name":"1_14_6_195"},{"num":2.6,"categoryName":"Jamel Thomas","name":"1_14_6_196"},{"num":1.6,"categoryName":"Jim McIlvaine","name":"1_14_6_186"},{"num":1.4,"categoryName":"Soumaila Samake","name":"1_14_6_197"},{"num":1.2,"categoryName":"Kevin Ollie","name":"1_14_6_198"}],"name":"1_14_6_0"},{"num":88.7,"categoryName":"New_York_Knicks","children":[{"num":18.7,"categoryName":"Allan Houston","name":"1_14_3_153"},{"num":17.7,"categoryName":"Latrell Sprewell","name":"1_14_3_167"},{"num":12,"categoryName":"Marcus Camby","name":"1_14_3_169"},{"num":12,"categoryName":"Glen Rice","name":"1_14_3_177"},{"num":10.4,"categoryName":"Kurt Thomas","name":"1_14_3_168"},{"num":9.9,"categoryName":"Larry Johnson","name":"1_14_3_154"},{"num":7.1,"categoryName":"Charlie Ward","name":"1_14_3_144"},{"num":6.2,"categoryName":"Othella Harrington","name":"1_14_3_178"},{"num":5.9,"categoryName":"Mark Jackson","name":"1_14_3_103"},{"num":4.8,"categoryName":"Chris Childs","name":"1_14_3_155"},{"num":4.3,"categoryName":"Erick Strickland","name":"1_14_3_179"},{"num":2.3,"categoryName":"Lavor Postell","name":"1_14_3_180"},{"num":2.2,"categoryName":"Felton Spencer","name":"1_14_3_181"},{"num":2,"categoryName":"Luc Longley","name":"1_14_3_182"},{"num":1.3,"categoryName":"Rick Brunson","name":"1_14_3_171"},{"num":0.6,"categoryName":"Travis Knight","name":"1_14_3_183"}],"name":"1_14_3_0"},{"num":97.5,"categoryName":"Orlando_Magic","children":[{"num":26.8,"categoryName":"Tracy McGrady","name":"1_14_10_83"},{"num":15.9,"categoryName":"Darrell Armstrong","name":"1_14_10_35"},{"num":13.8,"categoryName":"Grant Hill","name":"1_14_10_84"},{"num":11.9,"categoryName":"Mike Miller","name":"1_14_10_85"},{"num":8.3,"categoryName":"Pat Garrity","name":"1_14_10_77"},{"num":7.9,"categoryName":"John Amaechi","name":"1_14_10_73"},{"num":7.3,"categoryName":"Bo Outlaw","name":"1_14_10_50"},{"num":6.9,"categoryName":"Dee Brown","name":"1_14_10_86"},{"num":6.4,"categoryName":"Michael Doleac","name":"1_14_10_64"},{"num":5,"categoryName":"Monty Williams","name":"1_14_10_75"},{"num":4.8,"categoryName":"Troy Hudson","name":"1_14_10_87"},{"num":3.9,"categoryName":"Andrew DeClercq","name":"1_14_10_88"},{"num":3.2,"categoryName":"Don Reid","name":"1_14_10_89"},{"num":2,"categoryName":"Cory Alexander","name":"1_14_10_90"},{"num":1.7,"categoryName":"Elliot Perry","name":"1_14_10_91"},{"num":1.7,"categoryName":"James Robinson","name":"1_14_10_92"}],"name":"1_14_10_0"},{"num":94.7,"categoryName":"Philadelphia_76ers","children":[{"num":31.1,"categoryName":"Allen Iverson","name":"1_14_4_200"},{"num":12.4,"categoryName":"Theo Ratliff","name":"1_14_4_212"},{"num":11.7,"categoryName":"Dikembe Mutombo","name":"1_14_4_242"},{"num":11.6,"categoryName":"Aaron McKie","name":"1_14_4_220"},{"num":9.8,"categoryName":"Eric Snow","name":"1_14_4_219"},{"num":9.6,"categoryName":"Tyrone Hill","name":"1_14_4_227"},{"num":8.4,"categoryName":"George Lynch","name":"1_14_4_228"},{"num":8,"categoryName":"Toni Kukoc","name":"1_14_4_233"},{"num":6.1,"categoryName":"Matt Geiger","name":"1_14_4_225"},{"num":5.3,"categoryName":"Rodney Buford","name":"1_14_4_243"},{"num":5,"categoryName":"Vernon Maxwell","name":"1_14_4_186"},{"num":4.7,"categoryName":"Jumaine Jones","name":"1_14_4_238"},{"num":4.1,"categoryName":"Todd MacCulloch","name":"1_14_4_235"},{"num":3.8,"categoryName":"Kevin Ollie","name":"1_14_4_237"},{"num":3.2,"categoryName":"Nazr Mohammed","name":"1_14_4_231"},{"num":2,"categoryName":"Roshown McLeod","name":"1_14_4_244"},{"num":1,"categoryName":"Raja Bell","name":"1_14_4_245"},{"num":0.8,"categoryName":"Pepe Sanchez","name":"1_14_4_246"},{"num":0,"categoryName":"Anthony Miller","name":"1_14_4_247"}],"name":"1_14_4_0"},{"num":93.2,"categoryName":"Washington_Wizards","children":[{"num":18.2,"categoryName":"Juwan Howard","name":"1_14_11_2"},{"num":18.1,"categoryName":"Richard Hamilton","name":"1_14_11_24"},{"num":17,"categoryName":"Courtney Alexander","name":"1_14_11_33"},{"num":16.2,"categoryName":"Mitch Richmond","name":"1_14_11_17"},{"num":13.2,"categoryName":"Christian Laettner","name":"1_14_11_34"},{"num":12.2,"categoryName":"Rod Strickland","name":"1_14_11_3"},{"num":10.2,"categoryName":"Hubert Davis","name":"1_14_11_35"},{"num":9.5,"categoryName":"Chris Whitney","name":"1_14_11_7"},{"num":8.6,"categoryName":"Jahidi White","name":"1_14_11_21"},{"num":8.4,"categoryName":"Tyrone Nesby","name":"1_14_11_36"},{"num":8.1,"categoryName":"Felipe Lopez","name":"1_14_11_37"},{"num":5.5,"categoryName":"David Vanterpool","name":"1_14_11_38"},{"num":4.8,"categoryName":"Gerard King","name":"1_14_11_29"},{"num":4.5,"categoryName":"Calvin Booth","name":"1_14_11_30"},{"num":4.3,"categoryName":"Laron Profit","name":"1_14_11_31"},{"num":3.9,"categoryName":"Loy Vaught","name":"1_14_11_39"},{"num":3.8,"categoryName":"Michael Smith","name":"1_14_11_28"},{"num":3.7,"categoryName":"Cherokee Parks","name":"1_14_11_40"},{"num":3.6,"categoryName":"Popeye Jones","name":"1_14_11_41"},{"num":3.5,"categoryName":"Obinna Ekezie","name":"1_14_11_42"},{"num":3,"categoryName":"Mike Smith","name":"1_14_11_43"}],"name":"1_14_11_0"}],"name":"1_14_0_0","num":649.7},{"categoryName":"Central","children":[{"num":91,"categoryName":"Atlanta_Hawks","children":[{"num":19.7,"categoryName":"Jason Terry","name":"1_15_1_196"},{"num":19.7,"categoryName":"Toni Kukoc","name":"1_15_1_201"},{"num":14.3,"categoryName":"Jim Jackson","name":"1_15_1_195"},{"num":12.4,"categoryName":"Lorenzen Wright","name":"1_15_1_199"},{"num":12.3,"categoryName":"Nazr Mohammed","name":"1_15_1_202"},{"num":10.5,"categoryName":"Alan Henderson","name":"1_15_1_162"},{"num":9.9,"categoryName":"Roshown McLeod","name":"1_15_1_190"},{"num":9.1,"categoryName":"Dikembe Mutombo","name":"1_15_1_171"},{"num":5.8,"categoryName":"Larry Robinson","name":"1_15_1_203"},{"num":6.9,"categoryName":"Brevin Knight","name":"1_15_1_204"},{"num":6.8,"categoryName":"Chris Crawford","name":"1_15_1_183"},{"num":6.7,"categoryName":"Matt Maloney","name":"1_15_1_205"},{"num":5.9,"categoryName":"Dion Glover","name":"1_15_1_198"},{"num":5.1,"categoryName":"DerMarr Johnson","name":"1_15_1_206"},{"num":4.4,"categoryName":"Hanno Mottola","name":"1_15_1_207"},{"num":3.2,"categoryName":"Cal Bowdler","name":"1_15_1_200"},{"num":2.8,"categoryName":"Tony Smith","name":"1_15_1_208"},{"num":2.6,"categoryName":"Anthony Johnson","name":"1_15_1_189"},{"num":1,"categoryName":"Anthony Miller","name":"1_15_1_179"},{"num":0,"categoryName":"Ira Bowman","name":"1_15_1_209"},{"num":0,"categoryName":"Sean Colson","name":"1_15_1_210"},{"num":0,"categoryName":"Andy Panko","name":"1_15_1_211"},{"num":0,"categoryName":"Pepe Sanchez","name":"1_15_1_212"}],"name":"1_15_1_0"},{"num":91.9,"categoryName":"Charlotte_Hornets","children":[{"num":20.1,"categoryName":"Jamal Mashburn","name":"1_15_15_94"},{"num":17.2,"categoryName":"David Wesley","name":"1_15_15_69"},{"num":13.8,"categoryName":"Baron Davis","name":"1_15_15_88"},{"num":13.1,"categoryName":"Elden Campbell","name":"1_15_15_78"},{"num":8.5,"categoryName":"P.J. Brown","name":"1_15_15_95"},{"num":8.1,"categoryName":"Derrick Coleman","name":"1_15_15_79"},{"num":7.4,"categoryName":"Eddie Robinson","name":"1_15_15_87"},{"num":4.6,"categoryName":"Jamaal Magloire","name":"1_15_15_96"},{"num":4.3,"categoryName":"Scott Burrell","name":"1_15_15_37"},{"num":3.9,"categoryName":"Lee Nailon","name":"1_15_15_97"},{"num":3.1,"categoryName":"Hersey Hawkins","name":"1_15_15_33"},{"num":2.8,"categoryName":"Otis Thorpe","name":"1_15_15_98"},{"num":2.4,"categoryName":"Eldridge Recasner","name":"1_15_15_83"},{"num":2,"categoryName":"Doug Overton","name":"1_15_15_99"},{"num":1.5,"categoryName":"Tim James","name":"1_15_15_100"},{"num":0,"categoryName":"Terrance Roberson","name":"1_15_15_101"}],"name":"1_15_15_0"},{"num":87.6,"categoryName":"Chicago_Bulls","children":[{"num":20.1,"categoryName":"Elton Brand","name":"1_15_12_121"},{"num":19.7,"categoryName":"Ron Mercer","name":"1_15_12_133"},{"num":11.9,"categoryName":"Metta World Peace","name":"1_15_12_122"},{"num":9.5,"categoryName":"Marcus Fizer","name":"1_15_12_134"},{"num":9.1,"categoryName":"Fred Hoiberg","name":"1_15_12_124"},{"num":8.9,"categoryName":"Brad Miller","name":"1_15_12_135"},{"num":6.3,"categoryName":"Bryce Drew","name":"1_15_12_136"},{"num":6.3,"categoryName":"Khalid El-Amin","name":"1_15_12_137"},{"num":6,"categoryName":"A.J. Guyton","name":"1_15_12_138"},{"num":4.7,"categoryName":"Corey Benjamin","name":"1_15_12_119"},{"num":4.6,"categoryName":"Jamal Crawford","name":"1_15_12_139"},{"num":2.6,"categoryName":"Michael Ruffin","name":"1_15_12_131"},{"num":2.4,"categoryName":"Dragan Tarlac","name":"1_15_12_140"},{"num":1.9,"categoryName":"Jake Voskuhl","name":"1_15_12_141"},{"num":1.6,"categoryName":"Steve Goodrich","name":"1_15_12_142"},{"num":1.3,"categoryName":"Dalibor Bagaric","name":"1_15_12_143"}],"name":"1_15_12_0"},{"num":92.2,"categoryName":"Cleveland_Cavaliers","children":[{"num":15.8,"categoryName":"Andre Miller","name":"1_15_4_198"},{"num":12.8,"categoryName":"Lamond Murray","name":"1_15_4_197"},{"num":11.7,"categoryName":"Zydrunas Ilgauskas","name":"1_15_4_184"},{"num":11.4,"categoryName":"Chris Gatling","name":"1_15_4_207"},{"num":11.3,"categoryName":"C. Weatherspoon","name":"1_15_4_208"},{"num":11.1,"categoryName":"Matt Harpring","name":"1_15_4_209"},{"num":10.3,"categoryName":"Jim Jackson","name":"1_15_4_210"},{"num":7.6,"categoryName":"Chris Mihm","name":"1_15_4_211"},{"num":7.1,"categoryName":"Wesley Person","name":"1_15_4_183"},{"num":6,"categoryName":"Trajan Langdon","name":"1_15_4_200"},{"num":5.7,"categoryName":"Robert Traylor","name":"1_15_4_212"},{"num":4.9,"categoryName":"Bimbo Coles","name":"1_15_4_213"},{"num":4.3,"categoryName":"Cedric Henderson","name":"1_15_4_186"},{"num":3.9,"categoryName":"Chucky Brown","name":"1_15_4_137"},{"num":2.4,"categoryName":"Anthony Johnson","name":"1_15_4_214"},{"num":1.7,"categoryName":"J.R. Reid","name":"1_15_4_215"},{"num":1.5,"categoryName":"Brevin Knight","name":"1_15_4_187"},{"num":1.3,"categoryName":"Etdrick Bohannon","name":"1_15_4_216"},{"num":0.8,"categoryName":"Michael Hawkins","name":"1_15_4_217"},{"num":0,"categoryName":"Larry Robinson","name":"1_15_4_218"}],"name":"1_15_4_0"},{"num":95.6,"categoryName":"Detroit_Pistons","children":[{"num":29.8,"categoryName":"Jerry Stackhouse","name":"1_15_10_157"},{"num":15.2,"categoryName":"Corliss Williamson","name":"1_15_10_173"},{"num":12.3,"categoryName":"Joe Smith","name":"1_15_10_174"},{"num":12,"categoryName":"Chucky Atkins","name":"1_15_10_175"},{"num":8,"categoryName":"Dana Barros","name":"1_15_10_176"},{"num":7.3,"categoryName":"Jerome Williams","name":"1_15_10_155"},{"num":6.4,"categoryName":"Ben Wallace","name":"1_15_10_177"},{"num":5.9,"categoryName":"John Wallace","name":"1_15_10_178"},{"num":5.8,"categoryName":"Cedric Ceballos","name":"1_15_10_179"},{"num":5.4,"categoryName":"Mateen Cleaves","name":"1_15_10_180"},{"num":5.2,"categoryName":"Michael Curry","name":"1_15_10_144"},{"num":4.4,"categoryName":"Mikki Moore","name":"1_15_10_168"},{"num":4.4,"categoryName":"Billy Owens","name":"1_15_10_181"},{"num":3.4,"categoryName":"Jud Buechler","name":"1_15_10_164"},{"num":2.5,"categoryName":"Eric Montross","name":"1_15_10_160"},{"num":2.1,"categoryName":"Brian Cardinal","name":"1_15_10_182"},{"num":2,"categoryName":"Kornel David","name":"1_15_10_183"}],"name":"1_15_10_0"},{"num":92.6,"categoryName":"Indiana_Pacers","children":[{"num":20.5,"categoryName":"Jalen Rose","name":"1_15_11_112"},{"num":18.9,"categoryName":"Reggie Miller","name":"1_15_11_67"},{"num":12.9,"categoryName":"Jermaine O'Neal","name":"1_15_11_129"},{"num":11.9,"categoryName":"Travis Best","name":"1_15_11_108"},{"num":10.1,"categoryName":"Austin Croshere","name":"1_15_11_120"},{"num":7.5,"categoryName":"Al Harrington","name":"1_15_11_125"},{"num":4.4,"categoryName":"Tyus Edney","name":"1_15_11_130"},{"num":3.9,"categoryName":"Zan Tabak","name":"1_15_11_128"},{"num":3.9,"categoryName":"Bruno Sundov","name":"1_15_11_131"},{"num":3.8,"categoryName":"Sam Perkins","name":"1_15_11_124"},{"num":3.5,"categoryName":"Jeff Foster","name":"1_15_11_127"},{"num":3.3,"categoryName":"Jonathan Bender","name":"1_15_11_126"},{"num":2.2,"categoryName":"Derrick McKey","name":"1_15_11_94"},{"num":1.8,"categoryName":"Terry Mills","name":"1_15_11_132"},{"num":0,"categoryName":"Lari Ketner","name":"1_15_11_133"}],"name":"1_15_11_0"},{"num":100.7,"categoryName":"Milwaukee_Bucks","children":[{"num":22,"categoryName":"Glenn Robinson","name":"1_15_13_111"},{"num":22,"categoryName":"Ray Allen","name":"1_15_13_125"},{"num":18.2,"categoryName":"Sam Cassell","name":"1_15_13_147"},{"num":12.6,"categoryName":"Tim Thomas","name":"1_15_13_149"},{"num":10.1,"categoryName":"Lindsey Hunter","name":"1_15_13_162"},{"num":7.1,"categoryName":"Jason Caffey","name":"1_15_13_163"},{"num":6.1,"categoryName":"Scott Williams","name":"1_15_13_154"},{"num":3.8,"categoryName":"Darvin Ham","name":"1_15_13_157"},{"num":3.3,"categoryName":"Jerome Kersey","name":"1_15_13_164"},{"num":3.2,"categoryName":"Ervin Johnson","name":"1_15_13_139"},{"num":2.4,"categoryName":"Mark Pope","name":"1_15_13_165"},{"num":2.2,"categoryName":"Michael Redd","name":"1_15_13_166"},{"num":2.1,"categoryName":"Rafer Alston","name":"1_15_13_161"},{"num":2,"categoryName":"Jason Hart","name":"1_15_13_167"},{"num":0.8,"categoryName":"Joel Przybilla","name":"1_15_13_168"}],"name":"1_15_13_0"},{"num":97.6,"categoryName":"Toronto_Raptors","children":[{"num":27.6,"categoryName":"Vince Carter","name":"1_15_16_46"},{"num":13.7,"categoryName":"Antonio Davis","name":"1_15_16_55"},{"num":9.8,"categoryName":"Alvin Williams","name":"1_15_16_39"},{"num":9.6,"categoryName":"Charles Oakley","name":"1_15_16_48"},{"num":9.3,"categoryName":"Morris Peterson","name":"1_15_16_61"},{"num":9.3,"categoryName":"Corliss Williamson","name":"1_15_16_62"},{"num":9,"categoryName":"Keon Clark","name":"1_15_16_63"},{"num":8.8,"categoryName":"Kevin Willis","name":"1_15_16_47"},{"num":8.5,"categoryName":"Mark Jackson","name":"1_15_16_64"},{"num":6,"categoryName":"Dell Curry","name":"1_15_16_56"},{"num":5.4,"categoryName":"Tracy Murray","name":"1_15_16_3"},{"num":5,"categoryName":"Jerome Williams","name":"1_15_16_65"},{"num":4.5,"categoryName":"Chris Childs","name":"1_15_16_66"},{"num":2.5,"categoryName":"Kornel David","name":"1_15_16_67"},{"num":1.3,"categoryName":"Mamadou N'Diaye","name":"1_15_16_68"},{"num":1.3,"categoryName":"Tyrone Corbin","name":"1_15_16_69"},{"num":1.3,"categoryName":"Michael Stewart","name":"1_15_16_49"},{"num":1.1,"categoryName":"Eric Montross","name":"1_15_16_70"},{"num":1,"categoryName":"Garth Joseph","name":"1_15_16_71"},{"num":0,"categoryName":"Muggsy Bogues","name":"1_15_16_57"}],"name":"1_15_16_0"}],"name":"1_15_0_0","num":749.2}],"name":"1_0_0_0","num":1398.9},{"categoryName":"Western","children":[{"categoryName":"Midwest","children":[{"num":100.5,"categoryName":"Dallas_Mavericks","children":[{"num":21.8,"categoryName":"Dirk Nowitzki","name":"2_32_10_132"},{"num":21.5,"categoryName":"Michael Finley","name":"2_32_10_104"},{"num":17.8,"categoryName":"Juwan Howard","name":"2_32_10_142"},{"num":15.6,"categoryName":"Steve Nash","name":"2_32_10_133"},{"num":9,"categoryName":"Howard Eisley","name":"2_32_10_143"},{"num":7.5,"categoryName":"Christian Laettner","name":"2_32_10_144"},{"num":7.5,"categoryName":"Calvin Booth","name":"2_32_10_145"},{"num":7.3,"categoryName":"Hubert Davis","name":"2_32_10_123"},{"num":7.1,"categoryName":"Shawn Bradley","name":"2_32_10_105"},{"num":6.2,"categoryName":"Greg Buckner","name":"2_32_10_136"},{"num":4.8,"categoryName":"Wang Zhizhi","name":"2_32_10_146"},{"num":4.3,"categoryName":"Vernon Maxwell","name":"2_32_10_147"},{"num":4.2,"categoryName":"Courtney Alexander","name":"2_32_10_148"},{"num":4,"categoryName":"Gary Trent","name":"2_32_10_131"},{"num":3.3,"categoryName":"Eduardo Najera","name":"2_32_10_149"},{"num":3.1,"categoryName":"Loy Vaught","name":"2_32_10_150"},{"num":1.2,"categoryName":"Donnell Harvey","name":"2_32_10_151"},{"num":1.1,"categoryName":"Mark Bryant","name":"2_32_10_152"},{"num":0.6,"categoryName":"Bill Curley","name":"2_32_10_153"},{"num":0,"categoryName":"Obinna Ekezie","name":"2_32_10_154"}],"name":"2_32_10_0"},{"num":96.6,"categoryName":"Denver_Nuggets","children":[{"num":20.8,"categoryName":"Antonio McDyess","name":"2_32_7_125"},{"num":17.7,"categoryName":"Nick Van Exel","name":"2_32_7_161"},{"num":12.9,"categoryName":"Raef LaFrentz","name":"2_32_7_163"},{"num":12.2,"categoryName":"Voshon Lenard","name":"2_32_7_180"},{"num":9.6,"categoryName":"Kevin Willis","name":"2_32_7_181"},{"num":9.6,"categoryName":"George McCloud","name":"2_32_7_173"},{"num":8.1,"categoryName":"James Posey","name":"2_32_7_175"},{"num":6.5,"categoryName":"Keon Clark","name":"2_32_7_166"},{"num":6.5,"categoryName":"Robert Pack","name":"2_32_7_108"},{"num":4.4,"categoryName":"Mark Strickland","name":"2_32_7_182"},{"num":4.1,"categoryName":"Anthony Goldwire","name":"2_32_7_135"},{"num":3.8,"categoryName":"Tracy Murray","name":"2_32_7_183"},{"num":3.8,"categoryName":"Tariq Abdul-Wahad","name":"2_32_7_174"},{"num":3.4,"categoryName":"Ryan Bowen","name":"2_32_7_178"},{"num":3,"categoryName":"Dan McClintock","name":"2_32_7_184"},{"num":2.3,"categoryName":"Calbert Cheaney","name":"2_32_7_185"},{"num":1.7,"categoryName":"Terry Davis","name":"2_32_7_186"},{"num":0,"categoryName":"Garth Joseph","name":"2_32_7_187"}],"name":"2_32_7_0"},{"num":97.2,"categoryName":"Houston_Rockets","children":[{"num":19.9,"categoryName":"Steve Francis","name":"2_32_11_119"},{"num":19.5,"categoryName":"Cuttino Mobley","name":"2_32_11_114"},{"num":13,"categoryName":"Maurice Taylor","name":"2_32_11_130"},{"num":11.9,"categoryName":"Hakeem Olajuwon","name":"2_32_11_29"},{"num":8.7,"categoryName":"Shandon Anderson","name":"2_32_11_120"},{"num":8.3,"categoryName":"Walt Williams","name":"2_32_11_121"},{"num":7.1,"categoryName":"Kenny Thomas","name":"2_32_11_123"},{"num":6.6,"categoryName":"Moochie Norris","name":"2_32_11_125"},{"num":5.8,"categoryName":"Matt Bullard","name":"2_32_11_67"},{"num":4.7,"categoryName":"Kelvin Cato","name":"2_32_11_122"},{"num":4.6,"categoryName":"Carlos Rogers","name":"2_32_11_124"},{"num":3.1,"categoryName":"Jason Collier","name":"2_32_11_131"},{"num":2.7,"categoryName":"Dan Langhi","name":"2_32_11_132"},{"num":1.5,"categoryName":"Sean Colson","name":"2_32_11_133"},{"num":0,"categoryName":"Anthony Miller","name":"2_32_11_117"}],"name":"2_32_11_0"},{"num":97.3,"categoryName":"Minnesota_Timberwolves","children":[{"num":22,"categoryName":"Kevin Garnett","name":"2_32_16_54"},{"num":16,"categoryName":"Terrell Brandon","name":"2_32_16_77"},{"num":14,"categoryName":"Wally Szczerbiak","name":"2_32_16_87"},{"num":10.5,"categoryName":"Anthony Peeler","name":"2_32_16_71"},{"num":9.4,"categoryName":"LaPhonso Ellis","name":"2_32_16_89"},{"num":9.3,"categoryName":"Chauncey Billups","name":"2_32_16_90"},{"num":7.4,"categoryName":"Felipe Lopez","name":"2_32_16_91"},{"num":4.6,"categoryName":"Reggie Slater","name":"2_32_16_92"},{"num":4.5,"categoryName":"Rasho Nesterovic","name":"2_32_16_82"},{"num":4.3,"categoryName":"Todd Day","name":"2_32_16_93"},{"num":3.5,"categoryName":"Sam Mitchell","name":"2_32_16_3"},{"num":2.8,"categoryName":"William Avery","name":"2_32_16_88"},{"num":2.5,"categoryName":"Dean Garrett","name":"2_32_16_65"},{"num":1.4,"categoryName":"Sam Jacobson","name":"2_32_16_94"},{"num":1,"categoryName":"Tom Hammonds","name":"2_32_16_73"}],"name":"2_32_16_0"},{"num":96.2,"categoryName":"San_Antonio_Spurs","children":[{"num":22.2,"categoryName":"Tim Duncan","name":"2_32_12_167"},{"num":15.5,"categoryName":"Derek Anderson","name":"2_32_12_184"},{"num":14.4,"categoryName":"David Robinson","name":"2_32_12_100"},{"num":9.4,"categoryName":"Antonio Daniels","name":"2_32_12_173"},{"num":7.9,"categoryName":"Sean Elliott","name":"2_32_12_104"},{"num":7.7,"categoryName":"Malik Rose","name":"2_32_12_169"},{"num":7.2,"categoryName":"Terry Porter","name":"2_32_12_179"},{"num":5.6,"categoryName":"Avery Johnson","name":"2_32_12_114"},{"num":5.6,"categoryName":"Danny Ferry","name":"2_32_12_185"},{"num":5.3,"categoryName":"Samaki Walker","name":"2_32_12_181"},{"num":3.3,"categoryName":"Steve Kerr","name":"2_32_12_174"},{"num":2.6,"categoryName":"Derrick Dial","name":"2_32_12_182"},{"num":2.4,"categoryName":"Jaren Jackson","name":"2_32_12_168"},{"num":2,"categoryName":"Ira Newble","name":"2_32_12_186"},{"num":1.6,"categoryName":"Shawnelle Scott","name":"2_32_12_187"}],"name":"2_32_12_0"},{"num":97.1,"categoryName":"Utah_Jazz","children":[{"num":23.2,"categoryName":"Karl Malone","name":"2_32_9_51"},{"num":13.6,"categoryName":"Donyell Marshall","name":"2_32_9_127"},{"num":12,"categoryName":"Bryon Russell","name":"2_32_9_98"},{"num":11.5,"categoryName":"John Stockton","name":"2_32_9_48"},{"num":9.3,"categoryName":"John Starks","name":"2_32_9_128"},{"num":7.4,"categoryName":"Danny Manning","name":"2_32_9_129"},{"num":6.1,"categoryName":"Jacque Vaughn","name":"2_32_9_116"},{"num":5.3,"categoryName":"Olden Polynice","name":"2_32_9_123"},{"num":4.5,"categoryName":"Greg Ostertag","name":"2_32_9_112"},{"num":3.6,"categoryName":"David Benoit","name":"2_32_9_83"},{"num":3.5,"categoryName":"Quincy Lewis","name":"2_32_9_124"},{"num":2.2,"categoryName":"DeShawn Stevenson","name":"2_32_9_130"},{"num":2.1,"categoryName":"John Crotty","name":"2_32_9_92"},{"num":2.1,"categoryName":"Scott Padgett","name":"2_32_9_125"}],"name":"2_32_9_0"},{"num":91.7,"categoryName":"Vancouver_Grizzlies","children":[{"num":20.5,"categoryName":"S. Abdur-Rahim","name":"2_32_18_19"},{"num":16.3,"categoryName":"Michael Dickerson","name":"2_32_18_48"},{"num":15.9,"categoryName":"Mike Bibby","name":"2_32_18_37"},{"num":10.9,"categoryName":"Othella Harrington","name":"2_32_18_49"},{"num":8.3,"categoryName":"Bryant Reeves","name":"2_32_18_3"},{"num":6.5,"categoryName":"Damon Jones","name":"2_32_18_57"},{"num":6.5,"categoryName":"Mahmoud Abdul-Rauf","name":"2_32_18_58"},{"num":6.4,"categoryName":"Erick Strickland","name":"2_32_18_59"},{"num":6,"categoryName":"Grant Long","name":"2_32_18_51"},{"num":4.9,"categoryName":"Stromile Swift","name":"2_32_18_60"},{"num":4.5,"categoryName":"Tony Massenburg","name":"2_32_18_32"},{"num":4.3,"categoryName":"Isaac Austin","name":"2_32_18_61"},{"num":3.5,"categoryName":"Kevin Edwards","name":"2_32_18_62"},{"num":2.2,"categoryName":"Brent Price","name":"2_32_18_52"},{"num":1.9,"categoryName":"Doug West","name":"2_32_18_39"}],"name":"2_32_18_0"}],"name":"2_32_0_0","num":676.6},{"categoryName":"Pacific","children":[{"num":92.5,"categoryName":"Golden_State_Warriors","children":[{"num":24.9,"categoryName":"Antawn Jamison","name":"2_33_6_205"},{"num":16.7,"categoryName":"Danny Fortson","name":"2_33_6_220"},{"num":16.5,"categoryName":"Larry Hughes","name":"2_33_6_207"},{"num":13.2,"categoryName":"Marc Jackson","name":"2_33_6_221"},{"num":12,"categoryName":"Chris Mills","name":"2_33_6_204"},{"num":11.1,"categoryName":"Bob Sura","name":"2_33_6_222"},{"num":11,"categoryName":"Mookie Blaylock","name":"2_33_6_208"},{"num":8.6,"categoryName":"Chris Porter","name":"2_33_6_223"},{"num":7.4,"categoryName":"Erick Dampier","name":"2_33_6_191"},{"num":7.3,"categoryName":"Vonteego Cummings","name":"2_33_6_209"},{"num":6.8,"categoryName":"Paul McPherson","name":"2_33_6_224"},{"num":6.8,"categoryName":"Corie Blount","name":"2_33_6_225"},{"num":5.9,"categoryName":"Adonal Foyle","name":"2_33_6_200"},{"num":5.8,"categoryName":"Chris Mullin","name":"2_33_6_87"},{"num":4,"categoryName":"Chucky Brown","name":"2_33_6_226"},{"num":4,"categoryName":"Bill Curley","name":"2_33_6_216"},{"num":2.7,"categoryName":"Vinny Del Negro","name":"2_33_6_227"},{"num":2.5,"categoryName":"Adam Keefe","name":"2_33_6_228"},{"num":2.4,"categoryName":"Chris Garner","name":"2_33_6_229"},{"num":0.3,"categoryName":"John Coker","name":"2_33_6_230"},{"num":0,"categoryName":"Randy Livingston","name":"2_33_6_231"},{"num":0,"categoryName":"Ruben Garces","name":"2_33_6_232"}],"name":"2_33_6_0"},{"num":92.5,"categoryName":"Los_Angeles_Clippers","children":[{"num":17.2,"categoryName":"Lamar Odom","name":"2_33_10_130"},{"num":12.9,"categoryName":"Jeff McInnis","name":"2_33_10_131"},{"num":10.6,"categoryName":"Eric Piatkowski","name":"2_33_10_103"},{"num":10,"categoryName":"Corey Maggette","name":"2_33_10_139"},{"num":9.4,"categoryName":"Darius Miles","name":"2_33_10_140"},{"num":8.5,"categoryName":"Michael Olowokandi","name":"2_33_10_125"},{"num":8.1,"categoryName":"Quentin Richardson","name":"2_33_10_141"},{"num":7.7,"categoryName":"Tyrone Nesby","name":"2_33_10_124"},{"num":6.5,"categoryName":"Earl Boykins","name":"2_33_10_142"},{"num":5.9,"categoryName":"Keyon Dooling","name":"2_33_10_143"},{"num":5.4,"categoryName":"Sean Rooks","name":"2_33_10_144"},{"num":4.8,"categoryName":"Cherokee Parks","name":"2_33_10_145"},{"num":4.2,"categoryName":"Derek Strong","name":"2_33_10_146"},{"num":4.1,"categoryName":"Brian Skinner","name":"2_33_10_128"},{"num":3,"categoryName":"Zendon Hamilton","name":"2_33_10_147"}],"name":"2_33_10_0"},{"num":100.6,"categoryName":"Los_Angeles_Lakers","children":[{"num":28.7,"categoryName":"Shaquille O'Neal","name":"2_33_1_157"},{"num":28.5,"categoryName":"Kobe Bryant","name":"2_33_1_159"},{"num":11.5,"categoryName":"Derek Fisher","name":"2_33_1_163"},{"num":9.6,"categoryName":"Rick Fox","name":"2_33_1_168"},{"num":8.5,"categoryName":"Horace Grant","name":"2_33_1_184"},{"num":7.6,"categoryName":"Isaiah Rider","name":"2_33_1_185"},{"num":6.5,"categoryName":"Ron Harper","name":"2_33_1_179"},{"num":5.3,"categoryName":"Brian Shaw","name":"2_33_1_180"},{"num":5.2,"categoryName":"Robert Horry","name":"2_33_1_158"},{"num":5,"categoryName":"Mike Penberthy","name":"2_33_1_186"},{"num":4.6,"categoryName":"Slava Medvedenko","name":"2_33_1_187"},{"num":3.4,"categoryName":"Tyronn Lue","name":"2_33_1_175"},{"num":3.1,"categoryName":"Devean George","name":"2_33_1_181"},{"num":2,"categoryName":"Greg Foster","name":"2_33_1_188"},{"num":2,"categoryName":"Mark Madsen","name":"2_33_1_189"}],"name":"2_33_1_0"},{"num":94,"categoryName":"Phoenix_Suns","children":[{"num":17.3,"categoryName":"Shawn Marion","name":"2_33_8_176"},{"num":16.9,"categoryName":"Jason Kidd","name":"2_33_8_146"},{"num":16.4,"categoryName":"Clifford Robinson","name":"2_33_8_159"},{"num":12.3,"categoryName":"Tony Delk","name":"2_33_8_180"},{"num":12.2,"categoryName":"Rodney Rogers","name":"2_33_8_175"},{"num":9.8,"categoryName":"Penny Hardaway","name":"2_33_8_174"},{"num":6.4,"categoryName":"Tom Gugliotta","name":"2_33_8_164"},{"num":4.9,"categoryName":"Vinny Del Negro","name":"2_33_8_181"},{"num":4.5,"categoryName":"Jake Tsakalidis","name":"2_33_8_182"},{"num":4.4,"categoryName":"Mario Elie","name":"2_33_8_183"},{"num":3.4,"categoryName":"Paul McPherson","name":"2_33_8_184"},{"num":3.2,"categoryName":"Elliot Perry","name":"2_33_8_122"},{"num":3.1,"categoryName":"Daniel Santiago","name":"2_33_8_185"},{"num":1.8,"categoryName":"Corie Blount","name":"2_33_8_178"},{"num":1.6,"categoryName":"Ruben Garces","name":"2_33_8_186"},{"num":1.4,"categoryName":"Chris Dudley","name":"2_33_8_187"}],"name":"2_33_8_0"},{"num":95.4,"categoryName":"Portland_Trail_Blazers","children":[{"num":19.2,"categoryName":"Rasheed Wallace","name":"2_33_2_166"},{"num":13.6,"categoryName":"Steve Smith","name":"2_33_2_190"},{"num":13,"categoryName":"Damon Stoudamire","name":"2_33_2_174"},{"num":12.7,"categoryName":"Bonzi Wells","name":"2_33_2_188"},{"num":11.3,"categoryName":"Scottie Pippen","name":"2_33_2_191"},{"num":10.1,"categoryName":"Arvydas Sabonis","name":"2_33_2_156"},{"num":7.2,"categoryName":"Dale Davis","name":"2_33_2_195"},{"num":6.5,"categoryName":"Shawn Kemp","name":"2_33_2_196"},{"num":4.9,"categoryName":"Greg Anthony","name":"2_33_2_187"},{"num":4.7,"categoryName":"Stacey Augmon","name":"2_33_2_167"},{"num":4.6,"categoryName":"Rod Strickland","name":"2_33_2_139"},{"num":4,"categoryName":"Detlef Schrempf","name":"2_33_2_192"},{"num":2.6,"categoryName":"Antonio Harvey","name":"2_33_2_193"},{"num":2.5,"categoryName":"Gary Grant","name":"2_33_2_178"},{"num":2.4,"categoryName":"Erick Barkley","name":"2_33_2_197"},{"num":1.1,"categoryName":"Will Perdue","name":"2_33_2_198"}],"name":"2_33_2_0"},{"num":101.7,"categoryName":"Sacramento_Kings","children":[{"num":27.1,"categoryName":"Chris Webber","name":"2_33_11_93"},{"num":20.4,"categoryName":"Peja Stojakovic","name":"2_33_11_97"},{"num":12.3,"categoryName":"Doug Christie","name":"2_33_11_109"},{"num":12,"categoryName":"Vlade Divac","name":"2_33_11_94"},{"num":9.4,"categoryName":"Jason Williams","name":"2_33_11_95"},{"num":7.2,"categoryName":"Bobby Jackson","name":"2_33_11_110"},{"num":6.5,"categoryName":"Scot Pollard","name":"2_33_11_98"},{"num":5.3,"categoryName":"Hedo Turkoglu","name":"2_33_11_111"},{"num":5.1,"categoryName":"Jon Barry","name":"2_33_11_99"},{"num":4.9,"categoryName":"L. Funderburke","name":"2_33_11_84"},{"num":3.3,"categoryName":"Darrick Martin","name":"2_33_11_107"},{"num":2.9,"categoryName":"Jabari Smith","name":"2_33_11_112"},{"num":1.8,"categoryName":"Nick Anderson","name":"2_33_11_105"},{"num":0,"categoryName":"Art Long","name":"2_33_11_113"}],"name":"2_33_11_0"},{"num":97.3,"categoryName":"Seattle_Supersonics","children":[{"num":23.1,"categoryName":"Gary Payton","name":"2_33_5_133"},{"num":14.8,"categoryName":"Rashard Lewis","name":"2_33_5_176"},{"num":13,"categoryName":"Ruben Patterson","name":"2_33_5_179"},{"num":12.2,"categoryName":"Vin Baker","name":"2_33_5_163"},{"num":9.6,"categoryName":"Patrick Ewing","name":"2_33_5_188"},{"num":8.8,"categoryName":"Brent Barry","name":"2_33_5_178"},{"num":6.8,"categoryName":"Shammond Williams","name":"2_33_5_182"},{"num":6,"categoryName":"David Wingate","name":"2_33_5_153"},{"num":5.9,"categoryName":"Desmond Mason","name":"2_33_5_189"},{"num":5.8,"categoryName":"Emanual Davis","name":"2_33_5_183"},{"num":4.5,"categoryName":"Jelani McCoy","name":"2_33_5_174"},{"num":2.2,"categoryName":"Ruben Wolkowyski","name":"2_33_5_190"},{"num":1.5,"categoryName":"Olumide Oyedeji","name":"2_33_5_191"},{"num":0.7,"categoryName":"Pervis Ellison","name":"2_33_5_192"}],"name":"2_33_5_0"}],"name":"2_33_0_0","num":674}],"name":"2_0_0_0","num":1350.6}],"num":2749.5}