{"year":2016,"name":"root","categoryName":"root","children":[{"categoryName":"Eastern","children":[{"categoryName":"Southeast","children":[{"num":103.2,"categoryName":"Atlanta_Hawks","children":[{"num":18.1,"categoryName":"Paul Millsap","name":"1_16_1_79"},{"num":17.9,"categoryName":"Dennis Schroder","name":"1_16_1_87"},{"num":14.5,"categoryName":"Tim Hardaway Jr.","name":"1_16_1_94"},{"num":13.5,"categoryName":"Dwight Howard","name":"1_16_1_100"},{"num":11,"categoryName":"Kent Bazemore","name":"1_16_1_91"},{"num":10.4,"categoryName":"Ersan Ilyasova","name":"1_16_1_101"},{"num":9.5,"categoryName":"Kyle Korver","name":"1_16_1_68"},{"num":7.2,"categoryName":"Thabo Sefolosha","name":"1_16_1_90"},{"num":6.2,"categoryName":"Mike Muscala","name":"1_16_1_86"},{"num":5.7,"categoryName":"Taurean Prince","name":"1_16_1_102"},{"num":5.6,"categoryName":"Mike Dunleavy, Jr.","name":"1_16_1_103"},{"num":5.4,"categoryName":"Malcolm Delaney","name":"1_16_1_104"},{"num":4.6,"categoryName":"Kris Humphries","name":"1_16_1_95"},{"num":3.6,"categoryName":"Jose Calderon","name":"1_16_1_105"},{"num":2.7,"categoryName":"DeAndre' Bembry","name":"1_16_1_106"},{"num":2.5,"categoryName":"Mike Scott","name":"1_16_1_74"},{"num":2,"categoryName":"Edy Tavares","name":"1_16_1_99"},{"num":2,"categoryName":"Gary Neal","name":"1_16_1_107"},{"num":1.8,"categoryName":"Lamar Patterson","name":"1_16_1_98"},{"num":1.6,"categoryName":"Ryan Kelly","name":"1_16_1_108"}],"name":"1_16_1_0"},{"num":104.9,"categoryName":"Charlotte_Hornets","children":[{"num":23.2,"categoryName":"Kemba Walker","name":"1_16_6_1"},{"num":15.1,"categoryName":"Nicolas Batum","name":"1_16_6_18"},{"num":11.7,"categoryName":"Frank Kaminsky","name":"1_16_6_22"},{"num":11.2,"categoryName":"Marvin Williams","name":"1_16_6_9"},{"num":10.5,"categoryName":"Marco Belinelli","name":"1_16_6_27"},{"num":10.3,"categoryName":"Cody Zeller","name":"1_16_6_8"},{"num":9.7,"categoryName":"Jeremy Lamb","name":"1_16_6_21"},{"num":9.2,"categoryName":"M. Kidd-Gilchrist","name":"1_16_6_5"},{"num":7.3,"categoryName":"Spencer Hawes","name":"1_16_6_23"},{"num":6.2,"categoryName":"Ramon Sessions","name":"1_16_6_28"},{"num":5.2,"categoryName":"Roy Hibbert","name":"1_16_6_29"},{"num":4.5,"categoryName":"Johnny O'Bryant","name":"1_16_6_30"},{"num":3.8,"categoryName":"Briante Weber","name":"1_16_6_31"},{"num":3.5,"categoryName":"Brian Roberts","name":"1_16_6_11"},{"num":2.7,"categoryName":"Christian Wood","name":"1_16_6_32"},{"num":2.4,"categoryName":"Miles Plumlee","name":"1_16_6_33"},{"num":2.1,"categoryName":"Treveon Graham","name":"1_16_6_34"},{"num":1,"categoryName":"Mike Tobey","name":"1_16_6_35"},{"num":0.2,"categoryName":"Aaron Harrison","name":"1_16_6_26"}],"name":"1_16_6_0"},{"num":103.2,"categoryName":"Miami_Heat","children":[{"num":20.3,"categoryName":"Goran Dragic","name":"1_16_3_74"},{"num":17,"categoryName":"Hassan Whiteside","name":"1_16_3_76"},{"num":15.8,"categoryName":"Dion Waiters","name":"1_16_3_95"},{"num":13.7,"categoryName":"Tyler Johnson","name":"1_16_3_80"},{"num":12.8,"categoryName":"James Johnson","name":"1_16_3_96"},{"num":10.9,"categoryName":"Justise Winslow","name":"1_16_3_90"},{"num":10.5,"categoryName":"Wayne Ellington","name":"1_16_3_97"},{"num":10.2,"categoryName":"Josh Richardson","name":"1_16_3_89"},{"num":6.4,"categoryName":"Rodney McGruder","name":"1_16_3_98"},{"num":5.9,"categoryName":"Derrick Williams","name":"1_16_3_99"},{"num":5.3,"categoryName":"Willie Reed","name":"1_16_3_100"},{"num":4.9,"categoryName":"Josh McRoberts","name":"1_16_3_83"},{"num":4.8,"categoryName":"Luke Babbitt","name":"1_16_3_101"},{"num":2.8,"categoryName":"Okaro White","name":"1_16_3_102"},{"num":1.9,"categoryName":"Udonis Haslem","name":"1_16_3_5"}],"name":"1_16_3_0"},{"num":101.1,"categoryName":"Orlando_Magic","children":[{"num":17.2,"categoryName":"Evan Fournier","name":"1_16_4_76"},{"num":15.1,"categoryName":"Serge Ibaka","name":"1_16_4_91"},{"num":14.6,"categoryName":"Nikola Vucevic","name":"1_16_4_59"},{"num":12.8,"categoryName":"Elfrid Payton","name":"1_16_4_77"},{"num":12.7,"categoryName":"Aaron Gordon","name":"1_16_4_81"},{"num":12.5,"categoryName":"Terrence Ross","name":"1_16_4_92"},{"num":9.2,"categoryName":"Jeff Green","name":"1_16_4_93"},{"num":9.1,"categoryName":"Jodie Meeks","name":"1_16_4_94"},{"num":7.9,"categoryName":"D.J. Augustin","name":"1_16_4_95"},{"num":6,"categoryName":"Bismack Biyombo","name":"1_16_4_96"},{"num":4.9,"categoryName":"Mario Hezonja","name":"1_16_4_87"},{"num":4.5,"categoryName":"C.J. Watson","name":"1_16_4_88"},{"num":4.5,"categoryName":"Anthony Brown","name":"1_16_4_97"},{"num":2.8,"categoryName":"M. Georges-Hunt","name":"1_16_4_98"},{"num":1.8,"categoryName":"Damjan Rudez","name":"1_16_4_99"},{"num":1.2,"categoryName":"Stephen Zimmerman","name":"1_16_4_100"},{"num":1,"categoryName":"C.J. Wilcox","name":"1_16_4_101"},{"num":0.5,"categoryName":"Arinze Onuaku","name":"1_16_4_102"},{"num":0,"categoryName":"Patricio Garino","name":"1_16_4_103"}],"name":"1_16_4_0"},{"num":109.2,"categoryName":"Washington_Wizards","children":[{"num":23.1,"categoryName":"John Wall","name":"1_16_5_51"},{"num":23.1,"categoryName":"Bradley Beal","name":"1_16_5_74"},{"num":14,"categoryName":"Markieff Morris","name":"1_16_5_90"},{"num":13.4,"categoryName":"Otto Porter","name":"1_16_5_89"},{"num":12.7,"categoryName":"Bojan Bogdanovic","name":"1_16_5_102"},{"num":10.8,"categoryName":"Marcin Gortat","name":"1_16_5_83"},{"num":6.6,"categoryName":"Marcus Thornton","name":"1_16_5_93"},{"num":6.3,"categoryName":"Kelly Oubre","name":"1_16_5_98"},{"num":5.7,"categoryName":"Jason Smith","name":"1_16_5_103"},{"num":5.6,"categoryName":"Ian Mahinmi","name":"1_16_5_104"},{"num":5,"categoryName":"Trey Burke","name":"1_16_5_105"},{"num":3.5,"categoryName":"Brandon Jennings","name":"1_16_5_106"},{"num":3,"categoryName":"Sheldon Mac","name":"1_16_5_107"},{"num":2.7,"categoryName":"Tomas Satoransky","name":"1_16_5_108"},{"num":2.5,"categoryName":"Andrew Nicholson","name":"1_16_5_109"},{"num":1.3,"categoryName":"Daniel Ochefu","name":"1_16_5_110"},{"num":0.5,"categoryName":"Chris McCullough","name":"1_16_5_111"},{"num":0,"categoryName":"Danuel House","name":"1_16_5_112"}],"name":"1_16_5_0"}],"name":"1_16_0_0","num":521.6},{"categoryName":"Atlantic","children":[{"num":108,"categoryName":"Boston_Celtics","children":[{"num":28.9,"categoryName":"Isaiah Thomas","name":"1_14_1_298"},{"num":16.3,"categoryName":"Avery Bradley","name":"1_14_1_263"},{"num":14,"categoryName":"Al Horford","name":"1_14_1_317"},{"num":13.9,"categoryName":"Jae Crowder","name":"1_14_1_301"},{"num":10.6,"categoryName":"Marcus Smart","name":"1_14_1_304"},{"num":9,"categoryName":"Kelly Olynyk","name":"1_14_1_288"},{"num":6.6,"categoryName":"Jaylen Brown","name":"1_14_1_318"},{"num":6.5,"categoryName":"Amir Johnson","name":"1_14_1_311"},{"num":5.6,"categoryName":"Gerald Green","name":"1_14_1_220"},{"num":5.5,"categoryName":"Terry Rozier","name":"1_14_1_315"},{"num":3.8,"categoryName":"Jonas Jerebko","name":"1_14_1_305"},{"num":3.5,"categoryName":"Tyler Zeller","name":"1_14_1_299"},{"num":2.3,"categoryName":"James Young","name":"1_14_1_308"},{"num":2,"categoryName":"Demetrius Jackson","name":"1_14_1_319"},{"num":1.5,"categoryName":"Jordan Mickey","name":"1_14_1_316"}],"name":"1_14_1_0"},{"num":105.8,"categoryName":"Brooklyn_Nets","children":[{"num":20.5,"categoryName":"Brook Lopez","name":"1_14_13_1"},{"num":14.5,"categoryName":"Jeremy Lin","name":"1_14_13_49"},{"num":14.2,"categoryName":"Bojan Bogdanovic","name":"1_14_13_31"},{"num":13.1,"categoryName":"Sean Kilpatrick","name":"1_14_13_39"},{"num":10,"categoryName":"Trevor Booker","name":"1_14_13_50"},{"num":8.7,"categoryName":"R. Hollis-Jefferson","name":"1_14_13_45"},{"num":8.2,"categoryName":"Joe Harris","name":"1_14_13_51"},{"num":8.2,"categoryName":"Caris LeVert","name":"1_14_13_52"},{"num":7.9,"categoryName":"Archie Goodwin","name":"1_14_13_53"},{"num":7.4,"categoryName":"Isaiah Whitehead","name":"1_14_13_54"},{"num":7.3,"categoryName":"Spencer Dinwiddie","name":"1_14_13_55"},{"num":6.9,"categoryName":"Justin Hamilton","name":"1_14_13_56"},{"num":6.5,"categoryName":"Quincy Acy","name":"1_14_13_57"},{"num":6.3,"categoryName":"K.J. McDaniels","name":"1_14_13_58"},{"num":5.4,"categoryName":"Yogi Ferrell","name":"1_14_13_59"},{"num":5.2,"categoryName":"Randy Foye","name":"1_14_13_60"},{"num":5.1,"categoryName":"Luis Scola","name":"1_14_13_61"},{"num":5,"categoryName":"Anthony Bennett","name":"1_14_13_62"},{"num":3,"categoryName":"Andrew Nicholson","name":"1_14_13_63"},{"num":2.5,"categoryName":"Chris McCullough","name":"1_14_13_47"},{"num":2.3,"categoryName":"Greivis Vasquez","name":"1_14_13_64"}],"name":"1_14_13_0"},{"num":104.3,"categoryName":"New_York_Knicks","children":[{"num":22.4,"categoryName":"Carmelo Anthony","name":"1_14_3_253"},{"num":18.1,"categoryName":"Kristaps Porzingis","name":"1_14_3_307"},{"num":18,"categoryName":"Derrick Rose","name":"1_14_3_317"},{"num":10.8,"categoryName":"Courtney Lee","name":"1_14_3_318"},{"num":8.6,"categoryName":"Brandon Jennings","name":"1_14_3_319"},{"num":8.2,"categoryName":"Willy Hernangomez","name":"1_14_3_320"},{"num":7.7,"categoryName":"Justin Holiday","name":"1_14_3_321"},{"num":6.3,"categoryName":"Kyle O'Quinn","name":"1_14_3_313"},{"num":6.3,"categoryName":"M. Kuzminskas","name":"1_14_3_322"},{"num":6,"categoryName":"Lance Thomas","name":"1_14_3_298"},{"num":5.3,"categoryName":"Chasson Randle","name":"1_14_3_323"},{"num":5,"categoryName":"Joakim Noah","name":"1_14_3_324"},{"num":4.1,"categoryName":"Ron Baker","name":"1_14_3_325"},{"num":3.1,"categoryName":"Maurice Ndour","name":"1_14_3_326"},{"num":3,"categoryName":"Sasha Vujacic","name":"1_14_3_312"},{"num":1.9,"categoryName":"Marshall Plumlee","name":"1_14_3_327"}],"name":"1_14_3_0"},{"num":102.4,"categoryName":"Philadelphia_76ers","children":[{"num":20.2,"categoryName":"Joel Embiid","name":"1_14_4_375"},{"num":14.8,"categoryName":"Ersan Ilyasova","name":"1_14_4_376"},{"num":12.9,"categoryName":"Robert Covington","name":"1_14_4_348"},{"num":12.8,"categoryName":"Dario Saric","name":"1_14_4_377"},{"num":11.8,"categoryName":"Jahlil Okafor","name":"1_14_4_366"},{"num":11,"categoryName":"Jerryd Bayless","name":"1_14_4_378"},{"num":10.7,"categoryName":"Alex Poythress","name":"1_14_4_379"},{"num":9.8,"categoryName":"Richaun Holmes","name":"1_14_4_370"},{"num":9.5,"categoryName":"Nik Stauskas","name":"1_14_4_368"},{"num":9.2,"categoryName":"G. Henderson, Jr.","name":"1_14_4_380"},{"num":8.9,"categoryName":"Nerlens Noel","name":"1_14_4_352"},{"num":8.5,"categoryName":"Justin Anderson","name":"1_14_4_381"},{"num":8.2,"categoryName":"Shawn Long","name":"1_14_4_382"},{"num":8,"categoryName":"Jerami Grant","name":"1_14_4_356"},{"num":7.8,"categoryName":"Sergio Rodriguez","name":"1_14_4_383"},{"num":6.9,"categoryName":"T.J. McConnell","name":"1_14_4_369"},{"num":6.4,"categoryName":"T. Luwawu-Cabarrot","name":"1_14_4_384"},{"num":5.5,"categoryName":"Hollis Thompson","name":"1_14_4_337"},{"num":5.3,"categoryName":"Chasson Randle","name":"1_14_4_385"},{"num":4.9,"categoryName":"Tiago Splitter","name":"1_14_4_386"},{"num":4,"categoryName":"Justin Harper","name":"1_14_4_387"}],"name":"1_14_4_0"},{"num":106.9,"categoryName":"Toronto_Raptors","children":[{"num":27.3,"categoryName":"DeMar DeRozan","name":"1_14_12_51"},{"num":22.4,"categoryName":"Kyle Lowry","name":"1_14_12_80"},{"num":14.2,"categoryName":"Serge Ibaka","name":"1_14_12_112"},{"num":12,"categoryName":"Jonas Valanciunas","name":"1_14_12_81"},{"num":10.4,"categoryName":"Terrence Ross","name":"1_14_12_82"},{"num":9.3,"categoryName":"Cory Joseph","name":"1_14_12_106"},{"num":8.9,"categoryName":"DeMarre Carroll","name":"1_14_12_104"},{"num":8.4,"categoryName":"Norman Powell","name":"1_14_12_107"},{"num":6.8,"categoryName":"Patrick Patterson","name":"1_14_12_90"},{"num":5.8,"categoryName":"P.J. Tucker","name":"1_14_12_35"},{"num":5.6,"categoryName":"Delon Wright","name":"1_14_12_110"},{"num":4.4,"categoryName":"Lucas Nogueira","name":"1_14_12_102"},{"num":4.2,"categoryName":"Pascal Siakam","name":"1_14_12_113"},{"num":3.4,"categoryName":"Jared Sullinger","name":"1_14_12_114"},{"num":3.1,"categoryName":"Jakob Poeltl","name":"1_14_12_115"},{"num":2.9,"categoryName":"Fred VanVleet","name":"1_14_12_116"},{"num":1.6,"categoryName":"Bruno Caboclo","name":"1_14_12_101"}],"name":"1_14_12_0"}],"name":"1_14_0_0","num":527.4},{"categoryName":"Central","children":[{"num":102.9,"categoryName":"Chicago_Bulls","children":[{"num":23.9,"categoryName":"Jimmy Butler","name":"1_15_12_226"},{"num":18.3,"categoryName":"Dwyane Wade","name":"1_15_12_252"},{"num":11.6,"categoryName":"Taj Gibson","name":"1_15_12_207"},{"num":10.6,"categoryName":"Nikola Mirotic","name":"1_15_12_245"},{"num":10.4,"categoryName":"Robin Lopez","name":"1_15_12_253"},{"num":10.2,"categoryName":"Doug McDermott","name":"1_15_12_246"},{"num":7.8,"categoryName":"Rajon Rondo","name":"1_15_12_254"},{"num":6.8,"categoryName":"Bobby Portis","name":"1_15_12_249"},{"num":6.6,"categoryName":"M. Carter-Williams","name":"1_15_12_255"},{"num":5.9,"categoryName":"Jerian Grant","name":"1_15_12_256"},{"num":5.5,"categoryName":"Paul Zipser","name":"1_15_12_257"},{"num":5.1,"categoryName":"Denzel Valentine","name":"1_15_12_258"},{"num":4.9,"categoryName":"Cameron Payne","name":"1_15_12_259"},{"num":4.8,"categoryName":"Cristiano Felicio","name":"1_15_12_251"},{"num":4.6,"categoryName":"Isaiah Canaan","name":"1_15_12_260"},{"num":4.6,"categoryName":"Anthony Morrow","name":"1_15_12_261"},{"num":4.5,"categoryName":"Joffrey Lauvergne","name":"1_15_12_262"},{"num":0,"categoryName":"R.J. Hunter","name":"1_15_12_263"}],"name":"1_15_12_0"},{"num":110.3,"categoryName":"Cleveland_Cavaliers","children":[{"num":26.4,"categoryName":"LeBron James","name":"1_15_4_233"},{"num":25.2,"categoryName":"Kyrie Irving","name":"1_15_4_305"},{"num":19,"categoryName":"Kevin Love","name":"1_15_4_338"},{"num":10.7,"categoryName":"Kyle Korver","name":"1_15_4_358"},{"num":9.1,"categoryName":"Channing Frye","name":"1_15_4_353"},{"num":9,"categoryName":"Dahntay Jones","name":"1_15_4_352"},{"num":8.6,"categoryName":"J.R. Smith","name":"1_15_4_339"},{"num":8.1,"categoryName":"Tristan Thompson","name":"1_15_4_307"},{"num":7.5,"categoryName":"Iman Shumpert","name":"1_15_4_341"},{"num":7.5,"categoryName":"Deron Williams","name":"1_15_4_359"},{"num":6.2,"categoryName":"Derrick Williams","name":"1_15_4_360"},{"num":6,"categoryName":"Edy Tavares","name":"1_15_4_361"},{"num":5.7,"categoryName":"Richard Jefferson","name":"1_15_4_354"},{"num":4.6,"categoryName":"Mike Dunleavy, Jr.","name":"1_15_4_362"},{"num":4.4,"categoryName":"Jordan McRae","name":"1_15_4_355"},{"num":4,"categoryName":"Kay Felder","name":"1_15_4_363"},{"num":2.8,"categoryName":"James Jones","name":"1_15_4_343"},{"num":2.4,"categoryName":"DeAndre Liggins","name":"1_15_4_364"},{"num":2.3,"categoryName":"Chris Andersen","name":"1_15_4_365"},{"num":0.8,"categoryName":"Larry Sanders","name":"1_15_4_366"},{"num":0,"categoryName":"Andrew Bogut","name":"1_15_4_367"}],"name":"1_15_4_0"},{"num":101.3,"categoryName":"Detroit_Pistons","children":[{"num":16.1,"categoryName":"Tobias Harris","name":"1_15_10_271"},{"num":14.5,"categoryName":"Reggie Jackson","name":"1_15_10_260"},{"num":14,"categoryName":"Marcus Morris","name":"1_15_10_272"},{"num":13.8,"categoryName":"K. Caldwell-Pope","name":"1_15_10_255"},{"num":13.6,"categoryName":"Andre Drummond","name":"1_15_10_248"},{"num":10.2,"categoryName":"Jon Leuer","name":"1_15_10_280"},{"num":9.4,"categoryName":"Ish Smith","name":"1_15_10_281"},{"num":5.8,"categoryName":"Beno Udrih","name":"1_15_10_282"},{"num":5.5,"categoryName":"Boban Marjanovic","name":"1_15_10_283"},{"num":4.9,"categoryName":"Aron Baynes","name":"1_15_10_275"},{"num":4.5,"categoryName":"Reggie Bullock","name":"1_15_10_278"},{"num":4.4,"categoryName":"Stanley Johnson","name":"1_15_10_274"},{"num":3.3,"categoryName":"Darrun Hilliard","name":"1_15_10_277"},{"num":3.2,"categoryName":"Henry Ellenson","name":"1_15_10_284"},{"num":0.4,"categoryName":"Michael Gbinije","name":"1_15_10_285"}],"name":"1_15_10_0"},{"num":105.1,"categoryName":"Indiana_Pacers","children":[{"num":23.7,"categoryName":"Paul George","name":"1_15_11_188"},{"num":15.3,"categoryName":"Jeff Teague","name":"1_15_11_226"},{"num":14.5,"categoryName":"Myles Turner","name":"1_15_11_219"},{"num":11,"categoryName":"Thaddeus Young","name":"1_15_11_227"},{"num":10.7,"categoryName":"C.J. Miles","name":"1_15_11_214"},{"num":8.5,"categoryName":"Monta Ellis","name":"1_15_11_218"},{"num":8.1,"categoryName":"Al Jefferson","name":"1_15_11_228"},{"num":7.2,"categoryName":"Rodney Stuckey","name":"1_15_11_215"},{"num":7.2,"categoryName":"Lance Stephenson","name":"1_15_11_190"},{"num":6.1,"categoryName":"Glenn Robinson","name":"1_15_11_224"},{"num":5,"categoryName":"Aaron Brooks","name":"1_15_11_229"},{"num":4.7,"categoryName":"Kevin Seraphin","name":"1_15_11_230"},{"num":2.9,"categoryName":"Lavoy Allen","name":"1_15_11_210"},{"num":2.1,"categoryName":"Joe Young","name":"1_15_11_225"},{"num":2,"categoryName":"Rakeem Christmas","name":"1_15_11_223"},{"num":0.9,"categoryName":"Georges Niang","name":"1_15_11_231"}],"name":"1_15_11_0"},{"num":103.6,"categoryName":"Milwaukee_Bucks","children":[{"num":22.9,"categoryName":"G. Antetokounmpo","name":"1_15_13_269"},{"num":20.1,"categoryName":"Jabari Parker","name":"1_15_13_275"},{"num":14.7,"categoryName":"Khris Middleton","name":"1_15_13_263"},{"num":11.7,"categoryName":"Greg Monroe","name":"1_15_13_285"},{"num":10.2,"categoryName":"Malcolm Brogdon","name":"1_15_13_292"},{"num":9.4,"categoryName":"Michael Beasley","name":"1_15_13_293"},{"num":8.5,"categoryName":"Tony Snell","name":"1_15_13_294"},{"num":7.6,"categoryName":"M. Dellavedova","name":"1_15_13_295"},{"num":6.8,"categoryName":"John Henson","name":"1_15_13_257"},{"num":6.4,"categoryName":"Mirza Teletovic","name":"1_15_13_296"},{"num":4.4,"categoryName":"Spencer Hawes","name":"1_15_13_297"},{"num":4.1,"categoryName":"Jason Terry","name":"1_15_13_298"},{"num":4,"categoryName":"Thon Maker","name":"1_15_13_299"},{"num":3.5,"categoryName":"Rashad Vaughn","name":"1_15_13_288"},{"num":3.3,"categoryName":"Gary Payton II","name":"1_15_13_300"},{"num":2.6,"categoryName":"Miles Plumlee","name":"1_15_13_282"},{"num":0.6,"categoryName":"Steve Novak","name":"1_15_13_289"},{"num":0,"categoryName":"Terrence Jones","name":"1_15_13_301"},{"num":0,"categoryName":"Axel Toupane","name":"1_15_13_302"}],"name":"1_15_13_0"}],"name":"1_15_0_0","num":523.2}],"name":"1_0_0_0","num":1572.2},{"categoryName":"Western","children":[{"categoryName":"Northwest","children":[{"num":111.7,"categoryName":"Denver_Nuggets","children":[{"num":18.2,"categoryName":"Danilo Gallinari","name":"2_34_1_52"},{"num":16.7,"categoryName":"Nikola Jokic","name":"2_34_1_89"},{"num":15.7,"categoryName":"Wilson Chandler","name":"2_34_1_53"},{"num":14.9,"categoryName":"Gary Harris","name":"2_34_1_83"},{"num":13.7,"categoryName":"Will Barton","name":"2_34_1_78"},{"num":11,"categoryName":"Emmanuel Mudiay","name":"2_34_1_87"},{"num":9.9,"categoryName":"Jamal Murray","name":"2_34_1_95"},{"num":9.6,"categoryName":"Kenneth Faried","name":"2_34_1_62"},{"num":9.2,"categoryName":"Jameer Nelson","name":"2_34_1_79"},{"num":9.1,"categoryName":"Mason Plumlee","name":"2_34_1_96"},{"num":8,"categoryName":"Jusuf Nurkic","name":"2_34_1_80"},{"num":6.4,"categoryName":"Darrell Arthur","name":"2_34_1_76"},{"num":4.9,"categoryName":"Juan Hernangomez","name":"2_34_1_97"},{"num":3.8,"categoryName":"Malik Beasley","name":"2_34_1_98"},{"num":2.9,"categoryName":"Johnny O'Bryant","name":"2_34_1_99"},{"num":1.5,"categoryName":"Jarnell Stokes","name":"2_34_1_100"},{"num":1.4,"categoryName":"Mike Miller","name":"2_34_1_94"},{"num":0.8,"categoryName":"Alonzo Gee","name":"2_34_1_81"},{"num":0.7,"categoryName":"Roy Hibbert","name":"2_34_1_101"}],"name":"2_34_1_0"},{"num":105.6,"categoryName":"Minnesota_Timberwolves","children":[{"num":25.1,"categoryName":"Karl-Anthony Towns","name":"2_34_2_102"},{"num":23.6,"categoryName":"Andrew Wiggins","name":"2_34_2_87"},{"num":18.9,"categoryName":"Zach LaVine","name":"2_34_2_91"},{"num":11.1,"categoryName":"Ricky Rubio","name":"2_34_2_64"},{"num":10,"categoryName":"Gorgui Dieng","name":"2_34_2_81"},{"num":9.9,"categoryName":"Shabazz Muhammad","name":"2_34_2_82"},{"num":6.2,"categoryName":"Nemanja Bjelica","name":"2_34_2_103"},{"num":4.2,"categoryName":"Brandon Rush","name":"2_34_2_109"},{"num":3.8,"categoryName":"Kris Dunn","name":"2_34_2_110"},{"num":3.5,"categoryName":"Adreian Payne","name":"2_34_2_93"},{"num":3.5,"categoryName":"Lance Stephenson","name":"2_34_2_111"},{"num":3.5,"categoryName":"Tyus Jones","name":"2_34_2_104"},{"num":3.5,"categoryName":"Omri Casspi","name":"2_34_2_112"},{"num":1.7,"categoryName":"Jordan Hill","name":"2_34_2_113"},{"num":1.7,"categoryName":"Cole Aldrich","name":"2_34_2_114"},{"num":0.4,"categoryName":"John Lucas III","name":"2_34_2_115"}],"name":"2_34_2_0"},{"num":106.6,"categoryName":"Oklahoma_City_Thunder","children":[{"num":31.6,"categoryName":"Russell Westbrook","name":"2_34_6_3"},{"num":15.9,"categoryName":"Victor Oladipo","name":"2_34_6_68"},{"num":14.3,"categoryName":"Enes Kanter","name":"2_34_6_54"},{"num":11.3,"categoryName":"Steven Adams","name":"2_34_6_50"},{"num":9,"categoryName":"Taj Gibson","name":"2_34_6_69"},{"num":7,"categoryName":"Josh Huestis","name":"2_34_6_67"},{"num":6.6,"categoryName":"Andre Roberson","name":"2_34_6_51"},{"num":6.6,"categoryName":"Doug McDermott","name":"2_34_6_70"},{"num":6,"categoryName":"Alex Abrines","name":"2_34_6_71"},{"num":5.9,"categoryName":"Domantas Sabonis","name":"2_34_6_72"},{"num":5.8,"categoryName":"Anthony Morrow","name":"2_34_6_56"},{"num":5.7,"categoryName":"Joffrey Lauvergne","name":"2_34_6_73"},{"num":5.4,"categoryName":"Jerami Grant","name":"2_34_6_74"},{"num":5.3,"categoryName":"Cameron Payne","name":"2_34_6_66"},{"num":5,"categoryName":"Ersan Ilyasova","name":"2_34_6_75"},{"num":3.3,"categoryName":"Norris Cole","name":"2_34_6_76"},{"num":2.9,"categoryName":"Semaj Christon","name":"2_34_6_77"},{"num":2.8,"categoryName":"Kyle Singler","name":"2_34_6_61"},{"num":1.7,"categoryName":"Nick Collison","name":"2_34_6_8"}],"name":"2_34_6_0"},{"num":107.9,"categoryName":"Portland_Trail_Blazers","children":[{"num":27,"categoryName":"Damian Lillard","name":"2_34_3_71"},{"num":23,"categoryName":"C.J. McCollum","name":"2_34_3_82"},{"num":15.2,"categoryName":"Jusuf Nurkic","name":"2_34_3_101"},{"num":11.1,"categoryName":"Mason Plumlee","name":"2_34_3_92"},{"num":10.7,"categoryName":"Allen Crabbe","name":"2_34_3_85"},{"num":10,"categoryName":"Maurice Harkless","name":"2_34_3_95"},{"num":9,"categoryName":"Evan Turner","name":"2_34_3_102"},{"num":8.7,"categoryName":"Al-Farouq Aminu","name":"2_34_3_91"},{"num":5.4,"categoryName":"Meyers Leonard","name":"2_34_3_73"},{"num":4.4,"categoryName":"Noah Vonleh","name":"2_34_3_96"},{"num":4.3,"categoryName":"Ed Davis","name":"2_34_3_94"},{"num":4.1,"categoryName":"Shabazz Napier","name":"2_34_3_103"},{"num":2.5,"categoryName":"Pat Connaughton","name":"2_34_3_100"},{"num":2.2,"categoryName":"Jake Layman","name":"2_34_3_104"},{"num":1.9,"categoryName":"Tim Quarterman","name":"2_34_3_105"}],"name":"2_34_3_0"},{"num":100.7,"categoryName":"Utah_Jazz","children":[{"num":21.9,"categoryName":"Gordon Hayward","name":"2_34_5_46"},{"num":16.9,"categoryName":"George Hill","name":"2_34_5_83"},{"num":14,"categoryName":"Rudy Gobert","name":"2_34_5_67"},{"num":12.7,"categoryName":"Rodney Hood","name":"2_34_5_71"},{"num":9.5,"categoryName":"Derrick Favors","name":"2_34_5_44"},{"num":9.2,"categoryName":"Joe Johnson","name":"2_34_5_84"},{"num":7.8,"categoryName":"Shelvin Mack","name":"2_34_5_72"},{"num":7.1,"categoryName":"Joe Ingles","name":"2_34_5_77"},{"num":6.7,"categoryName":"Alec Burks","name":"2_34_5_52"},{"num":6.2,"categoryName":"Dante Exum","name":"2_34_5_85"},{"num":6.2,"categoryName":"Trey Lyles","name":"2_34_5_73"},{"num":4.6,"categoryName":"Boris Diaw","name":"2_34_5_86"},{"num":2.9,"categoryName":"Jeff Withey","name":"2_34_5_76"},{"num":2.5,"categoryName":"Raul Neto","name":"2_34_5_74"},{"num":1.8,"categoryName":"Joel Bolomboy","name":"2_34_5_87"}],"name":"2_34_5_0"}],"name":"2_34_0_0","num":532.5},{"categoryName":"Pacific","children":[{"num":115.9,"categoryName":"Golden_State_Warriors","children":[{"num":25.3,"categoryName":"Stephen Curry","name":"2_33_6_300"},{"num":25.1,"categoryName":"Kevin Durant","name":"2_33_6_361"},{"num":22.3,"categoryName":"Klay Thompson","name":"2_33_6_321"},{"num":10.2,"categoryName":"Draymond Green","name":"2_33_6_338"},{"num":7.6,"categoryName":"Andre Iguodala","name":"2_33_6_342"},{"num":6.8,"categoryName":"Ian Clark","name":"2_33_6_357"},{"num":6.1,"categoryName":"JaVale McGee","name":"2_33_6_362"},{"num":6.1,"categoryName":"Zaza Pachulia","name":"2_33_6_363"},{"num":5.7,"categoryName":"Matt Barnes","name":"2_33_6_274"},{"num":5.1,"categoryName":"Shaun Livingston","name":"2_33_6_354"},{"num":4.6,"categoryName":"David West","name":"2_33_6_364"},{"num":4,"categoryName":"Patrick McCaw","name":"2_33_6_365"},{"num":2.8,"categoryName":"J.M. McAdoo","name":"2_33_6_356"},{"num":2.5,"categoryName":"Kevon Looney","name":"2_33_6_360"},{"num":1.9,"categoryName":"Damian Jones","name":"2_33_6_366"},{"num":1.7,"categoryName":"Briante Weber","name":"2_33_6_367"},{"num":1.3,"categoryName":"Anderson Varejao","name":"2_33_6_358"}],"name":"2_33_6_0"},{"num":108.7,"categoryName":"Los_Angeles_Clippers","children":[{"num":21.6,"categoryName":"Blake Griffin","name":"2_33_10_219"},{"num":18.1,"categoryName":"Chris Paul","name":"2_33_10_230"},{"num":15,"categoryName":"J.J. Redick","name":"2_33_10_247"},{"num":12.7,"categoryName":"DeAndre Jordan","name":"2_33_10_207"},{"num":12.3,"categoryName":"Jamal Crawford","name":"2_33_10_240"},{"num":12,"categoryName":"Austin Rivers","name":"2_33_10_259"},{"num":8.7,"categoryName":"Marreese Speights","name":"2_33_10_281"},{"num":6.7,"categoryName":"Raymond Felton","name":"2_33_10_282"},{"num":6.1,"categoryName":"Luc Mbah a Moute","name":"2_33_10_276"},{"num":5.6,"categoryName":"Brandon Bass","name":"2_33_10_283"},{"num":3.2,"categoryName":"Paul Pierce","name":"2_33_10_272"},{"num":2.9,"categoryName":"Alan Anderson","name":"2_33_10_284"},{"num":2.7,"categoryName":"Wesley Johnson","name":"2_33_10_271"},{"num":1.4,"categoryName":"Diamond Stone","name":"2_33_10_285"},{"num":1.3,"categoryName":"Brice Johnson","name":"2_33_10_286"}],"name":"2_33_10_0"},{"num":104.6,"categoryName":"Los_Angeles_Lakers","children":[{"num":18.6,"categoryName":"Lou Williams","name":"2_33_1_282"},{"num":15.6,"categoryName":"D'Angelo Russell","name":"2_33_1_283"},{"num":14.7,"categoryName":"Jordan Clarkson","name":"2_33_1_272"},{"num":13.2,"categoryName":"Nick Young","name":"2_33_1_260"},{"num":13.2,"categoryName":"Julius Randle","name":"2_33_1_281"},{"num":9.4,"categoryName":"Brandon Ingram","name":"2_33_1_289"},{"num":7.7,"categoryName":"Tyler Ennis","name":"2_33_1_290"},{"num":7.6,"categoryName":"Luol Deng","name":"2_33_1_291"},{"num":7.5,"categoryName":"Ivica Zubac","name":"2_33_1_292"},{"num":7.4,"categoryName":"Timofey Mozgov","name":"2_33_1_293"},{"num":7.1,"categoryName":"Larry Nance Jr.","name":"2_33_1_286"},{"num":6,"categoryName":"David Nwaba","name":"2_33_1_294"},{"num":5.7,"categoryName":"Tarik Black","name":"2_33_1_279"},{"num":5.4,"categoryName":"Corey Brewer","name":"2_33_1_295"},{"num":5,"categoryName":"Thomas Robinson","name":"2_33_1_296"},{"num":3.3,"categoryName":"Jose Calderon","name":"2_33_1_297"},{"num":2.7,"categoryName":"Marcelo Huertas","name":"2_33_1_287"},{"num":2.3,"categoryName":"Metta World Peace","name":"2_33_1_236"}],"name":"2_33_1_0"},{"num":107.7,"categoryName":"Phoenix_Suns","children":[{"num":22.1,"categoryName":"Devin Booker","name":"2_33_8_303"},{"num":21.1,"categoryName":"Eric Bledsoe","name":"2_33_8_282"},{"num":14.4,"categoryName":"T.J. Warren","name":"2_33_8_294"},{"num":11,"categoryName":"Brandon Knight","name":"2_33_8_292"},{"num":9.2,"categoryName":"Marquese Chriss","name":"2_33_8_318"},{"num":8.4,"categoryName":"Tyson Chandler","name":"2_33_8_308"},{"num":8,"categoryName":"Alex Len","name":"2_33_8_288"},{"num":7.4,"categoryName":"Alan Williams","name":"2_33_8_312"},{"num":7.3,"categoryName":"Tyler Ulis","name":"2_33_8_319"},{"num":7,"categoryName":"P.J. Tucker","name":"2_33_8_276"},{"num":6.8,"categoryName":"Jared Dudley","name":"2_33_8_242"},{"num":6.3,"categoryName":"Leandro Barbosa","name":"2_33_8_203"},{"num":5.3,"categoryName":"Derrick Jones ","name":"2_33_8_320"},{"num":4.8,"categoryName":"Jarell Eddie","name":"2_33_8_321"},{"num":3.4,"categoryName":"Dragan Bender","name":"2_33_8_322"},{"num":1.8,"categoryName":"John Jenkins","name":"2_33_8_310"},{"num":1.5,"categoryName":"Elijah Millsap","name":"2_33_8_323"},{"num":1,"categoryName":"Ronnie Price","name":"2_33_8_271"}],"name":"2_33_8_0"},{"num":102.8,"categoryName":"Sacramento_Kings","children":[{"num":27.8,"categoryName":"DeMarcus Cousins","name":"2_33_11_177"},{"num":18.7,"categoryName":"Rudy Gay","name":"2_33_11_198"},{"num":15.1,"categoryName":"Buddy Hield","name":"2_33_11_229"},{"num":13.2,"categoryName":"Darren Collison","name":"2_33_11_211"},{"num":11.6,"categoryName":"Tyreke Evans","name":"2_33_11_164"},{"num":9.9,"categoryName":"Ty Lawson","name":"2_33_11_230"},{"num":8.8,"categoryName":"Skal Labissiere","name":"2_33_11_231"},{"num":8.4,"categoryName":"Arron Afflalo","name":"2_33_11_232"},{"num":8.1,"categoryName":"W. Cauley-Stein","name":"2_33_11_223"},{"num":8.1,"categoryName":"Ben McLemore","name":"2_33_11_200"},{"num":7.8,"categoryName":"Garrett Temple","name":"2_33_11_172"},{"num":7.6,"categoryName":"Matt Barnes","name":"2_33_11_132"},{"num":7.1,"categoryName":"Anthony Tolliver","name":"2_33_11_233"},{"num":6.6,"categoryName":"Kosta Koufos","name":"2_33_11_225"},{"num":6,"categoryName":"Jordan Farmar","name":"2_33_11_234"},{"num":6,"categoryName":"Langston Galloway","name":"2_33_11_235"},{"num":5.9,"categoryName":"Omri Casspi","name":"2_33_11_166"},{"num":5.6,"categoryName":"G. Papagianni","name":"2_33_11_236"},{"num":3.6,"categoryName":"Malachi Richardson","name":"2_33_11_237"}],"name":"2_33_11_0"}],"name":"2_33_0_0","num":539.7},{"categoryName":"Southwest","children":[{"num":97.9,"categoryName":"Dallas_Mavericks","children":[{"num":19.2,"categoryName":"Harrison Barnes","name":"2_35_1_115"},{"num":14.2,"categoryName":"Dirk Nowitzki","name":"2_35_1_1"},{"num":13.5,"categoryName":"Wesley Matthews","name":"2_35_1_107"},{"num":13.1,"categoryName":"Deron Williams","name":"2_35_1_106"},{"num":12.8,"categoryName":"Seth Curry","name":"2_35_1_116"},{"num":11.3,"categoryName":"Yogi Ferrell","name":"2_35_1_117"},{"num":10.9,"categoryName":"Jose Juan Barea","name":"2_35_1_28"},{"num":8.5,"categoryName":"Nerlens Noel","name":"2_35_1_118"},{"num":8,"categoryName":"DeAndre Liggins","name":"2_35_1_119"},{"num":6.7,"categoryName":"Devin Harris","name":"2_35_1_9"},{"num":6.7,"categoryName":"Dwight Powell","name":"2_35_1_104"},{"num":6.5,"categoryName":"Justin Anderson","name":"2_35_1_111"},{"num":6.2,"categoryName":"Jonathan Gibson","name":"2_35_1_120"},{"num":5.4,"categoryName":"Quinn Cook","name":"2_35_1_121"},{"num":4.4,"categoryName":"Jarrod Uthoff","name":"2_35_1_122"},{"num":4.3,"categoryName":"D. Finney-Smith","name":"2_35_1_123"},{"num":3.9,"categoryName":"Pierre Jackson","name":"2_35_1_124"},{"num":3,"categoryName":"Andrew Bogut","name":"2_35_1_125"},{"num":2.9,"categoryName":"Salah Mejri","name":"2_35_1_112"},{"num":2.8,"categoryName":"Nicolas Brussino","name":"2_35_1_126"},{"num":2.2,"categoryName":"A.J. Hammons","name":"2_35_1_127"},{"num":2.2,"categoryName":"Quincy Acy","name":"2_35_1_128"},{"num":2,"categoryName":"Manny Harris","name":"2_35_1_129"},{"num":0,"categoryName":"Ben Bentil","name":"2_35_1_130"}],"name":"2_35_1_0"},{"num":115.3,"categoryName":"Houston_Rockets","children":[{"num":29.1,"categoryName":"James Harden","name":"2_35_2_82"},{"num":16.2,"categoryName":"Eric Gordon","name":"2_35_2_121"},{"num":14.9,"categoryName":"Lou Williams","name":"2_35_2_122"},{"num":13.6,"categoryName":"Ryan Anderson","name":"2_35_2_123"},{"num":12.6,"categoryName":"Clint Capela","name":"2_35_2_112"},{"num":11.7,"categoryName":"Trevor Ariza","name":"2_35_2_54"},{"num":9.7,"categoryName":"Troy Williams","name":"2_35_2_124"},{"num":9.5,"categoryName":"Patrick Beverley","name":"2_35_2_89"},{"num":9.1,"categoryName":" Nene","name":"2_35_2_125"},{"num":9.1,"categoryName":"Montrezl Harrell","name":"2_35_2_118"},{"num":6.5,"categoryName":"Sam Dekker","name":"2_35_2_120"},{"num":4.2,"categoryName":"Corey Brewer","name":"2_35_2_106"},{"num":2.8,"categoryName":"Chinanu Onuaku","name":"2_35_2_126"},{"num":2.8,"categoryName":"K.J. McDaniels","name":"2_35_2_114"},{"num":2.5,"categoryName":"Bobby Brown","name":"2_35_2_127"},{"num":1.9,"categoryName":"Tyler Ennis","name":"2_35_2_128"},{"num":0.9,"categoryName":"Kyle Wiltjer","name":"2_35_2_129"},{"num":0.8,"categoryName":"Isaiah Taylor","name":"2_35_2_130"}],"name":"2_35_2_0"},{"num":100.5,"categoryName":"Memphis_Grizzlies","children":[{"num":20.5,"categoryName":"Mike Conley","name":"2_35_3_33"},{"num":19.5,"categoryName":"Marc Gasol","name":"2_35_3_32"},{"num":14.1,"categoryName":"Zach Randolph","name":"2_35_3_43"},{"num":9.1,"categoryName":"Tony Allen","name":"2_35_3_54"},{"num":8.9,"categoryName":"JaMychal Green","name":"2_35_3_92"},{"num":8.2,"categoryName":"Troy Daniels","name":"2_35_3_111"},{"num":8,"categoryName":"Vince Carter","name":"2_35_3_88"},{"num":6.8,"categoryName":"Brandan Wright","name":"2_35_3_99"},{"num":6.7,"categoryName":"James Ennis","name":"2_35_3_109"},{"num":6.2,"categoryName":"Chandler Parsons","name":"2_35_3_112"},{"num":5.9,"categoryName":"Andrew Harrison","name":"2_35_3_113"},{"num":5.3,"categoryName":"Troy Williams","name":"2_35_3_114"},{"num":5,"categoryName":"Wayne Selden","name":"2_35_3_115"},{"num":4.9,"categoryName":"Toney Douglas","name":"2_35_3_116"},{"num":3.9,"categoryName":"Jarell Martin","name":"2_35_3_103"},{"num":3.2,"categoryName":"Wade Baldwin","name":"2_35_3_117"},{"num":1.6,"categoryName":"Deyonta Davis","name":"2_35_3_118"}],"name":"2_35_3_0"},{"num":104.3,"categoryName":"New_Orleans_Pelicans","children":[{"num":28,"categoryName":"Anthony Davis","name":"2_35_7_1"},{"num":24.4,"categoryName":"DeMarcus Cousins","name":"2_35_7_42"},{"num":15.4,"categoryName":"Jrue Holiday","name":"2_35_7_5"},{"num":14.1,"categoryName":"Jordan Crawford","name":"2_35_7_43"},{"num":12,"categoryName":"Omri Casspi","name":"2_35_7_44"},{"num":11.5,"categoryName":"Terrence Jones","name":"2_35_7_45"},{"num":9.7,"categoryName":"Lance Stephenson","name":"2_35_7_46"},{"num":9.6,"categoryName":"E'Twaun Moore","name":"2_35_7_47"},{"num":9.5,"categoryName":"Tyreke Evans","name":"2_35_7_4"},{"num":8.6,"categoryName":"Langston Galloway","name":"2_35_7_48"},{"num":8.6,"categoryName":"Buddy Hield","name":"2_35_7_49"},{"num":7.1,"categoryName":"Tim Frazier","name":"2_35_7_34"},{"num":7,"categoryName":"Solomon Hill","name":"2_35_7_50"},{"num":6.6,"categoryName":"Dante Cunningham","name":"2_35_7_25"},{"num":5.8,"categoryName":"Quinn Cook","name":"2_35_7_51"},{"num":5.5,"categoryName":"Axel Toupane","name":"2_35_7_52"},{"num":5.3,"categoryName":"Wayne Selden","name":"2_35_7_53"},{"num":5.3,"categoryName":"Alexis Ajinca","name":"2_35_7_12"},{"num":5.1,"categoryName":"Cheick Diallo","name":"2_35_7_54"},{"num":5,"categoryName":"Archie Goodwin","name":"2_35_7_55"},{"num":4.5,"categoryName":"Reggie Williams","name":"2_35_7_56"},{"num":4.4,"categoryName":"Donatas Motiejunas","name":"2_35_7_57"},{"num":3.8,"categoryName":"Anthony Brown","name":"2_35_7_58"},{"num":3.8,"categoryName":"Hollis Thompson","name":"2_35_7_59"},{"num":3,"categoryName":"Jarrett Jack","name":"2_35_7_60"},{"num":2.7,"categoryName":"Omer Asik","name":"2_35_7_24"}],"name":"2_35_7_0"},{"num":105.3,"categoryName":"San_Antonio_Spurs","children":[{"num":25.5,"categoryName":"Kawhi Leonard","name":"2_35_5_63"},{"num":17.3,"categoryName":"LaMarcus Aldridge","name":"2_35_5_82"},{"num":12.4,"categoryName":"Pau Gasol","name":"2_35_5_90"},{"num":10.1,"categoryName":"Tony Parker","name":"2_35_5_2"},{"num":9.5,"categoryName":"Patty Mills","name":"2_35_5_61"},{"num":7.5,"categoryName":"Manu Ginobili","name":"2_35_5_3"},{"num":7.3,"categoryName":"Danny Green","name":"2_35_5_52"},{"num":7.3,"categoryName":"David Lee","name":"2_35_5_91"},{"num":6.2,"categoryName":"Jonathon Simmons","name":"2_35_5_85"},{"num":5.1,"categoryName":"Dewayne Dedmon","name":"2_35_5_92"},{"num":4.5,"categoryName":"Davis Bertans","name":"2_35_5_93"},{"num":3.4,"categoryName":"Dejounte Murray","name":"2_35_5_94"},{"num":3.4,"categoryName":"Kyle Anderson","name":"2_35_5_79"},{"num":3.3,"categoryName":"N. Laprovittola","name":"2_35_5_95"},{"num":2.6,"categoryName":"Bryn Forbes","name":"2_35_5_96"},{"num":1.3,"categoryName":"Joel Anthony","name":"2_35_5_97"}],"name":"2_35_5_0"}],"name":"2_35_0_0","num":523.3}],"name":"2_0_0_0","num":1595.5}],"num":3167.7}