{"year":2015,"name":"root","categoryName":"root","children":[{"categoryName":"Eastern","children":[{"categoryName":"Southeast","children":[{"num":102.8,"categoryName":"Atlanta_Hawks","children":[{"num":17.1,"categoryName":"Paul Millsap","name":"1_16_1_79"},{"num":15.7,"categoryName":"Jeff Teague","name":"1_16_1_49"},{"num":15.2,"categoryName":"Al Horford","name":"1_16_1_40"},{"num":11.6,"categoryName":"Kent Bazemore","name":"1_16_1_91"},{"num":11,"categoryName":"Dennis Schroder","name":"1_16_1_87"},{"num":9.2,"categoryName":"Kyle Korver","name":"1_16_1_68"},{"num":6.4,"categoryName":"Thabo Sefolosha","name":"1_16_1_90"},{"num":6.4,"categoryName":"Tim Hardaway Jr.","name":"1_16_1_94"},{"num":6.4,"categoryName":"Kris Humphries","name":"1_16_1_95"},{"num":6.2,"categoryName":"Mike Scott","name":"1_16_1_74"},{"num":5.6,"categoryName":"Tiago Splitter","name":"1_16_1_96"},{"num":3.9,"categoryName":"Shelvin Mack","name":"1_16_1_72"},{"num":3.3,"categoryName":"Mike Muscala","name":"1_16_1_86"},{"num":2.4,"categoryName":"Justin Holiday","name":"1_16_1_97"},{"num":2.4,"categoryName":"Lamar Patterson","name":"1_16_1_98"},{"num":2.3,"categoryName":"Edy Tavares","name":"1_16_1_99"},{"num":0.5,"categoryName":"Kirk Hinrich","name":"1_16_1_52"}],"name":"1_16_1_0"},{"num":103.4,"categoryName":"Charlotte_Hornets","children":[{"num":20.9,"categoryName":"Kemba Walker","name":"1_16_6_1"},{"num":14.9,"categoryName":"Nicolas Batum","name":"1_16_6_18"},{"num":12.7,"categoryName":"M. Kidd-Gilchrist","name":"1_16_6_5"},{"num":12,"categoryName":"Al Jefferson","name":"1_16_6_3"},{"num":11.7,"categoryName":"Jeremy Lin","name":"1_16_6_19"},{"num":11.7,"categoryName":"Marvin Williams","name":"1_16_6_9"},{"num":8.9,"categoryName":"Courtney Lee","name":"1_16_6_20"},{"num":8.8,"categoryName":"Jeremy Lamb","name":"1_16_6_21"},{"num":8.7,"categoryName":"Cody Zeller","name":"1_16_6_8"},{"num":7.5,"categoryName":"Frank Kaminsky","name":"1_16_6_22"},{"num":6,"categoryName":"Spencer Hawes","name":"1_16_6_23"},{"num":6,"categoryName":"P.J. Hairston","name":"1_16_6_12"},{"num":5.6,"categoryName":"Troy Daniels","name":"1_16_6_10"},{"num":4.8,"categoryName":"Brian Roberts","name":"1_16_6_11"},{"num":2.4,"categoryName":"Tyler Hansbrough","name":"1_16_6_24"},{"num":1.8,"categoryName":"Jorge Gutierrez","name":"1_16_6_25"},{"num":0.9,"categoryName":"Aaron Harrison","name":"1_16_6_26"}],"name":"1_16_6_0"},{"num":100,"categoryName":"Miami_Heat","children":[{"num":19.1,"categoryName":"Chris Bosh","name":"1_16_3_49"},{"num":19,"categoryName":"Dwyane Wade","name":"1_16_3_1"},{"num":14.2,"categoryName":"Hassan Whiteside","name":"1_16_3_76"},{"num":14.1,"categoryName":"Goran Dragic","name":"1_16_3_74"},{"num":13.4,"categoryName":"Joe Johnson","name":"1_16_3_87"},{"num":12.3,"categoryName":"Luol Deng","name":"1_16_3_75"},{"num":8.9,"categoryName":"Gerald Green","name":"1_16_3_88"},{"num":8.7,"categoryName":"Tyler Johnson","name":"1_16_3_80"},{"num":6.6,"categoryName":"Josh Richardson","name":"1_16_3_89"},{"num":6.4,"categoryName":"Justise Winslow","name":"1_16_3_90"},{"num":5.8,"categoryName":"Amar'e Stoudemire","name":"1_16_3_91"},{"num":5.5,"categoryName":"Mario Chalmers","name":"1_16_3_33"},{"num":4.4,"categoryName":"Beno Udrih","name":"1_16_3_92"},{"num":3.6,"categoryName":"Josh McRoberts","name":"1_16_3_83"},{"num":2,"categoryName":"Briante Weber","name":"1_16_3_93"},{"num":1.9,"categoryName":"Chris Andersen","name":"1_16_3_66"},{"num":1.6,"categoryName":"Udonis Haslem","name":"1_16_3_5"},{"num":1.4,"categoryName":"Jarnell Stokes","name":"1_16_3_94"},{"num":0,"categoryName":"James Ennis","name":"1_16_3_82"}],"name":"1_16_3_0"},{"num":102.1,"categoryName":"Orlando_Magic","children":[{"num":18.2,"categoryName":"Nikola Vucevic","name":"1_16_4_59"},{"num":16,"categoryName":"Victor Oladipo","name":"1_16_4_70"},{"num":15.4,"categoryName":"Evan Fournier","name":"1_16_4_76"},{"num":13.7,"categoryName":"Tobias Harris","name":"1_16_4_57"},{"num":10.7,"categoryName":"Elfrid Payton","name":"1_16_4_77"},{"num":9.2,"categoryName":"Aaron Gordon","name":"1_16_4_81"},{"num":8.1,"categoryName":"Ersan Ilyasova","name":"1_16_4_84"},{"num":7.2,"categoryName":"Jason Smith","name":"1_16_4_85"},{"num":7,"categoryName":"Brandon Jennings","name":"1_16_4_86"},{"num":6.9,"categoryName":"Andrew Nicholson","name":"1_16_4_63"},{"num":6.1,"categoryName":"Mario Hezonja","name":"1_16_4_87"},{"num":5.2,"categoryName":"Channing Frye","name":"1_16_4_78"},{"num":4.4,"categoryName":"Dewayne Dedmon","name":"1_16_4_71"},{"num":4.3,"categoryName":"C.J. Watson","name":"1_16_4_88"},{"num":3.7,"categoryName":"Shabazz Napier","name":"1_16_4_89"},{"num":2.1,"categoryName":"Devyn Marble","name":"1_16_4_83"},{"num":1.2,"categoryName":"Keith Appling","name":"1_16_4_90"}],"name":"1_16_4_0"},{"num":104.1,"categoryName":"Washington_Wizards","children":[{"num":19.9,"categoryName":"John Wall","name":"1_16_5_51"},{"num":17.4,"categoryName":"Bradley Beal","name":"1_16_5_74"},{"num":13.5,"categoryName":"Marcin Gortat","name":"1_16_5_83"},{"num":12.4,"categoryName":"Markieff Morris","name":"1_16_5_90"},{"num":11.6,"categoryName":"Otto Porter","name":"1_16_5_89"},{"num":9.9,"categoryName":"Ramon Sessions","name":"1_16_5_91"},{"num":9.8,"categoryName":"Gary Neal","name":"1_16_5_92"},{"num":9.2,"categoryName":" Nene","name":"1_16_5_66"},{"num":8.4,"categoryName":"Marcus Thornton","name":"1_16_5_93"},{"num":7.9,"categoryName":"Jared Dudley","name":"1_16_5_94"},{"num":7.3,"categoryName":"Garrett Temple","name":"1_16_5_79"},{"num":6.4,"categoryName":"Kris Humphries","name":"1_16_5_95"},{"num":5,"categoryName":"Alan Anderson","name":"1_16_5_96"},{"num":4.6,"categoryName":"J.J. Hickson","name":"1_16_5_97"},{"num":3.7,"categoryName":"Kelly Oubre","name":"1_16_5_98"},{"num":2.7,"categoryName":"Drew Gooden","name":"1_16_5_84"},{"num":2.4,"categoryName":"Jarell Eddie","name":"1_16_5_99"},{"num":2.1,"categoryName":"DeJuan Blair","name":"1_16_5_100"},{"num":1.6,"categoryName":"Ryan Hollins","name":"1_16_5_101"}],"name":"1_16_5_0"}],"name":"1_16_0_0","num":512.4},{"categoryName":"Atlantic","children":[{"num":105.7,"categoryName":"Boston_Celtics","children":[{"num":22.2,"categoryName":"Isaiah Thomas","name":"1_14_1_298"},{"num":15.2,"categoryName":"Avery Bradley","name":"1_14_1_263"},{"num":14.2,"categoryName":"Jae Crowder","name":"1_14_1_301"},{"num":10.5,"categoryName":"Evan Turner","name":"1_14_1_300"},{"num":10.3,"categoryName":"Jared Sullinger","name":"1_14_1_277"},{"num":10,"categoryName":"Kelly Olynyk","name":"1_14_1_288"},{"num":9.1,"categoryName":"Marcus Smart","name":"1_14_1_304"},{"num":7.3,"categoryName":"Amir Johnson","name":"1_14_1_311"},{"num":7.1,"categoryName":"David Lee","name":"1_14_1_312"},{"num":6.1,"categoryName":"Tyler Zeller","name":"1_14_1_299"},{"num":4.4,"categoryName":"Jonas Jerebko","name":"1_14_1_305"},{"num":2.7,"categoryName":"R.J. Hunter","name":"1_14_1_313"},{"num":2,"categoryName":"Coty Clarke","name":"1_14_1_314"},{"num":1.8,"categoryName":"Terry Rozier","name":"1_14_1_315"},{"num":1.3,"categoryName":"Jordan Mickey","name":"1_14_1_316"},{"num":1,"categoryName":"James Young","name":"1_14_1_308"}],"name":"1_14_1_0"},{"num":98.6,"categoryName":"Brooklyn_Nets","children":[{"num":20.6,"categoryName":"Brook Lopez","name":"1_14_13_1"},{"num":15.1,"categoryName":"Thaddeus Young","name":"1_14_13_29"},{"num":13.8,"categoryName":"Sean Kilpatrick","name":"1_14_13_39"},{"num":12.8,"categoryName":"Jarrett Jack","name":"1_14_13_30"},{"num":11.8,"categoryName":"Joe Johnson","name":"1_14_13_3"},{"num":11.2,"categoryName":"Bojan Bogdanovic","name":"1_14_13_31"},{"num":7.7,"categoryName":"Wayne Ellington","name":"1_14_13_40"},{"num":7.3,"categoryName":"Shane Larkin","name":"1_14_13_41"},{"num":7,"categoryName":"Donald Sloan","name":"1_14_13_42"},{"num":6.6,"categoryName":"Andrea Bargnani","name":"1_14_13_43"},{"num":6.5,"categoryName":"Henry Sims","name":"1_14_13_44"},{"num":5.9,"categoryName":"Markel Brown","name":"1_14_13_33"},{"num":5.8,"categoryName":"R. Hollis-Jefferson","name":"1_14_13_45"},{"num":4.7,"categoryName":"Willie Reed","name":"1_14_13_46"},{"num":4.7,"categoryName":"Chris McCullough","name":"1_14_13_47"},{"num":4.3,"categoryName":"Thomas Robinson","name":"1_14_13_48"},{"num":2.4,"categoryName":"Sergey Karasev","name":"1_14_13_32"}],"name":"1_14_13_0"},{"num":98.4,"categoryName":"New_York_Knicks","children":[{"num":21.8,"categoryName":"Carmelo Anthony","name":"1_14_3_253"},{"num":14.3,"categoryName":"Kristaps Porzingis","name":"1_14_3_307"},{"num":12.8,"categoryName":"Arron Afflalo","name":"1_14_3_308"},{"num":10.3,"categoryName":"Robin Lopez","name":"1_14_3_309"},{"num":9.3,"categoryName":"Derrick Williams","name":"1_14_3_310"},{"num":8.2,"categoryName":"Lance Thomas","name":"1_14_3_298"},{"num":7.6,"categoryName":"Langston Galloway","name":"1_14_3_296"},{"num":7.6,"categoryName":"Jose Calderon","name":"1_14_3_297"},{"num":5.6,"categoryName":"Jerian Grant","name":"1_14_3_311"},{"num":4.9,"categoryName":"Sasha Vujacic","name":"1_14_3_312"},{"num":4.8,"categoryName":"Kyle O'Quinn","name":"1_14_3_313"},{"num":3.9,"categoryName":"Kevin Seraphin","name":"1_14_3_314"},{"num":3.5,"categoryName":"Jimmer Fredette","name":"1_14_3_315"},{"num":3,"categoryName":"T. Antetokounmpo","name":"1_14_3_316"},{"num":1.8,"categoryName":"Cleanthony Early","name":"1_14_3_304"},{"num":1.8,"categoryName":"Lou Amundson","name":"1_14_3_302"}],"name":"1_14_3_0"},{"num":97.4,"categoryName":"Philadelphia_76ers","children":[{"num":17.5,"categoryName":"Jahlil Okafor","name":"1_14_4_366"},{"num":14.7,"categoryName":"Ish Smith","name":"1_14_4_350"},{"num":12.8,"categoryName":"Robert Covington","name":"1_14_4_348"},{"num":11.1,"categoryName":"Nerlens Noel","name":"1_14_4_352"},{"num":11,"categoryName":"Isaiah Canaan","name":"1_14_4_349"},{"num":9.8,"categoryName":"Hollis Thompson","name":"1_14_4_337"},{"num":9.8,"categoryName":"Carl Landry","name":"1_14_4_367"},{"num":9.7,"categoryName":"Jerami Grant","name":"1_14_4_356"},{"num":8.5,"categoryName":"Nik Stauskas","name":"1_14_4_368"},{"num":8.4,"categoryName":"Tony Wroten","name":"1_14_4_331"},{"num":6.1,"categoryName":"T.J. McConnell","name":"1_14_4_369"},{"num":5.6,"categoryName":"Richaun Holmes","name":"1_14_4_370"},{"num":5.1,"categoryName":"JaKarr Sampson","name":"1_14_4_359"},{"num":4.1,"categoryName":"Elton Brand","name":"1_14_4_296"},{"num":3.9,"categoryName":"Phil Pressey","name":"1_14_4_371"},{"num":3.7,"categoryName":"Kendall Marshall","name":"1_14_4_372"},{"num":3.6,"categoryName":"Christian Wood","name":"1_14_4_373"},{"num":2.4,"categoryName":"Sonny Weems","name":"1_14_4_374"}],"name":"1_14_4_0"},{"num":102.7,"categoryName":"Toronto_Raptors","children":[{"num":23.5,"categoryName":"DeMar DeRozan","name":"1_14_12_51"},{"num":21.2,"categoryName":"Kyle Lowry","name":"1_14_12_80"},{"num":12.8,"categoryName":"Jonas Valanciunas","name":"1_14_12_81"},{"num":11,"categoryName":"DeMarre Carroll","name":"1_14_12_104"},{"num":9.9,"categoryName":"Terrence Ross","name":"1_14_12_82"},{"num":8.7,"categoryName":"Luis Scola","name":"1_14_12_105"},{"num":8.5,"categoryName":"Cory Joseph","name":"1_14_12_106"},{"num":6.9,"categoryName":"Patrick Patterson","name":"1_14_12_90"},{"num":5.6,"categoryName":"Norman Powell","name":"1_14_12_107"},{"num":5.5,"categoryName":"Bismack Biyombo","name":"1_14_12_108"},{"num":5,"categoryName":"James Johnson","name":"1_14_12_61"},{"num":4.6,"categoryName":"Jason Thompson","name":"1_14_12_109"},{"num":3.8,"categoryName":"Delon Wright","name":"1_14_12_110"},{"num":2.2,"categoryName":"Lucas Nogueira","name":"1_14_12_102"},{"num":1.5,"categoryName":"Anthony Bennett","name":"1_14_12_111"},{"num":0.5,"categoryName":"Bruno Caboclo","name":"1_14_12_101"}],"name":"1_14_12_0"}],"name":"1_14_0_0","num":502.8},{"categoryName":"Central","children":[{"num":101.6,"categoryName":"Chicago_Bulls","children":[{"num":20.9,"categoryName":"Jimmy Butler","name":"1_15_12_226"},{"num":16.5,"categoryName":"Pau Gasol","name":"1_15_12_243"},{"num":16.4,"categoryName":"Derrick Rose","name":"1_15_12_203"},{"num":11.8,"categoryName":"Nikola Mirotic","name":"1_15_12_245"},{"num":9.4,"categoryName":"Doug McDermott","name":"1_15_12_246"},{"num":8.6,"categoryName":"Taj Gibson","name":"1_15_12_207"},{"num":7.5,"categoryName":"E'Twaun Moore","name":"1_15_12_247"},{"num":7.2,"categoryName":"Mike Dunleavy, Jr.","name":"1_15_12_236"},{"num":7.1,"categoryName":"Aaron Brooks","name":"1_15_12_244"},{"num":7,"categoryName":"Bobby Portis","name":"1_15_12_249"},{"num":6.5,"categoryName":"Justin Holiday","name":"1_15_12_250"},{"num":5.3,"categoryName":"Tony Snell","name":"1_15_12_237"},{"num":4.3,"categoryName":"Joakim Noah","name":"1_15_12_196"},{"num":3.8,"categoryName":"Kirk Hinrich","name":"1_15_12_159"},{"num":3.4,"categoryName":"Cristiano Felicio","name":"1_15_12_251"},{"num":1.9,"categoryName":"Cameron Bairstow","name":"1_15_12_248"}],"name":"1_15_12_0"},{"num":104.3,"categoryName":"Cleveland_Cavaliers","children":[{"num":25.3,"categoryName":"LeBron James","name":"1_15_4_233"},{"num":19.6,"categoryName":"Kyrie Irving","name":"1_15_4_305"},{"num":16,"categoryName":"Kevin Love","name":"1_15_4_338"},{"num":13,"categoryName":"Dahntay Jones","name":"1_15_4_352"},{"num":12.4,"categoryName":"J.R. Smith","name":"1_15_4_339"},{"num":8.2,"categoryName":"Mo Williams","name":"1_15_4_279"},{"num":7.8,"categoryName":"Tristan Thompson","name":"1_15_4_307"},{"num":7.5,"categoryName":"Channing Frye","name":"1_15_4_353"},{"num":7.5,"categoryName":"M. Dellavedova","name":"1_15_4_329"},{"num":6.3,"categoryName":"Timofey Mozgov","name":"1_15_4_340"},{"num":5.8,"categoryName":"Iman Shumpert","name":"1_15_4_341"},{"num":5.5,"categoryName":"Richard Jefferson","name":"1_15_4_354"},{"num":4.1,"categoryName":"Jordan McRae","name":"1_15_4_355"},{"num":3.7,"categoryName":"James Jones","name":"1_15_4_343"},{"num":2.6,"categoryName":"Jared Cunningham","name":"1_15_4_356"},{"num":2.6,"categoryName":"Anderson Varejao","name":"1_15_4_247"},{"num":0.9,"categoryName":"Sasha Kaun","name":"1_15_4_357"},{"num":0.6,"categoryName":"Joe Harris","name":"1_15_4_344"}],"name":"1_15_4_0"},{"num":102,"categoryName":"Detroit_Pistons","children":[{"num":18.8,"categoryName":"Reggie Jackson","name":"1_15_10_260"},{"num":16.6,"categoryName":"Tobias Harris","name":"1_15_10_271"},{"num":16.2,"categoryName":"Andre Drummond","name":"1_15_10_248"},{"num":14.5,"categoryName":"K. Caldwell-Pope","name":"1_15_10_255"},{"num":14.1,"categoryName":"Marcus Morris","name":"1_15_10_272"},{"num":11.3,"categoryName":"Ersan Ilyasova","name":"1_15_10_273"},{"num":8.1,"categoryName":"Stanley Johnson","name":"1_15_10_274"},{"num":7.3,"categoryName":"Jodie Meeks","name":"1_15_10_261"},{"num":6.8,"categoryName":"Brandon Jennings","name":"1_15_10_254"},{"num":6.3,"categoryName":"Aron Baynes","name":"1_15_10_275"},{"num":5.3,"categoryName":"Anthony Tolliver","name":"1_15_10_263"},{"num":4.8,"categoryName":"Spencer Dinwiddie","name":"1_15_10_266"},{"num":4.4,"categoryName":"Steve Blake","name":"1_15_10_276"},{"num":4,"categoryName":"Darrun Hilliard","name":"1_15_10_277"},{"num":3.3,"categoryName":"Reggie Bullock","name":"1_15_10_278"},{"num":2.6,"categoryName":"Justin Harper","name":"1_15_10_279"},{"num":0.9,"categoryName":"Joel Anthony","name":"1_15_10_269"}],"name":"1_15_10_0"},{"num":102.2,"categoryName":"Indiana_Pacers","children":[{"num":23.1,"categoryName":"Paul George","name":"1_15_11_188"},{"num":13.8,"categoryName":"Monta Ellis","name":"1_15_11_218"},{"num":12.1,"categoryName":"George Hill","name":"1_15_11_192"},{"num":11.8,"categoryName":"C.J. Miles","name":"1_15_11_214"},{"num":10.3,"categoryName":"Myles Turner","name":"1_15_11_219"},{"num":9.3,"categoryName":"Ian Mahinmi","name":"1_15_11_198"},{"num":8.9,"categoryName":"Rodney Stuckey","name":"1_15_11_215"},{"num":8.8,"categoryName":"Jordan Hill","name":"1_15_11_220"},{"num":5.4,"categoryName":"Lavoy Allen","name":"1_15_11_210"},{"num":4.9,"categoryName":"Ty Lawson","name":"1_15_11_221"},{"num":4.4,"categoryName":"Chase Budinger","name":"1_15_11_222"},{"num":4.2,"categoryName":"Solomon Hill","name":"1_15_11_213"},{"num":4,"categoryName":"Rakeem Christmas","name":"1_15_11_223"},{"num":3.8,"categoryName":"Glenn Robinson","name":"1_15_11_224"},{"num":3.8,"categoryName":"Joe Young","name":"1_15_11_225"},{"num":1.6,"categoryName":"Shayne Whittington","name":"1_15_11_217"}],"name":"1_15_11_0"},{"num":99,"categoryName":"Milwaukee_Bucks","children":[{"num":18.2,"categoryName":"Khris Middleton","name":"1_15_13_263"},{"num":16.9,"categoryName":"G. Antetokounmpo","name":"1_15_13_269"},{"num":15.3,"categoryName":"Greg Monroe","name":"1_15_13_285"},{"num":14.1,"categoryName":"Jabari Parker","name":"1_15_13_275"},{"num":11.5,"categoryName":"M. Carter-Williams","name":"1_15_13_274"},{"num":10.4,"categoryName":"Jerryd Bayless","name":"1_15_13_276"},{"num":7.8,"categoryName":"O.J. Mayo","name":"1_15_13_264"},{"num":7,"categoryName":"John Henson","name":"1_15_13_257"},{"num":5.7,"categoryName":"Greivis Vasquez","name":"1_15_13_286"},{"num":5.1,"categoryName":"Miles Plumlee","name":"1_15_13_282"},{"num":4.5,"categoryName":"Tyler Ennis","name":"1_15_13_279"},{"num":4,"categoryName":"Jared Cunningham","name":"1_15_13_287"},{"num":3.1,"categoryName":"Rashad Vaughn","name":"1_15_13_288"},{"num":3,"categoryName":"Johnny O'Bryant","name":"1_15_13_283"},{"num":2.3,"categoryName":"Steve Novak","name":"1_15_13_289"},{"num":2.1,"categoryName":"Chris Copeland","name":"1_15_13_290"},{"num":1.8,"categoryName":"Damien Inglis","name":"1_15_13_291"}],"name":"1_15_13_0"}],"name":"1_15_0_0","num":509.09999999999997}],"name":"1_0_0_0","num":1524.3},{"categoryName":"Western","children":[{"categoryName":"Northwest","children":[{"num":101.9,"categoryName":"Denver_Nuggets","children":[{"num":19.5,"categoryName":"Danilo Gallinari","name":"2_34_1_52"},{"num":14.4,"categoryName":"Will Barton","name":"2_34_1_78"},{"num":12.8,"categoryName":"Emmanuel Mudiay","name":"2_34_1_87"},{"num":12.5,"categoryName":"Kenneth Faried","name":"2_34_1_62"},{"num":12.3,"categoryName":"Gary Harris","name":"2_34_1_83"},{"num":11.6,"categoryName":"D.J. Augustin","name":"2_34_1_88"},{"num":10,"categoryName":"Nikola Jokic","name":"2_34_1_89"},{"num":8.2,"categoryName":"Jusuf Nurkic","name":"2_34_1_80"},{"num":7.9,"categoryName":"Joffrey Lauvergne","name":"2_34_1_82"},{"num":7.7,"categoryName":"Jameer Nelson","name":"2_34_1_79"},{"num":7.5,"categoryName":"Darrell Arthur","name":"2_34_1_76"},{"num":6.9,"categoryName":"J.J. Hickson","name":"2_34_1_74"},{"num":6,"categoryName":"Randy Foye","name":"2_34_1_72"},{"num":5.2,"categoryName":"JaKarr Sampson","name":"2_34_1_90"},{"num":3.6,"categoryName":"Axel Toupane","name":"2_34_1_91"},{"num":3.4,"categoryName":"Sean Kilpatrick","name":"2_34_1_92"},{"num":2.6,"categoryName":"K. Papanikolaou","name":"2_34_1_93"},{"num":1.3,"categoryName":"Mike Miller","name":"2_34_1_94"},{"num":0,"categoryName":"Erick Green","name":"2_34_1_84"}],"name":"2_34_1_0"},{"num":102.4,"categoryName":"Minnesota_Timberwolves","children":[{"num":20.7,"categoryName":"Andrew Wiggins","name":"2_34_2_87"},{"num":18.3,"categoryName":"Karl-Anthony Towns","name":"2_34_2_102"},{"num":14,"categoryName":"Zach LaVine","name":"2_34_2_91"},{"num":10.6,"categoryName":"Kevin Martin","name":"2_34_2_79"},{"num":10.5,"categoryName":"Shabazz Muhammad","name":"2_34_2_82"},{"num":10.1,"categoryName":"Gorgui Dieng","name":"2_34_2_81"},{"num":10.1,"categoryName":"Ricky Rubio","name":"2_34_2_64"},{"num":5.1,"categoryName":"Nemanja Bjelica","name":"2_34_2_103"},{"num":4.5,"categoryName":"Nikola Pekovic","name":"2_34_2_58"},{"num":4.2,"categoryName":"Tyus Jones","name":"2_34_2_104"},{"num":3.4,"categoryName":"Andre Miller","name":"2_34_2_105"},{"num":3.2,"categoryName":"Kevin Garnett","name":"2_34_2_1"},{"num":2.9,"categoryName":"Tayshaun Prince","name":"2_34_2_106"},{"num":2.5,"categoryName":"Adreian Payne","name":"2_34_2_93"},{"num":2.4,"categoryName":"Greg Smith","name":"2_34_2_107"},{"num":2.3,"categoryName":"Damjan Rudez","name":"2_34_2_108"}],"name":"2_34_2_0"},{"num":110.2,"categoryName":"Oklahoma_City_Thunder","children":[{"num":28.2,"categoryName":"Kevin Durant","name":"2_34_6_1"},{"num":23.5,"categoryName":"Russell Westbrook","name":"2_34_6_3"},{"num":12.7,"categoryName":"Enes Kanter","name":"2_34_6_54"},{"num":12.6,"categoryName":"Serge Ibaka","name":"2_34_6_22"},{"num":9.8,"categoryName":"Dion Waiters","name":"2_34_6_55"},{"num":8,"categoryName":"Steven Adams","name":"2_34_6_50"},{"num":5.6,"categoryName":"Randy Foye","name":"2_34_6_65"},{"num":5.6,"categoryName":"Anthony Morrow","name":"2_34_6_56"},{"num":5,"categoryName":"Cameron Payne","name":"2_34_6_66"},{"num":4.8,"categoryName":"Andre Roberson","name":"2_34_6_51"},{"num":4.2,"categoryName":"D.J. Augustin","name":"2_34_6_58"},{"num":3.4,"categoryName":"Kyle Singler","name":"2_34_6_61"},{"num":2.8,"categoryName":"Josh Huestis","name":"2_34_6_67"},{"num":2.4,"categoryName":"Steve Novak","name":"2_34_6_64"},{"num":2.1,"categoryName":"Nick Collison","name":"2_34_6_8"},{"num":1.6,"categoryName":"Nazr Mohammed","name":"2_34_6_30"},{"num":1.3,"categoryName":"Mitch McGary","name":"2_34_6_59"}],"name":"2_34_6_0"},{"num":105.1,"categoryName":"Portland_Trail_Blazers","children":[{"num":25.1,"categoryName":"Damian Lillard","name":"2_34_3_71"},{"num":20.8,"categoryName":"C.J. McCollum","name":"2_34_3_82"},{"num":10.3,"categoryName":"Allen Crabbe","name":"2_34_3_85"},{"num":10.2,"categoryName":"Al-Farouq Aminu","name":"2_34_3_91"},{"num":9.1,"categoryName":"Mason Plumlee","name":"2_34_3_92"},{"num":8.7,"categoryName":"G. Henderson, Jr.","name":"2_34_3_93"},{"num":8.4,"categoryName":"Meyers Leonard","name":"2_34_3_73"},{"num":6.5,"categoryName":"Ed Davis","name":"2_34_3_94"},{"num":6.4,"categoryName":"Maurice Harkless","name":"2_34_3_95"},{"num":3.6,"categoryName":"Noah Vonleh","name":"2_34_3_96"},{"num":2.9,"categoryName":"Brian Roberts","name":"2_34_3_97"},{"num":2.8,"categoryName":"Chris Kaman","name":"2_34_3_88"},{"num":1.5,"categoryName":"Tim Frazier","name":"2_34_3_89"},{"num":1.3,"categoryName":"Cliff Alexander","name":"2_34_3_98"},{"num":1.2,"categoryName":"Luis Montero","name":"2_34_3_99"},{"num":1.1,"categoryName":"Pat Connaughton","name":"2_34_3_100"}],"name":"2_34_3_0"},{"num":97.7,"categoryName":"Utah_Jazz","children":[{"num":19.7,"categoryName":"Gordon Hayward","name":"2_34_5_46"},{"num":16.4,"categoryName":"Derrick Favors","name":"2_34_5_44"},{"num":14.5,"categoryName":"Rodney Hood","name":"2_34_5_71"},{"num":13.3,"categoryName":"Alec Burks","name":"2_34_5_52"},{"num":12.7,"categoryName":"Shelvin Mack","name":"2_34_5_72"},{"num":10.6,"categoryName":"Trey Burke","name":"2_34_5_61"},{"num":9.1,"categoryName":"Rudy Gobert","name":"2_34_5_67"},{"num":6.1,"categoryName":"Trey Lyles","name":"2_34_5_73"},{"num":5.9,"categoryName":"Raul Neto","name":"2_34_5_74"},{"num":5.9,"categoryName":"Trevor Booker","name":"2_34_5_75"},{"num":4.3,"categoryName":"Jeff Withey","name":"2_34_5_76"},{"num":4.2,"categoryName":"Joe Ingles","name":"2_34_5_77"},{"num":2.9,"categoryName":"Chris Johnson","name":"2_34_5_78"},{"num":2.2,"categoryName":"Erick Green","name":"2_34_5_79"},{"num":2,"categoryName":"Tibor Pleiss","name":"2_34_5_80"},{"num":1.8,"categoryName":"Elijah Millsap","name":"2_34_5_81"},{"num":0,"categoryName":"J.J. O'Brien","name":"2_34_5_82"}],"name":"2_34_5_0"}],"name":"2_34_0_0","num":517.3000000000001},{"categoryName":"Pacific","children":[{"num":114.9,"categoryName":"Golden_State_Warriors","children":[{"num":30.1,"categoryName":"Stephen Curry","name":"2_33_6_300"},{"num":22.1,"categoryName":"Klay Thompson","name":"2_33_6_321"},{"num":14,"categoryName":"Draymond Green","name":"2_33_6_338"},{"num":11.7,"categoryName":"Harrison Barnes","name":"2_33_6_336"},{"num":7.1,"categoryName":"Marreese Speights","name":"2_33_6_345"},{"num":7,"categoryName":"Andre Iguodala","name":"2_33_6_342"},{"num":7,"categoryName":"Festus Ezeli","name":"2_33_6_339"},{"num":6.4,"categoryName":"Leandro Barbosa","name":"2_33_6_353"},{"num":6.3,"categoryName":"Shaun Livingston","name":"2_33_6_354"},{"num":5.4,"categoryName":"Andrew Bogut","name":"2_33_6_337"},{"num":4.2,"categoryName":"Brandon Rush","name":"2_33_6_323"},{"num":3.6,"categoryName":"Ian Clark","name":"2_33_6_357"},{"num":2.9,"categoryName":"J.M. McAdoo","name":"2_33_6_356"},{"num":2.6,"categoryName":"Anderson Varejao","name":"2_33_6_358"},{"num":2.1,"categoryName":"Jason Thompson","name":"2_33_6_359"},{"num":1.8,"categoryName":"Kevon Looney","name":"2_33_6_360"}],"name":"2_33_6_0"},{"num":104.5,"categoryName":"Los_Angeles_Clippers","children":[{"num":21.4,"categoryName":"Blake Griffin","name":"2_33_10_219"},{"num":19.5,"categoryName":"Chris Paul","name":"2_33_10_230"},{"num":16.3,"categoryName":"J.J. Redick","name":"2_33_10_247"},{"num":14.2,"categoryName":"Jamal Crawford","name":"2_33_10_240"},{"num":12.7,"categoryName":"DeAndre Jordan","name":"2_33_10_207"},{"num":10.9,"categoryName":"Jeff Green","name":"2_33_10_270"},{"num":8.9,"categoryName":"Austin Rivers","name":"2_33_10_259"},{"num":6.9,"categoryName":"Wesley Johnson","name":"2_33_10_271"},{"num":6.1,"categoryName":"Paul Pierce","name":"2_33_10_272"},{"num":5.7,"categoryName":"Josh Smith","name":"2_33_10_273"},{"num":5.5,"categoryName":"Cole Aldrich","name":"2_33_10_274"},{"num":4.7,"categoryName":"Lance Stephenson","name":"2_33_10_275"},{"num":3.1,"categoryName":"Luc Mbah a Moute","name":"2_33_10_276"},{"num":3,"categoryName":"C.J. Wilcox","name":"2_33_10_265"},{"num":2.5,"categoryName":"Pablo Prigioni","name":"2_33_10_277"},{"num":1.8,"categoryName":"Jeff Ayres","name":"2_33_10_278"},{"num":0.8,"categoryName":"Branden Dawson","name":"2_33_10_279"},{"num":0.5,"categoryName":"Alex Stepheson","name":"2_33_10_280"}],"name":"2_33_10_0"},{"num":97.3,"categoryName":"Los_Angeles_Lakers","children":[{"num":17.6,"categoryName":"Kobe Bryant","name":"2_33_1_159"},{"num":15.5,"categoryName":"Jordan Clarkson","name":"2_33_1_272"},{"num":15.3,"categoryName":"Lou Williams","name":"2_33_1_282"},{"num":13.2,"categoryName":"D'Angelo Russell","name":"2_33_1_283"},{"num":11.3,"categoryName":"Julius Randle","name":"2_33_1_281"},{"num":7.3,"categoryName":"Nick Young","name":"2_33_1_260"},{"num":7.2,"categoryName":"Brandon Bass","name":"2_33_1_284"},{"num":5.9,"categoryName":"Roy Hibbert","name":"2_33_1_285"},{"num":5.5,"categoryName":"Larry Nance Jr.","name":"2_33_1_286"},{"num":5,"categoryName":"Metta World Peace","name":"2_33_1_236"},{"num":4.5,"categoryName":"Marcelo Huertas","name":"2_33_1_287"},{"num":4.2,"categoryName":"Ryan Kelly","name":"2_33_1_266"},{"num":4,"categoryName":"Anthony Brown","name":"2_33_1_288"},{"num":3.5,"categoryName":"Robert Sacre","name":"2_33_1_258"},{"num":3.4,"categoryName":"Tarik Black","name":"2_33_1_279"}],"name":"2_33_1_0"},{"num":100.9,"categoryName":"Phoenix_Suns","children":[{"num":20.4,"categoryName":"Eric Bledsoe","name":"2_33_8_282"},{"num":19.6,"categoryName":"Brandon Knight","name":"2_33_8_292"},{"num":13.8,"categoryName":"Devin Booker","name":"2_33_8_303"},{"num":12.2,"categoryName":"Mirza Teletovic","name":"2_33_8_304"},{"num":11.6,"categoryName":"Markieff Morris","name":"2_33_8_269"},{"num":11,"categoryName":"T.J. Warren","name":"2_33_8_294"},{"num":9,"categoryName":"Alex Len","name":"2_33_8_288"},{"num":8.9,"categoryName":"Archie Goodwin","name":"2_33_8_285"},{"num":8.5,"categoryName":"Jon Leuer","name":"2_33_8_305"},{"num":8,"categoryName":"Orlando Johnson","name":"2_33_8_306"},{"num":8,"categoryName":"P.J. Tucker","name":"2_33_8_276"},{"num":7.3,"categoryName":"Kris Humphries","name":"2_33_8_307"},{"num":7.2,"categoryName":"Tyson Chandler","name":"2_33_8_308"},{"num":5.3,"categoryName":"Ronnie Price","name":"2_33_8_271"},{"num":5.3,"categoryName":"Jordan McRae","name":"2_33_8_309"},{"num":5,"categoryName":"John Jenkins","name":"2_33_8_310"},{"num":3.2,"categoryName":"Chase Budinger","name":"2_33_8_311"},{"num":2.9,"categoryName":"Alan Williams","name":"2_33_8_312"},{"num":2.8,"categoryName":"Cory Jefferson","name":"2_33_8_313"},{"num":2.5,"categoryName":"Sonny Weems","name":"2_33_8_314"},{"num":2.5,"categoryName":"Lorenzo Brown","name":"2_33_8_315"},{"num":2.4,"categoryName":"Phil Pressey","name":"2_33_8_316"},{"num":1.3,"categoryName":"Bryce Cotton","name":"2_33_8_317"}],"name":"2_33_8_0"},{"num":106.6,"categoryName":"Sacramento_Kings","children":[{"num":26.9,"categoryName":"DeMarcus Cousins","name":"2_33_11_177"},{"num":17.2,"categoryName":"Rudy Gay","name":"2_33_11_198"},{"num":14,"categoryName":"Darren Collison","name":"2_33_11_211"},{"num":11.9,"categoryName":"Rajon Rondo","name":"2_33_11_221"},{"num":11.8,"categoryName":"Omri Casspi","name":"2_33_11_166"},{"num":10.2,"categoryName":"Marco Belinelli","name":"2_33_11_222"},{"num":7.8,"categoryName":"Ben McLemore","name":"2_33_11_200"},{"num":7,"categoryName":"W. Cauley-Stein","name":"2_33_11_223"},{"num":6.8,"categoryName":"Seth Curry","name":"2_33_11_224"},{"num":6.8,"categoryName":"Kosta Koufos","name":"2_33_11_225"},{"num":6,"categoryName":"Duje Dukan","name":"2_33_11_226"},{"num":5.2,"categoryName":"Quincy Acy","name":"2_33_11_206"},{"num":3.7,"categoryName":"Caron Butler","name":"2_33_11_227"},{"num":3.5,"categoryName":"James Anderson","name":"2_33_11_228"},{"num":1,"categoryName":"Eric Moreland","name":"2_33_11_219"}],"name":"2_33_11_0"}],"name":"2_33_0_0","num":524.2},{"categoryName":"Southwest","children":[{"num":102.3,"categoryName":"Dallas_Mavericks","children":[{"num":18.3,"categoryName":"Dirk Nowitzki","name":"2_35_1_1"},{"num":14.1,"categoryName":"Deron Williams","name":"2_35_1_106"},{"num":13.7,"categoryName":"Chandler Parsons","name":"2_35_1_96"},{"num":12.5,"categoryName":"Wesley Matthews","name":"2_35_1_107"},{"num":10.9,"categoryName":"Jose Juan Barea","name":"2_35_1_28"},{"num":9.5,"categoryName":"Raymond Felton","name":"2_35_1_103"},{"num":8.6,"categoryName":"Zaza Pachulia","name":"2_35_1_108"},{"num":8.5,"categoryName":"David Lee","name":"2_35_1_109"},{"num":7.6,"categoryName":"Devin Harris","name":"2_35_1_9"},{"num":5.8,"categoryName":"Dwight Powell","name":"2_35_1_104"},{"num":5.1,"categoryName":"Charlie Villanueva","name":"2_35_1_100"},{"num":5.1,"categoryName":"JaVale McGee","name":"2_35_1_110"},{"num":3.8,"categoryName":"Justin Anderson","name":"2_35_1_111"},{"num":3.7,"categoryName":"Salah Mejri","name":"2_35_1_112"},{"num":3.3,"categoryName":"John Jenkins","name":"2_35_1_113"},{"num":2.4,"categoryName":"Jeremy Evans","name":"2_35_1_114"}],"name":"2_35_1_0"},{"num":106.5,"categoryName":"Houston_Rockets","children":[{"num":29,"categoryName":"James Harden","name":"2_35_2_82"},{"num":13.7,"categoryName":"Dwight Howard","name":"2_35_2_97"},{"num":12.8,"categoryName":"Michael Beasley","name":"2_35_2_115"},{"num":12.7,"categoryName":"Trevor Ariza","name":"2_35_2_54"},{"num":10,"categoryName":"Marcus Thornton","name":"2_35_2_116"},{"num":9.9,"categoryName":"Patrick Beverley","name":"2_35_2_89"},{"num":8.7,"categoryName":"Terrence Jones","name":"2_35_2_90"},{"num":7.2,"categoryName":"Corey Brewer","name":"2_35_2_106"},{"num":7,"categoryName":"Clint Capela","name":"2_35_2_112"},{"num":6.6,"categoryName":"Josh Smith","name":"2_35_2_105"},{"num":6.2,"categoryName":"Donatas Motiejunas","name":"2_35_2_88"},{"num":5.9,"categoryName":"Jason Terry","name":"2_35_2_107"},{"num":5.8,"categoryName":"Ty Lawson","name":"2_35_2_117"},{"num":3.6,"categoryName":"Montrezl Harrell","name":"2_35_2_118"},{"num":2.8,"categoryName":"Andrew Goudelock","name":"2_35_2_119"},{"num":2.4,"categoryName":"K.J. McDaniels","name":"2_35_2_114"},{"num":2,"categoryName":"Chuck Hayes","name":"2_35_2_30"},{"num":0,"categoryName":"Sam Dekker","name":"2_35_2_120"}],"name":"2_35_2_0"},{"num":99.1,"categoryName":"Memphis_Grizzlies","children":[{"num":16.6,"categoryName":"Marc Gasol","name":"2_35_3_32"},{"num":15.3,"categoryName":"Mike Conley","name":"2_35_3_33"},{"num":15.3,"categoryName":"Zach Randolph","name":"2_35_3_43"},{"num":14.2,"categoryName":"Lance Stephenson","name":"2_35_3_95"},{"num":12.2,"categoryName":"Jeff Green","name":"2_35_3_87"},{"num":10.8,"categoryName":"Mario Chalmers","name":"2_35_3_96"},{"num":10,"categoryName":"Courtney Lee","name":"2_35_3_79"},{"num":10,"categoryName":"Matt Barnes","name":"2_35_3_97"},{"num":9.2,"categoryName":"Jordan Farmar","name":"2_35_3_98"},{"num":8.4,"categoryName":"Tony Allen","name":"2_35_3_54"},{"num":7.4,"categoryName":"JaMychal Green","name":"2_35_3_92"},{"num":6.9,"categoryName":"Brandan Wright","name":"2_35_3_99"},{"num":6.9,"categoryName":"Ray McCallum","name":"2_35_3_100"},{"num":6.9,"categoryName":"P.J. Hairston","name":"2_35_3_101"},{"num":6.6,"categoryName":"Vince Carter","name":"2_35_3_88"},{"num":5.9,"categoryName":"Beno Udrih","name":"2_35_3_84"},{"num":5.7,"categoryName":"Xavier Munford","name":"2_35_3_102"},{"num":5.7,"categoryName":"Jarell Martin","name":"2_35_3_103"},{"num":5,"categoryName":"Alex Stepheson","name":"2_35_3_104"},{"num":4.8,"categoryName":"Briante Weber","name":"2_35_3_105"},{"num":4.6,"categoryName":"Chris Andersen","name":"2_35_3_106"},{"num":3.6,"categoryName":"Ryan Hollins","name":"2_35_3_107"},{"num":3.5,"categoryName":"Jordan Adams","name":"2_35_3_90"},{"num":1.6,"categoryName":"Elliot Williams","name":"2_35_3_108"},{"num":1.6,"categoryName":"James Ennis","name":"2_35_3_109"},{"num":1.5,"categoryName":"Russ Smith","name":"2_35_3_89"},{"num":0.8,"categoryName":"Bryce Cotton","name":"2_35_3_110"},{"num":0,"categoryName":"Jarnell Stokes","name":"2_35_3_91"}],"name":"2_35_3_0"},{"num":102.7,"categoryName":"New_Orleans_Pelicans","children":[{"num":24.3,"categoryName":"Anthony Davis","name":"2_35_7_1"},{"num":17,"categoryName":"Ryan Anderson","name":"2_35_7_2"},{"num":16.8,"categoryName":"Jrue Holiday","name":"2_35_7_5"},{"num":15.9,"categoryName":"James Ennis","name":"2_35_7_33"},{"num":15.2,"categoryName":"Eric Gordon","name":"2_35_7_3"},{"num":15.2,"categoryName":"Tyreke Evans","name":"2_35_7_4"},{"num":13.1,"categoryName":"Tim Frazier","name":"2_35_7_34"},{"num":11.4,"categoryName":"Jordan Hamilton","name":"2_35_7_35"},{"num":10.6,"categoryName":"Norris Cole","name":"2_35_7_22"},{"num":8.9,"categoryName":"Ish Smith","name":"2_35_7_36"},{"num":8.7,"categoryName":"Toney Douglas","name":"2_35_7_26"},{"num":7,"categoryName":"Luke Babbitt","name":"2_35_7_11"},{"num":6.1,"categoryName":"Dante Cunningham","name":"2_35_7_25"},{"num":6,"categoryName":"Alexis Ajinca","name":"2_35_7_12"},{"num":5.6,"categoryName":"Bryce Dejean-Jones","name":"2_35_7_37"},{"num":4.5,"categoryName":"Alonzo Gee","name":"2_35_7_38"},{"num":4,"categoryName":"Omer Asik","name":"2_35_7_24"},{"num":2.5,"categoryName":"Kendrick Perkins","name":"2_35_7_39"},{"num":2,"categoryName":"Orlando Johnson","name":"2_35_7_40"},{"num":0.5,"categoryName":"Jimmer Fredette","name":"2_35_7_27"},{"num":0,"categoryName":"Nate Robinson","name":"2_35_7_41"}],"name":"2_35_7_0"},{"num":103.5,"categoryName":"San_Antonio_Spurs","children":[{"num":21.2,"categoryName":"Kawhi Leonard","name":"2_35_5_63"},{"num":18,"categoryName":"LaMarcus Aldridge","name":"2_35_5_82"},{"num":11.9,"categoryName":"Tony Parker","name":"2_35_5_2"},{"num":9.6,"categoryName":"Manu Ginobili","name":"2_35_5_3"},{"num":8.6,"categoryName":"Tim Duncan","name":"2_35_5_1"},{"num":8.5,"categoryName":"Patty Mills","name":"2_35_5_61"},{"num":7.2,"categoryName":"Danny Green","name":"2_35_5_52"},{"num":7.1,"categoryName":"David West","name":"2_35_5_83"},{"num":6.4,"categoryName":"Boris Diaw","name":"2_35_5_65"},{"num":6.2,"categoryName":"Kevin Martin","name":"2_35_5_84"},{"num":6,"categoryName":"Jonathon Simmons","name":"2_35_5_85"},{"num":5.5,"categoryName":"Boban Marjanovic","name":"2_35_5_86"},{"num":4.5,"categoryName":"Kyle Anderson","name":"2_35_5_79"},{"num":4.3,"categoryName":"Andre Miller","name":"2_35_5_87"},{"num":2.7,"categoryName":"Rasual Butler","name":"2_35_5_88"},{"num":2.5,"categoryName":"Matt Bonner","name":"2_35_5_25"},{"num":2.2,"categoryName":"Ray McCallum","name":"2_35_5_89"}],"name":"2_35_5_0"}],"name":"2_35_0_0","num":514.0999999999999}],"name":"2_0_0_0","num":1555.6}],"num":3079.8999999999996}