{"year":1952,"name":"root","categoryName":"root","children":[{"categoryName":"Eastern","children":[{"num":84.4,"categoryName":"Baltimore_Bullets_(1st)","children":[{"num":14.2,"categoryName":"Fred Scolari","name":"1_7_56_0"},{"num":13.8,"categoryName":"Don Barksdale","name":"1_7_57_0"},{"num":10.5,"categoryName":"Eddie Miller","name":"1_7_68_0"},{"num":10.3,"categoryName":"Jim Baechtold","name":"1_7_69_0"},{"num":10.2,"categoryName":"Ray Lumpp","name":"1_7_70_0"},{"num":10.2,"categoryName":"Paul Hoffman","name":"1_7_22_0"},{"num":8.4,"categoryName":"Don Henriksen","name":"1_7_71_0"},{"num":5.8,"categoryName":"George Kaftan","name":"1_7_72_0"},{"num":5.6,"categoryName":"Jack Kerris","name":"1_7_73_0"},{"num":5.1,"categoryName":"Ralph O'Brien","name":"1_7_74_0"},{"num":5,"categoryName":"Blaine Denning","name":"1_7_75_0"},{"num":4.9,"categoryName":"Frank Kudelka","name":"1_7_59_0"},{"num":4.3,"categoryName":"Dick Bunt","name":"1_7_76_0"},{"num":4.1,"categoryName":"Kevin O'Shea","name":"1_7_60_0"},{"num":2.3,"categoryName":"Bob Priddy","name":"1_7_77_0"},{"num":1.2,"categoryName":"George McLeod","name":"1_7_78_0"}],"name":"1_7_0_0"},{"num":88.1,"categoryName":"Boston_Celtics","children":[{"num":20.3,"categoryName":"Ed Macauley","name":"1_1_57_0"},{"num":19.8,"categoryName":"Bob Cousy","name":"1_1_58_0"},{"num":16.2,"categoryName":"Bill Sharman","name":"1_1_70_0"},{"num":7.4,"categoryName":"Bob Harris","name":"1_1_65_0"},{"num":6.8,"categoryName":"Bob Brannum","name":"1_1_71_0"},{"num":6.5,"categoryName":"Chuck Cooper","name":"1_1_59_0"},{"num":6.4,"categoryName":"Bob Donham","name":"1_1_64_0"},{"num":2.8,"categoryName":"John Mahnken","name":"1_1_54_0"},{"num":2.3,"categoryName":"Kenny Rollins","name":"1_1_73_0"},{"num":2.3,"categoryName":"Gene Conley","name":"1_1_74_0"},{"num":2,"categoryName":"Mo Mahoney","name":"1_1_75_0"},{"num":0.3,"categoryName":"Kleggie Hermsen","name":"1_1_61_0"}],"name":"1_1_0_0"},{"num":85.5,"categoryName":"New_York_Knicks","children":[{"num":14,"categoryName":"Carl Braun","name":"1_2_21_0"},{"num":12.4,"categoryName":"Harry Gallatin","name":"1_2_28_0"},{"num":12,"categoryName":"Ernie Vandeweghe","name":"1_2_37_0"},{"num":11.9,"categoryName":"Max Zaslofsky","name":"1_2_41_0"},{"num":11.2,"categoryName":"Connie Simmons","name":"1_2_35_0"},{"num":10.6,"categoryName":"Nathaniel Clifton","name":"1_2_42_0"},{"num":10.2,"categoryName":"Vince Boryla","name":"1_2_36_0"},{"num":7.2,"categoryName":"Dick McGuire","name":"1_2_38_0"},{"num":6.1,"categoryName":"Alfred McGuire","name":"1_2_47_0"},{"num":4.7,"categoryName":"Ray Lumpp","name":"1_2_27_0"},{"num":3.3,"categoryName":"Ralph Polson","name":"1_2_48_0"},{"num":2.9,"categoryName":"Dick Bunt","name":"1_2_49_0"},{"num":1.7,"categoryName":"Dick Surhoff","name":"1_2_50_0"},{"num":1.5,"categoryName":"Sherwin Raiken","name":"1_2_51_0"}],"name":"1_2_0_0"},{"num":78.8,"categoryName":"Philadelphia_Warriors","children":[{"num":22.3,"categoryName":"Neil Johnston","name":"1_3_38_0"},{"num":11.9,"categoryName":"Danny Finn","name":"1_3_43_0"},{"num":11.9,"categoryName":"Joe Fulks","name":"1_3_1_0"},{"num":11.8,"categoryName":"Andy Phillip","name":"1_3_33_0"},{"num":9,"categoryName":"Jerry Fleishman","name":"1_3_7_0"},{"num":7.5,"categoryName":"Jim Mooney","name":"1_3_44_0"},{"num":7.4,"categoryName":"Don Lofgran","name":"1_3_45_0"},{"num":6.2,"categoryName":"Nelson Bobb","name":"1_3_25_0"},{"num":6,"categoryName":"Jack McCloskey","name":"1_3_46_0"},{"num":6,"categoryName":"George Senesky","name":"1_3_5_0"},{"num":5.8,"categoryName":"Bill Mlkvy","name":"1_3_47_0"},{"num":5.5,"categoryName":"Ed Mikan","name":"1_3_34_0"},{"num":5.1,"categoryName":"Mark Workman","name":"1_3_48_0"},{"num":4.2,"categoryName":"Frank Kudelka","name":"1_3_49_0"},{"num":3.9,"categoryName":"Ralph Polson","name":"1_3_50_0"},{"num":3.9,"categoryName":"Claude Overton","name":"1_3_51_0"},{"num":3.5,"categoryName":"Moe Radovich","name":"1_3_52_0"}],"name":"1_3_0_0"},{"num":85.6,"categoryName":"Syracuse_Nationals","children":[{"num":17.8,"categoryName":"Dolph Schayes","name":"1_8_1_0"},{"num":14.2,"categoryName":"Paul Seymour","name":"1_8_5_0"},{"num":11.2,"categoryName":"George King","name":"1_8_18_0"},{"num":11.2,"categoryName":"Red Rocha","name":"1_8_17_0"},{"num":9.4,"categoryName":"Bill Gabor","name":"1_8_2_0"},{"num":7.4,"categoryName":"Earl Lloyd","name":"1_8_21_0"},{"num":6.2,"categoryName":"Noble Jorgensen","name":"1_8_13_0"},{"num":5.6,"categoryName":"Wally Osterkorn","name":"1_8_19_0"},{"num":3.8,"categoryName":"Al Cervi","name":"1_8_3_0"},{"num":3.7,"categoryName":"Bob Lochmueller","name":"1_8_22_0"},{"num":3.7,"categoryName":"Jim Brasco","name":"1_8_23_0"}],"name":"1_8_0_0"}],"name":"1_0_0_0","num":422.4},{"categoryName":"Western","children":[{"num":81,"categoryName":"Fort_Wayne_Pistons","children":[{"num":14.3,"categoryName":"Larry Foust","name":"2_8_21_0"},{"num":11.9,"categoryName":"Dick Groat","name":"2_8_41_0"},{"num":11.1,"categoryName":"Fred Scolari","name":"2_8_42_0"},{"num":10.7,"categoryName":"Frankie Brian","name":"2_8_34_0"},{"num":10.7,"categoryName":"Monk Meineke","name":"2_8_43_0"},{"num":10.5,"categoryName":"Fred Schaus","name":"2_8_20_0"},{"num":10,"categoryName":"Andy Phillip","name":"2_8_44_0"},{"num":8.9,"categoryName":"Dike Eddleman","name":"2_8_35_0"},{"num":6.7,"categoryName":"Don Boven","name":"2_8_45_0"},{"num":5.3,"categoryName":"Chuck Share","name":"2_8_37_0"},{"num":3.4,"categoryName":"Jack Kerris","name":"2_8_22_0"},{"num":3.3,"categoryName":"Ralph O'Brien","name":"2_8_46_0"},{"num":2.7,"categoryName":"Ralph Johnson","name":"2_8_24_0"},{"num":2.3,"categoryName":"Jake Fendley","name":"2_8_38_0"},{"num":1.4,"categoryName":"Ray Corley","name":"2_8_47_0"},{"num":1,"categoryName":"Jack Kiley","name":"2_8_39_0"}],"name":"2_8_0_0"},{"num":74.6,"categoryName":"Indianapolis_Olympians","children":[{"num":13.6,"categoryName":"Leo Barnhorst","name":"2_14_15_0"},{"num":13,"categoryName":"Joe Graboski","name":"2_14_20_0"},{"num":11.3,"categoryName":"Bill Tosheff","name":"2_14_21_0"},{"num":10.7,"categoryName":"Paul Walther","name":"2_14_5_0"},{"num":8.8,"categoryName":"Bob Lavoy","name":"2_14_14_0"},{"num":7.1,"categoryName":"Mel Payton","name":"2_14_24_0"},{"num":5.2,"categoryName":"Gene Rhodes","name":"2_14_25_0"},{"num":5.1,"categoryName":"Ralph O'Brien","name":"2_14_22_0"},{"num":4.6,"categoryName":"Zeke Zawoluk","name":"2_14_26_0"},{"num":3,"categoryName":"Ed Mikan","name":"2_14_27_0"},{"num":1.8,"categoryName":"Don Hanrahan","name":"2_14_28_0"},{"num":1.7,"categoryName":"Kleggie Hermsen","name":"2_14_29_0"},{"num":0.3,"categoryName":"Bob Naber","name":"2_14_30_0"}],"name":"2_14_0_0"},{"num":74.4,"categoryName":"Milwaukee_Hawks","children":[{"num":15.8,"categoryName":"Jack Nichols","name":"2_18_21_0"},{"num":11.7,"categoryName":"Mel Hutchins","name":"2_18_6_0"},{"num":9.5,"categoryName":"George Ratkovicz","name":"2_18_22_0"},{"num":9.2,"categoryName":"Bill Calhoun","name":"2_18_23_0"},{"num":7.9,"categoryName":"Stan Miasek","name":"2_18_24_0"},{"num":6.9,"categoryName":"Dave Minor","name":"2_18_25_0"},{"num":6.4,"categoryName":"Johnny Payak","name":"2_18_26_0"},{"num":5.5,"categoryName":"Al Masino","name":"2_18_27_0"},{"num":5.5,"categoryName":"Don Otten","name":"2_18_1_0"},{"num":5.4,"categoryName":"Dillard Crocker","name":"2_18_7_0"},{"num":4.9,"categoryName":"Bucky McConnell","name":"2_18_28_0"},{"num":4.2,"categoryName":"John O'Boyle","name":"2_18_29_0"},{"num":3.2,"categoryName":"George Feigenbaum","name":"2_18_30_0"},{"num":3,"categoryName":"Mike O'Neill","name":"2_18_31_0"},{"num":1.1,"categoryName":"Andrew Levane","name":"2_18_32_0"},{"num":0.9,"categoryName":"Pete Darcey","name":"2_18_33_0"}],"name":"2_18_0_0"},{"num":85.3,"categoryName":"Minneapolis_Lakers","children":[{"num":20.6,"categoryName":"George Mikan","name":"2_10_1_0"},{"num":15,"categoryName":"Vern Mikkelsen","name":"2_10_16_0"},{"num":13,"categoryName":"Jim Pollard","name":"2_10_2_0"},{"num":10.6,"categoryName":"Slater Martin","name":"2_10_17_0"},{"num":7.4,"categoryName":"Pep Saul","name":"2_10_23_0"},{"num":7.1,"categoryName":"Bob Harrison","name":"2_10_18_0"},{"num":4,"categoryName":"Jim Holstein","name":"2_10_28_0"},{"num":3.7,"categoryName":"Lew Hitch","name":"2_10_26_0"},{"num":3.7,"categoryName":"Whitey Skoog","name":"2_10_24_0"},{"num":2.3,"categoryName":"Howie Schultz","name":"2_10_25_0"}],"name":"2_10_0_0"},{"num":86.3,"categoryName":"Rochester_Royals","children":[{"num":15.6,"categoryName":"Bob Davies","name":"2_11_2_0"},{"num":14.6,"categoryName":"Bobby Wanzer","name":"2_11_3_0"},{"num":13,"categoryName":"Arnie Risen","name":"2_11_1_0"},{"num":10.9,"categoryName":"Jack Coleman","name":"2_11_13_0"},{"num":9.6,"categoryName":"Odie Spears","name":"2_11_18_0"},{"num":8.3,"categoryName":"Arnie Johnson","name":"2_11_5_0"},{"num":7.2,"categoryName":"Jack McMahon","name":"2_11_22_0"},{"num":5.1,"categoryName":"Alex Hannum","name":"2_11_19_0"},{"num":3.6,"categoryName":"Cal Christensen","name":"2_11_23_0"},{"num":2.2,"categoryName":"Red Holzman","name":"2_11_4_0"}],"name":"2_11_0_0"}],"name":"2_0_0_0","num":401.6}],"num":824}