{"year":1966,"name":"root","categoryName":"root","children":[{"categoryName":"Eastern","children":[{"num":115.5,"categoryName":"Baltimore_Bullets","children":[{"num":20.7,"categoryName":"Gus Johnson","name":"1_11_1_0"},{"num":20.3,"categoryName":"Don Ohl","name":"1_11_2_0"},{"num":19,"categoryName":"Ray Scott","name":"1_11_3_0"},{"num":18.2,"categoryName":"Kevin Loughery","name":"1_11_4_0"},{"num":14.9,"categoryName":"LeRoy Ellis","name":"1_11_5_0"},{"num":10.1,"categoryName":"Johnny Egan","name":"1_11_6_0"},{"num":9.6,"categoryName":"Jack Marin","name":"1_11_7_0"},{"num":8.3,"categoryName":"John Barnhill","name":"1_11_8_0"},{"num":8.2,"categoryName":"Johnny Green","name":"1_11_9_0"},{"num":6.9,"categoryName":"Wayne Hightower","name":"1_11_10_0"},{"num":6.5,"categoryName":"Bob Ferry","name":"1_11_11_0"},{"num":6.4,"categoryName":"Mel Counts","name":"1_11_12_0"},{"num":6.2,"categoryName":"Ben Warley","name":"1_11_13_0"},{"num":5.8,"categoryName":"Johnny Austin","name":"1_11_14_0"}],"name":"1_11_0_0"},{"num":119.3,"categoryName":"Boston_Celtics","children":[{"num":22.1,"categoryName":"Sam Jones","name":"1_1_93_0"},{"num":21.4,"categoryName":"John Havlicek","name":"1_1_103_0"},{"num":20,"categoryName":"Bailey Howell","name":"1_1_119_0"},{"num":14.1,"categoryName":"Larry Siegfried","name":"1_1_108_0"},{"num":13.3,"categoryName":"Bill Russell","name":"1_1_90_0"},{"num":10.2,"categoryName":"Tom Sanders","name":"1_1_99_0"},{"num":7.5,"categoryName":"Don Nelson","name":"1_1_115_0"},{"num":6.2,"categoryName":"K.C. Jones","name":"1_1_95_0"},{"num":5.2,"categoryName":"Wayne Embry","name":"1_1_120_0"},{"num":4.1,"categoryName":"Jim Barnett","name":"1_1_121_0"},{"num":2.6,"categoryName":"Toby Kimball","name":"1_1_122_0"},{"num":1.4,"categoryName":"Ron Watts","name":"1_1_118_0"}],"name":"1_1_0_0"},{"num":117.1,"categoryName":"Cincinnati_Royals","children":[{"num":30.5,"categoryName":"Oscar Robertson","name":"1_9_1_0"},{"num":17.8,"categoryName":"Jerry Lucas","name":"1_9_13_0"},{"num":16.6,"categoryName":"Adrian Smith","name":"1_9_7_0"},{"num":14.9,"categoryName":"Happy Hairston","name":"1_9_17_0"},{"num":9.3,"categoryName":"Connie Dierking","name":"1_9_19_0"},{"num":8.8,"categoryName":"Flynn Robinson","name":"1_9_22_0"},{"num":8.5,"categoryName":"Jon McGlocklin","name":"1_9_20_0"},{"num":6.7,"categoryName":"Bob Love","name":"1_9_23_0"},{"num":4.9,"categoryName":"Walt Wesley","name":"1_9_24_0"},{"num":4.7,"categoryName":"Freddie Lewis","name":"1_9_25_0"},{"num":4.1,"categoryName":"Len Chappell","name":"1_9_26_0"},{"num":2.4,"categoryName":"George Wilson","name":"1_9_18_0"},{"num":2.1,"categoryName":"Jim Ware","name":"1_9_27_0"}],"name":"1_9_0_0"},{"num":116.4,"categoryName":"New_York_Knicks","children":[{"num":20.9,"categoryName":"Willis Reed","name":"1_2_124_0"},{"num":19,"categoryName":"Walt Bellamy","name":"1_2_129_0"},{"num":17,"categoryName":"Dick Barnett","name":"1_2_130_0"},{"num":15.7,"categoryName":"Howard Komives","name":"1_2_126_0"},{"num":15.1,"categoryName":"Dick Van Arsdale","name":"1_2_132_0"},{"num":13,"categoryName":"Dave Stallworth","name":"1_2_131_0"},{"num":11.3,"categoryName":"Cazzie Russell","name":"1_2_134_0"},{"num":8.7,"categoryName":"Em Bryant","name":"1_2_127_0"},{"num":5.9,"categoryName":"Freddie Crawford","name":"1_2_135_0"},{"num":3.8,"categoryName":"Henry Akin","name":"1_2_136_0"},{"num":3.5,"categoryName":"Wayne Molis","name":"1_2_137_0"},{"num":3.4,"categoryName":"Neil Johnson","name":"1_2_138_0"},{"num":1.1,"categoryName":"Dave Deutsch","name":"1_2_139_0"}],"name":"1_2_0_0"},{"num":125.2,"categoryName":"Philadelphia_76ers","children":[{"num":24.1,"categoryName":"Wilt Chamberlain","name":"1_10_15_0"},{"num":22.1,"categoryName":"Hal Greer","name":"1_10_1_0"},{"num":19.3,"categoryName":"Chet Walker","name":"1_10_2_0"},{"num":18.5,"categoryName":"Billy Cunningham","name":"1_10_19_0"},{"num":13.2,"categoryName":"Wali Jones","name":"1_10_20_0"},{"num":12,"categoryName":"Luke Jackson","name":"1_10_16_0"},{"num":7.8,"categoryName":"Larry Costello","name":"1_10_5_0"},{"num":6.5,"categoryName":"Dave Gambee","name":"1_10_7_0"},{"num":4.3,"categoryName":"Bill Melchionni","name":"1_10_25_0"},{"num":3,"categoryName":"Matt Guokas","name":"1_10_26_0"},{"num":2,"categoryName":"Bob Weiss","name":"1_10_24_0"}],"name":"1_10_0_0"}],"name":"1_0_0_0","num":593.5},{"categoryName":"Western","children":[{"num":113.2,"categoryName":"Chicago_Bulls","children":[{"num":18,"categoryName":"Guy Rodgers","name":"2_27_1_0"},{"num":18,"categoryName":"Bob Boozer","name":"2_27_2_0"},{"num":17.4,"categoryName":"Jerry Sloan","name":"2_27_3_0"},{"num":12.7,"categoryName":"Erwin Mueller","name":"2_27_4_0"},{"num":10.2,"categoryName":"Don Kojis","name":"2_27_5_0"},{"num":9.2,"categoryName":"McCoy McLemore","name":"2_27_6_0"},{"num":7.7,"categoryName":"Keith Erickson","name":"2_27_7_0"},{"num":7.7,"categoryName":"Jim Washington","name":"2_27_8_0"},{"num":7.3,"categoryName":"Barry Clemens","name":"2_27_9_0"},{"num":4.9,"categoryName":"Len Chappell","name":"2_27_10_0"},{"num":4.6,"categoryName":"George Wilson","name":"2_27_11_0"},{"num":4.2,"categoryName":"Gerry Ward","name":"2_27_12_0"},{"num":3,"categoryName":"Dave Schellhase","name":"2_27_13_0"},{"num":2.4,"categoryName":"Nate Bowman","name":"2_27_14_0"}],"name":"2_27_0_0"},{"num":111.3,"categoryName":"Detroit_Pistons","children":[{"num":20,"categoryName":"Dave Bing","name":"2_21_56_0"},{"num":18.2,"categoryName":"Dave DeBusschere","name":"2_21_34_0"},{"num":17.6,"categoryName":"Eddie Miles","name":"2_21_41_0"},{"num":14.7,"categoryName":"Ray Scott","name":"2_21_32_0"},{"num":12.2,"categoryName":"Tom Van Arsdale","name":"2_21_48_0"},{"num":9.9,"categoryName":"John Tresvant","name":"2_21_50_0"},{"num":9.5,"categoryName":"Joe Strawder","name":"2_21_49_0"},{"num":8.6,"categoryName":"Wayne Hightower","name":"2_21_57_0"},{"num":8.5,"categoryName":"Ron Reed","name":"2_21_54_0"},{"num":5.5,"categoryName":"Reggie Harding","name":"2_21_38_0"},{"num":4.3,"categoryName":"Chico Vaughn","name":"2_21_52_0"},{"num":2.8,"categoryName":"Dorie Murrey","name":"2_21_58_0"},{"num":2.3,"categoryName":"Bob Hogsett","name":"2_21_59_0"}],"name":"2_21_0_0"},{"num":120.5,"categoryName":"Los_Angeles_Lakers","children":[{"num":28.7,"categoryName":"Jerry West","name":"2_22_2_0"},{"num":26.6,"categoryName":"Elgin Baylor","name":"2_22_1_0"},{"num":12.8,"categoryName":"Rudy LaRusso","name":"2_22_3_0"},{"num":12.4,"categoryName":"Gail Goodrich","name":"2_22_31_0"},{"num":10.7,"categoryName":"Darrall Imhoff","name":"2_22_25_0"},{"num":10.5,"categoryName":"Archie Clark","name":"2_22_33_0"},{"num":9.3,"categoryName":"Mahdi Abdul-Rahman","name":"2_22_26_0"},{"num":8.5,"categoryName":"Mel Counts","name":"2_22_34_0"},{"num":8.3,"categoryName":"Tom Hawkins","name":"2_22_6_0"},{"num":7.5,"categoryName":"Jerry Chambers","name":"2_22_35_0"},{"num":7,"categoryName":"Jim Barnes","name":"2_22_36_0"},{"num":2.9,"categoryName":"John Block","name":"2_22_37_0"},{"num":1.5,"categoryName":"Hank Finkel","name":"2_22_38_0"}],"name":"2_22_0_0"},{"num":122.4,"categoryName":"San_Francisco_Warriors","children":[{"num":35.6,"categoryName":"Rick Barry","name":"2_25_27_0"},{"num":18.7,"categoryName":"Nate Thurmond","name":"2_25_17_0"},{"num":13.9,"categoryName":"Paul Neumann","name":"2_25_20_0"},{"num":12.9,"categoryName":"Jeff Mullins","name":"2_25_32_0"},{"num":12.2,"categoryName":"Fred Hetzel","name":"2_25_28_0"},{"num":12,"categoryName":"George Lee","name":"2_25_10_0"},{"num":11.1,"categoryName":"Jim King","name":"2_25_33_0"},{"num":10.6,"categoryName":"Tom Meschery","name":"2_25_2_0"},{"num":7.4,"categoryName":"Al Attles","name":"2_25_6_0"},{"num":7,"categoryName":"Clyde Lee","name":"2_25_34_0"},{"num":4.3,"categoryName":"Bud Olsen","name":"2_25_30_0"},{"num":3.7,"categoryName":"Joe Ellis","name":"2_25_35_0"},{"num":3,"categoryName":"Bob Warlick","name":"2_25_36_0"}],"name":"2_25_0_0"},{"num":113.6,"categoryName":"St._Louis_Hawks","children":[{"num":18.4,"categoryName":"Lou Hudson","name":"2_19_71_0"},{"num":17.8,"categoryName":"Zelmo Beaty","name":"2_19_51_0"},{"num":17.4,"categoryName":"Bill Bridges","name":"2_19_55_0"},{"num":17.4,"categoryName":"Lenny Wilkens","name":"2_19_31_0"},{"num":13.8,"categoryName":"Joe Caldwell","name":"2_19_68_0"},{"num":13.7,"categoryName":"Richie Guerin","name":"2_19_60_0"},{"num":8.8,"categoryName":"Rod Thorn","name":"2_19_69_0"},{"num":6.8,"categoryName":"Paul Silas","name":"2_19_64_0"},{"num":6.3,"categoryName":"Gene Tormohlen","name":"2_19_59_0"},{"num":6.1,"categoryName":"Dick Snyder","name":"2_19_72_0"},{"num":2.1,"categoryName":"Tommy Kron","name":"2_19_73_0"},{"num":1.8,"categoryName":"Tom Hoover","name":"2_19_74_0"}],"name":"2_19_0_0"}],"name":"2_0_0_0","num":581}],"num":1174.5}