{"year":1957,"name":"root","categoryName":"root","children":[{"categoryName":"Eastern","children":[{"num":109.9,"categoryName":"Boston_Celtics","children":[{"num":22.3,"categoryName":"Bill Sharman","name":"1_1_70_0"},{"num":18,"categoryName":"Bob Cousy","name":"1_1_58_0"},{"num":17.8,"categoryName":"Tom Heinsohn","name":"1_1_89_0"},{"num":16.6,"categoryName":"Bill Russell","name":"1_1_90_0"},{"num":16.5,"categoryName":"Frank Ramsey","name":"1_1_80_0"},{"num":7.7,"categoryName":"Lou Tsioropoulos","name":"1_1_92_0"},{"num":6.1,"categoryName":"Arnie Risen","name":"1_1_87_0"},{"num":5.8,"categoryName":"Jack Nichols","name":"1_1_77_0"},{"num":4.6,"categoryName":"Sam Jones","name":"1_1_93_0"},{"num":4.6,"categoryName":"Jim Loscutoff","name":"1_1_86_0"},{"num":3.4,"categoryName":"Andy Phillip","name":"1_1_91_0"}],"name":"1_1_0_0"},{"num":112.1,"categoryName":"New_York_Knicks","children":[{"num":18.6,"categoryName":"Kenny Sears","name":"1_2_68_0"},{"num":18.1,"categoryName":"Willie Naulls","name":"1_2_72_0"},{"num":16.5,"categoryName":"Richie Guerin","name":"1_2_73_0"},{"num":16.5,"categoryName":"Carl Braun","name":"1_2_21_0"},{"num":12.2,"categoryName":"Ray Felix","name":"1_2_57_0"},{"num":11.5,"categoryName":"Ron Sobie","name":"1_2_75_0"},{"num":11.1,"categoryName":"Guy Sparrow","name":"1_2_79_0"},{"num":7.4,"categoryName":"Charlie Tyra","name":"1_2_80_0"},{"num":7,"categoryName":"Mel Hutchins","name":"1_2_81_0"},{"num":4,"categoryName":"Larry Friend","name":"1_2_82_0"},{"num":3.9,"categoryName":"Art Spoelstra","name":"1_2_83_0"},{"num":3.1,"categoryName":"Phil Jordon","name":"1_2_76_0"},{"num":1.9,"categoryName":"Brendan McCann","name":"1_2_84_0"},{"num":0,"categoryName":"Ron Shavlik","name":"1_2_77_0"}],"name":"1_2_0_0"},{"num":104.3,"categoryName":"Philadelphia_Warriors","children":[{"num":20.7,"categoryName":"Paul Arizin","name":"1_3_32_0"},{"num":19.5,"categoryName":"Neil Johnston","name":"1_3_38_0"},{"num":13.8,"categoryName":"Tom Gola","name":"1_3_69_0"},{"num":12.8,"categoryName":"Woody Sauldsberry","name":"1_3_75_0"},{"num":12.6,"categoryName":"Joe Graboski","name":"1_3_53_0"},{"num":10.1,"categoryName":"Ernie Beck","name":"1_3_56_0"},{"num":8.9,"categoryName":"Jack George","name":"1_3_54_0"},{"num":4.4,"categoryName":"Lennie Rosenbluth","name":"1_3_76_0"},{"num":4.4,"categoryName":"George Dempsey","name":"1_3_61_0"},{"num":3,"categoryName":"Walt Davis","name":"1_3_58_0"},{"num":2.5,"categoryName":"Pat Dunn","name":"1_3_77_0"},{"num":2,"categoryName":"Jim Walsh","name":"1_3_78_0"},{"num":0,"categoryName":"Ray Radziszewski","name":"1_3_79_0"}],"name":"1_3_0_0"},{"num":107.2,"categoryName":"Syracuse_Nationals","children":[{"num":24.9,"categoryName":"Dolph Schayes","name":"1_8_1_0"},{"num":15.2,"categoryName":"Red Kerr","name":"1_8_32_0"},{"num":15,"categoryName":"Ed Conlin","name":"1_8_37_0"},{"num":14.9,"categoryName":"Larry Costello","name":"1_8_47_0"},{"num":8.6,"categoryName":"Togo Palazzi","name":"1_8_38_0"},{"num":8.3,"categoryName":"Al Bianchi","name":"1_8_39_0"},{"num":8.2,"categoryName":"Bob Hopkins","name":"1_8_42_0"},{"num":7.2,"categoryName":"Bob Harrison","name":"1_8_46_0"},{"num":5.2,"categoryName":"Earl Lloyd","name":"1_8_21_0"},{"num":4.2,"categoryName":"Paul Seymour","name":"1_8_5_0"},{"num":2.8,"categoryName":"Joe Holup","name":"1_8_40_0"}],"name":"1_8_0_0"}],"name":"1_0_0_0","num":433.5},{"categoryName":"Western","children":[{"num":101.7,"categoryName":"Cincinnati_Royals","children":[{"num":23.4,"categoryName":"Clyde Lovellette","name":"2_20_1_0"},{"num":17.2,"categoryName":"Jack Twyman","name":"2_20_2_0"},{"num":16.9,"categoryName":"Maurice Stokes","name":"2_20_3_0"},{"num":9.8,"categoryName":"Jim Paxson, Sr.","name":"2_20_4_0"},{"num":9.7,"categoryName":"George King","name":"2_20_5_0"},{"num":7.8,"categoryName":"Dick Ricketts","name":"2_20_6_0"},{"num":7.3,"categoryName":"Richie Regan","name":"2_20_7_0"},{"num":5.6,"categoryName":"Dave Piontek","name":"2_20_8_0"},{"num":4.9,"categoryName":"Monk Meineke","name":"2_20_9_0"},{"num":4.5,"categoryName":"Tom Marshall","name":"2_20_10_0"},{"num":3.9,"categoryName":"Dick Duckett","name":"2_20_11_0"},{"num":3.3,"categoryName":"Jerry Paulson","name":"2_20_12_0"}],"name":"2_20_0_0"},{"num":105.3,"categoryName":"Detroit_Pistons","children":[{"num":27.8,"categoryName":"George Yardley","name":"2_21_1_0"},{"num":15.6,"categoryName":"Gene Shue","name":"2_21_2_0"},{"num":14.9,"categoryName":"Harry Gallatin","name":"2_21_3_0"},{"num":11.2,"categoryName":"Walter Dukes","name":"2_21_4_0"},{"num":9,"categoryName":"Phil Jordon","name":"2_21_5_0"},{"num":8.1,"categoryName":"Dick McGuire","name":"2_21_6_0"},{"num":7.7,"categoryName":"Nathaniel Clifton","name":"2_21_7_0"},{"num":7.5,"categoryName":"Bob Houbregs","name":"2_21_8_0"},{"num":7.4,"categoryName":"Chuck Noble","name":"2_21_9_0"},{"num":7.4,"categoryName":"Billy Kenville","name":"2_21_10_0"},{"num":5.6,"categoryName":"Joe Holup","name":"2_21_11_0"},{"num":3.7,"categoryName":"Bill Thieben","name":"2_21_12_0"},{"num":2.4,"categoryName":"Dick Atha","name":"2_21_13_0"},{"num":2.3,"categoryName":"Tom Marshall","name":"2_21_14_0"},{"num":1.9,"categoryName":"Bill Ebben","name":"2_21_15_0"},{"num":1.3,"categoryName":"Doug Bolstorff","name":"2_21_16_0"}],"name":"2_21_0_0"},{"num":105.1,"categoryName":"Minneapolis_Lakers","children":[{"num":17.3,"categoryName":"Vern Mikkelsen","name":"2_10_16_0"},{"num":16.8,"categoryName":"Larry Foust","name":"2_10_44_0"},{"num":16.1,"categoryName":"Dick Garmaker","name":"2_10_36_0"},{"num":11.2,"categoryName":"Slick Leonard","name":"2_10_41_0"},{"num":9.1,"categoryName":"Dick Schnittker","name":"2_10_30_0"},{"num":8.8,"categoryName":"Ed Fleming","name":"2_10_45_0"},{"num":8.2,"categoryName":"Bo Erias","name":"2_10_46_0"},{"num":7.8,"categoryName":"Jim Krebs","name":"2_10_47_0"},{"num":7.6,"categoryName":"Art Spoelstra","name":"2_10_48_0"},{"num":7,"categoryName":"Hot Rod Hundley","name":"2_10_49_0"},{"num":6.8,"categoryName":"Corky Devlin","name":"2_10_50_0"},{"num":6.3,"categoryName":"Frank Selvy","name":"2_10_51_0"},{"num":3.9,"categoryName":"Bob Burrow","name":"2_10_52_0"},{"num":2.8,"categoryName":"McCoy Ingram","name":"2_10_53_0"},{"num":1,"categoryName":"George Brown","name":"2_10_54_0"}],"name":"2_10_0_0"},{"num":107.5,"categoryName":"St._Louis_Hawks","children":[{"num":24.6,"categoryName":"Bob Pettit","name":"2_19_1_0"},{"num":19.9,"categoryName":"Cliff Hagan","name":"2_19_18_0"},{"num":14.2,"categoryName":"Ed Macauley","name":"2_19_15_0"},{"num":12,"categoryName":"Slater Martin","name":"2_19_16_0"},{"num":8.6,"categoryName":"Chuck Share","name":"2_19_2_0"},{"num":7.9,"categoryName":"Jack McMahon","name":"2_19_9_0"},{"num":7.8,"categoryName":"Win Wilfong","name":"2_19_23_0"},{"num":7.6,"categoryName":"Jack Coleman","name":"2_19_3_0"},{"num":5.4,"categoryName":"Med Park","name":"2_19_13_0"},{"num":4.9,"categoryName":"Walt Davis","name":"2_19_24_0"},{"num":2.3,"categoryName":"Frank Selvy","name":"2_19_4_0"},{"num":1.8,"categoryName":"Worthy Patterson","name":"2_19_25_0"},{"num":1.6,"categoryName":"Red Morrison","name":"2_19_26_0"}],"name":"2_19_0_0"}],"name":"2_0_0_0","num":419.6}],"num":853.1}