{"year":1982,"name":"root","categoryName":"root","children":[{"categoryName":"Eastern","children":[{"categoryName":"Atlantic","children":[{"num":112.1,"categoryName":"Boston_Celtics","children":[{"num":23.6,"categoryName":"Larry Bird","name":"1_14_1_52"},{"num":19.3,"categoryName":"Robert Parish","name":"1_14_1_57"},{"num":14.1,"categoryName":"Kevin McHale","name":"1_14_1_58"},{"num":11.9,"categoryName":"Cedric Maxwell","name":"1_14_1_36"},{"num":10.5,"categoryName":"Tiny Archibald","name":"1_14_1_44"},{"num":9.9,"categoryName":"Danny Ainge","name":"1_14_1_61"},{"num":8.2,"categoryName":"Gerald Henderson","name":"1_14_1_55"},{"num":7.9,"categoryName":"Quinn Buckner","name":"1_14_1_64"},{"num":5.2,"categoryName":"Scott Wedman","name":"1_14_1_65"},{"num":4.3,"categoryName":"M.L. Carr","name":"1_14_1_54"},{"num":4.2,"categoryName":"Rick Robey","name":"1_14_1_43"},{"num":3.6,"categoryName":"Charles Bradley","name":"1_14_1_62"},{"num":1.1,"categoryName":"Darren Tillis","name":"1_14_1_66"}],"name":"1_14_1_0"},{"num":105.8,"categoryName":"New_Jersey_Nets","children":[{"num":17,"categoryName":"Albert King","name":"1_14_6_43"},{"num":17,"categoryName":"Buck Williams","name":"1_14_6_41"},{"num":15.1,"categoryName":"Otis Birdsong","name":"1_14_6_42"},{"num":13.4,"categoryName":"Mickey Johnson","name":"1_14_6_51"},{"num":13.2,"categoryName":"Darwin Cook","name":"1_14_6_33"},{"num":12.7,"categoryName":"M.R. Richardson","name":"1_14_6_52"},{"num":12,"categoryName":"Darryl Dawkins","name":"1_14_6_53"},{"num":7.5,"categoryName":"Mike Gminski","name":"1_14_6_32"},{"num":6.7,"categoryName":"Phil Ford","name":"1_14_6_54"},{"num":6.7,"categoryName":"Mike O'Koren","name":"1_14_6_34"},{"num":5.3,"categoryName":"Sleepy Floyd","name":"1_14_6_55"},{"num":4.4,"categoryName":"Foots Walker","name":"1_14_6_38"},{"num":3.4,"categoryName":"Len Elmore","name":"1_14_6_45"},{"num":3.3,"categoryName":"James Bailey","name":"1_14_6_46"},{"num":3.2,"categoryName":"Eddie Phillips","name":"1_14_6_56"},{"num":2.4,"categoryName":"Bill Willoughby","name":"1_14_6_57"},{"num":1.2,"categoryName":"J. Van Breda Kolff","name":"1_14_6_16"}],"name":"1_14_6_0"},{"num":100,"categoryName":"New_York_Knicks","children":[{"num":21.9,"categoryName":"Bernard King","name":"1_14_3_70"},{"num":15.7,"categoryName":"Bill Cartwright","name":"1_14_3_56"},{"num":11.9,"categoryName":"Sly Williams","name":"1_14_3_59"},{"num":10,"categoryName":"Rory Sparrow","name":"1_14_3_71"},{"num":10,"categoryName":"Paul Westphal","name":"1_14_3_66"},{"num":9.5,"categoryName":"Truck Robinson","name":"1_14_3_72"},{"num":8.4,"categoryName":"Trent Tucker","name":"1_14_3_73"},{"num":8.4,"categoryName":"Louis Orr","name":"1_14_3_74"},{"num":6.2,"categoryName":"Ed Sherod","name":"1_14_3_75"},{"num":5.4,"categoryName":"Marvin Webster","name":"1_14_3_48"},{"num":5.4,"categoryName":"Ernie Grunfeld","name":"1_14_3_76"},{"num":3.1,"categoryName":"Vince Taylor","name":"1_14_3_77"},{"num":1.8,"categoryName":"Mike Davis","name":"1_14_3_78"},{"num":1.1,"categoryName":"Scott Hastings","name":"1_14_3_79"}],"name":"1_14_3_0"},{"num":112.1,"categoryName":"Philadelphia_76ers","children":[{"num":24.5,"categoryName":"Moses Malone","name":"1_14_4_82"},{"num":21.4,"categoryName":"Julius Erving","name":"1_14_4_57"},{"num":19.7,"categoryName":"Andrew Toney","name":"1_14_4_76"},{"num":12.5,"categoryName":"Maurice Cheeks","name":"1_14_4_68"},{"num":9,"categoryName":"Bobby Jones","name":"1_14_4_66"},{"num":7.6,"categoryName":"Clint Richardson","name":"1_14_4_73"},{"num":6.8,"categoryName":"Clemon Johnson","name":"1_14_4_83"},{"num":6.7,"categoryName":"Franklin Edwards","name":"1_14_4_81"},{"num":5.5,"categoryName":"Reggie Johnson","name":"1_14_4_84"},{"num":5.1,"categoryName":"Russ Schoene","name":"1_14_4_85"},{"num":5.1,"categoryName":"Marc Iavaroni","name":"1_14_4_86"},{"num":3.4,"categoryName":"Earl Cureton","name":"1_14_4_78"},{"num":2.2,"categoryName":"Mark McNamara","name":"1_14_4_87"},{"num":1.3,"categoryName":"J.J. Anderson","name":"1_14_4_88"}],"name":"1_14_4_0"},{"num":99.2,"categoryName":"Washington_Bullets","children":[{"num":19.4,"categoryName":"Jeff Ruland","name":"1_14_7_30"},{"num":18,"categoryName":"Greg Ballard","name":"1_14_7_9"},{"num":15.7,"categoryName":"Ricky Sobers","name":"1_14_7_38"},{"num":12.5,"categoryName":"Frank Johnson","name":"1_14_7_32"},{"num":11.8,"categoryName":"Don Collins","name":"1_14_7_21"},{"num":11,"categoryName":"Rick Mahorn","name":"1_14_7_25"},{"num":8.2,"categoryName":"Spencer Haywood","name":"1_14_7_31"},{"num":7.9,"categoryName":"Billy Ray Bates","name":"1_14_7_39"},{"num":7.6,"categoryName":"Charles Davis","name":"1_14_7_35"},{"num":7.2,"categoryName":"Kevin Grevey","name":"1_14_7_3"},{"num":4.3,"categoryName":"Kevin Porter","name":"1_14_7_15"},{"num":4.1,"categoryName":"John Lucas","name":"1_14_7_33"},{"num":4.1,"categoryName":"Chubby Cox","name":"1_14_7_40"},{"num":4,"categoryName":"Bryan Warrick","name":"1_14_7_41"},{"num":3.9,"categoryName":"Joe Kopicki","name":"1_14_7_42"},{"num":3.3,"categoryName":"Dave Batton","name":"1_14_7_43"},{"num":3,"categoryName":"Joe Cooper","name":"1_14_7_44"},{"num":1.6,"categoryName":"Carlos Terry","name":"1_14_7_22"},{"num":1.1,"categoryName":"Steve Lingenfelter","name":"1_14_7_45"}],"name":"1_14_7_0"}],"name":"1_14_0_0","num":529.2},{"categoryName":"Central","children":[{"num":101.6,"categoryName":"Atlanta_Hawks","children":[{"num":19,"categoryName":"Dan Roundfield","name":"1_15_1_60"},{"num":17.5,"categoryName":"Dominique Wilkins","name":"1_15_1_79"},{"num":16,"categoryName":"Eddie Johnson","name":"1_15_1_55"},{"num":12.9,"categoryName":"Johnny Davis","name":"1_15_1_80"},{"num":12.6,"categoryName":"Rory Sparrow","name":"1_15_1_74"},{"num":8.3,"categoryName":"Tom McMillen","name":"1_15_1_56"},{"num":7.8,"categoryName":"Tree Rollins","name":"1_15_1_58"},{"num":7.3,"categoryName":"Mike Glenn","name":"1_15_1_75"},{"num":6.9,"categoryName":"Wes Matthews","name":"1_15_1_70"},{"num":6,"categoryName":"Rudy Macklin","name":"1_15_1_76"},{"num":5,"categoryName":"Steve Hawes","name":"1_15_1_47"},{"num":4.7,"categoryName":"Randy Smith","name":"1_15_1_81"},{"num":4.7,"categoryName":"Rickey Brown","name":"1_15_1_82"},{"num":3.5,"categoryName":"Keith Edmonson","name":"1_15_1_83"},{"num":2,"categoryName":"Sam Pellom","name":"1_15_1_67"},{"num":1.7,"categoryName":"George Johnson","name":"1_15_1_84"},{"num":1.4,"categoryName":"Scott Hastings","name":"1_15_1_85"}],"name":"1_15_1_0"},{"num":111,"categoryName":"Chicago_Bulls","children":[{"num":23.8,"categoryName":"Reggie Theus","name":"1_15_12_1"},{"num":16.5,"categoryName":"Orlando Woolridge","name":"1_15_12_14"},{"num":15.1,"categoryName":"Quintin Dailey","name":"1_15_12_19"},{"num":14,"categoryName":"Dave Corzine","name":"1_15_12_20"},{"num":10.3,"categoryName":"Rod Higgins","name":"1_15_12_21"},{"num":10,"categoryName":"Dave Greenwood","name":"1_15_12_3"},{"num":8.7,"categoryName":"Mark Olberding","name":"1_15_12_22"},{"num":8.1,"categoryName":"Ronnie Lester","name":"1_15_12_11"},{"num":6.3,"categoryName":"Tracy Jackson","name":"1_15_12_16"},{"num":4.6,"categoryName":"Jawann Oldham","name":"1_15_12_23"},{"num":4.5,"categoryName":"Dwight Jones","name":"1_15_12_7"},{"num":3.5,"categoryName":"Dudley Bradley","name":"1_15_12_24"},{"num":2.6,"categoryName":"Mike Bratz","name":"1_15_12_25"},{"num":2.3,"categoryName":"Larry Spriggs","name":"1_15_12_26"},{"num":0.8,"categoryName":"Larry Kenon","name":"1_15_12_4"}],"name":"1_15_12_0"},{"num":97.1,"categoryName":"Cleveland_Cavaliers","children":[{"num":24.2,"categoryName":"World B. Free","name":"1_15_4_87"},{"num":18.1,"categoryName":"Scott Wedman","name":"1_15_4_77"},{"num":18,"categoryName":"Cliff Robinson","name":"1_15_4_73"},{"num":12.3,"categoryName":"James Edwards","name":"1_15_4_72"},{"num":12.2,"categoryName":"Geoff Huston","name":"1_15_4_64"},{"num":11.4,"categoryName":"Ron Brewer","name":"1_15_4_71"},{"num":9.5,"categoryName":"Phil Hubbard","name":"1_15_4_78"},{"num":7.3,"categoryName":"Larry Kenon","name":"1_15_4_88"},{"num":7.1,"categoryName":"Jeff Cook","name":"1_15_4_89"},{"num":7,"categoryName":"Carl Nicks","name":"1_15_4_90"},{"num":6.7,"categoryName":"Bob Wilkerson","name":"1_15_4_76"},{"num":5.7,"categoryName":"John Bagley","name":"1_15_4_91"},{"num":5.5,"categoryName":"Paul Mokeski","name":"1_15_4_82"},{"num":4.9,"categoryName":"Bruce Flowers","name":"1_15_4_92"},{"num":4.2,"categoryName":"Sam Lacey","name":"1_15_4_93"},{"num":4.1,"categoryName":"Darren Tillis","name":"1_15_4_94"},{"num":3.6,"categoryName":"Steve Hayes","name":"1_15_4_95"},{"num":0.9,"categoryName":"Dave Magley","name":"1_15_4_96"}],"name":"1_15_4_0"},{"num":112.7,"categoryName":"Detroit_Pistons","children":[{"num":26.5,"categoryName":"Kelly Tripucka","name":"1_15_10_43"},{"num":22.9,"categoryName":"Isiah Thomas","name":"1_15_10_44"},{"num":15.8,"categoryName":"Vinnie Johnson","name":"1_15_10_47"},{"num":13.6,"categoryName":"Bill Laimbeer","name":"1_15_10_45"},{"num":12.1,"categoryName":"Terry Tyler","name":"1_15_10_5"},{"num":10.5,"categoryName":"John Long","name":"1_15_10_3"},{"num":9.9,"categoryName":"Kent Benson","name":"1_15_10_23"},{"num":8.3,"categoryName":"Edgar Jones","name":"1_15_10_46"},{"num":6.6,"categoryName":"Scott May","name":"1_15_10_53"},{"num":5.6,"categoryName":"Cliff Levingston","name":"1_15_10_54"},{"num":5.1,"categoryName":"Ray Tolbert","name":"1_15_10_55"},{"num":4.2,"categoryName":"Tom Owens","name":"1_15_10_56"},{"num":3.8,"categoryName":"James Wilkes","name":"1_15_10_57"},{"num":2.7,"categoryName":"Walker Russell","name":"1_15_10_58"},{"num":2.2,"categoryName":"Ricky Pierce","name":"1_15_10_59"},{"num":2,"categoryName":"Jim Smith","name":"1_15_10_60"},{"num":1.5,"categoryName":"Jim Johnstone","name":"1_15_10_61"},{"num":0.3,"categoryName":"Jim Zoet","name":"1_15_10_62"}],"name":"1_15_10_0"},{"num":108.7,"categoryName":"Indiana_Pacers","children":[{"num":20.1,"categoryName":"Clark Kellogg","name":"1_15_11_28"},{"num":17.1,"categoryName":"Billy Knight","name":"1_15_11_6"},{"num":16.9,"categoryName":"Herb Williams","name":"1_15_11_24"},{"num":11.6,"categoryName":"George Johnson","name":"1_15_11_17"},{"num":10.5,"categoryName":"Butch Carter","name":"1_15_11_26"},{"num":9.7,"categoryName":"Clemon Johnson","name":"1_15_11_10"},{"num":9.3,"categoryName":"Jerry Sichting","name":"1_15_11_22"},{"num":7.8,"categoryName":"Russ Schoene","name":"1_15_11_29"},{"num":5.5,"categoryName":"Brad Branson","name":"1_15_11_30"},{"num":4.9,"categoryName":"Marty Byrnes","name":"1_15_11_31"},{"num":4.5,"categoryName":"John Duren","name":"1_15_11_32"},{"num":3.6,"categoryName":"Jose Slaughter","name":"1_15_11_33"},{"num":1.9,"categoryName":"Guy Morgan","name":"1_15_11_34"}],"name":"1_15_11_0"},{"num":106.6,"categoryName":"Milwaukee_Bucks","children":[{"num":22.5,"categoryName":"Sidney Moncrief","name":"1_15_13_4"},{"num":21.4,"categoryName":"Marques Johnson","name":"1_15_13_1"},{"num":14.4,"categoryName":"Junior Bridgeman","name":"1_15_13_2"},{"num":11.2,"categoryName":"Mickey Johnson","name":"1_15_13_6"},{"num":10.7,"categoryName":"Bob Lanier","name":"1_15_13_3"},{"num":10.6,"categoryName":"Brian Winters","name":"1_15_13_7"},{"num":8.4,"categoryName":"Alton Lister","name":"1_15_13_15"},{"num":8.1,"categoryName":"Dave Cowens","name":"1_15_13_19"},{"num":6.8,"categoryName":"Phil Ford","name":"1_15_13_20"},{"num":6.7,"categoryName":"Paul Pressey","name":"1_15_13_21"},{"num":6.2,"categoryName":"Charlie Criss","name":"1_15_13_22"},{"num":6,"categoryName":"Steve Mix","name":"1_15_13_23"},{"num":3.3,"categoryName":"Armond Hill","name":"1_15_13_24"},{"num":3.3,"categoryName":"Harvey Catchings","name":"1_15_13_10"},{"num":3.2,"categoryName":"Paul Mokeski","name":"1_15_13_25"},{"num":2,"categoryName":"Sam Pellom","name":"1_15_13_26"}],"name":"1_15_13_0"}],"name":"1_15_0_0","num":637.7}],"name":"1_0_0_0","num":1166.9},{"categoryName":"Western","children":[{"categoryName":"Midwest","children":[{"num":112.7,"categoryName":"Dallas_Mavericks","children":[{"num":24.4,"categoryName":"Mark Aguirre","name":"2_32_10_23"},{"num":18.7,"categoryName":"Jay Vincent","name":"2_32_10_22"},{"num":17.7,"categoryName":"Rolando Blackman","name":"2_32_10_24"},{"num":12.5,"categoryName":"Pat Cummings","name":"2_32_10_29"},{"num":11.6,"categoryName":"Brad Davis","name":"2_32_10_5"},{"num":11.1,"categoryName":"Kelvin Ransey","name":"2_32_10_30"},{"num":6.3,"categoryName":"Bill Garnett","name":"2_32_10_31"},{"num":5.7,"categoryName":"Jim Spanarkel","name":"2_32_10_2"},{"num":5.3,"categoryName":"Kurt Nimphius","name":"2_32_10_28"},{"num":3.6,"categoryName":"Elston Turner","name":"2_32_10_26"},{"num":3.3,"categoryName":"Scott Lloyd","name":"2_32_10_9"},{"num":2.8,"categoryName":"Allan Bristow","name":"2_32_10_27"},{"num":2.8,"categoryName":"Corny Thompson","name":"2_32_10_32"}],"name":"2_32_10_0"},{"num":123.2,"categoryName":"Denver_Nuggets","children":[{"num":28.4,"categoryName":"Alex English","name":"2_32_7_32"},{"num":26.7,"categoryName":"Kiki Vandeweghe","name":"2_32_7_38"},{"num":21.6,"categoryName":"Dan Issel","name":"2_32_7_2"},{"num":9.8,"categoryName":"Billy McKinney","name":"2_32_7_39"},{"num":9.2,"categoryName":"Danny Schayes","name":"2_32_7_49"},{"num":7.6,"categoryName":"T.R. Dunn","name":"2_32_7_44"},{"num":7,"categoryName":"Rob Williams","name":"2_32_7_50"},{"num":6.3,"categoryName":"Mike Evans","name":"2_32_7_51"},{"num":6.1,"categoryName":"Bill Hanzlik","name":"2_32_7_52"},{"num":4.7,"categoryName":"Dave Robisch","name":"2_32_7_40"},{"num":4.6,"categoryName":"Glen Gondrezick","name":"2_32_7_35"},{"num":4.6,"categoryName":"Rich Kelley","name":"2_32_7_53"},{"num":4.2,"categoryName":"Dwight Anderson","name":"2_32_7_54"},{"num":3.8,"categoryName":"James Ray","name":"2_32_7_46"}],"name":"2_32_7_0"},{"num":99.3,"categoryName":"Houston_Rockets","children":[{"num":14.8,"categoryName":"Allen Leavell","name":"2_32_11_6"},{"num":14.1,"categoryName":"James Bailey","name":"2_32_11_17"},{"num":12.9,"categoryName":"Elvin Hayes","name":"2_32_11_14"},{"num":12.8,"categoryName":"Calvin Murphy","name":"2_32_11_2"},{"num":10.4,"categoryName":"Terry Teagle","name":"2_32_11_18"},{"num":10,"categoryName":"Joe Bryant","name":"2_32_11_19"},{"num":9.7,"categoryName":"Wally Walker","name":"2_32_11_20"},{"num":9.5,"categoryName":"Caldwell Jones","name":"2_32_11_21"},{"num":5.7,"categoryName":"Major Jones","name":"2_32_11_11"},{"num":5.1,"categoryName":"Tom Henderson","name":"2_32_11_10"},{"num":3.8,"categoryName":"Chuck Nevitt","name":"2_32_11_22"},{"num":3.6,"categoryName":"Jeff Taylor","name":"2_32_11_23"},{"num":3.6,"categoryName":"Billy Paultz","name":"2_32_11_7"},{"num":2.5,"categoryName":"Calvin Garrett","name":"2_32_11_9"}],"name":"2_32_11_0"},{"num":113.8,"categoryName":"Kansas_City_Kings","children":[{"num":20.1,"categoryName":"Larry Drew","name":"2_32_6_50"},{"num":19.8,"categoryName":"Eddie Johnson","name":"2_32_6_51"},{"num":18.2,"categoryName":"Mike Woodson","name":"2_32_6_47"},{"num":15.4,"categoryName":"Ray Williams","name":"2_32_6_54"},{"num":11.7,"categoryName":"Steve Johnson","name":"2_32_6_48"},{"num":8.6,"categoryName":"Reggie Johnson","name":"2_32_6_49"},{"num":7.9,"categoryName":"Joe Meriweather","name":"2_32_6_39"},{"num":5.4,"categoryName":"LaSalle Thompson","name":"2_32_6_55"},{"num":5.1,"categoryName":"Kevin Loder","name":"2_32_6_52"},{"num":4.8,"categoryName":"Reggie King","name":"2_32_6_34"},{"num":4.4,"categoryName":"Ed Nealy","name":"2_32_6_56"},{"num":4,"categoryName":"Brook Steppe","name":"2_32_6_57"},{"num":1.3,"categoryName":"Kenny Dennard","name":"2_32_6_53"},{"num":0.8,"categoryName":"Leon Douglas","name":"2_32_6_42"}],"name":"2_32_6_0"},{"num":114.3,"categoryName":"San_Antonio_Spurs","children":[{"num":26.2,"categoryName":"George Gervin","name":"2_32_12_1"},{"num":19.9,"categoryName":"Mike Mitchell","name":"2_32_12_15"},{"num":18,"categoryName":"Artis Gilmore","name":"2_32_12_23"},{"num":14.9,"categoryName":"Gene Banks","name":"2_32_12_16"},{"num":12.2,"categoryName":"Johnny Moore","name":"2_32_12_8"},{"num":9.6,"categoryName":"Edgar Jones","name":"2_32_12_24"},{"num":7.8,"categoryName":"Mike Dunleavy","name":"2_32_12_25"},{"num":7,"categoryName":"Mike Sanders","name":"2_32_12_26"},{"num":6.1,"categoryName":"Bill Willoughby","name":"2_32_12_27"},{"num":4.6,"categoryName":"Roger Phegley","name":"2_32_12_18"},{"num":3.6,"categoryName":"Billy Paultz","name":"2_32_12_28"},{"num":3.3,"categoryName":"Paul Griffin","name":"2_32_12_10"},{"num":2.9,"categoryName":"Oliver Robinson","name":"2_32_12_29"},{"num":2.8,"categoryName":"Ed Rains","name":"2_32_12_19"},{"num":2.2,"categoryName":"Geoff Crompton","name":"2_32_12_30"},{"num":1.7,"categoryName":"Robert Smith","name":"2_32_12_31"},{"num":1,"categoryName":"Jim Johnstone","name":"2_32_12_32"},{"num":0.3,"categoryName":"Coby Dietrick","name":"2_32_12_33"}],"name":"2_32_12_0"},{"num":109,"categoryName":"Utah_Jazz","children":[{"num":30.7,"categoryName":"Adrian Dantley","name":"2_32_9_1"},{"num":22.2,"categoryName":"Darrell Griffith","name":"2_32_9_21"},{"num":21.2,"categoryName":"John Drew","name":"2_32_9_37"},{"num":14.3,"categoryName":"Rickey Green","name":"2_32_9_22"},{"num":12.4,"categoryName":"Danny Schayes","name":"2_32_9_32"},{"num":11.5,"categoryName":"Jeff Wilkins","name":"2_32_9_26"},{"num":11,"categoryName":"Ben Poquette","name":"2_32_9_8"},{"num":9.3,"categoryName":"Jerry Eaves","name":"2_32_9_38"},{"num":8.9,"categoryName":"J.J. Anderson","name":"2_32_9_39"},{"num":7.2,"categoryName":"Rich Kelley","name":"2_32_9_40"},{"num":5.1,"categoryName":"Freeman Williams","name":"2_32_9_41"},{"num":4.3,"categoryName":"Mark Eaton","name":"2_32_9_42"},{"num":3.9,"categoryName":"Kenny Natt","name":"2_32_9_43"},{"num":3.3,"categoryName":"Rickey Williams","name":"2_32_9_44"}],"name":"2_32_9_0"}],"name":"2_32_0_0","num":672.3},{"categoryName":"Pacific","children":[{"num":108.6,"categoryName":"Golden_State_Warriors","children":[{"num":24.1,"categoryName":"Joe Barry Carroll","name":"2_33_6_52"},{"num":22.8,"categoryName":"World B. Free","name":"2_33_6_50"},{"num":21.4,"categoryName":"Purvis Short","name":"2_33_6_40"},{"num":15.5,"categoryName":"Mickey Johnson","name":"2_33_6_66"},{"num":12.5,"categoryName":"M.R. Richardson","name":"2_33_6_67"},{"num":11.7,"categoryName":"Sleepy Floyd","name":"2_33_6_68"},{"num":11.3,"categoryName":"Ron Brewer","name":"2_33_6_69"},{"num":9.4,"categoryName":"Lewis Lloyd","name":"2_33_6_64"},{"num":8.4,"categoryName":"Larry Smith","name":"2_33_6_53"},{"num":8.4,"categoryName":"Sam Williams","name":"2_33_6_62"},{"num":7.6,"categoryName":"Lorenzo Romar","name":"2_33_6_56"},{"num":6.5,"categoryName":"Joe Hassett","name":"2_33_6_54"},{"num":5.5,"categoryName":"Rickey Brown","name":"2_33_6_57"},{"num":4.9,"categoryName":"Lester Conner","name":"2_33_6_70"},{"num":3.7,"categoryName":"Larry Kenon","name":"2_33_6_71"},{"num":3.6,"categoryName":"Terry Duerod","name":"2_33_6_72"},{"num":2.9,"categoryName":"Hank McDowell","name":"2_33_6_65"},{"num":2.2,"categoryName":"Derek Smith","name":"2_33_6_73"},{"num":1.5,"categoryName":"Chris Engler","name":"2_33_6_74"}],"name":"2_33_6_0"},{"num":115,"categoryName":"Los_Angeles_Lakers","children":[{"num":21.8,"categoryName":"K. Abdul-Jabbar","name":"2_33_1_35"},{"num":19.6,"categoryName":"Jamaal Wilkes","name":"2_33_1_57"},{"num":16.8,"categoryName":"Magic Johnson","name":"2_33_1_66"},{"num":15.1,"categoryName":"Norm Nixon","name":"2_33_1_56"},{"num":15,"categoryName":"Bob McAdoo","name":"2_33_1_81"},{"num":13.4,"categoryName":"James Worthy","name":"2_33_1_86"},{"num":9,"categoryName":"Steve Mix","name":"2_33_1_87"},{"num":7.8,"categoryName":"Michael Cooper","name":"2_33_1_65"},{"num":7.5,"categoryName":"Kurt Rambis","name":"2_33_1_83"},{"num":4.9,"categoryName":"Dwight Jones","name":"2_33_1_88"},{"num":4,"categoryName":"Mike McGee","name":"2_33_1_82"},{"num":3,"categoryName":"Clay Johnson","name":"2_33_1_84"},{"num":2.7,"categoryName":"Eddie Jordan","name":"2_33_1_75"},{"num":2.5,"categoryName":"Mark Landsberger","name":"2_33_1_69"},{"num":1.3,"categoryName":"Billy Ray Bates","name":"2_33_1_89"},{"num":1,"categoryName":"Joe Cooper","name":"2_33_1_90"}],"name":"2_33_1_0"},{"num":107,"categoryName":"Phoenix_Suns","children":[{"num":19,"categoryName":"Walter Davis","name":"2_33_8_39"},{"num":16.7,"categoryName":"Larry Nance","name":"2_33_8_55"},{"num":16.5,"categoryName":"Maurice Lucas","name":"2_33_8_59"},{"num":14.2,"categoryName":"Dennis Johnson","name":"2_33_8_52"},{"num":14.2,"categoryName":"Alvan Adams","name":"2_33_8_27"},{"num":9.9,"categoryName":"Kyle Macy","name":"2_33_8_53"},{"num":8.8,"categoryName":"James Edwards","name":"2_33_8_60"},{"num":5,"categoryName":"Rory White","name":"2_33_8_61"},{"num":4.1,"categoryName":"Alvin Scott","name":"2_33_8_41"},{"num":4,"categoryName":"David Thirdkill","name":"2_33_8_62"},{"num":3.6,"categoryName":"Jeff Cook","name":"2_33_8_50"},{"num":3.2,"categoryName":"Johnny High","name":"2_33_8_51"},{"num":2.3,"categoryName":"Charles Pittman","name":"2_33_8_63"},{"num":1.9,"categoryName":"Joel Kramer","name":"2_33_8_47"}],"name":"2_33_8_0"},{"num":107.4,"categoryName":"Portland_Trail_Blazers","children":[{"num":21.7,"categoryName":"Jim Paxson","name":"2_33_2_71"},{"num":20.4,"categoryName":"Calvin Natt","name":"2_33_2_66"},{"num":15.7,"categoryName":"Mychal Thompson","name":"2_33_2_59"},{"num":12.5,"categoryName":"Darnell Valentine","name":"2_33_2_78"},{"num":12,"categoryName":"Kenny Carr","name":"2_33_2_84"},{"num":9.7,"categoryName":"Wayne Cooper","name":"2_33_2_85"},{"num":7.8,"categoryName":"Fat Lever","name":"2_33_2_86"},{"num":4.7,"categoryName":"Don Buse","name":"2_33_2_87"},{"num":4.5,"categoryName":"Linton Townes","name":"2_33_2_88"},{"num":4.4,"categoryName":"Jeff Lamp","name":"2_33_2_80"},{"num":4.1,"categoryName":"Pete Verhoeven","name":"2_33_2_79"},{"num":3.1,"categoryName":"Jeff Judkins","name":"2_33_2_89"},{"num":2.9,"categoryName":"Hank McDowell","name":"2_33_2_90"},{"num":2.2,"categoryName":"Audie Norris","name":"2_33_2_91"}],"name":"2_33_2_0"},{"num":108.6,"categoryName":"San_Diego_Clippers","children":[{"num":23.7,"categoryName":"Terry Cummings","name":"2_33_9_38"},{"num":17.6,"categoryName":"Tom Chambers","name":"2_33_9_29"},{"num":14.1,"categoryName":"Bill Walton","name":"2_33_9_16"},{"num":13.5,"categoryName":"Lionel Hollins","name":"2_33_9_39"},{"num":12.2,"categoryName":"Michael Brooks","name":"2_33_9_23"},{"num":10.9,"categoryName":"Al Wood","name":"2_33_9_31"},{"num":9.9,"categoryName":"Craig Hodges","name":"2_33_9_40"},{"num":9.1,"categoryName":"Randy Smith","name":"2_33_9_2"},{"num":8.7,"categoryName":"Jerome Whitehead","name":"2_33_9_13"},{"num":5.7,"categoryName":"Lowes Moore","name":"2_33_9_41"},{"num":5.6,"categoryName":"Joe Cooper","name":"2_33_9_42"},{"num":5.2,"categoryName":"Richard Anderson","name":"2_33_9_43"},{"num":4.4,"categoryName":"Hutch Jones","name":"2_33_9_44"},{"num":3.8,"categoryName":"Jim Brogan","name":"2_33_9_34"},{"num":3.1,"categoryName":"Bob Gross","name":"2_33_9_45"},{"num":2.3,"categoryName":"Swen Nater","name":"2_33_9_5"},{"num":2.2,"categoryName":"Robert Smith","name":"2_33_9_46"},{"num":1.7,"categoryName":"John Douglas","name":"2_33_9_33"}],"name":"2_33_9_0"},{"num":110,"categoryName":"Seattle_Supersonics","children":[{"num":20,"categoryName":"Gus Williams","name":"2_33_5_50"},{"num":18.2,"categoryName":"Jack Sikma","name":"2_33_5_53"},{"num":15.9,"categoryName":"David Thompson","name":"2_33_5_78"},{"num":12.4,"categoryName":"Lonnie Shelton","name":"2_33_5_59"},{"num":10.2,"categoryName":"Fred Brown","name":"2_33_5_16"},{"num":8.9,"categoryName":"James Donaldson","name":"2_33_5_68"},{"num":8.3,"categoryName":"Greg Kelser","name":"2_33_5_74"},{"num":6.9,"categoryName":"Danny Vranes","name":"2_33_5_75"},{"num":5.7,"categoryName":"Phil Smith","name":"2_33_5_73"},{"num":5.5,"categoryName":"Steve Hawes","name":"2_33_5_79"},{"num":5,"categoryName":"Ray Tolbert","name":"2_33_5_77"},{"num":3.7,"categoryName":"Mark Radford","name":"2_33_5_76"},{"num":2.1,"categoryName":"John Greig","name":"2_33_5_80"}],"name":"2_33_5_0"}],"name":"2_33_0_0","num":656.6}],"name":"2_0_0_0","num":1328.9}],"num":2495.8}