{"year":2014,"name":"root","categoryName":"root","children":[{"categoryName":"Eastern","children":[{"categoryName":"Southeast","children":[{"num":102.5,"categoryName":"Atlanta_Hawks","children":[{"num":16.7,"categoryName":"Paul Millsap","name":"1_16_1_79"},{"num":15.9,"categoryName":"Jeff Teague","name":"1_16_1_49"},{"num":15.2,"categoryName":"Al Horford","name":"1_16_1_40"},{"num":12.6,"categoryName":"DeMarre Carroll","name":"1_16_1_80"},{"num":12.1,"categoryName":"Kyle Korver","name":"1_16_1_68"},{"num":10,"categoryName":"Dennis Schroder","name":"1_16_1_87"},{"num":7.8,"categoryName":"Mike Scott","name":"1_16_1_74"},{"num":5.7,"categoryName":"Pero Antic","name":"1_16_1_81"},{"num":5.6,"categoryName":"John Jenkins","name":"1_16_1_70"},{"num":5.4,"categoryName":"Shelvin Mack","name":"1_16_1_72"},{"num":5.3,"categoryName":"Thabo Sefolosha","name":"1_16_1_90"},{"num":5.2,"categoryName":"Kent Bazemore","name":"1_16_1_91"},{"num":4.9,"categoryName":"Mike Muscala","name":"1_16_1_86"},{"num":3.3,"categoryName":"Austin Daye","name":"1_16_1_92"},{"num":2.7,"categoryName":"Elton Brand","name":"1_16_1_83"},{"num":1.7,"categoryName":"Adreian Payne","name":"1_16_1_93"}],"name":"1_16_1_0"},{"num":94.2,"categoryName":"Charlotte_Hornets","children":[{"num":17.3,"categoryName":"Kemba Walker","name":"1_16_6_1"},{"num":17.2,"categoryName":"Mo Williams","name":"1_16_6_2"},{"num":16.6,"categoryName":"Al Jefferson","name":"1_16_6_3"},{"num":12.1,"categoryName":"G. Henderson, Jr.","name":"1_16_6_4"},{"num":10.9,"categoryName":"M. Kidd-Gilchrist","name":"1_16_6_5"},{"num":9.6,"categoryName":"Gary Neal","name":"1_16_6_6"},{"num":8.2,"categoryName":"Lance Stephenson","name":"1_16_6_7"},{"num":7.6,"categoryName":"Cody Zeller","name":"1_16_6_8"},{"num":7.4,"categoryName":"Marvin Williams","name":"1_16_6_9"},{"num":7,"categoryName":"Troy Daniels","name":"1_16_6_10"},{"num":6.7,"categoryName":"Brian Roberts","name":"1_16_6_11"},{"num":5.6,"categoryName":"P.J. Hairston","name":"1_16_6_12"},{"num":4.8,"categoryName":"Bismack Biyombo","name":"1_16_6_13"},{"num":4.6,"categoryName":"Jannero Pargo","name":"1_16_6_14"},{"num":4.4,"categoryName":"Jeffery Taylor","name":"1_16_6_15"},{"num":3.3,"categoryName":"Jason Maxiell","name":"1_16_6_16"},{"num":3.3,"categoryName":"Noah Vonleh","name":"1_16_6_17"}],"name":"1_16_6_0"},{"num":94.7,"categoryName":"Miami_Heat","children":[{"num":21.5,"categoryName":"Dwyane Wade","name":"1_16_3_1"},{"num":21.1,"categoryName":"Chris Bosh","name":"1_16_3_49"},{"num":16.6,"categoryName":"Goran Dragic","name":"1_16_3_74"},{"num":14,"categoryName":"Luol Deng","name":"1_16_3_75"},{"num":11.8,"categoryName":"Hassan Whiteside","name":"1_16_3_76"},{"num":10.2,"categoryName":"Mario Chalmers","name":"1_16_3_33"},{"num":8.8,"categoryName":"Michael Beasley","name":"1_16_3_30"},{"num":7.3,"categoryName":"Henry Walker","name":"1_16_3_77"},{"num":6.6,"categoryName":"Shawne Williams","name":"1_16_3_78"},{"num":6.3,"categoryName":"Norris Cole","name":"1_16_3_58"},{"num":6.3,"categoryName":"Danny Granger","name":"1_16_3_79"},{"num":5.9,"categoryName":"Tyler Johnson","name":"1_16_3_80"},{"num":5.3,"categoryName":"Chris Andersen","name":"1_16_3_66"},{"num":5.1,"categoryName":"Shabazz Napier","name":"1_16_3_81"},{"num":5,"categoryName":"James Ennis","name":"1_16_3_82"},{"num":4.2,"categoryName":"Josh McRoberts","name":"1_16_3_83"},{"num":4.2,"categoryName":"Udonis Haslem","name":"1_16_3_5"},{"num":4,"categoryName":"Shannon Brown","name":"1_16_3_84"},{"num":2.8,"categoryName":"Justin Hamilton","name":"1_16_3_70"},{"num":2.2,"categoryName":"Zoran Dragic","name":"1_16_3_85"},{"num":0.8,"categoryName":"Andre Dawkins","name":"1_16_3_86"}],"name":"1_16_3_0"},{"num":95.7,"categoryName":"Orlando_Magic","children":[{"num":19.3,"categoryName":"Nikola Vucevic","name":"1_16_4_59"},{"num":17.9,"categoryName":"Victor Oladipo","name":"1_16_4_70"},{"num":17.1,"categoryName":"Tobias Harris","name":"1_16_4_57"},{"num":12,"categoryName":"Evan Fournier","name":"1_16_4_76"},{"num":8.9,"categoryName":"Elfrid Payton","name":"1_16_4_77"},{"num":7.3,"categoryName":"Channing Frye","name":"1_16_4_78"},{"num":6.2,"categoryName":"Ben Gordon","name":"1_16_4_79"},{"num":5.9,"categoryName":"Willie Green","name":"1_16_4_80"},{"num":5.8,"categoryName":"Kyle O'Quinn","name":"1_16_4_65"},{"num":5.2,"categoryName":"Aaron Gordon","name":"1_16_4_81"},{"num":4.9,"categoryName":"Andrew Nicholson","name":"1_16_4_63"},{"num":4,"categoryName":"Luke Ridnour","name":"1_16_4_82"},{"num":3.7,"categoryName":"Dewayne Dedmon","name":"1_16_4_71"},{"num":3.5,"categoryName":"Maurice Harkless","name":"1_16_4_61"},{"num":2.3,"categoryName":"Devyn Marble","name":"1_16_4_83"}],"name":"1_16_4_0"}],"name":"1_16_0_0","num":387.09999999999997},{"categoryName":"Atlantic","children":[{"num":101.4,"categoryName":"Boston_Celtics","children":[{"num":19,"categoryName":"Isaiah Thomas","name":"1_14_1_298"},{"num":17.6,"categoryName":"Jeff Green","name":"1_14_1_253"},{"num":13.9,"categoryName":"Avery Bradley","name":"1_14_1_263"},{"num":13.3,"categoryName":"Jared Sullinger","name":"1_14_1_277"},{"num":10.6,"categoryName":"Brandon Bass","name":"1_14_1_265"},{"num":10.3,"categoryName":"Kelly Olynyk","name":"1_14_1_288"},{"num":10.2,"categoryName":"Tyler Zeller","name":"1_14_1_299"},{"num":9.5,"categoryName":"Evan Turner","name":"1_14_1_300"},{"num":9.5,"categoryName":"Jae Crowder","name":"1_14_1_301"},{"num":8.9,"categoryName":"Marcus Thornton","name":"1_14_1_302"},{"num":8.4,"categoryName":"Tayshaun Prince","name":"1_14_1_303"},{"num":8.3,"categoryName":"Rajon Rondo","name":"1_14_1_226"},{"num":7.8,"categoryName":"Marcus Smart","name":"1_14_1_304"},{"num":7.1,"categoryName":"Jonas Jerebko","name":"1_14_1_305"},{"num":5.2,"categoryName":"Luigi Datome","name":"1_14_1_306"},{"num":4.8,"categoryName":"Jameer Nelson","name":"1_14_1_307"},{"num":3.5,"categoryName":"Phil Pressey","name":"1_14_1_293"},{"num":3.4,"categoryName":"James Young","name":"1_14_1_308"},{"num":3.3,"categoryName":"Brandan Wright","name":"1_14_1_309"},{"num":1.8,"categoryName":"Dwight Powell","name":"1_14_1_310"},{"num":1.4,"categoryName":"Shavlik Randolph","name":"1_14_1_280"},{"num":1.1,"categoryName":"Gerald Wallace","name":"1_14_1_290"}],"name":"1_14_1_0"},{"num":98,"categoryName":"Brooklyn_Nets","children":[{"num":17.2,"categoryName":"Brook Lopez","name":"1_14_13_1"},{"num":14.4,"categoryName":"Joe Johnson","name":"1_14_13_3"},{"num":13.8,"categoryName":"Thaddeus Young","name":"1_14_13_29"},{"num":13,"categoryName":"Deron Williams","name":"1_14_13_2"},{"num":12,"categoryName":"Jarrett Jack","name":"1_14_13_30"},{"num":9,"categoryName":"Bojan Bogdanovic","name":"1_14_13_31"},{"num":8.7,"categoryName":"Mason Plumlee","name":"1_14_13_21"},{"num":8.5,"categoryName":"Mirza Teletovic","name":"1_14_13_12"},{"num":7.4,"categoryName":"Alan Anderson","name":"1_14_13_22"},{"num":6.8,"categoryName":"Kevin Garnett","name":"1_14_13_23"},{"num":4.6,"categoryName":"Sergey Karasev","name":"1_14_13_32"},{"num":4.6,"categoryName":"Markel Brown","name":"1_14_13_33"},{"num":3.7,"categoryName":"Cory Jefferson","name":"1_14_13_34"},{"num":3.1,"categoryName":"Jerome Jordan","name":"1_14_13_35"},{"num":2.7,"categoryName":"Earl Clark","name":"1_14_13_36"},{"num":2.3,"categoryName":"Brandon Davies","name":"1_14_13_37"},{"num":2.2,"categoryName":"Darius Morris","name":"1_14_13_38"},{"num":1.6,"categoryName":"Jorge Gutierrez","name":"1_14_13_26"},{"num":0.4,"categoryName":"Andrei Kirilenko","name":"1_14_13_24"}],"name":"1_14_13_0"},{"num":91.9,"categoryName":"New_York_Knicks","children":[{"num":24.2,"categoryName":"Carmelo Anthony","name":"1_14_3_253"},{"num":14.8,"categoryName":"Andrea Bargnani","name":"1_14_3_285"},{"num":14.8,"categoryName":"Alexey Shved","name":"1_14_3_295"},{"num":12,"categoryName":"Amar'e Stoudemire","name":"1_14_3_254"},{"num":11.8,"categoryName":"Langston Galloway","name":"1_14_3_296"},{"num":11.5,"categoryName":"Tim Hardaway Jr.","name":"1_14_3_286"},{"num":10.9,"categoryName":"J.R. Smith","name":"1_14_3_268"},{"num":9.3,"categoryName":"Iman Shumpert","name":"1_14_3_270"},{"num":9.1,"categoryName":"Jose Calderon","name":"1_14_3_297"},{"num":8.3,"categoryName":"Lance Thomas","name":"1_14_3_298"},{"num":8,"categoryName":"Jason Smith","name":"1_14_3_299"},{"num":7.4,"categoryName":"Ricky Ledo","name":"1_14_3_300"},{"num":6.2,"categoryName":"Shane Larkin","name":"1_14_3_301"},{"num":6,"categoryName":"Lou Amundson","name":"1_14_3_302"},{"num":5.9,"categoryName":"Quincy Acy","name":"1_14_3_303"},{"num":5.5,"categoryName":"Cole Aldrich","name":"1_14_3_293"},{"num":5.4,"categoryName":"Cleanthony Early","name":"1_14_3_304"},{"num":4.7,"categoryName":"Pablo Prigioni","name":"1_14_3_282"},{"num":4,"categoryName":"Samuel Dalembert","name":"1_14_3_305"},{"num":3.9,"categoryName":"Travis Wear","name":"1_14_3_306"}],"name":"1_14_3_0"},{"num":92,"categoryName":"Philadelphia_76ers","children":[{"num":16.9,"categoryName":"Tony Wroten","name":"1_14_4_331"},{"num":15,"categoryName":"M. Carter-Williams","name":"1_14_4_330"},{"num":13.5,"categoryName":"Robert Covington","name":"1_14_4_348"},{"num":12.6,"categoryName":"Isaiah Canaan","name":"1_14_4_349"},{"num":12,"categoryName":"Ish Smith","name":"1_14_4_350"},{"num":9.9,"categoryName":"Alexey Shved","name":"1_14_4_351"},{"num":9.9,"categoryName":"Nerlens Noel","name":"1_14_4_352"},{"num":9.9,"categoryName":"Luc Mbah a Moute","name":"1_14_4_353"},{"num":9.2,"categoryName":"K.J. McDaniels","name":"1_14_4_354"},{"num":9.1,"categoryName":"Jason Richardson","name":"1_14_4_320"},{"num":8.8,"categoryName":"Hollis Thompson","name":"1_14_4_337"},{"num":8.8,"categoryName":"Thomas Robinson","name":"1_14_4_355"},{"num":8,"categoryName":"Henry Sims","name":"1_14_4_332"},{"num":6.3,"categoryName":"Jerami Grant","name":"1_14_4_356"},{"num":6.3,"categoryName":"Brandon Davies","name":"1_14_4_345"},{"num":6,"categoryName":"Chris Johnson","name":"1_14_4_357"},{"num":5.7,"categoryName":"Tim Frazier","name":"1_14_4_358"},{"num":5.2,"categoryName":"JaKarr Sampson","name":"1_14_4_359"},{"num":4.4,"categoryName":"Glenn Robinson","name":"1_14_4_269"},{"num":3.8,"categoryName":"Larry Drew II","name":"1_14_4_360"},{"num":3,"categoryName":"JaVale McGee","name":"1_14_4_361"},{"num":2.6,"categoryName":"Malcolm Thomas","name":"1_14_4_362"},{"num":2.3,"categoryName":"Furkan Aldemir","name":"1_14_4_363"},{"num":1.9,"categoryName":"Drew Gordon","name":"1_14_4_364"},{"num":0,"categoryName":"Malcolm Lee","name":"1_14_4_365"}],"name":"1_14_4_0"},{"num":104,"categoryName":"Toronto_Raptors","children":[{"num":20.1,"categoryName":"DeMar DeRozan","name":"1_14_12_51"},{"num":17.8,"categoryName":"Kyle Lowry","name":"1_14_12_80"},{"num":15.5,"categoryName":"Lou Williams","name":"1_14_12_100"},{"num":12,"categoryName":"Jonas Valanciunas","name":"1_14_12_81"},{"num":9.8,"categoryName":"Terrence Ross","name":"1_14_12_82"},{"num":9.5,"categoryName":"Greivis Vasquez","name":"1_14_12_89"},{"num":9.3,"categoryName":"Amir Johnson","name":"1_14_12_55"},{"num":8,"categoryName":"Patrick Patterson","name":"1_14_12_90"},{"num":7.9,"categoryName":"James Johnson","name":"1_14_12_61"},{"num":3.6,"categoryName":"Tyler Hansbrough","name":"1_14_12_92"},{"num":1.8,"categoryName":"Landry Fields","name":"1_14_12_85"},{"num":1.7,"categoryName":"Chuck Hayes","name":"1_14_12_96"},{"num":1.3,"categoryName":"Bruno Caboclo","name":"1_14_12_101"},{"num":1,"categoryName":"Lucas Nogueira","name":"1_14_12_102"},{"num":0.8,"categoryName":"Greg Stiemsma","name":"1_14_12_103"}],"name":"1_14_12_0"}],"name":"1_14_0_0","num":487.3},{"categoryName":"Central","children":[{"num":100.8,"categoryName":"Chicago_Bulls","children":[{"num":20,"categoryName":"Jimmy Butler","name":"1_15_12_226"},{"num":18.5,"categoryName":"Pau Gasol","name":"1_15_12_243"},{"num":17.7,"categoryName":"Derrick Rose","name":"1_15_12_203"},{"num":11.6,"categoryName":"Aaron Brooks","name":"1_15_12_244"},{"num":10.3,"categoryName":"Taj Gibson","name":"1_15_12_207"},{"num":10.2,"categoryName":"Nikola Mirotic","name":"1_15_12_245"},{"num":9.4,"categoryName":"Mike Dunleavy, Jr.","name":"1_15_12_236"},{"num":7.2,"categoryName":"Joakim Noah","name":"1_15_12_196"},{"num":6,"categoryName":"Tony Snell","name":"1_15_12_237"},{"num":5.7,"categoryName":"Kirk Hinrich","name":"1_15_12_159"},{"num":3,"categoryName":"Doug McDermott","name":"1_15_12_246"},{"num":2.7,"categoryName":"E'Twaun Moore","name":"1_15_12_247"},{"num":1.2,"categoryName":"Nazr Mohammed","name":"1_15_12_229"},{"num":0.6,"categoryName":"Cameron Bairstow","name":"1_15_12_248"}],"name":"1_15_12_0"},{"num":103.1,"categoryName":"Cleveland_Cavaliers","children":[{"num":25.3,"categoryName":"LeBron James","name":"1_15_4_233"},{"num":21.7,"categoryName":"Kyrie Irving","name":"1_15_4_305"},{"num":16.4,"categoryName":"Kevin Love","name":"1_15_4_338"},{"num":12.7,"categoryName":"J.R. Smith","name":"1_15_4_339"},{"num":10.6,"categoryName":"Timofey Mozgov","name":"1_15_4_340"},{"num":10.5,"categoryName":"Dion Waiters","name":"1_15_4_314"},{"num":9.8,"categoryName":"Anderson Varejao","name":"1_15_4_247"},{"num":8.5,"categoryName":"Tristan Thompson","name":"1_15_4_307"},{"num":7.2,"categoryName":"Iman Shumpert","name":"1_15_4_341"},{"num":4.8,"categoryName":"Shawn Marion","name":"1_15_4_342"},{"num":4.8,"categoryName":"M. Dellavedova","name":"1_15_4_329"},{"num":4.4,"categoryName":"James Jones","name":"1_15_4_343"},{"num":2.7,"categoryName":"Joe Harris","name":"1_15_4_344"},{"num":2.6,"categoryName":"Kendrick Perkins","name":"1_15_4_345"},{"num":2.1,"categoryName":"Mike Miller","name":"1_15_4_346"},{"num":2,"categoryName":"A.J. Price","name":"1_15_4_347"},{"num":1.9,"categoryName":"Will Cherry","name":"1_15_4_348"},{"num":1.6,"categoryName":"Brendan Haywood","name":"1_15_4_349"},{"num":0.9,"categoryName":"Lou Amundson","name":"1_15_4_350"},{"num":0.8,"categoryName":"Alex Kirk","name":"1_15_4_351"}],"name":"1_15_4_0"},{"num":98.5,"categoryName":"Detroit_Pistons","children":[{"num":17.6,"categoryName":"Reggie Jackson","name":"1_15_10_260"},{"num":15.9,"categoryName":"Greg Monroe","name":"1_15_10_241"},{"num":15.4,"categoryName":"Brandon Jennings","name":"1_15_10_254"},{"num":13.8,"categoryName":"Andre Drummond","name":"1_15_10_248"},{"num":13.1,"categoryName":"Josh Smith","name":"1_15_10_253"},{"num":12.7,"categoryName":"K. Caldwell-Pope","name":"1_15_10_255"},{"num":11.1,"categoryName":"Jodie Meeks","name":"1_15_10_261"},{"num":10.6,"categoryName":"D.J. Augustin","name":"1_15_10_262"},{"num":7.7,"categoryName":"Anthony Tolliver","name":"1_15_10_263"},{"num":7.3,"categoryName":"Tayshaun Prince","name":"1_15_10_194"},{"num":7.1,"categoryName":"Kyle Singler","name":"1_15_10_247"},{"num":5.9,"categoryName":"Caron Butler","name":"1_15_10_264"},{"num":5.2,"categoryName":"Jonas Jerebko","name":"1_15_10_237"},{"num":4.7,"categoryName":"John Lucas III","name":"1_15_10_265"},{"num":4.3,"categoryName":"Spencer Dinwiddie","name":"1_15_10_266"},{"num":3.7,"categoryName":"Luigi Datome","name":"1_15_10_257"},{"num":3,"categoryName":"Quincy Miller","name":"1_15_10_267"},{"num":2.6,"categoryName":"Shawne Williams","name":"1_15_10_268"},{"num":1.8,"categoryName":"Joel Anthony","name":"1_15_10_269"},{"num":1.6,"categoryName":"Cartier Martin","name":"1_15_10_270"}],"name":"1_15_10_0"},{"num":97.3,"categoryName":"Indiana_Pacers","children":[{"num":16.1,"categoryName":"George Hill","name":"1_15_11_192"},{"num":13.5,"categoryName":"C.J. Miles","name":"1_15_11_214"},{"num":12.6,"categoryName":"Rodney Stuckey","name":"1_15_11_215"},{"num":11.7,"categoryName":"David West","name":"1_15_11_191"},{"num":10.6,"categoryName":"Roy Hibbert","name":"1_15_11_176"},{"num":10.5,"categoryName":"A.J. Price","name":"1_15_11_185"},{"num":10,"categoryName":"C.J. Watson","name":"1_15_11_208"},{"num":9.4,"categoryName":"Luis Scola","name":"1_15_11_206"},{"num":8.9,"categoryName":"Solomon Hill","name":"1_15_11_213"},{"num":8.8,"categoryName":"Paul George","name":"1_15_11_188"},{"num":7.4,"categoryName":"Donald Sloan","name":"1_15_11_212"},{"num":6.2,"categoryName":"Chris Copeland","name":"1_15_11_209"},{"num":5,"categoryName":"Lavoy Allen","name":"1_15_11_210"},{"num":4.8,"categoryName":"Damjan Rudez","name":"1_15_11_216"},{"num":4.3,"categoryName":"Ian Mahinmi","name":"1_15_11_198"},{"num":2.9,"categoryName":"Shayne Whittington","name":"1_15_11_217"}],"name":"1_15_11_0"},{"num":97.8,"categoryName":"Milwaukee_Bucks","children":[{"num":17.8,"categoryName":"Brandon Knight","name":"1_15_13_262"},{"num":14.1,"categoryName":"M. Carter-Williams","name":"1_15_13_274"},{"num":13.4,"categoryName":"Khris Middleton","name":"1_15_13_263"},{"num":12.7,"categoryName":"G. Antetokounmpo","name":"1_15_13_269"},{"num":12.3,"categoryName":"Jabari Parker","name":"1_15_13_275"},{"num":11.5,"categoryName":"Ersan Ilyasova","name":"1_15_13_208"},{"num":11.4,"categoryName":"O.J. Mayo","name":"1_15_13_264"},{"num":8.3,"categoryName":"Zaza Pachulia","name":"1_15_13_192"},{"num":7.8,"categoryName":"Jerryd Bayless","name":"1_15_13_276"},{"num":7.3,"categoryName":"Larry Sanders","name":"1_15_13_243"},{"num":7.2,"categoryName":"Jared Dudley","name":"1_15_13_277"},{"num":7,"categoryName":"John Henson","name":"1_15_13_257"},{"num":4.2,"categoryName":"Kendall Marshall","name":"1_15_13_278"},{"num":4,"categoryName":"Tyler Ennis","name":"1_15_13_279"},{"num":3.9,"categoryName":"Chris Johnson","name":"1_15_13_280"},{"num":3.7,"categoryName":"Jorge Gutierrez","name":"1_15_13_281"},{"num":3.2,"categoryName":"Miles Plumlee","name":"1_15_13_282"},{"num":2.9,"categoryName":"Johnny O'Bryant","name":"1_15_13_283"},{"num":2.3,"categoryName":"Nate Wolters","name":"1_15_13_268"},{"num":1.8,"categoryName":"Kenyon Martin","name":"1_15_13_284"}],"name":"1_15_13_0"}],"name":"1_15_0_0","num":497.5}],"name":"1_0_0_0","num":1371.9},{"categoryName":"Western","children":[{"categoryName":"Northwest","children":[{"num":101.5,"categoryName":"Denver_Nuggets","children":[{"num":15.2,"categoryName":"Ty Lawson","name":"2_34_1_49"},{"num":14.5,"categoryName":"Arron Afflalo","name":"2_34_1_48"},{"num":13.9,"categoryName":"Wilson Chandler","name":"2_34_1_53"},{"num":12.6,"categoryName":"Kenneth Faried","name":"2_34_1_62"},{"num":12.4,"categoryName":"Danilo Gallinari","name":"2_34_1_52"},{"num":11,"categoryName":"Will Barton","name":"2_34_1_78"},{"num":9.6,"categoryName":"Jameer Nelson","name":"2_34_1_79"},{"num":8.7,"categoryName":"Randy Foye","name":"2_34_1_72"},{"num":8.5,"categoryName":"Timofey Mozgov","name":"2_34_1_59"},{"num":7.6,"categoryName":"J.J. Hickson","name":"2_34_1_74"},{"num":6.9,"categoryName":"Jusuf Nurkic","name":"2_34_1_80"},{"num":6.6,"categoryName":"Darrell Arthur","name":"2_34_1_76"},{"num":5.8,"categoryName":"Nate Robinson","name":"2_34_1_75"},{"num":5.2,"categoryName":"JaVale McGee","name":"2_34_1_61"},{"num":4.9,"categoryName":"Alonzo Gee","name":"2_34_1_81"},{"num":3.9,"categoryName":"Joffrey Lauvergne","name":"2_34_1_82"},{"num":3.4,"categoryName":"Gary Harris","name":"2_34_1_83"},{"num":3.4,"categoryName":"Erick Green","name":"2_34_1_84"},{"num":1.9,"categoryName":"Ian Clark","name":"2_34_1_85"},{"num":1,"categoryName":"Jamaal Franklin","name":"2_34_1_86"}],"name":"2_34_1_0"},{"num":97.8,"categoryName":"Minnesota_Timberwolves","children":[{"num":20,"categoryName":"Kevin Martin","name":"2_34_2_79"},{"num":16.9,"categoryName":"Andrew Wiggins","name":"2_34_2_87"},{"num":14.3,"categoryName":"Thaddeus Young","name":"2_34_2_88"},{"num":13.5,"categoryName":"Shabazz Muhammad","name":"2_34_2_82"},{"num":12.5,"categoryName":"Nikola Pekovic","name":"2_34_2_58"},{"num":12.2,"categoryName":"Mo Williams","name":"2_34_2_89"},{"num":11.8,"categoryName":"Gary Neal","name":"2_34_2_90"},{"num":10.5,"categoryName":"Corey Brewer","name":"2_34_2_34"},{"num":10.3,"categoryName":"Ricky Rubio","name":"2_34_2_64"},{"num":10.1,"categoryName":"Zach LaVine","name":"2_34_2_91"},{"num":9.7,"categoryName":"Gorgui Dieng","name":"2_34_2_81"},{"num":9,"categoryName":"Justin Hamilton","name":"2_34_2_92"},{"num":7.6,"categoryName":"Kevin Garnett","name":"2_34_2_1"},{"num":7.2,"categoryName":"Adreian Payne","name":"2_34_2_93"},{"num":6.8,"categoryName":"Chase Budinger","name":"2_34_2_69"},{"num":5.5,"categoryName":"Sean Kilpatrick","name":"2_34_2_94"},{"num":5.2,"categoryName":"Anthony Bennett","name":"2_34_2_95"},{"num":4.5,"categoryName":"Arinze Onuaku","name":"2_34_2_96"},{"num":4.4,"categoryName":"Robbie Hummel","name":"2_34_2_83"},{"num":4.2,"categoryName":"Lorenzo Brown","name":"2_34_2_97"},{"num":3.5,"categoryName":"Jeff Adrien","name":"2_34_2_98"},{"num":2.8,"categoryName":"Troy Daniels","name":"2_34_2_99"},{"num":1.6,"categoryName":"Miroslav Raduljica","name":"2_34_2_100"},{"num":1.2,"categoryName":"Glenn Robinson","name":"2_34_2_101"},{"num":0,"categoryName":"Ronny Turiaf","name":"2_34_2_80"}],"name":"2_34_2_0"},{"num":104,"categoryName":"Oklahoma_City_Thunder","children":[{"num":28.1,"categoryName":"Russell Westbrook","name":"2_34_6_3"},{"num":25.4,"categoryName":"Kevin Durant","name":"2_34_6_1"},{"num":18.7,"categoryName":"Enes Kanter","name":"2_34_6_54"},{"num":14.3,"categoryName":"Serge Ibaka","name":"2_34_6_22"},{"num":12.8,"categoryName":"Reggie Jackson","name":"2_34_6_38"},{"num":12.7,"categoryName":"Dion Waiters","name":"2_34_6_55"},{"num":10.7,"categoryName":"Anthony Morrow","name":"2_34_6_56"},{"num":8.4,"categoryName":"Sebastian Telfair","name":"2_34_6_57"},{"num":7.7,"categoryName":"Steven Adams","name":"2_34_6_50"},{"num":7.3,"categoryName":"D.J. Augustin","name":"2_34_6_58"},{"num":6.3,"categoryName":"Mitch McGary","name":"2_34_6_59"},{"num":6.3,"categoryName":"Jeremy Lamb","name":"2_34_6_42"},{"num":5.1,"categoryName":"Lance Thomas","name":"2_34_6_60"},{"num":4.3,"categoryName":"Perry Jones","name":"2_34_6_45"},{"num":4.1,"categoryName":"Nick Collison","name":"2_34_6_8"},{"num":4,"categoryName":"Kendrick Perkins","name":"2_34_6_32"},{"num":3.7,"categoryName":"Kyle Singler","name":"2_34_6_61"},{"num":3.4,"categoryName":"Andre Roberson","name":"2_34_6_51"},{"num":1.4,"categoryName":"Grant Jerrett","name":"2_34_6_62"},{"num":1.2,"categoryName":"Ish Smith","name":"2_34_6_63"},{"num":1.2,"categoryName":"Steve Novak","name":"2_34_6_64"}],"name":"2_34_6_0"},{"num":102.8,"categoryName":"Portland_Trail_Blazers","children":[{"num":23.4,"categoryName":"LaMarcus Aldridge","name":"2_34_3_27"},{"num":21,"categoryName":"Damian Lillard","name":"2_34_3_71"},{"num":15.9,"categoryName":"Wesley Matthews","name":"2_34_3_53"},{"num":10.6,"categoryName":"Arron Afflalo","name":"2_34_3_87"},{"num":9.6,"categoryName":"Robin Lopez","name":"2_34_3_80"},{"num":9.4,"categoryName":"Nicolas Batum","name":"2_34_3_39"},{"num":8.6,"categoryName":"Chris Kaman","name":"2_34_3_88"},{"num":6.8,"categoryName":"C.J. McCollum","name":"2_34_3_82"},{"num":5.9,"categoryName":"Meyers Leonard","name":"2_34_3_73"},{"num":4.6,"categoryName":"Tim Frazier","name":"2_34_3_89"},{"num":4.6,"categoryName":"Dorell Wright","name":"2_34_3_83"},{"num":4.3,"categoryName":"Steve Blake","name":"2_34_3_19"},{"num":3.6,"categoryName":"Thomas Robinson","name":"2_34_3_84"},{"num":3.5,"categoryName":"Joel Freeland","name":"2_34_3_78"},{"num":3.4,"categoryName":"Alonzo Gee","name":"2_34_3_90"},{"num":3.3,"categoryName":"Allen Crabbe","name":"2_34_3_85"},{"num":3,"categoryName":"Will Barton","name":"2_34_3_74"},{"num":2.4,"categoryName":"Victor Claver","name":"2_34_3_75"}],"name":"2_34_3_0"}],"name":"2_34_0_0","num":406.1},{"categoryName":"Pacific","children":[{"num":110,"categoryName":"Golden_State_Warriors","children":[{"num":23.8,"categoryName":"Stephen Curry","name":"2_33_6_300"},{"num":21.7,"categoryName":"Klay Thompson","name":"2_33_6_321"},{"num":11.7,"categoryName":"Draymond Green","name":"2_33_6_338"},{"num":10.4,"categoryName":"Marreese Speights","name":"2_33_6_345"},{"num":10.1,"categoryName":"Harrison Barnes","name":"2_33_6_336"},{"num":7.9,"categoryName":"David Lee","name":"2_33_6_311"},{"num":7.8,"categoryName":"Andre Iguodala","name":"2_33_6_342"},{"num":7.1,"categoryName":"Leandro Barbosa","name":"2_33_6_353"},{"num":6.3,"categoryName":"Andrew Bogut","name":"2_33_6_337"},{"num":5.9,"categoryName":"Shaun Livingston","name":"2_33_6_354"},{"num":4.4,"categoryName":"Festus Ezeli","name":"2_33_6_339"},{"num":4.3,"categoryName":"Justin Holiday","name":"2_33_6_355"},{"num":4.1,"categoryName":"J.M. McAdoo","name":"2_33_6_356"},{"num":1.3,"categoryName":"Ognjen Kuzmic","name":"2_33_6_351"},{"num":0.9,"categoryName":"Brandon Rush","name":"2_33_6_323"}],"name":"2_33_6_0"},{"num":106.7,"categoryName":"Los_Angeles_Clippers","children":[{"num":21.9,"categoryName":"Blake Griffin","name":"2_33_10_219"},{"num":19.1,"categoryName":"Chris Paul","name":"2_33_10_230"},{"num":16.4,"categoryName":"J.J. Redick","name":"2_33_10_247"},{"num":15.8,"categoryName":"Jamal Crawford","name":"2_33_10_240"},{"num":11.5,"categoryName":"DeAndre Jordan","name":"2_33_10_207"},{"num":10.1,"categoryName":"Matt Barnes","name":"2_33_10_163"},{"num":7.1,"categoryName":"Austin Rivers","name":"2_33_10_259"},{"num":5.8,"categoryName":"Spencer Hawes","name":"2_33_10_260"},{"num":5.1,"categoryName":"Nate Robinson","name":"2_33_10_261"},{"num":4.6,"categoryName":"Jordan Farmar","name":"2_33_10_262"},{"num":4,"categoryName":"Glen Davis","name":"2_33_10_251"},{"num":3.7,"categoryName":"Hedo Turkoglu","name":"2_33_10_253"},{"num":3.6,"categoryName":"Lester Hudson","name":"2_33_10_263"},{"num":2.7,"categoryName":"Jordan Hamilton","name":"2_33_10_264"},{"num":2.6,"categoryName":"Reggie Bullock","name":"2_33_10_254"},{"num":2,"categoryName":"C.J. Wilcox","name":"2_33_10_265"},{"num":1.8,"categoryName":"Jared Cunningham","name":"2_33_10_266"},{"num":1.6,"categoryName":"C. Douglas-Roberts","name":"2_33_10_267"},{"num":0.9,"categoryName":"Ekpe Udoh","name":"2_33_10_268"},{"num":0.6,"categoryName":"Dahntay Jones","name":"2_33_10_269"}],"name":"2_33_10_0"},{"num":98.5,"categoryName":"Los_Angeles_Lakers","children":[{"num":22.3,"categoryName":"Kobe Bryant","name":"2_33_1_159"},{"num":13.4,"categoryName":"Nick Young","name":"2_33_1_260"},{"num":12,"categoryName":"Jordan Hill","name":"2_33_1_246"},{"num":11.9,"categoryName":"Jabari Brown","name":"2_33_1_271"},{"num":11.9,"categoryName":"Jordan Clarkson","name":"2_33_1_272"},{"num":11.8,"categoryName":"Carlos Boozer","name":"2_33_1_273"},{"num":11.2,"categoryName":"Jeremy Lin","name":"2_33_1_274"},{"num":11,"categoryName":"Vander Blue","name":"2_33_1_275"},{"num":10,"categoryName":"Wayne Ellington","name":"2_33_1_276"},{"num":9.9,"categoryName":"Wesley Johnson","name":"2_33_1_264"},{"num":8.7,"categoryName":"Dwight Buycks","name":"2_33_1_277"},{"num":8.3,"categoryName":"Ed Davis","name":"2_33_1_278"},{"num":7.2,"categoryName":"Tarik Black","name":"2_33_1_279"},{"num":6.4,"categoryName":"Ryan Kelly","name":"2_33_1_266"},{"num":5.1,"categoryName":"Ronnie Price","name":"2_33_1_280"},{"num":4.6,"categoryName":"Robert Sacre","name":"2_33_1_258"},{"num":2.2,"categoryName":"Xavier Henry","name":"2_33_1_263"},{"num":2,"categoryName":"Julius Randle","name":"2_33_1_281"}],"name":"2_33_1_0"},{"num":102.4,"categoryName":"Phoenix_Suns","children":[{"num":17,"categoryName":"Eric Bledsoe","name":"2_33_8_282"},{"num":16.2,"categoryName":"Goran Dragic","name":"2_33_8_244"},{"num":15.3,"categoryName":"Markieff Morris","name":"2_33_8_269"},{"num":15.2,"categoryName":"Isaiah Thomas","name":"2_33_8_291"},{"num":13.4,"categoryName":"Brandon Knight","name":"2_33_8_292"},{"num":11.9,"categoryName":"Gerald Green","name":"2_33_8_283"},{"num":10.4,"categoryName":"Marcus Morris","name":"2_33_8_277"},{"num":9.1,"categoryName":"P.J. Tucker","name":"2_33_8_276"},{"num":7,"categoryName":"Brandan Wright","name":"2_33_8_293"},{"num":6.3,"categoryName":"Alex Len","name":"2_33_8_288"},{"num":6.1,"categoryName":"T.J. Warren","name":"2_33_8_294"},{"num":5.6,"categoryName":"Archie Goodwin","name":"2_33_8_285"},{"num":4.3,"categoryName":"Miles Plumlee","name":"2_33_8_284"},{"num":3.6,"categoryName":"Marcus Thornton","name":"2_33_8_295"},{"num":3.3,"categoryName":"Anthony Tolliver","name":"2_33_8_296"},{"num":2.8,"categoryName":"Tyler Ennis","name":"2_33_8_297"},{"num":2,"categoryName":"Earl Barron","name":"2_33_8_264"},{"num":1.5,"categoryName":"Jerel McNeal","name":"2_33_8_298"},{"num":1.2,"categoryName":"A.J. Price","name":"2_33_8_299"},{"num":1.1,"categoryName":"Shavlik Randolph","name":"2_33_8_289"},{"num":1,"categoryName":"Zoran Dragic","name":"2_33_8_300"},{"num":0.4,"categoryName":"Reggie Bullock","name":"2_33_8_301"},{"num":0,"categoryName":"Seth Curry","name":"2_33_8_302"}],"name":"2_33_8_0"},{"num":101.3,"categoryName":"Sacramento_Kings","children":[{"num":24.1,"categoryName":"DeMarcus Cousins","name":"2_33_11_177"},{"num":21.1,"categoryName":"Rudy Gay","name":"2_33_11_198"},{"num":16.1,"categoryName":"Darren Collison","name":"2_33_11_211"},{"num":12.1,"categoryName":"Ben McLemore","name":"2_33_11_200"},{"num":8.9,"categoryName":"Omri Casspi","name":"2_33_11_166"},{"num":8.3,"categoryName":"Derrick Williams","name":"2_33_11_201"},{"num":7.4,"categoryName":"Ray McCallum","name":"2_33_11_202"},{"num":7.2,"categoryName":"Carl Landry","name":"2_33_11_165"},{"num":6.1,"categoryName":"Jason Thompson","name":"2_33_11_153"},{"num":5.7,"categoryName":"Andre Miller","name":"2_33_11_212"},{"num":5.4,"categoryName":"Ramon Sessions","name":"2_33_11_213"},{"num":4.4,"categoryName":"Nik Stauskas","name":"2_33_11_214"},{"num":3.7,"categoryName":"Reggie Evans","name":"2_33_11_203"},{"num":3,"categoryName":"Ryan Hollins","name":"2_33_11_215"},{"num":2.8,"categoryName":"Quincy Miller","name":"2_33_11_216"},{"num":2.7,"categoryName":"David Stockton","name":"2_33_11_217"},{"num":0.7,"categoryName":"Sim Bhullar","name":"2_33_11_218"},{"num":0.7,"categoryName":"Eric Moreland","name":"2_33_11_219"},{"num":0,"categoryName":"David Wear","name":"2_33_11_220"}],"name":"2_33_11_0"}],"name":"2_33_0_0","num":518.9},{"categoryName":"Southwest","children":[{"num":105.2,"categoryName":"Dallas_Mavericks","children":[{"num":18.9,"categoryName":"Monta Ellis","name":"2_35_1_88"},{"num":17.3,"categoryName":"Dirk Nowitzki","name":"2_35_1_1"},{"num":15.7,"categoryName":"Chandler Parsons","name":"2_35_1_96"},{"num":10.8,"categoryName":"Amar'e Stoudemire","name":"2_35_1_97"},{"num":10.3,"categoryName":"Tyson Chandler","name":"2_35_1_55"},{"num":9.3,"categoryName":"Rajon Rondo","name":"2_35_1_98"},{"num":8.8,"categoryName":"Brandan Wright","name":"2_35_1_66"},{"num":8.8,"categoryName":"Devin Harris","name":"2_35_1_9"},{"num":7.5,"categoryName":"Jose Juan Barea","name":"2_35_1_28"},{"num":7.3,"categoryName":"Jameer Nelson","name":"2_35_1_99"},{"num":6.3,"categoryName":"Charlie Villanueva","name":"2_35_1_100"},{"num":5.8,"categoryName":"Richard Jefferson","name":"2_35_1_101"},{"num":5.6,"categoryName":"Al-Farouq Aminu","name":"2_35_1_102"},{"num":3.7,"categoryName":"Raymond Felton","name":"2_35_1_103"},{"num":3.6,"categoryName":"Jae Crowder","name":"2_35_1_77"},{"num":3.4,"categoryName":"Dwight Powell","name":"2_35_1_104"},{"num":2.8,"categoryName":"Bernard James","name":"2_35_1_81"},{"num":1.9,"categoryName":"Greg Smith","name":"2_35_1_105"},{"num":0.2,"categoryName":"Ricky Ledo","name":"2_35_1_95"}],"name":"2_35_1_0"},{"num":103.9,"categoryName":"Houston_Rockets","children":[{"num":27.4,"categoryName":"James Harden","name":"2_35_2_82"},{"num":15.8,"categoryName":"Dwight Howard","name":"2_35_2_97"},{"num":12.8,"categoryName":"Trevor Ariza","name":"2_35_2_54"},{"num":12,"categoryName":"Donatas Motiejunas","name":"2_35_2_88"},{"num":12,"categoryName":"Josh Smith","name":"2_35_2_105"},{"num":11.9,"categoryName":"Corey Brewer","name":"2_35_2_106"},{"num":11.7,"categoryName":"Terrence Jones","name":"2_35_2_90"},{"num":10.1,"categoryName":"Patrick Beverley","name":"2_35_2_89"},{"num":7,"categoryName":"Jason Terry","name":"2_35_2_107"},{"num":6.2,"categoryName":"Isaiah Canaan","name":"2_35_2_101"},{"num":4.2,"categoryName":"K. Papanikolaou","name":"2_35_2_108"},{"num":4.2,"categoryName":"Tarik Black","name":"2_35_2_109"},{"num":3.2,"categoryName":"Alexey Shved","name":"2_35_2_110"},{"num":3.2,"categoryName":"Francisco Garcia","name":"2_35_2_87"},{"num":3,"categoryName":"Pablo Prigioni","name":"2_35_2_111"},{"num":2.7,"categoryName":"Troy Daniels","name":"2_35_2_98"},{"num":2.7,"categoryName":"Clint Capela","name":"2_35_2_112"},{"num":2.7,"categoryName":"Joey Dorsey","name":"2_35_2_52"},{"num":2.6,"categoryName":"Nick Johnson","name":"2_35_2_113"},{"num":1.1,"categoryName":"K.J. McDaniels","name":"2_35_2_114"}],"name":"2_35_2_0"},{"num":98.3,"categoryName":"Memphis_Grizzlies","children":[{"num":17.4,"categoryName":"Marc Gasol","name":"2_35_3_32"},{"num":16.1,"categoryName":"Zach Randolph","name":"2_35_3_43"},{"num":15.8,"categoryName":"Mike Conley","name":"2_35_3_33"},{"num":13.1,"categoryName":"Jeff Green","name":"2_35_3_87"},{"num":10.1,"categoryName":"Courtney Lee","name":"2_35_3_79"},{"num":8.6,"categoryName":"Tony Allen","name":"2_35_3_54"},{"num":7.7,"categoryName":"Beno Udrih","name":"2_35_3_84"},{"num":7.3,"categoryName":"Tayshaun Prince","name":"2_35_3_69"},{"num":5.8,"categoryName":"Vince Carter","name":"2_35_3_88"},{"num":5.2,"categoryName":"Kosta Koufos","name":"2_35_3_81"},{"num":4.5,"categoryName":"Jon Leuer","name":"2_35_3_77"},{"num":4.5,"categoryName":"Quincy Pondexter","name":"2_35_3_64"},{"num":4.2,"categoryName":"Nick Calathes","name":"2_35_3_82"},{"num":4.2,"categoryName":"Russ Smith","name":"2_35_3_89"},{"num":3.1,"categoryName":"Jordan Adams","name":"2_35_3_90"},{"num":3,"categoryName":"Jarnell Stokes","name":"2_35_3_91"},{"num":2.7,"categoryName":"JaMychal Green","name":"2_35_3_92"},{"num":2,"categoryName":"Tyrus Thomas","name":"2_35_3_93"},{"num":0,"categoryName":"Kalin Lucas","name":"2_35_3_94"}],"name":"2_35_3_0"},{"num":99.4,"categoryName":"New_Orleans_Pelicans","children":[{"num":24.4,"categoryName":"Anthony Davis","name":"2_35_7_1"},{"num":16.6,"categoryName":"Tyreke Evans","name":"2_35_7_4"},{"num":14.8,"categoryName":"Jrue Holiday","name":"2_35_7_5"},{"num":13.7,"categoryName":"Ryan Anderson","name":"2_35_7_2"},{"num":13.4,"categoryName":"Eric Gordon","name":"2_35_7_3"},{"num":9.9,"categoryName":"Norris Cole","name":"2_35_7_22"},{"num":9,"categoryName":"Quincy Pondexter","name":"2_35_7_23"},{"num":7.3,"categoryName":"Omer Asik","name":"2_35_7_24"},{"num":6.8,"categoryName":"Austin Rivers","name":"2_35_7_9"},{"num":6.5,"categoryName":"Alexis Ajinca","name":"2_35_7_12"},{"num":5.2,"categoryName":"Dante Cunningham","name":"2_35_7_25"},{"num":4.3,"categoryName":"Toney Douglas","name":"2_35_7_26"},{"num":4.1,"categoryName":"Luke Babbitt","name":"2_35_7_11"},{"num":3.6,"categoryName":"Jimmer Fredette","name":"2_35_7_27"},{"num":2.6,"categoryName":"Jeff Withey","name":"2_35_7_15"},{"num":2.4,"categoryName":"Elliot Williams","name":"2_35_7_28"},{"num":2,"categoryName":"John Salmons","name":"2_35_7_29"},{"num":1.7,"categoryName":"Nate Wolters","name":"2_35_7_30"},{"num":1.5,"categoryName":"Gal Mekel","name":"2_35_7_31"},{"num":0.8,"categoryName":"Russ Smith","name":"2_35_7_32"},{"num":0.4,"categoryName":"Darius Miller","name":"2_35_7_14"}],"name":"2_35_7_0"},{"num":103.2,"categoryName":"San_Antonio_Spurs","children":[{"num":16.5,"categoryName":"Kawhi Leonard","name":"2_35_5_63"},{"num":14.4,"categoryName":"Tony Parker","name":"2_35_5_2"},{"num":13.9,"categoryName":"Tim Duncan","name":"2_35_5_1"},{"num":11.7,"categoryName":"Danny Green","name":"2_35_5_52"},{"num":10.5,"categoryName":"Manu Ginobili","name":"2_35_5_3"},{"num":9.2,"categoryName":"Marco Belinelli","name":"2_35_5_74"},{"num":8.7,"categoryName":"Boris Diaw","name":"2_35_5_65"},{"num":8.2,"categoryName":"Tiago Splitter","name":"2_35_5_53"},{"num":6.9,"categoryName":"Patty Mills","name":"2_35_5_61"},{"num":6.8,"categoryName":"Cory Joseph","name":"2_35_5_68"},{"num":6.6,"categoryName":"Aron Baynes","name":"2_35_5_73"},{"num":4,"categoryName":"Austin Daye","name":"2_35_5_75"},{"num":3.7,"categoryName":"Matt Bonner","name":"2_35_5_25"},{"num":2.7,"categoryName":"Jeff Ayres","name":"2_35_5_76"},{"num":2.2,"categoryName":"Kyle Anderson","name":"2_35_5_79"},{"num":2,"categoryName":"JaMychal Green","name":"2_35_5_80"},{"num":1.9,"categoryName":"Reggie Williams","name":"2_35_5_81"}],"name":"2_35_5_0"}],"name":"2_35_0_0","num":510.00000000000006}],"name":"2_0_0_0","num":1435}],"num":2806.9}