{"year":1973,"name":"root","categoryName":"root","children":[{"categoryName":"Eastern","children":[{"categoryName":"Atlantic","children":[{"num":109,"categoryName":"Boston_Celtics","children":[{"num":22.6,"categoryName":"John Havlicek","name":"1_14_1_1"},{"num":19,"categoryName":"Dave Cowens","name":"1_14_1_3"},{"num":18.1,"categoryName":"Jo Jo White","name":"1_14_1_2"},{"num":11.5,"categoryName":"Paul Silas","name":"1_14_1_16"},{"num":11.5,"categoryName":"Don Nelson","name":"1_14_1_4"},{"num":10.4,"categoryName":"Don Chaney","name":"1_14_1_5"},{"num":7.2,"categoryName":"Paul Westphal","name":"1_14_1_17"},{"num":5.1,"categoryName":"Steve Kuberski","name":"1_14_1_6"},{"num":3.9,"categoryName":"Phil Hankinson","name":"1_14_1_19"},{"num":2.7,"categoryName":"Steve Downing","name":"1_14_1_20"},{"num":2.6,"categoryName":"Art Williams","name":"1_14_1_10"},{"num":2.5,"categoryName":"Hank Finkel","name":"1_14_1_8"}],"name":"1_14_1_0"},{"num":111.6,"categoryName":"Buffalo_Braves","children":[{"num":30.6,"categoryName":"Bob McAdoo","name":"1_14_2_21"},{"num":18.6,"categoryName":"Jim McMillian","name":"1_14_2_26"},{"num":15.5,"categoryName":"Randy Smith","name":"1_14_2_18"},{"num":15.3,"categoryName":"Gar Heard","name":"1_14_2_27"},{"num":15.2,"categoryName":"Ernie DiGregorio","name":"1_14_2_28"},{"num":13.4,"categoryName":"Jack Marin","name":"1_14_2_29"},{"num":6.1,"categoryName":"Bob Kauffman","name":"1_14_2_1"},{"num":4.9,"categoryName":"Matt Guokas","name":"1_14_2_30"},{"num":4,"categoryName":"Dave Wohl","name":"1_14_2_22"},{"num":3.9,"categoryName":"Ken Charles","name":"1_14_2_31"},{"num":3,"categoryName":"Lee Winfield","name":"1_14_2_32"},{"num":2.8,"categoryName":"Kevin Kunnert","name":"1_14_2_33"},{"num":1.6,"categoryName":"Mike Macaluso","name":"1_14_2_34"},{"num":1.5,"categoryName":"Paul Ruffner","name":"1_14_2_35"},{"num":0.3,"categoryName":"Jim Garvin","name":"1_14_2_36"}],"name":"1_14_2_0"},{"num":101.3,"categoryName":"New_York_Knicks","children":[{"num":20.5,"categoryName":"Walt Frazier","name":"1_14_3_1"},{"num":18.1,"categoryName":"Dave DeBusschere","name":"1_14_3_3"},{"num":14,"categoryName":"Bill Bradley","name":"1_14_3_5"},{"num":14,"categoryName":"Earl Monroe","name":"1_14_3_15"},{"num":11.1,"categoryName":"Phil Jackson","name":"1_14_3_9"},{"num":11.1,"categoryName":"Willis Reed","name":"1_14_3_2"},{"num":8.3,"categoryName":"Dean Meminger","name":"1_14_3_16"},{"num":7.5,"categoryName":"Henry Bibby","name":"1_14_3_20"},{"num":7.3,"categoryName":"John Gianelli","name":"1_14_3_21"},{"num":6.2,"categoryName":"Jerry Lucas","name":"1_14_3_14"},{"num":4.4,"categoryName":"Dick Barnett","name":"1_14_3_4"},{"num":3.5,"categoryName":"Harthorne Wingo","name":"1_14_3_23"},{"num":3,"categoryName":"Dick Garrett","name":"1_14_3_24"},{"num":2.6,"categoryName":"Mel Davis","name":"1_14_3_25"},{"num":2.2,"categoryName":"Tom Riker","name":"1_14_3_22"},{"num":2,"categoryName":"Allie McGuire","name":"1_14_3_26"},{"num":0,"categoryName":"Dennis Bell","name":"1_14_3_27"}],"name":"1_14_3_0"},{"num":101.2,"categoryName":"Philadelphia_76ers","children":[{"num":21.4,"categoryName":"Fred Carter","name":"1_14_4_17"},{"num":19.6,"categoryName":"Tom Van Arsdale","name":"1_14_4_24"},{"num":14.9,"categoryName":"Steve Mix","name":"1_14_4_36"},{"num":10,"categoryName":"Larry Jones","name":"1_14_4_37"},{"num":9.9,"categoryName":"LeRoy Ellis","name":"1_14_4_25"},{"num":9.5,"categoryName":"Freddie Boyd","name":"1_14_4_29"},{"num":8,"categoryName":"Doug Collins","name":"1_14_4_38"},{"num":7.5,"categoryName":"Toby Kimball","name":"1_14_4_39"},{"num":7,"categoryName":"Don May","name":"1_14_4_26"},{"num":6.2,"categoryName":"Larry Cannon","name":"1_14_4_40"},{"num":4.7,"categoryName":"Allan Bristow","name":"1_14_4_41"},{"num":3,"categoryName":"Rod Freeman","name":"1_14_4_42"},{"num":2,"categoryName":"Luther Rackley","name":"1_14_4_43"}],"name":"1_14_4_0"}],"name":"1_14_0_0","num":423.09999999999997},{"categoryName":"Central","children":[{"num":108.6,"categoryName":"Atlanta_Hawks","children":[{"num":27.7,"categoryName":"Pete Maravich","name":"1_15_1_2"},{"num":25.4,"categoryName":"Lou Hudson","name":"1_15_1_1"},{"num":14.1,"categoryName":"Herm Gilliam","name":"1_15_1_15"},{"num":13.1,"categoryName":"Walt Bellamy","name":"1_15_1_4"},{"num":10,"categoryName":"Jim Washington","name":"1_15_1_13"},{"num":9.3,"categoryName":"John Brown","name":"1_15_1_27"},{"num":8,"categoryName":"Dwight Jones","name":"1_15_1_28"},{"num":7.3,"categoryName":"Steve Bracey","name":"1_15_1_23"},{"num":3.6,"categoryName":"John Wetzel","name":"1_15_1_24"},{"num":2.9,"categoryName":"Dale Schlueter","name":"1_15_1_29"},{"num":2.7,"categoryName":"Tom Ingelsby","name":"1_15_1_30"},{"num":2,"categoryName":"John Tschogl","name":"1_15_1_25"}],"name":"1_15_1_0"},{"num":101.9,"categoryName":"Capital_Bullets","children":[{"num":21.9,"categoryName":"Phil Chenier","name":"1_15_6_1"},{"num":21.4,"categoryName":"Elvin Hayes","name":"1_15_6_2"},{"num":15.9,"categoryName":"Mike Riordan","name":"1_15_6_3"},{"num":14,"categoryName":"Kevin Porter","name":"1_15_6_4"},{"num":13.1,"categoryName":"Archie Clark","name":"1_15_6_5"},{"num":7.6,"categoryName":"Nick Weatherspoon","name":"1_15_6_6"},{"num":5.9,"categoryName":"Wes Unseld","name":"1_15_6_7"},{"num":4.9,"categoryName":"Louie Nelson","name":"1_15_6_8"},{"num":4.4,"categoryName":"Dave Stallworth","name":"1_15_6_9"},{"num":4.3,"categoryName":"Walt Wesley","name":"1_15_6_10"},{"num":4.1,"categoryName":"Manny Leaks","name":"1_15_6_11"},{"num":2.9,"categoryName":"Tom Kozelko","name":"1_15_6_12"},{"num":1.3,"categoryName":"Rich Rinaldi","name":"1_15_6_13"},{"num":0.5,"categoryName":"Tom Patterson","name":"1_15_6_14"}],"name":"1_15_6_0"},{"num":100.3,"categoryName":"Cleveland_Cavaliers","children":[{"num":21.9,"categoryName":"Austin Carr","name":"1_15_4_17"},{"num":16.4,"categoryName":"Lenny Wilkens","name":"1_15_4_24"},{"num":14.8,"categoryName":"Bingo Smith","name":"1_15_4_3"},{"num":12.5,"categoryName":"Dwight Davis","name":"1_15_4_25"},{"num":7.8,"categoryName":"Steve Patterson","name":"1_15_4_21"},{"num":7.2,"categoryName":"Bob Rule","name":"1_15_4_29"},{"num":7,"categoryName":"Jim Cleamons","name":"1_15_4_27"},{"num":6.1,"categoryName":"Jim Brewer","name":"1_15_4_30"},{"num":5.5,"categoryName":"Barry Clemens","name":"1_15_4_26"},{"num":4.8,"categoryName":"Fred Foster","name":"1_15_4_31"},{"num":4.5,"categoryName":"Luke Witte","name":"1_15_4_32"},{"num":4.3,"categoryName":"John Warren","name":"1_15_4_5"},{"num":1.6,"categoryName":"Cornell Warner","name":"1_15_4_28"}],"name":"1_15_4_0"},{"num":107.4,"categoryName":"Houston_Rockets","children":[{"num":24.5,"categoryName":"Rudy Tomjanovich","name":"1_15_5_1"},{"num":20.4,"categoryName":"Calvin Murphy","name":"1_15_5_5"},{"num":18.4,"categoryName":"Mike Newlin","name":"1_15_5_4"},{"num":10.9,"categoryName":"Zaid Abdul-Aziz","name":"1_15_5_7"},{"num":10.7,"categoryName":"Jack Marin","name":"1_15_5_2"},{"num":9.7,"categoryName":"Cliff Meely","name":"1_15_5_8"},{"num":7.5,"categoryName":"Ed Ratleff","name":"1_15_5_15"},{"num":6,"categoryName":"Dave Wohl","name":"1_15_5_16"},{"num":5.3,"categoryName":"Matt Guokas","name":"1_15_5_17"},{"num":5.2,"categoryName":"Otto Moore","name":"1_15_5_6"},{"num":5.2,"categoryName":"E.C. Coleman","name":"1_15_5_18"},{"num":4.9,"categoryName":"Kevin Kunnert","name":"1_15_5_19"},{"num":4.7,"categoryName":"Jimmy Walker","name":"1_15_5_3"},{"num":3.4,"categoryName":"Ron Riley","name":"1_15_5_20"},{"num":2.1,"categoryName":"George Johnson","name":"1_15_5_12"},{"num":1.8,"categoryName":"Stan McKenzie","name":"1_15_5_10"},{"num":0.5,"categoryName":"Paul McCracken","name":"1_15_5_9"}],"name":"1_15_5_0"}],"name":"1_15_0_0","num":418.20000000000005}],"name":"1_0_0_0","num":841.3},{"categoryName":"Western","children":[{"categoryName":"Midwest","children":[{"num":102,"categoryName":"Chicago_Bulls","children":[{"num":21.8,"categoryName":"Bob Love","name":"2_32_1_1"},{"num":19.3,"categoryName":"Chet Walker","name":"2_32_1_2"},{"num":14.3,"categoryName":"Norm Van Lier","name":"2_32_1_14"},{"num":13.2,"categoryName":"Jerry Sloan","name":"2_32_1_3"},{"num":9.4,"categoryName":"Howard Porter","name":"2_32_1_16"},{"num":9.3,"categoryName":"Clifford Ray","name":"2_32_1_15"},{"num":8.5,"categoryName":"Bob Weiss","name":"2_32_1_6"},{"num":3.8,"categoryName":"Rowland Garrett","name":"2_32_1_22"},{"num":3.4,"categoryName":"Tom Boerwinkle","name":"2_32_1_4"},{"num":3.3,"categoryName":"John Hummer","name":"2_32_1_24"},{"num":3.3,"categoryName":"Rick Adelman","name":"2_32_1_25"},{"num":2.7,"categoryName":"Dennis Awtrey","name":"2_32_1_21"}],"name":"2_32_1_0"},{"num":104.4,"categoryName":"Detroit_Pistons","children":[{"num":22.5,"categoryName":"Bob Lanier","name":"2_32_2_3"},{"num":18.8,"categoryName":"Dave Bing","name":"2_32_2_1"},{"num":10.7,"categoryName":"Curtis Rowe","name":"2_32_2_13"},{"num":10.3,"categoryName":"Don Adams","name":"2_32_2_19"},{"num":9.3,"categoryName":"George Trapp","name":"2_32_2_24"},{"num":8.9,"categoryName":"Stu Lantz","name":"2_32_2_18"},{"num":8.8,"categoryName":"John Mengelt","name":"2_32_2_17"},{"num":8,"categoryName":"Willie Norwood","name":"2_32_2_14"},{"num":7.1,"categoryName":"Chris Ford","name":"2_32_2_21"},{"num":4.2,"categoryName":"Jim Davis","name":"2_32_2_15"},{"num":3,"categoryName":"Bob Nash","name":"2_32_2_23"},{"num":1.8,"categoryName":"Ben Kelso","name":"2_32_2_25"}],"name":"2_32_2_0"},{"num":102,"categoryName":"Kansas_City-Omaha_Kings","children":[{"num":19.8,"categoryName":"Jimmy Walker","name":"2_32_5_18"},{"num":17.6,"categoryName":"Tiny Archibald","name":"2_32_5_1"},{"num":15.5,"categoryName":"Nate Williams","name":"2_32_5_4"},{"num":14.2,"categoryName":"Sam Lacey","name":"2_32_5_2"},{"num":13.1,"categoryName":"Don Kojis","name":"2_32_5_7"},{"num":11,"categoryName":"Ron Behagen","name":"2_32_5_19"},{"num":10,"categoryName":"Matt Guokas","name":"2_32_5_5"},{"num":8.7,"categoryName":"John Block","name":"2_32_5_6"},{"num":5.8,"categoryName":"Larry McNeill","name":"2_32_5_20"},{"num":5.2,"categoryName":"Ron Riley","name":"2_32_5_8"},{"num":4.8,"categoryName":"Ken Durrett","name":"2_32_5_14"},{"num":4.8,"categoryName":"Mike D'Antoni","name":"2_32_5_21"},{"num":4.3,"categoryName":"Howard Komives","name":"2_32_5_22"},{"num":3.2,"categoryName":"Otto Moore","name":"2_32_5_23"},{"num":2.4,"categoryName":"Ted Manakas","name":"2_32_5_24"},{"num":2,"categoryName":"Justus Thigpen","name":"2_32_5_25"},{"num":0,"categoryName":"Mike Ratliff","name":"2_32_5_11"}],"name":"2_32_5_0"},{"num":107.1,"categoryName":"Milwaukee_Bucks","children":[{"num":27,"categoryName":"K. Abdul-Jabbar","name":"2_32_3_1"},{"num":18.9,"categoryName":"Bob Dandridge","name":"2_32_3_3"},{"num":17.6,"categoryName":"Lucius Allen","name":"2_32_3_7"},{"num":12.7,"categoryName":"Oscar Robertson","name":"2_32_3_2"},{"num":9.2,"categoryName":"Jon McGlocklin","name":"2_32_3_4"},{"num":9,"categoryName":"Curtis Perry","name":"2_32_3_17"},{"num":6.3,"categoryName":"Cornell Warner","name":"2_32_3_27"},{"num":6.3,"categoryName":"Ron Williams","name":"2_32_3_28"},{"num":5.9,"categoryName":"Mickey Davis","name":"2_32_3_23"},{"num":3.2,"categoryName":"Terry Driscoll","name":"2_32_3_22"},{"num":2.4,"categoryName":"Russ Lee","name":"2_32_3_25"},{"num":1.8,"categoryName":"Dick Garrett","name":"2_32_3_29"},{"num":1.1,"categoryName":"Chuck Terry","name":"2_32_3_26"},{"num":0.8,"categoryName":"Dick Cunningham","name":"2_32_3_11"}],"name":"2_32_3_0"}],"name":"2_32_0_0","num":415.5},{"categoryName":"Pacific","children":[{"num":109.9,"categoryName":"Golden_State_Warriors","children":[{"num":25.1,"categoryName":"Rick Barry","name":"2_33_6_13"},{"num":20.5,"categoryName":"Cazzie Russell","name":"2_33_6_3"},{"num":16.2,"categoryName":"Jeff Mullins","name":"2_33_6_1"},{"num":13,"categoryName":"Nate Thurmond","name":"2_33_6_2"},{"num":11.5,"categoryName":"Jim Barnett","name":"2_33_6_4"},{"num":10.2,"categoryName":"Butch Beard","name":"2_33_6_17"},{"num":7.2,"categoryName":"Charles Johnson","name":"2_33_6_14"},{"num":6.1,"categoryName":"George Johnson","name":"2_33_6_16"},{"num":5.9,"categoryName":"Clyde Lee","name":"2_33_6_7"},{"num":4.3,"categoryName":"Derrek Dickey","name":"2_33_6_18"},{"num":2.8,"categoryName":"Joe Ellis","name":"2_33_6_6"}],"name":"2_33_6_0"},{"num":109.2,"categoryName":"Los_Angeles_Lakers","children":[{"num":25.3,"categoryName":"Gail Goodrich","name":"2_33_1_4"},{"num":20.3,"categoryName":"Jerry West","name":"2_33_1_1"},{"num":15.4,"categoryName":"Jim Price","name":"2_33_1_19"},{"num":14.5,"categoryName":"Happy Hairston","name":"2_33_1_3"},{"num":12.8,"categoryName":"Connie Hawkins","name":"2_33_1_24"},{"num":12.5,"categoryName":"Elmore Smith","name":"2_33_1_25"},{"num":9.5,"categoryName":"Pat Riley","name":"2_33_1_11"},{"num":8.4,"categoryName":"Bill Bridges","name":"2_33_1_18"},{"num":5.6,"categoryName":"Stan Love","name":"2_33_1_26"},{"num":3.8,"categoryName":"Kermit Washington","name":"2_33_1_27"},{"num":3.2,"categoryName":"Mel Counts","name":"2_33_1_20"},{"num":3.2,"categoryName":"Nate Hawthorne","name":"2_33_1_28"},{"num":1,"categoryName":"Travis Grant","name":"2_33_1_21"}],"name":"2_33_1_0"},{"num":107.9,"categoryName":"Phoenix_Suns","children":[{"num":25.4,"categoryName":"Charlie Scott","name":"2_33_8_1"},{"num":17.8,"categoryName":"Dick Van Arsdale","name":"2_33_8_3"},{"num":16.8,"categoryName":"Neal Walk","name":"2_33_8_2"},{"num":14.6,"categoryName":"Keith Erickson","name":"2_33_8_13"},{"num":11.3,"categoryName":"Connie Hawkins","name":"2_33_8_4"},{"num":11.1,"categoryName":"Clem Haskins","name":"2_33_8_5"},{"num":10.1,"categoryName":"Mike Bantom","name":"2_33_8_14"},{"num":8.2,"categoryName":"Corky Calhoun","name":"2_33_8_9"},{"num":7.2,"categoryName":"Gary Melchionni","name":"2_33_8_15"},{"num":5.5,"categoryName":"Bill Chamberlain","name":"2_33_8_16"},{"num":4.8,"categoryName":"Bob Christian","name":"2_33_8_17"},{"num":4.1,"categoryName":"Lamar Green","name":"2_33_8_8"},{"num":3.1,"categoryName":"Jim Owens","name":"2_33_8_18"},{"num":2.3,"categoryName":"Joe Reaves","name":"2_33_8_19"}],"name":"2_33_8_0"},{"num":106.8,"categoryName":"Portland_Trail_Blazers","children":[{"num":24.3,"categoryName":"Geoff Petrie","name":"2_33_2_1"},{"num":22.5,"categoryName":"Sidney Wicks","name":"2_33_2_15"},{"num":16.4,"categoryName":"John Johnson","name":"2_33_2_31"},{"num":13.5,"categoryName":"Rick Roberson","name":"2_33_2_32"},{"num":9.7,"categoryName":"Larry Steele","name":"2_33_2_19"},{"num":7.6,"categoryName":"Lloyd Neal","name":"2_33_2_22"},{"num":7,"categoryName":"Bernie Fryer","name":"2_33_2_33"},{"num":6.3,"categoryName":"Ollie Johnson","name":"2_33_2_23"},{"num":5.6,"categoryName":"Mo Layton","name":"2_33_2_34"},{"num":5,"categoryName":"Bob Verga","name":"2_33_2_35"},{"num":4.9,"categoryName":"LaRue Martin","name":"2_33_2_28"},{"num":3.9,"categoryName":"Charlie Davis","name":"2_33_2_24"},{"num":3.7,"categoryName":"Greg Smith","name":"2_33_2_25"},{"num":1.6,"categoryName":"Mark Sibley","name":"2_33_2_36"}],"name":"2_33_2_0"},{"num":107,"categoryName":"Seattle_Supersonics","children":[{"num":23.5,"categoryName":"Spencer Haywood","name":"2_33_5_2"},{"num":18.1,"categoryName":"Dick Snyder","name":"2_33_5_4"},{"num":16.5,"categoryName":"Fred Brown","name":"2_33_5_16"},{"num":12.5,"categoryName":"John Brisker","name":"2_33_5_17"},{"num":11.3,"categoryName":"Jim Fox","name":"2_33_5_18"},{"num":10.8,"categoryName":"Dick Gibbs","name":"2_33_5_24"},{"num":8.2,"categoryName":"John Hummer","name":"2_33_5_25"},{"num":8,"categoryName":"Slick Watts","name":"2_33_5_26"},{"num":7.4,"categoryName":"Kenny McIntosh","name":"2_33_5_21"},{"num":6.3,"categoryName":"Bud Stallworth","name":"2_33_5_20"},{"num":5.5,"categoryName":"Jim McDaniels","name":"2_33_5_15"},{"num":3.8,"categoryName":"Mahdi Abdul-Rahman","name":"2_33_5_27"},{"num":3.1,"categoryName":"Milt Williams","name":"2_33_5_28"},{"num":1.3,"categoryName":"Vester Marshall","name":"2_33_5_29"}],"name":"2_33_5_0"}],"name":"2_33_0_0","num":540.8}],"name":"2_0_0_0","num":956.3}],"num":1797.6}