{"year":1962,"name":"root","categoryName":"root","children":[{"categoryName":"Eastern","children":[{"num":118.8,"categoryName":"Boston_Celtics","children":[{"num":19.7,"categoryName":"Sam Jones","name":"1_1_93_0"},{"num":18.9,"categoryName":"Tom Heinsohn","name":"1_1_89_0"},{"num":16.8,"categoryName":"Bill Russell","name":"1_1_90_0"},{"num":14.3,"categoryName":"John Havlicek","name":"1_1_103_0"},{"num":13.2,"categoryName":"Bob Cousy","name":"1_1_58_0"},{"num":10.9,"categoryName":"Frank Ramsey","name":"1_1_80_0"},{"num":10.8,"categoryName":"Tom Sanders","name":"1_1_99_0"},{"num":7.2,"categoryName":"K.C. Jones","name":"1_1_95_0"},{"num":6.5,"categoryName":"Clyde Lovellette","name":"1_1_104_0"},{"num":6.4,"categoryName":"Jack Foley","name":"1_1_105_0"},{"num":4.5,"categoryName":"Dan Swartz","name":"1_1_106_0"},{"num":3.3,"categoryName":"Jim Loscutoff","name":"1_1_86_0"},{"num":2.4,"categoryName":"Gene Guarilia","name":"1_1_98_0"}],"name":"1_1_0_0"},{"num":119.1,"categoryName":"Cincinnati_Royals","children":[{"num":28.3,"categoryName":"Oscar Robertson","name":"1_9_1_0"},{"num":19.8,"categoryName":"Jack Twyman","name":"1_9_2_0"},{"num":18.6,"categoryName":"Wayne Embry","name":"1_9_3_0"},{"num":14.3,"categoryName":"Bob Boozer","name":"1_9_4_0"},{"num":11.7,"categoryName":"Bucky Bockhorn","name":"1_9_5_0"},{"num":9.4,"categoryName":"Tom Hawkins","name":"1_9_6_0"},{"num":8.9,"categoryName":"Adrian Smith","name":"1_9_7_0"},{"num":5.9,"categoryName":"Hub Reed","name":"1_9_8_0"},{"num":2.7,"categoryName":"Dave Piontek","name":"1_9_9_0"},{"num":2.2,"categoryName":"Bud Olsen","name":"1_9_10_0"},{"num":1.2,"categoryName":"Dan Tieman","name":"1_9_11_0"},{"num":1,"categoryName":"Joe Buckhalter","name":"1_9_12_0"}],"name":"1_9_0_0"},{"num":110.5,"categoryName":"New_York_Knicks","children":[{"num":21.5,"categoryName":"Richie Guerin","name":"1_2_73_0"},{"num":18.1,"categoryName":"Johnny Green","name":"1_2_93_0"},{"num":16.9,"categoryName":"Willie Naulls","name":"1_2_72_0"},{"num":12,"categoryName":"Tom Gola","name":"1_2_109_0"},{"num":11.7,"categoryName":"Gene Shue","name":"1_2_58_0"},{"num":10.7,"categoryName":"Bevo Nordmann","name":"1_2_110_0"},{"num":10,"categoryName":"Al Butler","name":"1_2_100_0"},{"num":9.5,"categoryName":"Dave Budd","name":"1_2_96_0"},{"num":9,"categoryName":"Gene Conley","name":"1_2_111_0"},{"num":7.7,"categoryName":"Paul Hogue","name":"1_2_112_0"},{"num":7,"categoryName":"Donnie Butcher","name":"1_2_105_0"},{"num":5.3,"categoryName":"Kenny Sears","name":"1_2_68_0"},{"num":5.2,"categoryName":"John Rudometkin","name":"1_2_113_0"},{"num":3.5,"categoryName":"Jack Foley","name":"1_2_114_0"},{"num":3.1,"categoryName":"Tom Stith","name":"1_2_115_0"},{"num":2,"categoryName":"Cleveland Buckner","name":"1_2_101_0"}],"name":"1_2_0_0"},{"num":121.6,"categoryName":"Syracuse_Nationals","children":[{"num":19.5,"categoryName":"Hal Greer","name":"1_8_49_0"},{"num":18.6,"categoryName":"Lee Shaffer","name":"1_8_60_0"},{"num":15.7,"categoryName":"Red Kerr","name":"1_8_32_0"},{"num":12.3,"categoryName":"Chet Walker","name":"1_8_64_0"},{"num":11.2,"categoryName":"Dave Gambee","name":"1_8_54_0"},{"num":11,"categoryName":"Larry Costello","name":"1_8_47_0"},{"num":9.5,"categoryName":"Dolph Schayes","name":"1_8_1_0"},{"num":8.9,"categoryName":"Len Chappell","name":"1_8_65_0"},{"num":8.6,"categoryName":"Al Bianchi","name":"1_8_39_0"},{"num":8.2,"categoryName":"Paul Neumann","name":"1_8_61_0"},{"num":5.5,"categoryName":"Joe Roberts","name":"1_8_57_0"},{"num":4.8,"categoryName":"Ben Warley","name":"1_8_66_0"},{"num":3.8,"categoryName":"Porter Meriwether","name":"1_8_67_0"}],"name":"1_8_0_0"}],"name":"1_0_0_0","num":470},{"categoryName":"Western","children":[{"num":109.9,"categoryName":"Chicago_Zephyrs","children":[{"num":27.9,"categoryName":"Walt Bellamy","name":"2_24_1_0"},{"num":25.5,"categoryName":"Terry Dischinger","name":"2_24_2_0"},{"num":12.9,"categoryName":"Woody Sauldsberry","name":"2_24_3_0"},{"num":11.7,"categoryName":"Si Green","name":"2_24_4_0"},{"num":10.6,"categoryName":"Charlie Hardnett","name":"2_24_5_0"},{"num":8.1,"categoryName":"Barney Cable","name":"2_24_6_0"},{"num":7.8,"categoryName":"Johnny Cox","name":"2_24_7_0"},{"num":7.4,"categoryName":"Bill McGill","name":"2_24_8_0"},{"num":7.2,"categoryName":"Larry Staverman","name":"2_24_9_0"},{"num":7.1,"categoryName":"Slick Leonard","name":"2_24_10_0"},{"num":6.8,"categoryName":"Don Nelson","name":"2_24_11_0"},{"num":5.9,"categoryName":"Mel Nowell","name":"2_24_12_0"},{"num":5.9,"categoryName":"Nick Mantis","name":"2_24_13_0"},{"num":5.8,"categoryName":"Maury King","name":"2_24_14_0"},{"num":2.1,"categoryName":"Al Ferrari","name":"2_24_15_0"},{"num":1.3,"categoryName":"Jeff Slade","name":"2_24_16_0"},{"num":0.7,"categoryName":"Ralph Wells","name":"2_24_17_0"}],"name":"2_24_0_0"},{"num":113.9,"categoryName":"Detroit_Pistons","children":[{"num":22.7,"categoryName":"Bailey Howell","name":"2_21_22_0"},{"num":19.3,"categoryName":"Don Ohl","name":"2_21_26_0"},{"num":16.2,"categoryName":"Ray Scott","name":"2_21_32_0"},{"num":13.6,"categoryName":"Bob Ferry","name":"2_21_28_0"},{"num":12.7,"categoryName":"Dave DeBusschere","name":"2_21_34_0"},{"num":9.2,"categoryName":"Willie Jones","name":"2_21_30_0"},{"num":8.8,"categoryName":"Jackie Moreland","name":"2_21_29_0"},{"num":6.4,"categoryName":"Kevin Loughery","name":"2_21_35_0"},{"num":5.9,"categoryName":"Johnny Egan","name":"2_21_33_0"},{"num":4.3,"categoryName":"Walter Dukes","name":"2_21_4_0"},{"num":4,"categoryName":"Danny Doyle","name":"2_21_36_0"},{"num":2.7,"categoryName":"Darrall Imhoff","name":"2_21_37_0"}],"name":"2_21_0_0"},{"num":115.5,"categoryName":"Los_Angeles_Lakers","children":[{"num":34,"categoryName":"Elgin Baylor","name":"2_22_1_0"},{"num":27.1,"categoryName":"Jerry West","name":"2_22_2_0"},{"num":18,"categoryName":"Dick Barnett","name":"2_22_17_0"},{"num":12.3,"categoryName":"Rudy LaRusso","name":"2_22_3_0"},{"num":10.3,"categoryName":"Frank Selvy","name":"2_22_5_0"},{"num":8.3,"categoryName":"Jim Krebs","name":"2_22_7_0"},{"num":7.2,"categoryName":"LeRoy Ellis","name":"2_22_18_0"},{"num":4,"categoryName":"Hot Rod Hundley","name":"2_22_4_0"},{"num":3.2,"categoryName":"Gene Wiley","name":"2_22_19_0"},{"num":2.6,"categoryName":"Ron Horn","name":"2_22_20_0"},{"num":1.3,"categoryName":"Howie Jolliff","name":"2_22_10_0"}],"name":"2_22_0_0"},{"num":118.5,"categoryName":"San_Francisco_Warriors","children":[{"num":44.8,"categoryName":"Wilt Chamberlain","name":"2_25_1_0"},{"num":16,"categoryName":"Tom Meschery","name":"2_25_2_0"},{"num":13.9,"categoryName":"Guy Rodgers","name":"2_25_3_0"},{"num":13,"categoryName":"Tom Gola","name":"2_25_4_0"},{"num":11,"categoryName":"Willie Naulls","name":"2_25_5_0"},{"num":10.4,"categoryName":"Al Attles","name":"2_25_6_0"},{"num":8.1,"categoryName":"Gary Phillips","name":"2_25_7_0"},{"num":7.4,"categoryName":"Wayne Hightower","name":"2_25_8_0"},{"num":7.2,"categoryName":"Howie Montgomery","name":"2_25_9_0"},{"num":7,"categoryName":"George Lee","name":"2_25_10_0"},{"num":6.1,"categoryName":"Kenny Sears","name":"2_25_11_0"},{"num":4.1,"categoryName":"Fred LaCour","name":"2_25_12_0"},{"num":3.2,"categoryName":"Hubie White","name":"2_25_13_0"},{"num":3.1,"categoryName":"Ted Luckenbill","name":"2_25_14_0"},{"num":2,"categoryName":"Dave Gunther","name":"2_25_15_0"},{"num":0.9,"categoryName":"Dave Fedor","name":"2_25_16_0"}],"name":"2_25_0_0"},{"num":109.6,"categoryName":"St._Louis_Hawks","children":[{"num":28.4,"categoryName":"Bob Pettit","name":"2_19_1_0"},{"num":15.5,"categoryName":"Cliff Hagan","name":"2_19_18_0"},{"num":11.8,"categoryName":"Lenny Wilkens","name":"2_19_31_0"},{"num":11.7,"categoryName":"John Barnhill","name":"2_19_50_0"},{"num":10.2,"categoryName":"Zelmo Beaty","name":"2_19_51_0"},{"num":10.1,"categoryName":"Chico Vaughn","name":"2_19_52_0"},{"num":7.4,"categoryName":"Mike Farmer","name":"2_19_53_0"},{"num":6.5,"categoryName":"Phil Jordon","name":"2_19_54_0"},{"num":6.2,"categoryName":"Woody Sauldsberry","name":"2_19_34_0"},{"num":6.1,"categoryName":"Bill Bridges","name":"2_19_55_0"},{"num":6.1,"categoryName":"Barney Cable","name":"2_19_40_0"},{"num":3.7,"categoryName":"Bob Duffy","name":"2_19_56_0"},{"num":3.4,"categoryName":"Bevo Nordmann","name":"2_19_57_0"},{"num":2.1,"categoryName":"Nick Mantis","name":"2_19_58_0"},{"num":1.7,"categoryName":"Gene Tormohlen","name":"2_19_59_0"}],"name":"2_19_0_0"}],"name":"2_0_0_0","num":567.4}],"num":1037.4}