{"year":1969,"name":"root","categoryName":"root","children":[{"categoryName":"Eastern","children":[{"num":120.7,"categoryName":"Baltimore_Bullets","children":[{"num":23.4,"categoryName":"Earl Monroe","name":"1_11_15_0"},{"num":21.9,"categoryName":"Kevin Loughery","name":"1_11_4_0"},{"num":19.7,"categoryName":"Jack Marin","name":"1_11_7_0"},{"num":17.3,"categoryName":"Gus Johnson","name":"1_11_1_0"},{"num":16.2,"categoryName":"Wes Unseld","name":"1_11_20_0"},{"num":11.9,"categoryName":"Mike Davis","name":"1_11_23_0"},{"num":8.9,"categoryName":"Ray Scott","name":"1_11_3_0"},{"num":6.6,"categoryName":"LeRoy Ellis","name":"1_11_5_0"},{"num":5.7,"categoryName":"Eddie Miles","name":"1_11_24_0"},{"num":5.2,"categoryName":"Fred Carter","name":"1_11_25_0"},{"num":4.7,"categoryName":"Al Tucker","name":"1_11_26_0"},{"num":2.7,"categoryName":"Bob Quick","name":"1_11_21_0"},{"num":2.4,"categoryName":"Ed Manning","name":"1_11_17_0"},{"num":2,"categoryName":"Brian Heaney","name":"1_11_27_0"}],"name":"1_11_0_0"},{"num":114.9,"categoryName":"Boston_Celtics","children":[{"num":24.2,"categoryName":"John Havlicek","name":"1_1_103_0"},{"num":15.4,"categoryName":"Don Nelson","name":"1_1_115_0"},{"num":12.6,"categoryName":"Larry Siegfried","name":"1_1_108_0"},{"num":12.6,"categoryName":"Bailey Howell","name":"1_1_119_0"},{"num":12.2,"categoryName":"Jo Jo White","name":"1_1_132_0"},{"num":11.5,"categoryName":"Tom Sanders","name":"1_1_99_0"},{"num":9.7,"categoryName":"Hank Finkel","name":"1_1_133_0"},{"num":7.8,"categoryName":"Em Bryant","name":"1_1_127_0"},{"num":6.4,"categoryName":"Steve Kuberski","name":"1_1_134_0"},{"num":5.9,"categoryName":"Jim Barnes","name":"1_1_128_0"},{"num":5.8,"categoryName":"Rich Johnson","name":"1_1_130_0"},{"num":5,"categoryName":"Don Chaney","name":"1_1_129_0"},{"num":1,"categoryName":"Rich Niemann","name":"1_1_135_0"}],"name":"1_1_0_0"},{"num":117.3,"categoryName":"Cincinnati_Royals","children":[{"num":25.3,"categoryName":"Oscar Robertson","name":"1_9_1_0"},{"num":22.8,"categoryName":"Tom Van Arsdale","name":"1_9_28_0"},{"num":16.7,"categoryName":"Connie Dierking","name":"1_9_19_0"},{"num":15.6,"categoryName":"Johnny Green","name":"1_9_41_0"},{"num":14.8,"categoryName":"Fred Foster","name":"1_9_37_0"},{"num":10.3,"categoryName":"Jerry Lucas","name":"1_9_13_0"},{"num":9.5,"categoryName":"Norm Van Lier","name":"1_9_42_0"},{"num":7.6,"categoryName":"Luther Rackley","name":"1_9_43_0"},{"num":7.5,"categoryName":"Herm Gilliam","name":"1_9_44_0"},{"num":7.2,"categoryName":"Bill Turner","name":"1_9_45_0"},{"num":5.4,"categoryName":"Adrian Smith","name":"1_9_7_0"},{"num":3.6,"categoryName":"Wally Anderzunas","name":"1_9_46_0"},{"num":2.9,"categoryName":"Jim King","name":"1_9_47_0"},{"num":0.7,"categoryName":"Bob Cousy","name":"1_9_48_0"}],"name":"1_9_0_0"},{"num":112.8,"categoryName":"Detroit_Pistons","children":[{"num":22.9,"categoryName":"Dave Bing","name":"1_12_1_0"},{"num":20.8,"categoryName":"Jimmy Walker","name":"1_12_8_0"},{"num":13.5,"categoryName":"Eddie Miles","name":"1_12_3_0"},{"num":11.9,"categoryName":"Otto Moore","name":"1_12_18_0"},{"num":11.4,"categoryName":"Terry Dischinger","name":"1_12_6_0"},{"num":11.2,"categoryName":"Howard Komives","name":"1_12_17_0"},{"num":10.6,"categoryName":"Happy Hairston","name":"1_12_2_0"},{"num":10.3,"categoryName":"Erwin Mueller","name":"1_12_24_0"},{"num":10,"categoryName":"Walt Bellamy","name":"1_12_16_0"},{"num":8,"categoryName":"McCoy McLemore","name":"1_12_19_0"},{"num":7.1,"categoryName":"Bob Quick","name":"1_12_25_0"},{"num":6.6,"categoryName":"Steve Mix","name":"1_12_26_0"},{"num":4.6,"categoryName":"Bill Hewitt","name":"1_12_27_0"},{"num":3.3,"categoryName":"Paul Long","name":"1_12_12_0"},{"num":2.1,"categoryName":"George Reynolds","name":"1_12_28_0"},{"num":0,"categoryName":"Tom Workman","name":"1_12_29_0"}],"name":"1_12_0_0"},{"num":118.8,"categoryName":"Milwaukee_Bucks","children":[{"num":28.8,"categoryName":"K. Abdul-Jabbar","name":"1_13_18_0"},{"num":21.8,"categoryName":"Flynn Robinson","name":"1_13_1_0"},{"num":17.6,"categoryName":"Jon McGlocklin","name":"1_13_2_0"},{"num":13.2,"categoryName":"Bob Dandridge","name":"1_13_19_0"},{"num":9.8,"categoryName":"Greg Smith","name":"1_13_9_0"},{"num":8.3,"categoryName":"Len Chappell","name":"1_13_4_0"},{"num":7.6,"categoryName":"Freddie Crawford","name":"1_13_20_0"},{"num":7.4,"categoryName":"Zaid Abdul-Aziz","name":"1_13_7_0"},{"num":3.2,"categoryName":"John Arthurs","name":"1_13_21_0"},{"num":3.2,"categoryName":"Guy Rodgers","name":"1_13_8_0"},{"num":2.6,"categoryName":"Bob Greacen","name":"1_13_22_0"},{"num":2.5,"categoryName":"Sam Williams","name":"1_13_13_0"},{"num":2.1,"categoryName":"Dick Cunningham","name":"1_13_12_0"}],"name":"1_13_0_0"},{"num":115,"categoryName":"New_York_Knicks","children":[{"num":21.7,"categoryName":"Willis Reed","name":"1_2_124_0"},{"num":20.9,"categoryName":"Walt Frazier","name":"1_2_140_0"},{"num":14.9,"categoryName":"Dick Barnett","name":"1_2_130_0"},{"num":14.6,"categoryName":"Dave DeBusschere","name":"1_2_145_0"},{"num":14.5,"categoryName":"Bill Bradley","name":"1_2_141_0"},{"num":11.5,"categoryName":"Cazzie Russell","name":"1_2_134_0"},{"num":7.8,"categoryName":"Dave Stallworth","name":"1_2_131_0"},{"num":7.7,"categoryName":"Mike Riordan","name":"1_2_148_0"},{"num":3.3,"categoryName":"Bill Hosket","name":"1_2_147_0"},{"num":2.9,"categoryName":"Nate Bowman","name":"1_2_143_0"},{"num":2.6,"categoryName":"Don May","name":"1_2_146_0"},{"num":2.5,"categoryName":"John Warren","name":"1_2_149_0"}],"name":"1_2_0_0"},{"num":121.9,"categoryName":"Philadelphia_76ers","children":[{"num":26.1,"categoryName":"Billy Cunningham","name":"1_10_19_0"},{"num":22,"categoryName":"Hal Greer","name":"1_10_1_0"},{"num":19.7,"categoryName":"Archie Clark","name":"1_10_30_0"},{"num":13.6,"categoryName":"Darrall Imhoff","name":"1_10_31_0"},{"num":12.7,"categoryName":"Jim Washington","name":"1_10_35_0"},{"num":11.8,"categoryName":"Wali Jones","name":"1_10_20_0"},{"num":6.1,"categoryName":"Fred Hetzel","name":"1_10_36_0"},{"num":6.1,"categoryName":"Matt Guokas","name":"1_10_26_0"},{"num":5.5,"categoryName":"Luke Jackson","name":"1_10_16_0"},{"num":5.3,"categoryName":"George Wilson","name":"1_10_32_0"},{"num":4.1,"categoryName":"Bud Ogden","name":"1_10_37_0"},{"num":2,"categoryName":"Dave Scholz","name":"1_10_38_0"}],"name":"1_10_0_0"}],"name":"1_0_0_0","num":821.4},{"categoryName":"Western","children":[{"num":117.6,"categoryName":"Atlanta_Hawks","children":[{"num":25.4,"categoryName":"Lou Hudson","name":"2_30_1_0"},{"num":21.1,"categoryName":"Joe Caldwell","name":"2_30_3_0"},{"num":15.5,"categoryName":"Walt Bellamy","name":"2_30_14_0"},{"num":15.3,"categoryName":"Mahdi Abdul-Rahman","name":"2_30_6_0"},{"num":14.8,"categoryName":"Bill Bridges","name":"2_30_5_0"},{"num":13.6,"categoryName":"Jim Davis","name":"2_30_7_0"},{"num":8.1,"categoryName":"Gary Gregor","name":"2_30_15_0"},{"num":7,"categoryName":"Butch Beard","name":"2_30_16_0"},{"num":6.2,"categoryName":"Don Ohl","name":"2_30_4_0"},{"num":4.9,"categoryName":"Dave Newmark","name":"2_30_17_0"},{"num":2.1,"categoryName":"Grady O'Malley","name":"2_30_18_0"},{"num":2,"categoryName":"Gene Tormohlen","name":"2_30_19_0"},{"num":0.9,"categoryName":"Richie Guerin","name":"2_30_9_0"}],"name":"2_30_0_0"},{"num":114.9,"categoryName":"Chicago_Bulls","children":[{"num":21.5,"categoryName":"Chet Walker","name":"2_27_27_0"},{"num":21,"categoryName":"Bob Love","name":"2_27_25_0"},{"num":20.3,"categoryName":"Clem Haskins","name":"2_27_16_0"},{"num":15.6,"categoryName":"Jerry Sloan","name":"2_27_3_0"},{"num":11.5,"categoryName":"Bob Weiss","name":"2_27_23_0"},{"num":10.4,"categoryName":"Tom Boerwinkle","name":"2_27_22_0"},{"num":9.5,"categoryName":"Walt Wesley","name":"2_27_28_0"},{"num":7,"categoryName":"Al Tucker","name":"2_27_29_0"},{"num":6.3,"categoryName":"Shaler Halimon","name":"2_27_30_0"},{"num":5.6,"categoryName":"Ed Manning","name":"2_27_31_0"},{"num":4.3,"categoryName":"Bob Kauffman","name":"2_27_32_0"},{"num":3,"categoryName":"Loy Petersen","name":"2_27_26_0"},{"num":2,"categoryName":"Johnny Baum","name":"2_27_33_0"}],"name":"2_27_0_0"},{"num":113.7,"categoryName":"Los_Angeles_Lakers","children":[{"num":31.2,"categoryName":"Jerry West","name":"2_22_2_0"},{"num":27.3,"categoryName":"Wilt Chamberlain","name":"2_22_44_0"},{"num":24,"categoryName":"Elgin Baylor","name":"2_22_1_0"},{"num":20.6,"categoryName":"Happy Hairston","name":"2_22_49_0"},{"num":12.6,"categoryName":"Mel Counts","name":"2_22_34_0"},{"num":11.6,"categoryName":"Dick Garrett","name":"2_22_50_0"},{"num":8.9,"categoryName":"Keith Erickson","name":"2_22_46_0"},{"num":8.7,"categoryName":"Rick Roberson","name":"2_22_51_0"},{"num":7.7,"categoryName":"Willie McCarter","name":"2_22_52_0"},{"num":7.3,"categoryName":"Johnny Egan","name":"2_22_45_0"},{"num":5.9,"categoryName":"John Tresvant","name":"2_22_53_0"},{"num":3.3,"categoryName":"Bill Hewitt","name":"2_22_47_0"},{"num":2.7,"categoryName":"Mike Lynn","name":"2_22_54_0"}],"name":"2_22_0_0"},{"num":119.3,"categoryName":"Phoenix_Suns","children":[{"num":24.6,"categoryName":"Connie Hawkins","name":"2_31_14_0"},{"num":21.3,"categoryName":"Dick Van Arsdale","name":"2_31_2_0"},{"num":20,"categoryName":"Gail Goodrich","name":"2_31_1_0"},{"num":12.9,"categoryName":"Jim Fox","name":"2_31_3_0"},{"num":12.8,"categoryName":"Paul Silas","name":"2_31_15_0"},{"num":8.5,"categoryName":"Dick Snyder","name":"2_31_4_0"},{"num":8.3,"categoryName":"Jerry Chambers","name":"2_31_16_0"},{"num":8.2,"categoryName":"Neal Walk","name":"2_31_17_0"},{"num":7.8,"categoryName":"Art Harris","name":"2_31_18_0"},{"num":4.2,"categoryName":"Lamar Green","name":"2_31_19_0"},{"num":3.8,"categoryName":"Stan McKenzie","name":"2_31_8_0"},{"num":1.7,"categoryName":"Neil Johnson","name":"2_31_11_0"}],"name":"2_31_0_0"},{"num":118.7,"categoryName":"San_Diego_Rockets","children":[{"num":27.5,"categoryName":"Elvin Hayes","name":"2_28_16_0"},{"num":15.3,"categoryName":"Don Kojis","name":"2_28_2_0"},{"num":14.9,"categoryName":"Jim Barnett","name":"2_28_9_0"},{"num":14.5,"categoryName":"John Block","name":"2_28_1_0"},{"num":14.5,"categoryName":"Stu Lantz","name":"2_28_17_0"},{"num":8.3,"categoryName":"Bernie Williams","name":"2_28_21_0"},{"num":7.4,"categoryName":"Rick Adelman","name":"2_28_18_0"},{"num":7.3,"categoryName":"Bingo Smith","name":"2_28_22_0"},{"num":7.1,"categoryName":"Toby Kimball","name":"2_28_7_0"},{"num":6.3,"categoryName":"John Trapp","name":"2_28_19_0"},{"num":5.8,"categoryName":"Art Williams","name":"2_28_10_0"},{"num":5.3,"categoryName":"Pat Riley","name":"2_28_11_0"}],"name":"2_28_0_0"},{"num":111.1,"categoryName":"San_Francisco_Warriors","children":[{"num":22.1,"categoryName":"Jeff Mullins","name":"2_25_32_0"},{"num":21.9,"categoryName":"Nate Thurmond","name":"2_25_17_0"},{"num":16.3,"categoryName":"Jim King","name":"2_25_33_0"},{"num":15.8,"categoryName":"Joe Ellis","name":"2_25_35_0"},{"num":15.4,"categoryName":"Jerry Lucas","name":"2_25_44_0"},{"num":14.8,"categoryName":"Ron Williams","name":"2_25_41_0"},{"num":11,"categoryName":"Clyde Lee","name":"2_25_34_0"},{"num":7.7,"categoryName":"Bill Turner","name":"2_25_39_0"},{"num":7.2,"categoryName":"Dave Gambee","name":"2_25_45_0"},{"num":7.2,"categoryName":"Bobby Lewis","name":"2_25_38_0"},{"num":7,"categoryName":"Bob Portman","name":"2_25_46_0"},{"num":6.4,"categoryName":"Adrian Smith","name":"2_25_47_0"},{"num":5.1,"categoryName":"Al Attles","name":"2_25_6_0"},{"num":3.6,"categoryName":"Dale Schlueter","name":"2_25_42_0"}],"name":"2_25_0_0"},{"num":116.9,"categoryName":"Seattle_Supersonics","children":[{"num":24.6,"categoryName":"Bob Rule","name":"2_29_2_0"},{"num":17.8,"categoryName":"Lenny Wilkens","name":"2_29_13_0"},{"num":15.2,"categoryName":"Bob Boozer","name":"2_29_20_0"},{"num":13.6,"categoryName":"Dick Snyder","name":"2_29_21_0"},{"num":12.6,"categoryName":"John Tresvant","name":"2_29_14_0"},{"num":12.3,"categoryName":"Tom Meschery","name":"2_29_4_0"},{"num":12,"categoryName":"Art Harris","name":"2_29_15_0"},{"num":9.8,"categoryName":"Lucius Allen","name":"2_29_22_0"},{"num":8.3,"categoryName":"Barry Clemens","name":"2_29_23_0"},{"num":7.5,"categoryName":"Erwin Mueller","name":"2_29_17_0"},{"num":5.7,"categoryName":"Lee Winfield","name":"2_29_24_0"},{"num":5.5,"categoryName":"Dorie Murrey","name":"2_29_8_0"},{"num":2.9,"categoryName":"Rod Thorn","name":"2_29_3_0"},{"num":2.3,"categoryName":"Al Hairston","name":"2_29_19_0"},{"num":0.6,"categoryName":"Joe Kennedy","name":"2_29_18_0"}],"name":"2_29_0_0"}],"name":"2_0_0_0","num":812.2}],"num":1633.6}