{"year":1981,"name":"root","categoryName":"root","children":[{"categoryName":"Eastern","children":[{"categoryName":"Atlantic","children":[{"num":112,"categoryName":"Boston_Celtics","children":[{"num":22.9,"categoryName":"Larry Bird","name":"1_14_1_52"},{"num":19.9,"categoryName":"Robert Parish","name":"1_14_1_57"},{"num":14.8,"categoryName":"Cedric Maxwell","name":"1_14_1_36"},{"num":13.6,"categoryName":"Kevin McHale","name":"1_14_1_58"},{"num":12.6,"categoryName":"Tiny Archibald","name":"1_14_1_44"},{"num":10.2,"categoryName":"Gerald Henderson","name":"1_14_1_55"},{"num":8.1,"categoryName":"M.L. Carr","name":"1_14_1_54"},{"num":5.7,"categoryName":"Chris Ford","name":"1_14_1_41"},{"num":5.7,"categoryName":"Rick Robey","name":"1_14_1_43"},{"num":4.1,"categoryName":"Danny Ainge","name":"1_14_1_61"},{"num":3.4,"categoryName":"Terry Duerod","name":"1_14_1_59"},{"num":3,"categoryName":"Charles Bradley","name":"1_14_1_62"},{"num":2.4,"categoryName":"Tracy Jackson","name":"1_14_1_63"},{"num":1.3,"categoryName":"Eric Fernsten","name":"1_14_1_56"}],"name":"1_14_1_0"},{"num":106.7,"categoryName":"New_Jersey_Nets","children":[{"num":20.4,"categoryName":"Ray Williams","name":"1_14_6_40"},{"num":15.5,"categoryName":"Buck Williams","name":"1_14_6_41"},{"num":14.2,"categoryName":"Otis Birdsong","name":"1_14_6_42"},{"num":12.1,"categoryName":"Albert King","name":"1_14_6_43"},{"num":11.9,"categoryName":"Mike Woodson","name":"1_14_6_44"},{"num":11.4,"categoryName":"Mike O'Koren","name":"1_14_6_34"},{"num":11,"categoryName":"Darwin Cook","name":"1_14_6_33"},{"num":9.1,"categoryName":"Len Elmore","name":"1_14_6_45"},{"num":8.9,"categoryName":"James Bailey","name":"1_14_6_46"},{"num":5.9,"categoryName":"Foots Walker","name":"1_14_6_38"},{"num":5.2,"categoryName":"Mike Gminski","name":"1_14_6_32"},{"num":3.7,"categoryName":"Ray Tolbert","name":"1_14_6_47"},{"num":3.5,"categoryName":"J. Van Breda Kolff","name":"1_14_6_16"},{"num":2.9,"categoryName":"Sam Lacey","name":"1_14_6_48"},{"num":2.3,"categoryName":"David Burns","name":"1_14_6_49"},{"num":2,"categoryName":"Joe Cooper","name":"1_14_6_50"}],"name":"1_14_6_0"},{"num":106.2,"categoryName":"New_York_Knicks","children":[{"num":17.9,"categoryName":"M.R. Richardson","name":"1_14_3_51"},{"num":15.8,"categoryName":"Maurice Lucas","name":"1_14_3_65"},{"num":14.4,"categoryName":"Bill Cartwright","name":"1_14_3_56"},{"num":13.9,"categoryName":"Campy Russell","name":"1_14_3_61"},{"num":13.9,"categoryName":"Sly Williams","name":"1_14_3_59"},{"num":11.7,"categoryName":"Paul Westphal","name":"1_14_3_66"},{"num":10,"categoryName":"Randy Smith","name":"1_14_3_67"},{"num":9.3,"categoryName":"Mike Newlin","name":"1_14_3_68"},{"num":6.2,"categoryName":"Marvin Webster","name":"1_14_3_48"},{"num":5.5,"categoryName":"Toby Knight","name":"1_14_3_46"},{"num":4,"categoryName":"Reggie Carter","name":"1_14_3_64"},{"num":3.5,"categoryName":"Alex Bradley","name":"1_14_3_69"},{"num":2.1,"categoryName":"Hollis Copeland","name":"1_14_3_58"},{"num":1.9,"categoryName":"Larry Demic","name":"1_14_3_57"},{"num":1,"categoryName":"DeWayne Scales","name":"1_14_3_62"}],"name":"1_14_3_0"},{"num":111.2,"categoryName":"Philadelphia_76ers","children":[{"num":24.4,"categoryName":"Julius Erving","name":"1_14_4_57"},{"num":16.5,"categoryName":"Andrew Toney","name":"1_14_4_76"},{"num":14.4,"categoryName":"Bobby Jones","name":"1_14_4_66"},{"num":11.2,"categoryName":"Maurice Cheeks","name":"1_14_4_68"},{"num":11,"categoryName":"Lionel Hollins","name":"1_14_4_72"},{"num":11,"categoryName":"Darryl Dawkins","name":"1_14_4_55"},{"num":8.8,"categoryName":"Mike Bantom","name":"1_14_4_80"},{"num":7.9,"categoryName":"Caldwell Jones","name":"1_14_4_59"},{"num":7.2,"categoryName":"Steve Mix","name":"1_14_4_36"},{"num":5.3,"categoryName":"Earl Cureton","name":"1_14_4_78"},{"num":4.6,"categoryName":"Clint Richardson","name":"1_14_4_73"},{"num":3.6,"categoryName":"Franklin Edwards","name":"1_14_4_81"},{"num":2.3,"categoryName":"Ollie Johnson","name":"1_14_4_77"}],"name":"1_14_4_0"},{"num":103.5,"categoryName":"Washington_Bullets","children":[{"num":18.8,"categoryName":"Greg Ballard","name":"1_14_7_9"},{"num":14.4,"categoryName":"Jeff Ruland","name":"1_14_7_30"},{"num":13.3,"categoryName":"Kevin Grevey","name":"1_14_7_3"},{"num":13.3,"categoryName":"Spencer Haywood","name":"1_14_7_31"},{"num":12.2,"categoryName":"Rick Mahorn","name":"1_14_7_25"},{"num":10.7,"categoryName":"Frank Johnson","name":"1_14_7_32"},{"num":10,"categoryName":"Don Collins","name":"1_14_7_21"},{"num":8.4,"categoryName":"John Lucas","name":"1_14_7_33"},{"num":4.4,"categoryName":"Brad Holland","name":"1_14_7_34"},{"num":3.8,"categoryName":"Charles Davis","name":"1_14_7_35"},{"num":3.1,"categoryName":"Jim Chones","name":"1_14_7_36"},{"num":2.9,"categoryName":"Garry Witts","name":"1_14_7_37"},{"num":0.7,"categoryName":"Carlos Terry","name":"1_14_7_22"}],"name":"1_14_7_0"}],"name":"1_14_0_0","num":539.5999999999999},{"categoryName":"Central","children":[{"num":101,"categoryName":"Atlanta_Hawks","children":[{"num":18.6,"categoryName":"Dan Roundfield","name":"1_15_1_60"},{"num":18.5,"categoryName":"John Drew","name":"1_15_1_32"},{"num":17.8,"categoryName":"Eddie Johnson","name":"1_15_1_55"},{"num":10.5,"categoryName":"Rory Sparrow","name":"1_15_1_74"},{"num":9.9,"categoryName":"Tom McMillen","name":"1_15_1_56"},{"num":9.3,"categoryName":"Steve Hawes","name":"1_15_1_47"},{"num":8.7,"categoryName":"Charlie Criss","name":"1_15_1_53"},{"num":7.7,"categoryName":"Mike Glenn","name":"1_15_1_75"},{"num":7,"categoryName":"Rudy Macklin","name":"1_15_1_76"},{"num":6.9,"categoryName":"Wes Matthews","name":"1_15_1_70"},{"num":6.7,"categoryName":"Jim McElroy","name":"1_15_1_66"},{"num":6.1,"categoryName":"Tree Rollins","name":"1_15_1_58"},{"num":4.8,"categoryName":"Al Wood","name":"1_15_1_77"},{"num":4.8,"categoryName":"Freeman Williams","name":"1_15_1_78"},{"num":4.2,"categoryName":"Sam Pellom","name":"1_15_1_67"},{"num":1.3,"categoryName":"Craig Shelton","name":"1_15_1_71"}],"name":"1_15_1_0"},{"num":106.6,"categoryName":"Chicago_Bulls","children":[{"num":18.5,"categoryName":"Artis Gilmore","name":"1_15_12_2"},{"num":18.4,"categoryName":"Reggie Theus","name":"1_15_12_1"},{"num":14.6,"categoryName":"Dave Greenwood","name":"1_15_12_3"},{"num":11.8,"categoryName":"Ricky Sobers","name":"1_15_12_5"},{"num":11.6,"categoryName":"Ronnie Lester","name":"1_15_12_11"},{"num":10,"categoryName":"Dwight Jones","name":"1_15_12_7"},{"num":7.3,"categoryName":"Orlando Woolridge","name":"1_15_12_14"},{"num":7.2,"categoryName":"Larry Kenon","name":"1_15_12_4"},{"num":5.5,"categoryName":"James Wilkes","name":"1_15_12_10"},{"num":4.6,"categoryName":"Ray Blume","name":"1_15_12_15"},{"num":4.5,"categoryName":"Tracy Jackson","name":"1_15_12_16"},{"num":3.3,"categoryName":"Jackie Robinson","name":"1_15_12_17"},{"num":3,"categoryName":"Coby Dietrick","name":"1_15_12_9"},{"num":0.8,"categoryName":"Roger Burkman","name":"1_15_12_18"}],"name":"1_15_12_0"},{"num":103.2,"categoryName":"Cleveland_Cavaliers","children":[{"num":19.6,"categoryName":"Mike Mitchell","name":"1_15_4_49"},{"num":19.4,"categoryName":"Ron Brewer","name":"1_15_4_71"},{"num":16.7,"categoryName":"James Edwards","name":"1_15_4_72"},{"num":16.3,"categoryName":"Cliff Robinson","name":"1_15_4_73"},{"num":15,"categoryName":"Kenny Carr","name":"1_15_4_54"},{"num":11.3,"categoryName":"Lowes Moore","name":"1_15_4_74"},{"num":11.2,"categoryName":"James Silas","name":"1_15_4_75"},{"num":11,"categoryName":"Bob Wilkerson","name":"1_15_4_76"},{"num":10.9,"categoryName":"Scott Wedman","name":"1_15_4_77"},{"num":10.4,"categoryName":"Phil Hubbard","name":"1_15_4_78"},{"num":10.3,"categoryName":"Geoff Huston","name":"1_15_4_64"},{"num":9.7,"categoryName":"Reggie Johnson","name":"1_15_4_79"},{"num":9.2,"categoryName":"Roger Phegley","name":"1_15_4_59"},{"num":6.7,"categoryName":"Bill Laimbeer","name":"1_15_4_62"},{"num":6.1,"categoryName":"Richard Washington","name":"1_15_4_61"},{"num":5.3,"categoryName":"Brad Branson","name":"1_15_4_80"},{"num":3.4,"categoryName":"Mike Evans","name":"1_15_4_81"},{"num":3.3,"categoryName":"Paul Mokeski","name":"1_15_4_82"},{"num":2.8,"categoryName":"Keith Herron","name":"1_15_4_83"},{"num":2.2,"categoryName":"Mickey Dillard","name":"1_15_4_84"},{"num":1.7,"categoryName":"Mel Bennett","name":"1_15_4_85"},{"num":1.6,"categoryName":"Kevin Restani","name":"1_15_4_86"},{"num":1.1,"categoryName":"Don Ford","name":"1_15_4_55"}],"name":"1_15_4_0"},{"num":111.1,"categoryName":"Detroit_Pistons","children":[{"num":21.9,"categoryName":"John Long","name":"1_15_10_3"},{"num":21.6,"categoryName":"Kelly Tripucka","name":"1_15_10_43"},{"num":17,"categoryName":"Isiah Thomas","name":"1_15_10_44"},{"num":12.8,"categoryName":"Bill Laimbeer","name":"1_15_10_45"},{"num":12.5,"categoryName":"Kent Benson","name":"1_15_10_23"},{"num":10,"categoryName":"Phil Hubbard","name":"1_15_10_28"},{"num":9.9,"categoryName":"Terry Tyler","name":"1_15_10_5"},{"num":8.8,"categoryName":"Greg Kelser","name":"1_15_10_22"},{"num":7.8,"categoryName":"Edgar Jones","name":"1_15_10_46"},{"num":7.7,"categoryName":"Vinnie Johnson","name":"1_15_10_47"},{"num":7.4,"categoryName":"Kenny Carr","name":"1_15_10_48"},{"num":4.5,"categoryName":"Steve Hayes","name":"1_15_10_49"},{"num":3.7,"categoryName":"Alan Hardy","name":"1_15_10_50"},{"num":3.4,"categoryName":"Ron Lee","name":"1_15_10_29"},{"num":3.2,"categoryName":"Paul Mokeski","name":"1_15_10_37"},{"num":2.6,"categoryName":"Jeff Judkins","name":"1_15_10_51"},{"num":1.8,"categoryName":"Glenn Hagan","name":"1_15_10_52"},{"num":0,"categoryName":"Larry Wright","name":"1_15_10_36"}],"name":"1_15_10_0"},{"num":102.2,"categoryName":"Indiana_Pacers","children":[{"num":17,"categoryName":"Johnny Davis","name":"1_15_11_2"},{"num":12.3,"categoryName":"Billy Knight","name":"1_15_11_6"},{"num":11.7,"categoryName":"Mike Bantom","name":"1_15_11_7"},{"num":11.5,"categoryName":"Herb Williams","name":"1_15_11_24"},{"num":11.5,"categoryName":"Louis Orr","name":"1_15_11_18"},{"num":10.5,"categoryName":"Tom Owens","name":"1_15_11_25"},{"num":9.7,"categoryName":"Don Buse","name":"1_15_11_19"},{"num":9.5,"categoryName":"Clemon Johnson","name":"1_15_11_10"},{"num":5.9,"categoryName":"Butch Carter","name":"1_15_11_26"},{"num":5.1,"categoryName":"George Johnson","name":"1_15_11_17"},{"num":4.7,"categoryName":"George McGinnis","name":"1_15_11_5"},{"num":4.2,"categoryName":"Jerry Sichting","name":"1_15_11_22"},{"num":2.5,"categoryName":"Raymond Townsend","name":"1_15_11_27"}],"name":"1_15_11_0"},{"num":108.4,"categoryName":"Milwaukee_Bucks","children":[{"num":19.8,"categoryName":"Sidney Moncrief","name":"1_15_13_4"},{"num":16.5,"categoryName":"Marques Johnson","name":"1_15_13_1"},{"num":15.9,"categoryName":"Brian Winters","name":"1_15_13_7"},{"num":13.5,"categoryName":"Bob Lanier","name":"1_15_13_3"},{"num":12.9,"categoryName":"Quinn Buckner","name":"1_15_13_5"},{"num":12.9,"categoryName":"Mickey Johnson","name":"1_15_13_6"},{"num":12.5,"categoryName":"Junior Bridgeman","name":"1_15_13_2"},{"num":9,"categoryName":"Scott May","name":"1_15_13_12"},{"num":6.8,"categoryName":"Robert Smith","name":"1_15_13_13"},{"num":6.5,"categoryName":"Pat Cummings","name":"1_15_13_8"},{"num":4.7,"categoryName":"Bob Dandridge","name":"1_15_13_14"},{"num":4.5,"categoryName":"Alton Lister","name":"1_15_13_15"},{"num":4.3,"categoryName":"Kevin Stacom","name":"1_15_13_16"},{"num":4,"categoryName":"Mike Evans","name":"1_15_13_9"},{"num":2.9,"categoryName":"Harvey Catchings","name":"1_15_13_10"},{"num":0.8,"categoryName":"Geoff Crompton","name":"1_15_13_17"},{"num":0,"categoryName":"Brad Holland","name":"1_15_13_18"}],"name":"1_15_13_0"}],"name":"1_15_0_0","num":632.5}],"name":"1_0_0_0","num":1172.1},{"categoryName":"Western","children":[{"categoryName":"Midwest","children":[{"num":104.6,"categoryName":"Dallas_Mavericks","children":[{"num":21.4,"categoryName":"Jay Vincent","name":"2_32_10_22"},{"num":18.7,"categoryName":"Mark Aguirre","name":"2_32_10_23"},{"num":13.3,"categoryName":"Rolando Blackman","name":"2_32_10_24"},{"num":12.1,"categoryName":"Brad Davis","name":"2_32_10_5"},{"num":10.1,"categoryName":"Jim Spanarkel","name":"2_32_10_2"},{"num":9,"categoryName":"Wayne Cooper","name":"2_32_10_25"},{"num":8.3,"categoryName":"Elston Turner","name":"2_32_10_26"},{"num":7,"categoryName":"Allan Bristow","name":"2_32_10_27"},{"num":6.6,"categoryName":"Tom LaGarde","name":"2_32_10_4"},{"num":5.3,"categoryName":"Kurt Nimphius","name":"2_32_10_28"},{"num":3.9,"categoryName":"Scott Lloyd","name":"2_32_10_9"},{"num":3.4,"categoryName":"Ollie Mack","name":"2_32_10_7"},{"num":2.3,"categoryName":"Clarence Kea","name":"2_32_10_13"}],"name":"2_32_10_0"},{"num":126.5,"categoryName":"Denver_Nuggets","children":[{"num":25.4,"categoryName":"Alex English","name":"2_32_7_32"},{"num":22.9,"categoryName":"Dan Issel","name":"2_32_7_2"},{"num":21.5,"categoryName":"Kiki Vandeweghe","name":"2_32_7_38"},{"num":14.9,"categoryName":"David Thompson","name":"2_32_7_1"},{"num":12,"categoryName":"Dave Robisch","name":"2_32_7_40"},{"num":10.8,"categoryName":"Billy McKinney","name":"2_32_7_39"},{"num":8.3,"categoryName":"Glen Gondrezick","name":"2_32_7_35"},{"num":8.2,"categoryName":"T.R. Dunn","name":"2_32_7_44"},{"num":7.5,"categoryName":"Kenny Higgs","name":"2_32_7_42"},{"num":6.8,"categoryName":"Cedrick Hordges","name":"2_32_7_41"},{"num":4.8,"categoryName":"John Roche","name":"2_32_7_33"},{"num":3.1,"categoryName":"James Ray","name":"2_32_7_46"},{"num":2.7,"categoryName":"David Burns","name":"2_32_7_48"}],"name":"2_32_7_0"},{"num":105.9,"categoryName":"Houston_Rockets","children":[{"num":31.1,"categoryName":"Moses Malone","name":"2_32_11_1"},{"num":16.1,"categoryName":"Elvin Hayes","name":"2_32_11_14"},{"num":13.4,"categoryName":"Robert Reid","name":"2_32_11_3"},{"num":10.9,"categoryName":"Allen Leavell","name":"2_32_11_6"},{"num":10.2,"categoryName":"Calvin Murphy","name":"2_32_11_2"},{"num":7.8,"categoryName":"Bill Willoughby","name":"2_32_11_8"},{"num":7.4,"categoryName":"Mike Dunleavy","name":"2_32_11_5"},{"num":6.3,"categoryName":"Tom Henderson","name":"2_32_11_10"},{"num":4.5,"categoryName":"Calvin Garrett","name":"2_32_11_9"},{"num":4.5,"categoryName":"Major Jones","name":"2_32_11_11"},{"num":3.5,"categoryName":"Larry Spriggs","name":"2_32_11_15"},{"num":3.3,"categoryName":"Billy Paultz","name":"2_32_11_7"},{"num":1.5,"categoryName":"Jawann Oldham","name":"2_32_11_16"}],"name":"2_32_11_0"},{"num":107.1,"categoryName":"Kansas_City_Kings","children":[{"num":20.2,"categoryName":"Cliff Robinson","name":"2_32_6_46"},{"num":16.1,"categoryName":"Mike Woodson","name":"2_32_6_47"},{"num":12.8,"categoryName":"Steve Johnson","name":"2_32_6_48"},{"num":12.7,"categoryName":"Ernie Grunfeld","name":"2_32_6_36"},{"num":12.2,"categoryName":"Reggie Johnson","name":"2_32_6_49"},{"num":12.1,"categoryName":"Reggie King","name":"2_32_6_34"},{"num":10.8,"categoryName":"Larry Drew","name":"2_32_6_50"},{"num":9.9,"categoryName":"Phil Ford","name":"2_32_6_28"},{"num":9.3,"categoryName":"Eddie Johnson","name":"2_32_6_51"},{"num":6.9,"categoryName":"Joe Meriweather","name":"2_32_6_39"},{"num":6.9,"categoryName":"Kevin Loder","name":"2_32_6_52"},{"num":5,"categoryName":"Kenny Dennard","name":"2_32_6_53"},{"num":3.4,"categoryName":"John Lambert","name":"2_32_6_44"},{"num":3,"categoryName":"Sam Lacey","name":"2_32_6_4"},{"num":2.7,"categoryName":"Leon Douglas","name":"2_32_6_42"},{"num":2.3,"categoryName":"Hawkeye Whitney","name":"2_32_6_40"}],"name":"2_32_6_0"},{"num":113.1,"categoryName":"San_Antonio_Spurs","children":[{"num":32.3,"categoryName":"George Gervin","name":"2_32_12_1"},{"num":21,"categoryName":"Mike Mitchell","name":"2_32_12_15"},{"num":17.8,"categoryName":"Ron Brewer","name":"2_32_12_6"},{"num":13.8,"categoryName":"Mark Olberding","name":"2_32_12_3"},{"num":10.5,"categoryName":"Reggie Johnson","name":"2_32_12_5"},{"num":10.1,"categoryName":"Dave Corzine","name":"2_32_12_4"},{"num":9.6,"categoryName":"Gene Banks","name":"2_32_12_16"},{"num":9.4,"categoryName":"Johnny Moore","name":"2_32_12_8"},{"num":7.7,"categoryName":"Mike Bratz","name":"2_32_12_17"},{"num":5.7,"categoryName":"Roger Phegley","name":"2_32_12_18"},{"num":3.9,"categoryName":"Ed Rains","name":"2_32_12_19"},{"num":3.8,"categoryName":"Paul Griffin","name":"2_32_12_10"},{"num":3.3,"categoryName":"Rich Yonakor","name":"2_32_12_20"},{"num":3.1,"categoryName":"John Lambert","name":"2_32_12_21"},{"num":3,"categoryName":"George Johnson","name":"2_32_12_13"},{"num":2.6,"categoryName":"Steve Hayes","name":"2_32_12_22"},{"num":1.6,"categoryName":"Kevin Restani","name":"2_32_12_9"}],"name":"2_32_12_0"},{"num":110.9,"categoryName":"Utah_Jazz","children":[{"num":30.3,"categoryName":"Adrian Dantley","name":"2_32_9_1"},{"num":19.8,"categoryName":"Darrell Griffith","name":"2_32_9_21"},{"num":14.8,"categoryName":"Rickey Green","name":"2_32_9_22"},{"num":9.3,"categoryName":"Jeff Wilkins","name":"2_32_9_26"},{"num":7.9,"categoryName":"Danny Schayes","name":"2_32_9_32"},{"num":7.4,"categoryName":"Carl Nicks","name":"2_32_9_25"},{"num":6.6,"categoryName":"Ben Poquette","name":"2_32_9_8"},{"num":5.8,"categoryName":"Bill Robinzine","name":"2_32_9_33"},{"num":5.1,"categoryName":"James Hardy","name":"2_32_9_13"},{"num":3.4,"categoryName":"John Duren","name":"2_32_9_30"},{"num":3.4,"categoryName":"Howard Wood","name":"2_32_9_34"},{"num":3.1,"categoryName":"Bobby Cattage","name":"2_32_9_35"},{"num":0.8,"categoryName":"Sam Worthen","name":"2_32_9_36"}],"name":"2_32_9_0"}],"name":"2_32_0_0","num":668.1},{"categoryName":"Pacific","children":[{"num":110.9,"categoryName":"Golden_State_Warriors","children":[{"num":23.2,"categoryName":"Bernard King","name":"2_33_6_51"},{"num":22.9,"categoryName":"World B. Free","name":"2_33_6_50"},{"num":17,"categoryName":"Joe Barry Carroll","name":"2_33_6_52"},{"num":14.4,"categoryName":"Purvis Short","name":"2_33_6_40"},{"num":7.1,"categoryName":"Larry Smith","name":"2_33_6_53"},{"num":6.2,"categoryName":"Lorenzo Romar","name":"2_33_6_56"},{"num":6.1,"categoryName":"Sam Williams","name":"2_33_6_62"},{"num":5.7,"categoryName":"Joe Hassett","name":"2_33_6_54"},{"num":5.7,"categoryName":"Rickey Brown","name":"2_33_6_57"},{"num":5.6,"categoryName":"Mike Gale","name":"2_33_6_63"},{"num":3.9,"categoryName":"Sonny Parker","name":"2_33_6_30"},{"num":3.6,"categoryName":"Lewis Lloyd","name":"2_33_6_64"},{"num":3.2,"categoryName":"Hank McDowell","name":"2_33_6_65"}],"name":"2_33_6_0"},{"num":114.6,"categoryName":"Los_Angeles_Lakers","children":[{"num":23.9,"categoryName":"K. Abdul-Jabbar","name":"2_33_1_35"},{"num":21.1,"categoryName":"Jamaal Wilkes","name":"2_33_1_57"},{"num":18.6,"categoryName":"Magic Johnson","name":"2_33_1_66"},{"num":17.6,"categoryName":"Norm Nixon","name":"2_33_1_56"},{"num":14.3,"categoryName":"Mitch Kupchak","name":"2_33_1_80"},{"num":11.9,"categoryName":"Michael Cooper","name":"2_33_1_65"},{"num":9.6,"categoryName":"Bob McAdoo","name":"2_33_1_81"},{"num":4.9,"categoryName":"Mike McGee","name":"2_33_1_82"},{"num":4.6,"categoryName":"Kurt Rambis","name":"2_33_1_83"},{"num":4.3,"categoryName":"Mark Landsberger","name":"2_33_1_69"},{"num":3.8,"categoryName":"Eddie Jordan","name":"2_33_1_75"},{"num":3.6,"categoryName":"Clay Johnson","name":"2_33_1_84"},{"num":2.4,"categoryName":"Jim Brewer","name":"2_33_1_76"},{"num":1.9,"categoryName":"Kevin McKenna","name":"2_33_1_85"}],"name":"2_33_1_0"},{"num":106.2,"categoryName":"Phoenix_Suns","children":[{"num":19.5,"categoryName":"Dennis Johnson","name":"2_33_8_52"},{"num":19.1,"categoryName":"Truck Robinson","name":"2_33_8_45"},{"num":15.1,"categoryName":"Alvan Adams","name":"2_33_8_27"},{"num":14.4,"categoryName":"Walter Davis","name":"2_33_8_39"},{"num":14.2,"categoryName":"Kyle Macy","name":"2_33_8_53"},{"num":7.9,"categoryName":"Rich Kelley","name":"2_33_8_49"},{"num":6.6,"categoryName":"Larry Nance","name":"2_33_8_55"},{"num":6,"categoryName":"Alvin Scott","name":"2_33_8_41"},{"num":5.1,"categoryName":"Jeff Cook","name":"2_33_8_50"},{"num":5.1,"categoryName":"Dudley Bradley","name":"2_33_8_56"},{"num":2.6,"categoryName":"John McCullough","name":"2_33_8_57"},{"num":2.6,"categoryName":"Joel Kramer","name":"2_33_8_47"},{"num":1.3,"categoryName":"Craig Dykema","name":"2_33_8_58"}],"name":"2_33_8_0"},{"num":109.8,"categoryName":"Portland_Trail_Blazers","children":[{"num":20.8,"categoryName":"Mychal Thompson","name":"2_33_2_59"},{"num":18.9,"categoryName":"Jim Paxson","name":"2_33_2_71"},{"num":17.7,"categoryName":"Calvin Natt","name":"2_33_2_66"},{"num":16.1,"categoryName":"Kelvin Ransey","name":"2_33_2_73"},{"num":11.1,"categoryName":"Billy Ray Bates","name":"2_33_2_68"},{"num":7.2,"categoryName":"Bob Gross","name":"2_33_2_44"},{"num":6.8,"categoryName":"Mike Harper","name":"2_33_2_76"},{"num":6.4,"categoryName":"Darnell Valentine","name":"2_33_2_78"},{"num":5,"categoryName":"Kermit Washington","name":"2_33_2_67"},{"num":4.9,"categoryName":"Pete Verhoeven","name":"2_33_2_79"},{"num":4.6,"categoryName":"Jeff Lamp","name":"2_33_2_80"},{"num":3.2,"categoryName":"Petur Gudmundsson","name":"2_33_2_81"},{"num":2.3,"categoryName":"Kevin Kunnert","name":"2_33_2_70"},{"num":2,"categoryName":"Carl Bailey","name":"2_33_2_82"},{"num":1.5,"categoryName":"Dennis Awtrey","name":"2_33_2_83"}],"name":"2_33_2_0"},{"num":108.5,"categoryName":"San_Diego_Clippers","children":[{"num":17.2,"categoryName":"Tom Chambers","name":"2_33_9_29"},{"num":16.5,"categoryName":"Freeman Williams","name":"2_33_9_6"},{"num":15.6,"categoryName":"Michael Brooks","name":"2_33_9_23"},{"num":13.8,"categoryName":"Jerome Whitehead","name":"2_33_9_13"},{"num":13.2,"categoryName":"Phil Smith","name":"2_33_9_22"},{"num":12.9,"categoryName":"Charlie Criss","name":"2_33_9_30"},{"num":12.5,"categoryName":"Al Wood","name":"2_33_9_31"},{"num":12.5,"categoryName":"Swen Nater","name":"2_33_9_5"},{"num":11.8,"categoryName":"Joe Bryant","name":"2_33_9_18"},{"num":10.8,"categoryName":"Brian Taylor","name":"2_33_9_10"},{"num":8.3,"categoryName":"Michael Wiley","name":"2_33_9_32"},{"num":7,"categoryName":"John Douglas","name":"2_33_9_33"},{"num":6.3,"categoryName":"Jim Brogan","name":"2_33_9_34"},{"num":4.7,"categoryName":"Armond Hill","name":"2_33_9_35"},{"num":3.3,"categoryName":"Ron Davis","name":"2_33_9_24"},{"num":2.9,"categoryName":"Jim Smith","name":"2_33_9_36"},{"num":1,"categoryName":"Rock Lee","name":"2_33_9_37"}],"name":"2_33_9_0"},{"num":107.3,"categoryName":"Seattle_Supersonics","children":[{"num":23.4,"categoryName":"Gus Williams","name":"2_33_5_50"},{"num":19.6,"categoryName":"Jack Sikma","name":"2_33_5_53"},{"num":14.9,"categoryName":"Lonnie Shelton","name":"2_33_5_59"},{"num":11.2,"categoryName":"Fred Brown","name":"2_33_5_16"},{"num":9.9,"categoryName":"Wally Walker","name":"2_33_5_54"},{"num":8.2,"categoryName":"Phil Smith","name":"2_33_5_73"},{"num":8.1,"categoryName":"James Donaldson","name":"2_33_5_68"},{"num":6.6,"categoryName":"James Bailey","name":"2_33_5_64"},{"num":5.8,"categoryName":"Bill Hanzlik","name":"2_33_5_67"},{"num":4.9,"categoryName":"Greg Kelser","name":"2_33_5_74"},{"num":4.9,"categoryName":"Danny Vranes","name":"2_33_5_75"},{"num":4.2,"categoryName":"John Johnson","name":"2_33_5_52"},{"num":3.9,"categoryName":"Vinnie Johnson","name":"2_33_5_65"},{"num":3.4,"categoryName":"Mark Radford","name":"2_33_5_76"},{"num":3.4,"categoryName":"Ray Tolbert","name":"2_33_5_77"},{"num":2.6,"categoryName":"Armond Hill","name":"2_33_5_69"}],"name":"2_33_5_0"}],"name":"2_33_0_0","num":657.3}],"name":"2_0_0_0","num":1325.4}],"num":2497.5}