{"year":1950,"name":"root","categoryName":"root","children":[{"categoryName":"Eastern","children":[{"num":82,"categoryName":"Baltimore_Bullets_(1st)","children":[{"num":13.8,"categoryName":"Belus Smawley","name":"1_7_41_0"},{"num":13.7,"categoryName":"Ken Murray","name":"1_7_42_0"},{"num":13.1,"categoryName":"Red Rocha","name":"1_7_43_0"},{"num":9.5,"categoryName":"Kenny Sailors","name":"1_7_44_0"},{"num":9.4,"categoryName":"Dick Mehen","name":"1_7_45_0"},{"num":8.8,"categoryName":"Paul Hoffman","name":"1_7_22_0"},{"num":8.2,"categoryName":"Chick Halbert","name":"1_7_46_0"},{"num":7.8,"categoryName":"Walt Budko","name":"1_7_3_0"},{"num":7.5,"categoryName":"Brady Walker","name":"1_7_47_0"},{"num":7.3,"categoryName":"Don Rehfeldt","name":"1_7_48_0"},{"num":5.6,"categoryName":"Tommy Byrnes","name":"1_7_27_0"},{"num":5.5,"categoryName":"Don Otten","name":"1_7_49_0"},{"num":5.2,"categoryName":"Norm Mager","name":"1_7_50_0"},{"num":4.7,"categoryName":"Gene James","name":"1_7_51_0"},{"num":4.7,"categoryName":"Don Carlson","name":"1_7_52_0"},{"num":4.3,"categoryName":"Billy Hassett","name":"1_7_53_0"},{"num":3.9,"categoryName":"Joe Dolhon","name":"1_7_25_0"},{"num":3.7,"categoryName":"Tommy O'Keefe","name":"1_7_54_0"},{"num":3,"categoryName":"Ray Corley","name":"1_7_55_0"}],"name":"1_7_0_0"},{"num":85.2,"categoryName":"Boston_Celtics","children":[{"num":20.4,"categoryName":"Ed Macauley","name":"1_1_57_0"},{"num":15.6,"categoryName":"Bob Cousy","name":"1_1_58_0"},{"num":9.8,"categoryName":"Sonny Hertzberg","name":"1_1_48_0"},{"num":9.3,"categoryName":"Chuck Cooper","name":"1_1_59_0"},{"num":6.9,"categoryName":"Bones McKinney","name":"1_1_60_0"},{"num":6.6,"categoryName":"Ed Leede","name":"1_1_49_0"},{"num":6.5,"categoryName":"Kleggie Hermsen","name":"1_1_61_0"},{"num":6.3,"categoryName":"Dick Mehen","name":"1_1_62_0"},{"num":6.3,"categoryName":"Harry Boykoff","name":"1_1_63_0"},{"num":6.1,"categoryName":"Bob Donham","name":"1_1_64_0"},{"num":5.5,"categoryName":"Bob Harris","name":"1_1_65_0"},{"num":5.2,"categoryName":"John Mahnken","name":"1_1_54_0"},{"num":4.7,"categoryName":"Frank Kudelka","name":"1_1_66_0"},{"num":3.2,"categoryName":"Ed Stanczak","name":"1_1_67_0"},{"num":2.1,"categoryName":"Andy Duncan","name":"1_1_68_0"},{"num":1.8,"categoryName":"Brady Walker","name":"1_1_53_0"},{"num":1.8,"categoryName":"Kenny Sailors","name":"1_1_69_0"}],"name":"1_1_0_0"},{"num":85.9,"categoryName":"New_York_Knicks","children":[{"num":14.9,"categoryName":"Vince Boryla","name":"1_2_36_0"},{"num":12.8,"categoryName":"Harry Gallatin","name":"1_2_28_0"},{"num":12.7,"categoryName":"Max Zaslofsky","name":"1_2_41_0"},{"num":9.2,"categoryName":"Connie Simmons","name":"1_2_35_0"},{"num":8.6,"categoryName":"Nathaniel Clifton","name":"1_2_42_0"},{"num":8.4,"categoryName":"Dick McGuire","name":"1_2_38_0"},{"num":7.7,"categoryName":"Ernie Vandeweghe","name":"1_2_37_0"},{"num":6.7,"categoryName":"Ray Lumpp","name":"1_2_27_0"},{"num":4.9,"categoryName":"George Kaftan","name":"1_2_43_0"},{"num":3.7,"categoryName":"Tex Ritter","name":"1_2_29_0"},{"num":3.3,"categoryName":"Tony Lavelli","name":"1_2_44_0"},{"num":1.3,"categoryName":"Ray Ellefson","name":"1_2_45_0"},{"num":0.5,"categoryName":"Gene James","name":"1_2_32_0"}],"name":"1_2_0_0"},{"num":85.4,"categoryName":"Philadelphia_Warriors","children":[{"num":18.7,"categoryName":"Joe Fulks","name":"1_3_1_0"},{"num":17.2,"categoryName":"Paul Arizin","name":"1_3_32_0"},{"num":11.2,"categoryName":"Andy Phillip","name":"1_3_33_0"},{"num":10.4,"categoryName":"George Senesky","name":"1_3_5_0"},{"num":9.7,"categoryName":"Ed Mikan","name":"1_3_34_0"},{"num":8.8,"categoryName":"Bill Closs","name":"1_3_35_0"},{"num":5.4,"categoryName":"Vern Gardner","name":"1_3_22_0"},{"num":4.5,"categoryName":"Ron Livingstone","name":"1_3_23_0"},{"num":2.8,"categoryName":"Nelson Bobb","name":"1_3_25_0"},{"num":2.7,"categoryName":"Ike Borsavage","name":"1_3_36_0"},{"num":2.4,"categoryName":"Leo Mogus","name":"1_3_24_0"},{"num":0.9,"categoryName":"Easy Parham","name":"1_3_37_0"}],"name":"1_3_0_0"},{"num":86.1,"categoryName":"Syracuse_Nationals","children":[{"num":17,"categoryName":"Dolph Schayes","name":"1_8_1_0"},{"num":12.9,"categoryName":"George Ratkovicz","name":"1_8_4_0"},{"num":11.9,"categoryName":"Fred Scolari","name":"1_8_12_0"},{"num":11.3,"categoryName":"Bill Gabor","name":"1_8_2_0"},{"num":9.3,"categoryName":"Noble Jorgensen","name":"1_8_13_0"},{"num":8.6,"categoryName":"Al Cervi","name":"1_8_3_0"},{"num":7.8,"categoryName":"Belus Smawley","name":"1_8_14_0"},{"num":7.5,"categoryName":"Alex Hannum","name":"1_8_6_0"},{"num":7.2,"categoryName":"Paul Seymour","name":"1_8_5_0"},{"num":6.6,"categoryName":"Johnny Macknowski","name":"1_8_7_0"},{"num":4.7,"categoryName":"Ed Peterson","name":"1_8_8_0"},{"num":4.4,"categoryName":"Gerry Calabrese","name":"1_8_15_0"},{"num":3.4,"categoryName":"Don Lofgran","name":"1_8_16_0"},{"num":1.7,"categoryName":"Leroy Chollet","name":"1_8_11_0"}],"name":"1_8_0_0"}],"name":"1_0_0_0","num":424.6},{"categoryName":"Western","children":[{"num":84.1,"categoryName":"Fort_Wayne_Pistons","children":[{"num":15.1,"categoryName":"Fred Schaus","name":"2_8_20_0"},{"num":13.5,"categoryName":"Larry Foust","name":"2_8_21_0"},{"num":10.5,"categoryName":"Jack Kerris","name":"2_8_22_0"},{"num":9.9,"categoryName":"Ken Murray","name":"2_8_23_0"},{"num":8.6,"categoryName":"Ralph Johnson","name":"2_8_24_0"},{"num":8.4,"categoryName":"Don Otten","name":"2_8_25_0"},{"num":8.4,"categoryName":"John Oldham","name":"2_8_26_0"},{"num":7.4,"categoryName":"Duane Klueh","name":"2_8_27_0"},{"num":6.5,"categoryName":"Dick Mehen","name":"2_8_28_0"},{"num":5.3,"categoryName":"Curly Armstrong","name":"2_8_10_0"},{"num":4.8,"categoryName":"Bob Carpenter","name":"2_8_29_0"},{"num":4.8,"categoryName":"John Hargis","name":"2_8_30_0"},{"num":4.3,"categoryName":"Jim Riffey","name":"2_8_31_0"},{"num":3.4,"categoryName":"Bob Harris","name":"2_8_32_0"},{"num":2.3,"categoryName":"Art Burris","name":"2_8_33_0"}],"name":"2_8_0_0"},{"num":81.7,"categoryName":"Indianapolis_Olympians","children":[{"num":21.7,"categoryName":"Alex Groza","name":"2_14_1_0"},{"num":16.8,"categoryName":"Ralph Beard","name":"2_14_2_0"},{"num":11.2,"categoryName":"Wah Wah Jones","name":"2_14_3_0"},{"num":9.1,"categoryName":"Paul Walther","name":"2_14_5_0"},{"num":8.3,"categoryName":"Bob Lavoy","name":"2_14_14_0"},{"num":8,"categoryName":"Leo Barnhorst","name":"2_14_15_0"},{"num":7,"categoryName":"Joe Holland","name":"2_14_6_0"},{"num":5.4,"categoryName":"Don Lofgran","name":"2_14_16_0"},{"num":4,"categoryName":"Mal McMullen","name":"2_14_8_0"},{"num":3.6,"categoryName":"Bruce Hale","name":"2_14_4_0"},{"num":3.4,"categoryName":"Chuck Mrazovich","name":"2_14_17_0"},{"num":2.7,"categoryName":"Cliff Barker","name":"2_14_7_0"},{"num":2.3,"categoryName":"John Mahnken","name":"2_14_18_0"},{"num":1.5,"categoryName":"Carl Shaeffer","name":"2_14_10_0"},{"num":0.7,"categoryName":"Leon Blevins","name":"2_14_19_0"}],"name":"2_14_0_0"},{"num":82.8,"categoryName":"Minneapolis_Lakers","children":[{"num":28.4,"categoryName":"George Mikan","name":"2_10_1_0"},{"num":14.1,"categoryName":"Vern Mikkelsen","name":"2_10_16_0"},{"num":11.6,"categoryName":"Jim Pollard","name":"2_10_2_0"},{"num":8.5,"categoryName":"Slater Martin","name":"2_10_17_0"},{"num":5.9,"categoryName":"Bob Harrison","name":"2_10_18_0"},{"num":5.2,"categoryName":"Arnie Ferrin","name":"2_10_5_0"},{"num":4.3,"categoryName":"Kevin O'Shea","name":"2_10_19_0"},{"num":3.8,"categoryName":"Tony Jaros","name":"2_10_6_0"},{"num":2.6,"categoryName":"Bud Grant","name":"2_10_20_0"},{"num":2.5,"categoryName":"Joe Hutton","name":"2_10_21_0"},{"num":2,"categoryName":"Ed Beach","name":"2_10_22_0"}],"name":"2_10_0_0"},{"num":84.6,"categoryName":"Rochester_Royals","children":[{"num":16.3,"categoryName":"Arnie Risen","name":"2_11_1_0"},{"num":15.2,"categoryName":"Bob Davies","name":"2_11_2_0"},{"num":11.4,"categoryName":"Jack Coleman","name":"2_11_13_0"},{"num":10.8,"categoryName":"Bobby Wanzer","name":"2_11_3_0"},{"num":9.4,"categoryName":"Arnie Johnson","name":"2_11_5_0"},{"num":7.7,"categoryName":"Bill Calhoun","name":"2_11_7_0"},{"num":7.3,"categoryName":"Red Holzman","name":"2_11_4_0"},{"num":4.3,"categoryName":"Pep Saul","name":"2_11_14_0"},{"num":4.3,"categoryName":"Ed Mikan","name":"2_11_15_0"},{"num":2.5,"categoryName":"Paul Noel","name":"2_11_16_0"},{"num":2.1,"categoryName":"Joe McNamee","name":"2_11_17_0"}],"name":"2_11_0_0"},{"num":84.3,"categoryName":"Tri-Cities_Blackhawks","children":[{"num":16.8,"categoryName":"Frankie Brian","name":"2_16_23_0"},{"num":15.3,"categoryName":"Dike Eddleman","name":"2_16_3_0"},{"num":11.7,"categoryName":"Jack Nichols","name":"2_16_2_0"},{"num":11.2,"categoryName":"Noble Jorgensen","name":"2_16_24_0"},{"num":9.9,"categoryName":"Mike Todorovich","name":"2_16_1_0"},{"num":8,"categoryName":"Kleggie Hermsen","name":"2_16_25_0"},{"num":7.8,"categoryName":"Harry Boykoff","name":"2_16_26_0"},{"num":7.8,"categoryName":"Ed Peterson","name":"2_16_27_0"},{"num":7.7,"categoryName":"John Logan","name":"2_16_28_0"},{"num":6.6,"categoryName":"Cal Christensen","name":"2_16_29_0"},{"num":6.3,"categoryName":"Bob Carpenter","name":"2_16_30_0"},{"num":6,"categoryName":"Warren Perkins","name":"2_16_14_0"},{"num":4.8,"categoryName":"Gene Vance","name":"2_16_7_0"},{"num":4.6,"categoryName":"Tommy Byrnes","name":"2_16_31_0"},{"num":4.1,"categoryName":"Ray Corley","name":"2_16_32_0"},{"num":3.7,"categoryName":"Ed Gayda","name":"2_16_33_0"},{"num":3.7,"categoryName":"John Hargis","name":"2_16_34_0"},{"num":3.4,"categoryName":"Hank DeZonie","name":"2_16_35_0"},{"num":3.4,"categoryName":"Herb Scherer","name":"2_16_36_0"},{"num":0,"categoryName":"Ed Beach","name":"2_16_37_0"}],"name":"2_16_0_0"}],"name":"2_0_0_0","num":417.50000000000006}],"num":842.1000000000001}