{"year":1955,"name":"root","categoryName":"root","children":[{"categoryName":"Eastern","children":[{"num":106,"categoryName":"Boston_Celtics","children":[{"num":19.9,"categoryName":"Bill Sharman","name":"1_1_70_0"},{"num":18.8,"categoryName":"Bob Cousy","name":"1_1_58_0"},{"num":17.5,"categoryName":"Ed Macauley","name":"1_1_57_0"},{"num":14.3,"categoryName":"Jack Nichols","name":"1_1_77_0"},{"num":8.3,"categoryName":"Jim Loscutoff","name":"1_1_86_0"},{"num":8.1,"categoryName":"Arnie Risen","name":"1_1_87_0"},{"num":7,"categoryName":"Ernie Barrett","name":"1_1_79_0"},{"num":7,"categoryName":"Dick Hemric","name":"1_1_88_0"},{"num":6,"categoryName":"Togo Palazzi","name":"1_1_81_0"},{"num":3.1,"categoryName":"Red Morrison","name":"1_1_82_0"}],"name":"1_1_0_0"},{"num":100.2,"categoryName":"New_York_Knicks","children":[{"num":15.4,"categoryName":"Carl Braun","name":"1_2_21_0"},{"num":13.9,"categoryName":"Harry Gallatin","name":"1_2_28_0"},{"num":12.8,"categoryName":"Kenny Sears","name":"1_2_68_0"},{"num":12.3,"categoryName":"Ray Felix","name":"1_2_57_0"},{"num":11,"categoryName":"Jim Baechtold","name":"1_2_53_0"},{"num":9.2,"categoryName":"Gene Shue","name":"1_2_58_0"},{"num":8.8,"categoryName":"Nathaniel Clifton","name":"1_2_42_0"},{"num":7.8,"categoryName":"Walter Dukes","name":"1_2_69_0"},{"num":6.9,"categoryName":"Dick McGuire","name":"1_2_38_0"},{"num":5.3,"categoryName":"Bob Peterson","name":"1_2_60_0"},{"num":4.4,"categoryName":"Ernie Vandeweghe","name":"1_2_37_0"},{"num":3.7,"categoryName":"Dick Atha","name":"1_2_70_0"},{"num":2.8,"categoryName":"Bob Santini","name":"1_2_71_0"}],"name":"1_2_0_0"},{"num":103.1,"categoryName":"Philadelphia_Warriors","children":[{"num":24.2,"categoryName":"Paul Arizin","name":"1_3_32_0"},{"num":22.1,"categoryName":"Neil Johnston","name":"1_3_38_0"},{"num":14.4,"categoryName":"Joe Graboski","name":"1_3_53_0"},{"num":13.9,"categoryName":"Jack George","name":"1_3_54_0"},{"num":10.8,"categoryName":"Tom Gola","name":"1_3_69_0"},{"num":5.2,"categoryName":"Ernie Beck","name":"1_3_56_0"},{"num":4.7,"categoryName":"George Dempsey","name":"1_3_61_0"},{"num":4.6,"categoryName":"Walt Davis","name":"1_3_58_0"},{"num":3.7,"categoryName":"Larry Hennessy","name":"1_3_70_0"},{"num":2.6,"categoryName":"Bob Schafer","name":"1_3_71_0"},{"num":2.4,"categoryName":"Jackie Moore","name":"1_3_66_0"}],"name":"1_3_0_0"},{"num":96.9,"categoryName":"Syracuse_Nationals","children":[{"num":20.4,"categoryName":"Dolph Schayes","name":"1_8_1_0"},{"num":13.3,"categoryName":"Red Kerr","name":"1_8_32_0"},{"num":11.3,"categoryName":"Paul Seymour","name":"1_8_5_0"},{"num":10.3,"categoryName":"George King","name":"1_8_18_0"},{"num":10,"categoryName":"Red Rocha","name":"1_8_17_0"},{"num":8.5,"categoryName":"Earl Lloyd","name":"1_8_21_0"},{"num":8.2,"categoryName":"Ed Conlin","name":"1_8_37_0"},{"num":7.4,"categoryName":"Billy Kenville","name":"1_8_24_0"},{"num":6.7,"categoryName":"Dick Farley","name":"1_8_33_0"},{"num":3.8,"categoryName":"Jim Tucker","name":"1_8_34_0"}],"name":"1_8_0_0"}],"name":"1_0_0_0","num":406.19999999999993},{"categoryName":"Western","children":[{"num":94.4,"categoryName":"Fort_Wayne_Pistons","children":[{"num":17.4,"categoryName":"George Yardley","name":"2_8_51_0"},{"num":16.2,"categoryName":"Larry Foust","name":"2_8_21_0"},{"num":12,"categoryName":"Mel Hutchins","name":"2_8_50_0"},{"num":11.1,"categoryName":"Bob Houbregs","name":"2_8_57_0"},{"num":9.8,"categoryName":"Max Zaslofsky","name":"2_8_49_0"},{"num":9.5,"categoryName":"Chuck Noble","name":"2_8_58_0"},{"num":7.9,"categoryName":"Corky Devlin","name":"2_8_59_0"},{"num":6.8,"categoryName":"Odie Spears","name":"2_8_60_0"},{"num":6.2,"categoryName":"Frankie Brian","name":"2_8_34_0"},{"num":5.8,"categoryName":"Andy Phillip","name":"2_8_44_0"},{"num":4.7,"categoryName":"Jesse Arnelle","name":"2_8_61_0"},{"num":3.9,"categoryName":"Chuck Cooper","name":"2_8_62_0"},{"num":3.1,"categoryName":"Johnny Horan","name":"2_8_63_0"},{"num":2,"categoryName":"Don Bielke","name":"2_8_64_0"},{"num":0,"categoryName":"Jim Holstein","name":"2_8_65_0"}],"name":"2_8_0_0"},{"num":99.3,"categoryName":"Minneapolis_Lakers","children":[{"num":21.5,"categoryName":"Clyde Lovellette","name":"2_10_29_0"},{"num":13.4,"categoryName":"Vern Mikkelsen","name":"2_10_16_0"},{"num":13.2,"categoryName":"Slater Martin","name":"2_10_17_0"},{"num":11.6,"categoryName":"Whitey Skoog","name":"2_10_24_0"},{"num":11.3,"categoryName":"Dick Schnittker","name":"2_10_30_0"},{"num":10.5,"categoryName":"George Mikan","name":"2_10_1_0"},{"num":8,"categoryName":"Ed Kalafat","name":"2_10_32_0"},{"num":5.7,"categoryName":"Dick Garmaker","name":"2_10_36_0"},{"num":4.6,"categoryName":"Chuck Mencel","name":"2_10_37_0"},{"num":4.2,"categoryName":"Lew Hitch","name":"2_10_26_0"},{"num":3.3,"categoryName":"Bob Williams","name":"2_10_38_0"},{"num":3,"categoryName":"Ron Feiereisel","name":"2_10_39_0"},{"num":1,"categoryName":"Johnny Horan","name":"2_10_40_0"},{"num":0,"categoryName":"Jim Holstein","name":"2_10_28_0"}],"name":"2_10_0_0"},{"num":95.8,"categoryName":"Rochester_Royals","children":[{"num":16.8,"categoryName":"Maurice Stokes","name":"2_11_31_0"},{"num":14.4,"categoryName":"Jack Twyman","name":"2_11_32_0"},{"num":14.1,"categoryName":"Jack Coleman","name":"2_11_13_0"},{"num":12.5,"categoryName":"Ed Fleming","name":"2_11_33_0"},{"num":10.4,"categoryName":"Bobby Wanzer","name":"2_11_3_0"},{"num":9.4,"categoryName":"Dick Ricketts","name":"2_11_34_0"},{"num":8.5,"categoryName":"Art Spoelstra","name":"2_11_28_0"},{"num":7.8,"categoryName":"Richie Regan","name":"2_11_35_0"},{"num":7.5,"categoryName":"Jack McMahon","name":"2_11_22_0"},{"num":7.1,"categoryName":"Monk Meineke","name":"2_11_36_0"},{"num":5.4,"categoryName":"Connie Simmons","name":"2_11_37_0"},{"num":2.3,"categoryName":"Chris Harris","name":"2_11_38_0"},{"num":0.7,"categoryName":"Red Davis","name":"2_11_39_0"}],"name":"2_11_0_0"},{"num":96.6,"categoryName":"St._Louis_Hawks","children":[{"num":25.7,"categoryName":"Bob Pettit","name":"2_19_1_0"},{"num":13.6,"categoryName":"Chuck Share","name":"2_19_2_0"},{"num":11.7,"categoryName":"Jack Coleman","name":"2_19_3_0"},{"num":11,"categoryName":"Frank Selvy","name":"2_19_4_0"},{"num":10.3,"categoryName":"Jack Stephens","name":"2_19_5_0"},{"num":8.6,"categoryName":"Bob Harrison","name":"2_19_6_0"},{"num":8.4,"categoryName":"Dick Ricketts","name":"2_19_7_0"},{"num":8,"categoryName":"Al Ferrari","name":"2_19_8_0"},{"num":7.2,"categoryName":"Jack McMahon","name":"2_19_9_0"},{"num":5.4,"categoryName":"Alex Hannum","name":"2_19_10_0"},{"num":5.1,"categoryName":"Chuck Cooper","name":"2_19_11_0"},{"num":4.6,"categoryName":"Bob Schafer","name":"2_19_12_0"},{"num":3.8,"categoryName":"Med Park","name":"2_19_13_0"},{"num":2.7,"categoryName":"Chris Harris","name":"2_19_14_0"}],"name":"2_19_0_0"}],"name":"2_0_0_0","num":386.1}],"num":792.3}