{"year":2002,"name":"root","categoryName":"root","children":[{"categoryName":"Eastern","children":[{"categoryName":"Atlantic","children":[{"num":92.7,"categoryName":"Boston_Celtics","children":[{"num":25.9,"categoryName":"Paul Pierce","name":"1_14_1_164"},{"num":20.1,"categoryName":"Antoine Walker","name":"1_14_1_143"},{"num":9.8,"categoryName":"Tony Delk","name":"1_14_1_188"},{"num":9.1,"categoryName":"Eric Williams","name":"1_14_1_135"},{"num":8.3,"categoryName":"J.R. Bremer","name":"1_14_1_192"},{"num":7.3,"categoryName":"Shammond Williams","name":"1_14_1_193"},{"num":7.3,"categoryName":"Tony Battie","name":"1_14_1_166"},{"num":6.1,"categoryName":"Walter McCarty","name":"1_14_1_154"},{"num":5.2,"categoryName":"Vin Baker","name":"1_14_1_194"},{"num":4.4,"categoryName":"Mark Blount","name":"1_14_1_182"},{"num":3.7,"categoryName":"Bimbo Coles","name":"1_14_1_195"},{"num":2.8,"categoryName":"Kedrick Brown","name":"1_14_1_190"},{"num":1.8,"categoryName":"Grant Long","name":"1_14_1_196"},{"num":1.2,"categoryName":"Bruno Sundov","name":"1_14_1_197"},{"num":0.7,"categoryName":"Ruben Wolkowyski","name":"1_14_1_198"},{"num":0,"categoryName":"Mikki Moore","name":"1_14_1_199"},{"num":0,"categoryName":"Mark Bryant","name":"1_14_1_200"}],"name":"1_14_1_0"},{"num":85.6,"categoryName":"Miami_Heat","children":[{"num":18.5,"categoryName":"Eddie Jones","name":"1_14_9_87"},{"num":15.4,"categoryName":"Caron Butler","name":"1_14_9_108"},{"num":10.3,"categoryName":"Brian Grant","name":"1_14_9_89"},{"num":9.6,"categoryName":"Malik Allen","name":"1_14_9_102"},{"num":8.4,"categoryName":"Travis Best","name":"1_14_9_109"},{"num":7.8,"categoryName":"Mike James","name":"1_14_9_105"},{"num":7.5,"categoryName":"Rasual Butler","name":"1_14_9_110"},{"num":7.5,"categoryName":"Eddie House","name":"1_14_9_91"},{"num":5.6,"categoryName":"Vladimir Stepania","name":"1_14_9_103"},{"num":5,"categoryName":"LaPhonso Ellis","name":"1_14_9_99"},{"num":4.8,"categoryName":"Sean Lampley","name":"1_14_9_111"},{"num":4.1,"categoryName":"Anthony Carter","name":"1_14_9_82"},{"num":2.3,"categoryName":"Sean Marks","name":"1_14_9_101"},{"num":2,"categoryName":"Ken Johnson","name":"1_14_9_112"}],"name":"1_14_9_0"},{"num":95.4,"categoryName":"New_Jersey_Nets","children":[{"num":18.7,"categoryName":"Jason Kidd","name":"1_14_6_199"},{"num":16.7,"categoryName":"Kenyon Martin","name":"1_14_6_190"},{"num":15.5,"categoryName":"Richard Jefferson","name":"1_14_6_201"},{"num":13,"categoryName":"Kerry Kittles","name":"1_14_6_156"},{"num":10.3,"categoryName":"Lucious Harris","name":"1_14_6_172"},{"num":7,"categoryName":"Rodney Rogers","name":"1_14_6_210"},{"num":6.2,"categoryName":"Aaron Williams","name":"1_14_6_191"},{"num":5.8,"categoryName":"Dikembe Mutombo","name":"1_14_6_211"},{"num":5.7,"categoryName":"Jason Collins","name":"1_14_6_202"},{"num":4.1,"categoryName":"Anthony Johnson","name":"1_14_6_204"},{"num":3.1,"categoryName":"Brian Scalabrine","name":"1_14_6_205"},{"num":2.6,"categoryName":"Tamar Slay","name":"1_14_6_212"},{"num":1.4,"categoryName":"Brandon Armstrong","name":"1_14_6_206"},{"num":1.3,"categoryName":"Chris Childs","name":"1_14_6_141"},{"num":0,"categoryName":"Donny Marshall","name":"1_14_6_207"}],"name":"1_14_6_0"},{"num":95.9,"categoryName":"New_York_Knicks","children":[{"num":22.5,"categoryName":"Allan Houston","name":"1_14_3_153"},{"num":16.4,"categoryName":"Latrell Sprewell","name":"1_14_3_167"},{"num":14,"categoryName":"Kurt Thomas","name":"1_14_3_168"},{"num":9.1,"categoryName":"Howard Eisley","name":"1_14_3_186"},{"num":8.4,"categoryName":"Shandon Anderson","name":"1_14_3_185"},{"num":7.7,"categoryName":"Othella Harrington","name":"1_14_3_178"},{"num":7.2,"categoryName":"Charlie Ward","name":"1_14_3_144"},{"num":6.6,"categoryName":"C. Weatherspoon","name":"1_14_3_184"},{"num":5.5,"categoryName":"Lee Nailon","name":"1_14_3_188"},{"num":4.4,"categoryName":"Michael Doleac","name":"1_14_3_189"},{"num":3.6,"categoryName":"Lavor Postell","name":"1_14_3_180"},{"num":1.9,"categoryName":"Travis Knight","name":"1_14_3_183"},{"num":1.3,"categoryName":"Frank Williams","name":"1_14_3_190"}],"name":"1_14_3_0"},{"num":98.5,"categoryName":"Orlando_Magic","children":[{"num":32.1,"categoryName":"Tracy McGrady","name":"1_14_10_83"},{"num":16.4,"categoryName":"Mike Miller","name":"1_14_10_85"},{"num":14.5,"categoryName":"Grant Hill","name":"1_14_10_84"},{"num":14.3,"categoryName":"Gordan Giricek","name":"1_14_10_98"},{"num":13.6,"categoryName":"Drew Gooden","name":"1_14_10_99"},{"num":10.7,"categoryName":"Pat Garrity","name":"1_14_10_77"},{"num":9.4,"categoryName":"Darrell Armstrong","name":"1_14_10_35"},{"num":6.8,"categoryName":"Shawn Kemp","name":"1_14_10_100"},{"num":5.9,"categoryName":"Jacque Vaughn","name":"1_14_10_101"},{"num":5.2,"categoryName":"Horace Grant","name":"1_14_10_33"},{"num":4.7,"categoryName":"Andrew DeClercq","name":"1_14_10_88"},{"num":4.3,"categoryName":"Pat Burke","name":"1_14_10_102"},{"num":3.9,"categoryName":"Steven Hunter","name":"1_14_10_95"},{"num":3.5,"categoryName":"Chris Whitney","name":"1_14_10_103"},{"num":2.6,"categoryName":"Jeryl Sasser","name":"1_14_10_97"},{"num":1.8,"categoryName":"Ryan Humphrey","name":"1_14_10_104"},{"num":1,"categoryName":"Olumide Oyedeji","name":"1_14_10_105"}],"name":"1_14_10_0"},{"num":96.8,"categoryName":"Philadelphia_76ers","children":[{"num":27.6,"categoryName":"Allen Iverson","name":"1_14_4_200"},{"num":15.9,"categoryName":"Keith Van Horn","name":"1_14_4_259"},{"num":12.9,"categoryName":"Eric Snow","name":"1_14_4_219"},{"num":10.2,"categoryName":"Kenny Thomas","name":"1_14_4_260"},{"num":9.4,"categoryName":"Derrick Coleman","name":"1_14_4_188"},{"num":9,"categoryName":"Aaron McKie","name":"1_14_4_220"},{"num":7.1,"categoryName":"Todd MacCulloch","name":"1_14_4_235"},{"num":6,"categoryName":"Greg Buckner","name":"1_14_4_261"},{"num":6,"categoryName":"Brian Skinner","name":"1_14_4_262"},{"num":4.5,"categoryName":"Tyrone Hill","name":"1_14_4_227"},{"num":4.4,"categoryName":"Monty Williams","name":"1_14_4_263"},{"num":2.1,"categoryName":"Art Long","name":"1_14_4_264"},{"num":2.1,"categoryName":"John Salmons","name":"1_14_4_265"},{"num":1.5,"categoryName":"Efthimi Rentzias","name":"1_14_4_266"},{"num":1.1,"categoryName":"Mark Bryant","name":"1_14_4_267"},{"num":0.5,"categoryName":"Kenny Satterfield","name":"1_14_4_268"}],"name":"1_14_4_0"},{"num":91.5,"categoryName":"Washington_Wizards","children":[{"num":21.5,"categoryName":"Jerry Stackhouse","name":"1_14_11_50"},{"num":20,"categoryName":"Michael Jordan","name":"1_14_11_44"},{"num":12.8,"categoryName":"Larry Hughes","name":"1_14_11_51"},{"num":8.6,"categoryName":"Tyronn Lue","name":"1_14_11_45"},{"num":8.3,"categoryName":"Christian Laettner","name":"1_14_11_34"},{"num":7.4,"categoryName":"Kwame Brown","name":"1_14_11_47"},{"num":6.4,"categoryName":"Juan Dixon","name":"1_14_11_52"},{"num":6.2,"categoryName":"Brendan Haywood","name":"1_14_11_46"},{"num":4.8,"categoryName":"Etan Thomas","name":"1_14_11_48"},{"num":4.5,"categoryName":"Bryon Russell","name":"1_14_11_53"},{"num":4.2,"categoryName":"Jahidi White","name":"1_14_11_21"},{"num":4,"categoryName":"Jared Jeffries","name":"1_14_11_54"},{"num":3.3,"categoryName":"Bobby Simmons","name":"1_14_11_49"},{"num":2.6,"categoryName":"Anthony Goldwire","name":"1_14_11_55"},{"num":1.8,"categoryName":"Charles Oakley","name":"1_14_11_56"},{"num":0.8,"categoryName":"Brian Cardinal","name":"1_14_11_57"}],"name":"1_14_11_0"}],"name":"1_14_0_0","num":656.4},{"categoryName":"Central","children":[{"num":94.1,"categoryName":"Atlanta_Hawks","children":[{"num":20.8,"categoryName":"Glenn Robinson","name":"1_15_1_222"},{"num":19.9,"categoryName":"S. Abdur-Rahim","name":"1_15_1_213"},{"num":17.2,"categoryName":"Jason Terry","name":"1_15_1_196"},{"num":9.7,"categoryName":"Dion Glover","name":"1_15_1_198"},{"num":8.7,"categoryName":"Theo Ratliff","name":"1_15_1_214"},{"num":7.7,"categoryName":"Ira Newble","name":"1_15_1_215"},{"num":5.7,"categoryName":"Mike Wilks","name":"1_15_1_223"},{"num":4.8,"categoryName":"Alan Henderson","name":"1_15_1_162"},{"num":4.8,"categoryName":"Chris Crawford","name":"1_15_1_183"},{"num":4.6,"categoryName":"Nazr Mohammed","name":"1_15_1_202"},{"num":4.4,"categoryName":"Corey Benjamin","name":"1_15_1_224"},{"num":3.7,"categoryName":"Emanual Davis","name":"1_15_1_216"},{"num":3.7,"categoryName":"Dan Dickau","name":"1_15_1_225"},{"num":3.6,"categoryName":"Mikki Moore","name":"1_15_1_226"},{"num":2.4,"categoryName":"Darvin Ham","name":"1_15_1_227"},{"num":1.9,"categoryName":"Jermaine Jackson","name":"1_15_1_228"},{"num":1.7,"categoryName":"Matt Maloney","name":"1_15_1_205"},{"num":1,"categoryName":"Amal McCaskill","name":"1_15_1_229"},{"num":1,"categoryName":"Antonio Harvey","name":"1_15_1_230"},{"num":0.3,"categoryName":"Brandon Williams","name":"1_15_1_231"},{"num":0,"categoryName":"Paul Shirley","name":"1_15_1_232"}],"name":"1_15_1_0"},{"num":95,"categoryName":"Chicago_Bulls","children":[{"num":22.1,"categoryName":"Jalen Rose","name":"1_15_12_144"},{"num":13.4,"categoryName":"Donyell Marshall","name":"1_15_12_153"},{"num":11.7,"categoryName":"Marcus Fizer","name":"1_15_12_134"},{"num":10.7,"categoryName":"Jamal Crawford","name":"1_15_12_139"},{"num":10.5,"categoryName":"Eddy Curry","name":"1_15_12_149"},{"num":9.5,"categoryName":"Jay Williams","name":"1_15_12_154"},{"num":9.2,"categoryName":"Tyson Chandler","name":"1_15_12_150"},{"num":5.7,"categoryName":"Eddie Robinson","name":"1_15_12_146"},{"num":4.8,"categoryName":"Lonny Baxter","name":"1_15_12_155"},{"num":4.2,"categoryName":"Trenton Hassell","name":"1_15_12_147"},{"num":3.5,"categoryName":"Rick Brunson","name":"1_15_12_156"},{"num":3,"categoryName":"Corie Blount","name":"1_15_12_94"},{"num":2.3,"categoryName":"Fred Hoiberg","name":"1_15_12_124"},{"num":1.9,"categoryName":"Dalibor Bagaric","name":"1_15_12_143"},{"num":1.8,"categoryName":"Roger Mason","name":"1_15_12_157"}],"name":"1_15_12_0"},{"num":91.4,"categoryName":"Cleveland_Cavaliers","children":[{"num":20.6,"categoryName":"Ricky Davis","name":"1_15_4_219"},{"num":17.2,"categoryName":"Zydrunas Ilgauskas","name":"1_15_4_184"},{"num":13.4,"categoryName":"Dajuan Wagner","name":"1_15_4_226"},{"num":10,"categoryName":"Carlos Boozer","name":"1_15_4_227"},{"num":9.8,"categoryName":"Jumaine Jones","name":"1_15_4_220"},{"num":9.2,"categoryName":"Darius Miles","name":"1_15_4_228"},{"num":6.3,"categoryName":"Tyrone Hill","name":"1_15_4_156"},{"num":6.2,"categoryName":"Smush Parker","name":"1_15_4_229"},{"num":5.9,"categoryName":"Chris Mihm","name":"1_15_4_211"},{"num":5,"categoryName":"Milt Palacio","name":"1_15_4_230"},{"num":4.9,"categoryName":"Bimbo Coles","name":"1_15_4_213"},{"num":4.3,"categoryName":"Tierre Brown","name":"1_15_4_231"},{"num":1.5,"categoryName":"DeSagana Diop","name":"1_15_4_225"},{"num":0.8,"categoryName":"Michael Stewart","name":"1_15_4_232"}],"name":"1_15_4_0"},{"num":91.4,"categoryName":"Detroit_Pistons","children":[{"num":19.7,"categoryName":"Richard Hamilton","name":"1_15_10_191"},{"num":16.2,"categoryName":"Chauncey Billups","name":"1_15_10_192"},{"num":12.2,"categoryName":"Clifford Robinson","name":"1_15_10_184"},{"num":12,"categoryName":"Corliss Williamson","name":"1_15_10_173"},{"num":7.1,"categoryName":"Chucky Atkins","name":"1_15_10_175"},{"num":6.9,"categoryName":"Jon Barry","name":"1_15_10_185"},{"num":6.9,"categoryName":"Ben Wallace","name":"1_15_10_177"},{"num":6.9,"categoryName":"Mehmet Okur","name":"1_15_10_193"},{"num":6.6,"categoryName":"Zeljko Rebraca","name":"1_15_10_186"},{"num":3.3,"categoryName":"Tayshaun Prince","name":"1_15_10_194"},{"num":3,"categoryName":"Michael Curry","name":"1_15_10_144"},{"num":2.6,"categoryName":"Danny Manning","name":"1_15_10_195"},{"num":1.8,"categoryName":"Hubert Davis","name":"1_15_10_196"},{"num":1,"categoryName":"Don Reid","name":"1_15_10_146"},{"num":0,"categoryName":"Pepe Sanchez","name":"1_15_10_197"}],"name":"1_15_10_0"},{"num":96.8,"categoryName":"Indiana_Pacers","children":[{"num":20.8,"categoryName":"Jermaine O'Neal","name":"1_15_11_129"},{"num":15.5,"categoryName":"Metta World Peace","name":"1_15_11_135"},{"num":13.1,"categoryName":"Brad Miller","name":"1_15_11_134"},{"num":12.6,"categoryName":"Reggie Miller","name":"1_15_11_67"},{"num":12.2,"categoryName":"Al Harrington","name":"1_15_11_125"},{"num":7.8,"categoryName":"Jamaal Tinsley","name":"1_15_11_136"},{"num":7.7,"categoryName":"Ron Mercer","name":"1_15_11_138"},{"num":6.6,"categoryName":"Jonathan Bender","name":"1_15_11_126"},{"num":6.5,"categoryName":"Erick Strickland","name":"1_15_11_143"},{"num":5.1,"categoryName":"Austin Croshere","name":"1_15_11_120"},{"num":4.9,"categoryName":"Tim Hardaway","name":"1_15_11_144"},{"num":2.2,"categoryName":"Jamison Brewer","name":"1_15_11_141"},{"num":2.1,"categoryName":"Jeff Foster","name":"1_15_11_127"},{"num":1.9,"categoryName":"Primoz Brezec","name":"1_15_11_140"},{"num":1.2,"categoryName":"Fred Jones","name":"1_15_11_145"}],"name":"1_15_11_0"},{"num":99.5,"categoryName":"Milwaukee_Bucks","children":[{"num":21.3,"categoryName":"Ray Allen","name":"1_15_13_125"},{"num":19.7,"categoryName":"Sam Cassell","name":"1_15_13_147"},{"num":19.6,"categoryName":"Gary Payton","name":"1_15_13_171"},{"num":15.1,"categoryName":"Michael Redd","name":"1_15_13_166"},{"num":14.8,"categoryName":"Desmond Mason","name":"1_15_13_172"},{"num":13.3,"categoryName":"Tim Thomas","name":"1_15_13_149"},{"num":11.6,"categoryName":"Toni Kukoc","name":"1_15_13_173"},{"num":7.2,"categoryName":"Anthony Mason","name":"1_15_13_169"},{"num":5.8,"categoryName":"Jason Caffey","name":"1_15_13_163"},{"num":5.7,"categoryName":"Kevin Ollie","name":"1_15_13_174"},{"num":4.1,"categoryName":"Marcus Haislip","name":"1_15_13_175"},{"num":3.4,"categoryName":"Dan Gadzuric","name":"1_15_13_176"},{"num":2.2,"categoryName":"Ervin Johnson","name":"1_15_13_139"},{"num":1.9,"categoryName":"Ronald Murray","name":"1_15_13_177"},{"num":1.5,"categoryName":"Joel Przybilla","name":"1_15_13_168"},{"num":0,"categoryName":"Jamal Sampson","name":"1_15_13_178"}],"name":"1_15_13_0"},{"num":93.9,"categoryName":"New_Orleans_Hornets","children":[{"num":21.6,"categoryName":"Jamal Mashburn","name":"1_15_17_1"},{"num":17.1,"categoryName":"Baron Davis","name":"1_15_17_2"},{"num":16.7,"categoryName":"David Wesley","name":"1_15_17_3"},{"num":10.7,"categoryName":"P.J. Brown","name":"1_15_17_4"},{"num":10.3,"categoryName":"Jamaal Magloire","name":"1_15_17_5"},{"num":7.9,"categoryName":"Courtney Alexander","name":"1_15_17_6"},{"num":7.2,"categoryName":"Elden Campbell","name":"1_15_17_7"},{"num":6,"categoryName":"Kenny Anderson","name":"1_15_17_8"},{"num":5.2,"categoryName":"Robert Pack","name":"1_15_17_9"},{"num":4.5,"categoryName":"George Lynch","name":"1_15_17_10"},{"num":4,"categoryName":"Jerome Moiso","name":"1_15_17_11"},{"num":3.9,"categoryName":"Robert Traylor","name":"1_15_17_12"},{"num":3,"categoryName":"Stacey Augmon","name":"1_15_17_13"},{"num":3,"categoryName":"Randy Livingston","name":"1_15_17_14"},{"num":1.5,"categoryName":"Bryce Drew","name":"1_15_17_15"},{"num":0.5,"categoryName":"Kirk Haston","name":"1_15_17_16"}],"name":"1_15_17_0"},{"num":90.9,"categoryName":"Toronto_Raptors","children":[{"num":20.6,"categoryName":"Vince Carter","name":"1_15_16_46"},{"num":14.3,"categoryName":"Voshon Lenard","name":"1_15_16_77"},{"num":14.1,"categoryName":"Morris Peterson","name":"1_15_16_61"},{"num":13.9,"categoryName":"Antonio Davis","name":"1_15_16_55"},{"num":13.2,"categoryName":"Alvin Williams","name":"1_15_16_39"},{"num":9.7,"categoryName":"Jerome Williams","name":"1_15_16_65"},{"num":9.7,"categoryName":"Lindsey Hunter","name":"1_15_16_78"},{"num":7.8,"categoryName":"Rafer Alston","name":"1_15_16_79"},{"num":6.8,"categoryName":"Jelani McCoy","name":"1_15_16_80"},{"num":5.6,"categoryName":"Damone Brown","name":"1_15_16_81"},{"num":5.5,"categoryName":"Mamadou N'Diaye","name":"1_15_16_68"},{"num":5,"categoryName":"Michael Bradley","name":"1_15_16_76"},{"num":4.2,"categoryName":"Greg Foster","name":"1_15_16_82"},{"num":3.9,"categoryName":"Chris Jefferies","name":"1_15_16_83"},{"num":3.3,"categoryName":"Nate Huffman","name":"1_15_16_84"},{"num":2.9,"categoryName":"Art Long","name":"1_15_16_85"},{"num":2.8,"categoryName":"Jermaine Jackson","name":"1_15_16_74"},{"num":2.5,"categoryName":"Maceo Baston","name":"1_15_16_86"},{"num":2,"categoryName":"Zendon Hamilton","name":"1_15_16_87"}],"name":"1_15_16_0"}],"name":"1_15_0_0","num":753}],"name":"1_0_0_0","num":1409.4},{"categoryName":"Western","children":[{"categoryName":"Midwest","children":[{"num":103,"categoryName":"Dallas_Mavericks","children":[{"num":25.1,"categoryName":"Dirk Nowitzki","name":"2_32_10_132"},{"num":19.3,"categoryName":"Michael Finley","name":"2_32_10_104"},{"num":17.7,"categoryName":"Steve Nash","name":"2_32_10_133"},{"num":12.5,"categoryName":"Nick Van Exel","name":"2_32_10_155"},{"num":9.3,"categoryName":"Raef LaFrentz","name":"2_32_10_156"},{"num":6.7,"categoryName":"Shawn Bradley","name":"2_32_10_105"},{"num":6.7,"categoryName":"Eduardo Najera","name":"2_32_10_149"},{"num":5.5,"categoryName":"Walt Williams","name":"2_32_10_166"},{"num":4.4,"categoryName":"Adrian Griffin","name":"2_32_10_158"},{"num":4.1,"categoryName":"Tariq Abdul-Wahad","name":"2_32_10_164"},{"num":3.3,"categoryName":"Avery Johnson","name":"2_32_10_161"},{"num":3.1,"categoryName":"Raja Bell","name":"2_32_10_167"},{"num":2,"categoryName":"Popeye Jones","name":"2_32_10_88"},{"num":1.5,"categoryName":"Antoine Rigaudeau","name":"2_32_10_168"},{"num":1,"categoryName":"Evan Eschmeyer","name":"2_32_10_162"},{"num":1,"categoryName":"Mark Strickland","name":"2_32_10_169"},{"num":0.8,"categoryName":"Adam Harrington","name":"2_32_10_170"}],"name":"2_32_10_0"},{"num":84.2,"categoryName":"Denver_Nuggets","children":[{"num":18.4,"categoryName":"Juwan Howard","name":"2_32_7_188"},{"num":14.1,"categoryName":"James Posey","name":"2_32_7_175"},{"num":10.5,"categoryName":" Nene","name":"2_32_7_199"},{"num":9.6,"categoryName":"Chris Whitney","name":"2_32_7_200"},{"num":9.4,"categoryName":"Shammond Williams","name":"2_32_7_201"},{"num":9,"categoryName":"Rodney White","name":"2_32_7_202"},{"num":7.9,"categoryName":"Donnell Harvey","name":"2_32_7_191"},{"num":7.6,"categoryName":"Marcus Camby","name":"2_32_7_203"},{"num":6.9,"categoryName":"Vincent Yarbrough","name":"2_32_7_204"},{"num":6,"categoryName":"Devin Brown","name":"2_32_7_205"},{"num":5.6,"categoryName":"Jeff Trepagnier","name":"2_32_7_206"},{"num":5.6,"categoryName":"Kenny Satterfield","name":"2_32_7_193"},{"num":5.2,"categoryName":"Mark Blount","name":"2_32_7_207"},{"num":5.2,"categoryName":"Chris Andersen","name":"2_32_7_198"},{"num":5.1,"categoryName":"Junior Harrington","name":"2_32_7_208"},{"num":3.9,"categoryName":"N. Tskitishvili","name":"2_32_7_209"},{"num":3.6,"categoryName":"Ryan Bowen","name":"2_32_7_178"},{"num":3.4,"categoryName":"John Crotty","name":"2_32_7_210"},{"num":3.2,"categoryName":"Adam Harrington","name":"2_32_7_211"},{"num":3.1,"categoryName":"Predrag Savovic","name":"2_32_7_212"},{"num":0.3,"categoryName":"Mark Bryant","name":"2_32_7_213"}],"name":"2_32_7_0"},{"num":93.8,"categoryName":"Houston_Rockets","children":[{"num":21,"categoryName":"Steve Francis","name":"2_32_11_119"},{"num":17.5,"categoryName":"Cuttino Mobley","name":"2_32_11_114"},{"num":13.5,"categoryName":"Yao Ming","name":"2_32_11_139"},{"num":9.9,"categoryName":"Kenny Thomas","name":"2_32_11_123"},{"num":9.3,"categoryName":"James Posey","name":"2_32_11_140"},{"num":9,"categoryName":"Glen Rice","name":"2_32_11_135"},{"num":8.6,"categoryName":"Eddie Griffin","name":"2_32_11_134"},{"num":8.4,"categoryName":"Maurice Taylor","name":"2_32_11_130"},{"num":4.5,"categoryName":"Kelvin Cato","name":"2_32_11_122"},{"num":4.4,"categoryName":"Moochie Norris","name":"2_32_11_125"},{"num":3.7,"categoryName":"Terence Morris","name":"2_32_11_137"},{"num":2.8,"categoryName":"Jason Collier","name":"2_32_11_131"},{"num":2.3,"categoryName":"Juaquin Hawkins","name":"2_32_11_141"},{"num":2.1,"categoryName":"Bostjan Nachbar","name":"2_32_11_142"},{"num":1.2,"categoryName":"Tito Maddox","name":"2_32_11_143"}],"name":"2_32_11_0"},{"num":97.5,"categoryName":"Memphis_Grizzlies","children":[{"num":19,"categoryName":"Pau Gasol","name":"2_32_19_1"},{"num":12.8,"categoryName":"Mike Miller","name":"2_32_19_18"},{"num":12.1,"categoryName":"Jason Williams","name":"2_32_19_2"},{"num":12.1,"categoryName":"Drew Gooden","name":"2_32_19_19"},{"num":11.4,"categoryName":"Lorenzen Wright","name":"2_32_19_4"},{"num":11.2,"categoryName":"Gordan Giricek","name":"2_32_19_20"},{"num":11,"categoryName":"Wesley Person","name":"2_32_19_21"},{"num":9.7,"categoryName":"Shane Battier","name":"2_32_19_3"},{"num":9.7,"categoryName":"Stromile Swift","name":"2_32_19_5"},{"num":6.4,"categoryName":"Mike Batiste","name":"2_32_19_22"},{"num":5.5,"categoryName":"Earl Watson","name":"2_32_19_23"},{"num":4.8,"categoryName":"Michael Dickerson","name":"2_32_19_6"},{"num":4,"categoryName":"Chris Owens","name":"2_32_19_24"},{"num":3.9,"categoryName":"Brevin Knight","name":"2_32_19_8"},{"num":2.2,"categoryName":"Ryan Humphrey","name":"2_32_19_25"},{"num":1.6,"categoryName":"Robert Archibald","name":"2_32_19_26"},{"num":0.9,"categoryName":"Cezary Trybanski","name":"2_32_19_27"}],"name":"2_32_19_0"},{"num":98.1,"categoryName":"Minnesota_Timberwolves","children":[{"num":23,"categoryName":"Kevin Garnett","name":"2_32_16_54"},{"num":17.6,"categoryName":"Wally Szczerbiak","name":"2_32_16_87"},{"num":14.2,"categoryName":"Troy Hudson","name":"2_32_16_100"},{"num":11.2,"categoryName":"Rasho Nesterovic","name":"2_32_16_82"},{"num":8.7,"categoryName":"Kendall Gill","name":"2_32_16_101"},{"num":7.7,"categoryName":"Anthony Peeler","name":"2_32_16_71"},{"num":7.5,"categoryName":"Joe Smith","name":"2_32_16_78"},{"num":6.8,"categoryName":"Rod Strickland","name":"2_32_16_102"},{"num":6,"categoryName":"Gary Trent","name":"2_32_16_95"},{"num":5.5,"categoryName":"Marc Jackson","name":"2_32_16_96"},{"num":3.1,"categoryName":"Reggie Slater","name":"2_32_16_92"},{"num":2.1,"categoryName":"Loren Woods","name":"2_32_16_99"},{"num":2,"categoryName":"Mike Wilks","name":"2_32_16_103"},{"num":1.9,"categoryName":"Igor Rakocevic","name":"2_32_16_104"}],"name":"2_32_16_0"},{"num":95.8,"categoryName":"San_Antonio_Spurs","children":[{"num":23.3,"categoryName":"Tim Duncan","name":"2_32_12_167"},{"num":15.5,"categoryName":"Tony Parker","name":"2_32_12_189"},{"num":11.8,"categoryName":"Stephen Jackson","name":"2_32_12_191"},{"num":10.4,"categoryName":"Malik Rose","name":"2_32_12_169"},{"num":8.5,"categoryName":"David Robinson","name":"2_32_12_100"},{"num":7.6,"categoryName":"Manu Ginobili","name":"2_32_12_196"},{"num":7.1,"categoryName":"Bruce Bowen","name":"2_32_12_190"},{"num":6.8,"categoryName":"Steve Smith","name":"2_32_12_188"},{"num":5.8,"categoryName":"Speedy Claxton","name":"2_32_12_197"},{"num":4.2,"categoryName":"Kevin Willis","name":"2_32_12_198"},{"num":4,"categoryName":"Steve Kerr","name":"2_32_12_174"},{"num":1.9,"categoryName":"Danny Ferry","name":"2_32_12_185"},{"num":1.7,"categoryName":"Devin Brown","name":"2_32_12_199"},{"num":1.2,"categoryName":"Anthony Goldwire","name":"2_32_12_200"},{"num":0.8,"categoryName":"Mengke Bateer","name":"2_32_12_201"}],"name":"2_32_12_0"},{"num":94.7,"categoryName":"Utah_Jazz","children":[{"num":20.6,"categoryName":"Karl Malone","name":"2_32_9_51"},{"num":17.6,"categoryName":"Matt Harpring","name":"2_32_9_135"},{"num":12,"categoryName":"Andrei Kirilenko","name":"2_32_9_131"},{"num":10.8,"categoryName":"John Stockton","name":"2_32_9_48"},{"num":8.6,"categoryName":"Calbert Cheaney","name":"2_32_9_136"},{"num":5.7,"categoryName":"Scott Padgett","name":"2_32_9_125"},{"num":5.5,"categoryName":"Jarron Collins","name":"2_32_9_132"},{"num":5.4,"categoryName":"Greg Ostertag","name":"2_32_9_112"},{"num":4.7,"categoryName":"Tony Massenburg","name":"2_32_9_137"},{"num":4.7,"categoryName":"Mark Jackson","name":"2_32_9_138"},{"num":4.6,"categoryName":"DeShawn Stevenson","name":"2_32_9_130"},{"num":2.8,"categoryName":"Carlos Arroyo","name":"2_32_9_139"},{"num":2,"categoryName":"John Amaechi","name":"2_32_9_134"}],"name":"2_32_9_0"}],"name":"2_32_0_0","num":667.1},{"categoryName":"Pacific","children":[{"num":102.4,"categoryName":"Golden_State_Warriors","children":[{"num":22.2,"categoryName":"Antawn Jamison","name":"2_33_6_205"},{"num":18.3,"categoryName":"Gilbert Arenas","name":"2_33_6_234"},{"num":15.6,"categoryName":"Jason Richardson","name":"2_33_6_233"},{"num":11.7,"categoryName":"Troy Murphy","name":"2_33_6_235"},{"num":8.8,"categoryName":"Earl Boykins","name":"2_33_6_239"},{"num":8.2,"categoryName":"Erick Dampier","name":"2_33_6_191"},{"num":7.3,"categoryName":"Bob Sura","name":"2_33_6_222"},{"num":5.7,"categoryName":"Mike Dunleavy, Jr.","name":"2_33_6_240"},{"num":5.4,"categoryName":"Adonal Foyle","name":"2_33_6_200"},{"num":4.8,"categoryName":"Chris Mills","name":"2_33_6_204"},{"num":3.5,"categoryName":"Danny Fortson","name":"2_33_6_220"},{"num":3.1,"categoryName":"Oscar Torres","name":"2_33_6_241"},{"num":1.6,"categoryName":"Jiri Welsch","name":"2_33_6_242"},{"num":1.5,"categoryName":"Dean Oliver","name":"2_33_6_237"},{"num":0,"categoryName":"Guy Rucker","name":"2_33_6_243"},{"num":0,"categoryName":"A.J. Guyton","name":"2_33_6_244"}],"name":"2_33_6_0"},{"num":93.8,"categoryName":"Los_Angeles_Clippers","children":[{"num":18.5,"categoryName":"Elton Brand","name":"2_33_10_148"},{"num":16.8,"categoryName":"Corey Maggette","name":"2_33_10_139"},{"num":14.6,"categoryName":"Lamar Odom","name":"2_33_10_130"},{"num":13.6,"categoryName":"Andre Miller","name":"2_33_10_154"},{"num":12.3,"categoryName":"Michael Olowokandi","name":"2_33_10_125"},{"num":9.7,"categoryName":"Eric Piatkowski","name":"2_33_10_103"},{"num":9.4,"categoryName":"Quentin Richardson","name":"2_33_10_141"},{"num":7.4,"categoryName":"Marko Jaric","name":"2_33_10_155"},{"num":6.4,"categoryName":"Keyon Dooling","name":"2_33_10_143"},{"num":6.3,"categoryName":"Cherokee Parks","name":"2_33_10_145"},{"num":4.5,"categoryName":"Melvin Ely","name":"2_33_10_156"},{"num":4.4,"categoryName":"Wang Zhizhi","name":"2_33_10_157"},{"num":4.4,"categoryName":"Tremaine Fowlkes","name":"2_33_10_149"},{"num":4.2,"categoryName":"Sean Rooks","name":"2_33_10_144"},{"num":3.7,"categoryName":"Chris Wilcox","name":"2_33_10_158"}],"name":"2_33_10_0"},{"num":100.4,"categoryName":"Los_Angeles_Lakers","children":[{"num":30,"categoryName":"Kobe Bryant","name":"2_33_1_159"},{"num":27.5,"categoryName":"Shaquille O'Neal","name":"2_33_1_157"},{"num":10.5,"categoryName":"Derek Fisher","name":"2_33_1_163"},{"num":9,"categoryName":"Rick Fox","name":"2_33_1_168"},{"num":6.9,"categoryName":"Devean George","name":"2_33_1_181"},{"num":6.5,"categoryName":"Robert Horry","name":"2_33_1_158"},{"num":4.4,"categoryName":"Samaki Walker","name":"2_33_1_190"},{"num":4.4,"categoryName":"Slava Medvedenko","name":"2_33_1_187"},{"num":3.5,"categoryName":"Brian Shaw","name":"2_33_1_180"},{"num":3.2,"categoryName":"Mark Madsen","name":"2_33_1_189"},{"num":3,"categoryName":"Kareem Rush","name":"2_33_1_195"},{"num":2.5,"categoryName":"Jannero Pargo","name":"2_33_1_196"},{"num":2,"categoryName":"Tracy Murray","name":"2_33_1_197"},{"num":1.7,"categoryName":"Soumaila Samake","name":"2_33_1_198"}],"name":"2_33_1_0"},{"num":95.5,"categoryName":"Phoenix_Suns","children":[{"num":22.3,"categoryName":"Stephon Marbury","name":"2_33_8_188"},{"num":21.2,"categoryName":"Shawn Marion","name":"2_33_8_176"},{"num":13.5,"categoryName":"Amar'e Stoudemire","name":"2_33_8_198"},{"num":10.6,"categoryName":"Penny Hardaway","name":"2_33_8_174"},{"num":9.8,"categoryName":"Joe Johnson","name":"2_33_8_189"},{"num":5.1,"categoryName":"Casey Jacobsen","name":"2_33_8_199"},{"num":4.9,"categoryName":"Jake Tsakalidis","name":"2_33_8_182"},{"num":4.8,"categoryName":"Tom Gugliotta","name":"2_33_8_164"},{"num":4.7,"categoryName":"Bo Outlaw","name":"2_33_8_192"},{"num":4,"categoryName":"Scott Williams","name":"2_33_8_200"},{"num":3.8,"categoryName":"Jake Voskuhl","name":"2_33_8_191"},{"num":3.1,"categoryName":"Dan Langhi","name":"2_33_8_201"},{"num":1.3,"categoryName":"Randy Brown","name":"2_33_8_202"},{"num":0.6,"categoryName":"Alton Ford","name":"2_33_8_194"}],"name":"2_33_8_0"},{"num":95.2,"categoryName":"Portland_Trail_Blazers","children":[{"num":18.1,"categoryName":"Rasheed Wallace","name":"2_33_2_166"},{"num":15.2,"categoryName":"Bonzi Wells","name":"2_33_2_188"},{"num":13.9,"categoryName":"Derek Anderson","name":"2_33_2_200"},{"num":10.8,"categoryName":"Scottie Pippen","name":"2_33_2_191"},{"num":8.4,"categoryName":"Zach Randolph","name":"2_33_2_202"},{"num":8.3,"categoryName":"Ruben Patterson","name":"2_33_2_199"},{"num":7.4,"categoryName":"Dale Davis","name":"2_33_2_195"},{"num":6.9,"categoryName":"Damon Stoudamire","name":"2_33_2_174"},{"num":6.1,"categoryName":"Arvydas Sabonis","name":"2_33_2_156"},{"num":5.8,"categoryName":"Jeff McInnis","name":"2_33_2_204"},{"num":3.7,"categoryName":"Antonio Daniels","name":"2_33_2_205"},{"num":2.4,"categoryName":"Qyntel Woods","name":"2_33_2_206"},{"num":1.7,"categoryName":"Charles Smith","name":"2_33_2_207"},{"num":0,"categoryName":"R. Boumtje-Boumtje","name":"2_33_2_203"},{"num":0,"categoryName":"Chris Dudley","name":"2_33_2_149"}],"name":"2_33_2_0"},{"num":101.7,"categoryName":"Sacramento_Kings","children":[{"num":23,"categoryName":"Chris Webber","name":"2_33_11_93"},{"num":19.2,"categoryName":"Peja Stojakovic","name":"2_33_11_97"},{"num":15.9,"categoryName":"Mike Bibby","name":"2_33_11_114"},{"num":15.2,"categoryName":"Bobby Jackson","name":"2_33_11_110"},{"num":9.9,"categoryName":"Vlade Divac","name":"2_33_11_94"},{"num":9.4,"categoryName":"Doug Christie","name":"2_33_11_109"},{"num":7.7,"categoryName":"Jim Jackson","name":"2_33_11_119"},{"num":6.7,"categoryName":"Keon Clark","name":"2_33_11_120"},{"num":6.7,"categoryName":"Hedo Turkoglu","name":"2_33_11_111"},{"num":4.7,"categoryName":"Gerald Wallace","name":"2_33_11_115"},{"num":4.6,"categoryName":"Damon Jones","name":"2_33_11_121"},{"num":4.5,"categoryName":"Scot Pollard","name":"2_33_11_98"},{"num":2.7,"categoryName":"L. Funderburke","name":"2_33_11_84"},{"num":1.3,"categoryName":"Mateen Cleaves","name":"2_33_11_116"}],"name":"2_33_11_0"},{"num":92.1,"categoryName":"Seattle_Supersonics","children":[{"num":24.5,"categoryName":"Ray Allen","name":"2_33_5_201"},{"num":20.8,"categoryName":"Gary Payton","name":"2_33_5_133"},{"num":18.1,"categoryName":"Rashard Lewis","name":"2_33_5_176"},{"num":14.1,"categoryName":"Desmond Mason","name":"2_33_5_189"},{"num":10.3,"categoryName":"Brent Barry","name":"2_33_5_178"},{"num":10.1,"categoryName":"V. Radmanovic","name":"2_33_5_194"},{"num":9.4,"categoryName":"Predrag Drobnjak","name":"2_33_5_193"},{"num":8,"categoryName":"Kevin Ollie","name":"2_33_5_202"},{"num":6.1,"categoryName":"Kenny Anderson","name":"2_33_5_203"},{"num":5.4,"categoryName":"Jerome James","name":"2_33_5_197"},{"num":4,"categoryName":"Vitaly Potapenko","name":"2_33_5_204"},{"num":3.2,"categoryName":"Elden Campbell","name":"2_33_5_205"},{"num":3.2,"categoryName":"Reggie Evans","name":"2_33_5_206"},{"num":2.9,"categoryName":"Calvin Booth","name":"2_33_5_196"},{"num":2.1,"categoryName":"Ansu Sesay","name":"2_33_5_195"},{"num":2,"categoryName":"Ronald Murray","name":"2_33_5_207"},{"num":1.4,"categoryName":"Joseph Forte","name":"2_33_5_208"}],"name":"2_33_5_0"}],"name":"2_33_0_0","num":681.1}],"name":"2_0_0_0","num":1348.2}],"num":2757.6000000000004}