{"year":2001,"name":"root","categoryName":"root","children":[{"categoryName":"Eastern","children":[{"categoryName":"Atlantic","children":[{"num":96.4,"categoryName":"Boston_Celtics","children":[{"num":26.1,"categoryName":"Paul Pierce","name":"1_14_1_164"},{"num":22.1,"categoryName":"Antoine Walker","name":"1_14_1_143"},{"num":10.7,"categoryName":"Rodney Rogers","name":"1_14_1_186"},{"num":9.6,"categoryName":"Kenny Anderson","name":"1_14_1_152"},{"num":7.7,"categoryName":"Erick Strickland","name":"1_14_1_187"},{"num":7.4,"categoryName":"Tony Delk","name":"1_14_1_188"},{"num":6.9,"categoryName":"Tony Battie","name":"1_14_1_166"},{"num":6.4,"categoryName":"Eric Williams","name":"1_14_1_135"},{"num":6.3,"categoryName":"Joe Johnson","name":"1_14_1_189"},{"num":4.6,"categoryName":"Vitaly Potapenko","name":"1_14_1_165"},{"num":3.8,"categoryName":"Walter McCarty","name":"1_14_1_154"},{"num":3.7,"categoryName":"Milt Palacio","name":"1_14_1_179"},{"num":2.2,"categoryName":"Kedrick Brown","name":"1_14_1_190"},{"num":2.1,"categoryName":"Mark Blount","name":"1_14_1_182"},{"num":0.8,"categoryName":"Joseph Forte","name":"1_14_1_191"},{"num":0,"categoryName":"Randy Brown","name":"1_14_1_181"}],"name":"1_14_1_0"},{"num":87.2,"categoryName":"Miami_Heat","children":[{"num":18.3,"categoryName":"Eddie Jones","name":"1_14_9_87"},{"num":15.7,"categoryName":"Alonzo Mourning","name":"1_14_9_38"},{"num":10.7,"categoryName":"Jim Jackson","name":"1_14_9_97"},{"num":10.4,"categoryName":"Rod Strickland","name":"1_14_9_98"},{"num":9.3,"categoryName":"Brian Grant","name":"1_14_9_89"},{"num":8,"categoryName":"Eddie House","name":"1_14_9_91"},{"num":7.1,"categoryName":"LaPhonso Ellis","name":"1_14_9_99"},{"num":6.4,"categoryName":"Chris Gatling","name":"1_14_9_40"},{"num":5.7,"categoryName":"Kendall Gill","name":"1_14_9_100"},{"num":4.6,"categoryName":"Sean Marks","name":"1_14_9_101"},{"num":4.3,"categoryName":"Malik Allen","name":"1_14_9_102"},{"num":4.3,"categoryName":"Anthony Carter","name":"1_14_9_82"},{"num":4.3,"categoryName":"Vladimir Stepania","name":"1_14_9_103"},{"num":3.3,"categoryName":"Sam Mack","name":"1_14_9_104"},{"num":2.8,"categoryName":"Mike James","name":"1_14_9_105"},{"num":2.2,"categoryName":"Tang Hamilton","name":"1_14_9_106"},{"num":1,"categoryName":"Ernest Brown","name":"1_14_9_107"}],"name":"1_14_9_0"},{"num":96.2,"categoryName":"New_Jersey_Nets","children":[{"num":14.9,"categoryName":"Kenyon Martin","name":"1_14_6_190"},{"num":14.8,"categoryName":"Keith Van Horn","name":"1_14_6_167"},{"num":14.7,"categoryName":"Jason Kidd","name":"1_14_6_199"},{"num":13.4,"categoryName":"Kerry Kittles","name":"1_14_6_156"},{"num":9.7,"categoryName":"Todd MacCulloch","name":"1_14_6_200"},{"num":9.4,"categoryName":"Richard Jefferson","name":"1_14_6_201"},{"num":9.1,"categoryName":"Lucious Harris","name":"1_14_6_172"},{"num":7.2,"categoryName":"Aaron Williams","name":"1_14_6_191"},{"num":4.5,"categoryName":"Jason Collins","name":"1_14_6_202"},{"num":2.9,"categoryName":"Derrick Dial","name":"1_14_6_203"},{"num":2.8,"categoryName":"Anthony Johnson","name":"1_14_6_204"},{"num":2.1,"categoryName":"Brian Scalabrine","name":"1_14_6_205"},{"num":1.8,"categoryName":"Brandon Armstrong","name":"1_14_6_206"},{"num":1.5,"categoryName":"Donny Marshall","name":"1_14_6_207"},{"num":1.3,"categoryName":"Reggie Slater","name":"1_14_6_208"},{"num":0.6,"categoryName":"Steve Goodrich","name":"1_14_6_209"}],"name":"1_14_6_0"},{"num":91.6,"categoryName":"New_York_Knicks","children":[{"num":20.4,"categoryName":"Allan Houston","name":"1_14_3_153"},{"num":19.4,"categoryName":"Latrell Sprewell","name":"1_14_3_167"},{"num":13.9,"categoryName":"Kurt Thomas","name":"1_14_3_168"},{"num":11.1,"categoryName":"Marcus Camby","name":"1_14_3_169"},{"num":8.8,"categoryName":"C. Weatherspoon","name":"1_14_3_184"},{"num":8.4,"categoryName":"Mark Jackson","name":"1_14_3_103"},{"num":7.7,"categoryName":"Othella Harrington","name":"1_14_3_178"},{"num":5.2,"categoryName":"Charlie Ward","name":"1_14_3_144"},{"num":5,"categoryName":"Shandon Anderson","name":"1_14_3_185"},{"num":4.4,"categoryName":"Howard Eisley","name":"1_14_3_186"},{"num":4,"categoryName":"Lavor Postell","name":"1_14_3_180"},{"num":2,"categoryName":"Travis Knight","name":"1_14_3_183"},{"num":1.5,"categoryName":"Larry Robinson","name":"1_14_3_187"},{"num":0.9,"categoryName":"Felton Spencer","name":"1_14_3_181"}],"name":"1_14_3_0"},{"num":100.5,"categoryName":"Orlando_Magic","children":[{"num":25.6,"categoryName":"Tracy McGrady","name":"1_14_10_83"},{"num":16.8,"categoryName":"Grant Hill","name":"1_14_10_84"},{"num":15.2,"categoryName":"Mike Miller","name":"1_14_10_85"},{"num":12.4,"categoryName":"Darrell Armstrong","name":"1_14_10_35"},{"num":11.7,"categoryName":"Troy Hudson","name":"1_14_10_87"},{"num":11.1,"categoryName":"Pat Garrity","name":"1_14_10_77"},{"num":8,"categoryName":"Horace Grant","name":"1_14_10_33"},{"num":7.1,"categoryName":"Monty Williams","name":"1_14_10_75"},{"num":6,"categoryName":"Patrick Ewing","name":"1_14_10_93"},{"num":4.3,"categoryName":"Jaren Jackson","name":"1_14_10_94"},{"num":3.6,"categoryName":"Steven Hunter","name":"1_14_10_95"},{"num":3.4,"categoryName":"Bo Outlaw","name":"1_14_10_50"},{"num":3.3,"categoryName":"Don Reid","name":"1_14_10_89"},{"num":2.7,"categoryName":"Andrew DeClercq","name":"1_14_10_88"},{"num":1.8,"categoryName":"Jud Buechler","name":"1_14_10_96"},{"num":1.4,"categoryName":"Jeryl Sasser","name":"1_14_10_97"},{"num":1,"categoryName":"Dee Brown","name":"1_14_10_86"}],"name":"1_14_10_0"},{"num":91,"categoryName":"Philadelphia_76ers","children":[{"num":31.4,"categoryName":"Allen Iverson","name":"1_14_4_200"},{"num":15.1,"categoryName":"Derrick Coleman","name":"1_14_4_188"},{"num":12.2,"categoryName":"Aaron McKie","name":"1_14_4_220"},{"num":12.1,"categoryName":"Eric Snow","name":"1_14_4_219"},{"num":11.8,"categoryName":"Matt Harpring","name":"1_14_4_248"},{"num":11.5,"categoryName":"Dikembe Mutombo","name":"1_14_4_242"},{"num":7.2,"categoryName":"Speedy Claxton","name":"1_14_4_249"},{"num":5,"categoryName":"Jabari Smith","name":"1_14_4_250"},{"num":3.6,"categoryName":"Corie Blount","name":"1_14_4_251"},{"num":3.4,"categoryName":"Raja Bell","name":"1_14_4_245"},{"num":3.3,"categoryName":"Ira Bowman","name":"1_14_4_241"},{"num":3.3,"categoryName":"Vonteego Cummings","name":"1_14_4_252"},{"num":2.9,"categoryName":"Derrick McKey","name":"1_14_4_253"},{"num":1.5,"categoryName":"Samuel Dalembert","name":"1_14_4_254"},{"num":1.4,"categoryName":"Damone Brown","name":"1_14_4_255"},{"num":1.3,"categoryName":"Tim James","name":"1_14_4_256"},{"num":1.1,"categoryName":"Alvin Jones","name":"1_14_4_257"},{"num":1.1,"categoryName":"Michael Ruffin","name":"1_14_4_258"},{"num":0.8,"categoryName":"Matt Geiger","name":"1_14_4_225"}],"name":"1_14_4_0"},{"num":92.8,"categoryName":"Washington_Wizards","children":[{"num":22.9,"categoryName":"Michael Jordan","name":"1_14_11_44"},{"num":20,"categoryName":"Richard Hamilton","name":"1_14_11_24"},{"num":10.2,"categoryName":"Chris Whitney","name":"1_14_11_7"},{"num":9.8,"categoryName":"Courtney Alexander","name":"1_14_11_33"},{"num":7.8,"categoryName":"Tyronn Lue","name":"1_14_11_45"},{"num":7.2,"categoryName":"Hubert Davis","name":"1_14_11_35"},{"num":7.1,"categoryName":"Christian Laettner","name":"1_14_11_34"},{"num":7,"categoryName":"Popeye Jones","name":"1_14_11_41"},{"num":6.3,"categoryName":"Tyrone Nesby","name":"1_14_11_36"},{"num":5.4,"categoryName":"Jahidi White","name":"1_14_11_21"},{"num":5.1,"categoryName":"Brendan Haywood","name":"1_14_11_46"},{"num":4.5,"categoryName":"Kwame Brown","name":"1_14_11_47"},{"num":4.3,"categoryName":"Etan Thomas","name":"1_14_11_48"},{"num":3.7,"categoryName":"Bobby Simmons","name":"1_14_11_49"}],"name":"1_14_11_0"}],"name":"1_14_0_0","num":655.6999999999999},{"categoryName":"Central","children":[{"num":94,"categoryName":"Atlanta_Hawks","children":[{"num":21.2,"categoryName":"S. Abdur-Rahim","name":"1_15_1_213"},{"num":19.3,"categoryName":"Jason Terry","name":"1_15_1_196"},{"num":9.9,"categoryName":"Toni Kukoc","name":"1_15_1_201"},{"num":9.7,"categoryName":"Nazr Mohammed","name":"1_15_1_202"},{"num":8.9,"categoryName":"Dion Glover","name":"1_15_1_198"},{"num":8.7,"categoryName":"Theo Ratliff","name":"1_15_1_214"},{"num":8.4,"categoryName":"DerMarr Johnson","name":"1_15_1_206"},{"num":8,"categoryName":"Ira Newble","name":"1_15_1_215"},{"num":7.6,"categoryName":"Chris Crawford","name":"1_15_1_183"},{"num":6.6,"categoryName":"Emanual Davis","name":"1_15_1_216"},{"num":6.6,"categoryName":"Jacque Vaughn","name":"1_15_1_217"},{"num":5.5,"categoryName":"Alan Henderson","name":"1_15_1_162"},{"num":4.8,"categoryName":"Hanno Mottola","name":"1_15_1_207"},{"num":4.5,"categoryName":"Mark Strickland","name":"1_15_1_218"},{"num":4,"categoryName":"Reggie Slater","name":"1_15_1_219"},{"num":3.1,"categoryName":"Cal Bowdler","name":"1_15_1_200"},{"num":2.2,"categoryName":"Leon Smith","name":"1_15_1_220"},{"num":0,"categoryName":"Dickey Simpkins","name":"1_15_1_221"}],"name":"1_15_1_0"},{"num":93.9,"categoryName":"Charlotte_Hornets","children":[{"num":21.5,"categoryName":"Jamal Mashburn","name":"1_15_15_94"},{"num":18.1,"categoryName":"Baron Davis","name":"1_15_15_88"},{"num":14.2,"categoryName":"David Wesley","name":"1_15_15_69"},{"num":13.9,"categoryName":"Elden Campbell","name":"1_15_15_78"},{"num":10.8,"categoryName":"Lee Nailon","name":"1_15_15_97"},{"num":8.5,"categoryName":"Jamaal Magloire","name":"1_15_15_96"},{"num":8.4,"categoryName":"P.J. Brown","name":"1_15_15_95"},{"num":4.6,"categoryName":"Stacey Augmon","name":"1_15_15_102"},{"num":3.8,"categoryName":"George Lynch","name":"1_15_15_103"},{"num":3.7,"categoryName":"Robert Traylor","name":"1_15_15_104"},{"num":3.4,"categoryName":"Bryce Drew","name":"1_15_15_105"},{"num":3.4,"categoryName":"Matt Bullard","name":"1_15_15_106"},{"num":1.7,"categoryName":"Kirk Haston","name":"1_15_15_107"},{"num":1.1,"categoryName":"Jerome Moiso","name":"1_15_15_108"},{"num":0,"categoryName":"Eldridge Recasner","name":"1_15_15_83"}],"name":"1_15_15_0"},{"num":89.5,"categoryName":"Chicago_Bulls","children":[{"num":23.8,"categoryName":"Jalen Rose","name":"1_15_12_144"},{"num":16.8,"categoryName":"Ron Mercer","name":"1_15_12_133"},{"num":15.6,"categoryName":"Metta World Peace","name":"1_15_12_122"},{"num":12.7,"categoryName":"Brad Miller","name":"1_15_12_135"},{"num":12.3,"categoryName":"Marcus Fizer","name":"1_15_12_134"},{"num":9.3,"categoryName":"Jamal Crawford","name":"1_15_12_139"},{"num":9.3,"categoryName":"Travis Best","name":"1_15_12_145"},{"num":9,"categoryName":"Eddie Robinson","name":"1_15_12_146"},{"num":8.7,"categoryName":"Trenton Hassell","name":"1_15_12_147"},{"num":8.4,"categoryName":"Greg Anthony","name":"1_15_12_148"},{"num":6.7,"categoryName":"Eddy Curry","name":"1_15_12_149"},{"num":6.1,"categoryName":"Tyson Chandler","name":"1_15_12_150"},{"num":5.8,"categoryName":"Kevin Ollie","name":"1_15_12_151"},{"num":5.4,"categoryName":"A.J. Guyton","name":"1_15_12_138"},{"num":4.4,"categoryName":"Fred Hoiberg","name":"1_15_12_124"},{"num":3.8,"categoryName":"Charles Oakley","name":"1_15_12_39"},{"num":3.8,"categoryName":"Norm Richardson","name":"1_15_12_152"},{"num":3.7,"categoryName":"Dalibor Bagaric","name":"1_15_12_143"}],"name":"1_15_12_0"},{"num":95.3,"categoryName":"Cleveland_Cavaliers","children":[{"num":16.6,"categoryName":"Lamond Murray","name":"1_15_4_197"},{"num":16.5,"categoryName":"Andre Miller","name":"1_15_4_198"},{"num":15.1,"categoryName":"Wesley Person","name":"1_15_4_183"},{"num":11.7,"categoryName":"Ricky Davis","name":"1_15_4_219"},{"num":11.1,"categoryName":"Zydrunas Ilgauskas","name":"1_15_4_184"},{"num":8.3,"categoryName":"Jumaine Jones","name":"1_15_4_220"},{"num":8,"categoryName":"Tyrone Hill","name":"1_15_4_156"},{"num":7.7,"categoryName":"Chris Mihm","name":"1_15_4_211"},{"num":4.8,"categoryName":"Trajan Langdon","name":"1_15_4_200"},{"num":4.6,"categoryName":"Michael Doleac","name":"1_15_4_221"},{"num":4.2,"categoryName":"Bryant Stith","name":"1_15_4_222"},{"num":3.4,"categoryName":"Brian Skinner","name":"1_15_4_223"},{"num":3.2,"categoryName":"Bimbo Coles","name":"1_15_4_213"},{"num":1.5,"categoryName":"Jeff Trepagnier","name":"1_15_4_224"},{"num":1.4,"categoryName":"DeSagana Diop","name":"1_15_4_225"}],"name":"1_15_4_0"},{"num":94.3,"categoryName":"Detroit_Pistons","children":[{"num":21.4,"categoryName":"Jerry Stackhouse","name":"1_15_10_157"},{"num":14.6,"categoryName":"Clifford Robinson","name":"1_15_10_184"},{"num":13.6,"categoryName":"Corliss Williamson","name":"1_15_10_173"},{"num":12.1,"categoryName":"Chucky Atkins","name":"1_15_10_175"},{"num":9,"categoryName":"Jon Barry","name":"1_15_10_185"},{"num":7.6,"categoryName":"Ben Wallace","name":"1_15_10_177"},{"num":6.9,"categoryName":"Zeljko Rebraca","name":"1_15_10_186"},{"num":6.7,"categoryName":"Dana Barros","name":"1_15_10_176"},{"num":5.1,"categoryName":"Damon Jones","name":"1_15_10_187"},{"num":5,"categoryName":"Ratko Varda","name":"1_15_10_188"},{"num":4,"categoryName":"Michael Curry","name":"1_15_10_144"},{"num":3.5,"categoryName":"Rodney White","name":"1_15_10_189"},{"num":2.7,"categoryName":"Victor Alexander","name":"1_15_10_190"},{"num":2.6,"categoryName":"Mikki Moore","name":"1_15_10_168"},{"num":2.1,"categoryName":"Brian Cardinal","name":"1_15_10_182"}],"name":"1_15_10_0"},{"num":96.8,"categoryName":"Indiana_Pacers","children":[{"num":19,"categoryName":"Jermaine O'Neal","name":"1_15_11_129"},{"num":18.5,"categoryName":"Jalen Rose","name":"1_15_11_112"},{"num":16.5,"categoryName":"Reggie Miller","name":"1_15_11_67"},{"num":15.1,"categoryName":"Brad Miller","name":"1_15_11_134"},{"num":13.1,"categoryName":"Al Harrington","name":"1_15_11_125"},{"num":10.9,"categoryName":"Metta World Peace","name":"1_15_11_135"},{"num":9.4,"categoryName":"Jamaal Tinsley","name":"1_15_11_136"},{"num":7.4,"categoryName":"Jonathan Bender","name":"1_15_11_126"},{"num":6.9,"categoryName":"Travis Best","name":"1_15_11_108"},{"num":6.8,"categoryName":"Austin Croshere","name":"1_15_11_120"},{"num":5.7,"categoryName":"Jeff Foster","name":"1_15_11_127"},{"num":5.4,"categoryName":"Kevin Ollie","name":"1_15_11_137"},{"num":4.8,"categoryName":"Ron Mercer","name":"1_15_11_138"},{"num":2.7,"categoryName":"Carlos Rogers","name":"1_15_11_139"},{"num":2,"categoryName":"Primoz Brezec","name":"1_15_11_140"},{"num":1.5,"categoryName":"Bruno Sundov","name":"1_15_11_131"},{"num":0.3,"categoryName":"Jamison Brewer","name":"1_15_11_141"},{"num":0,"categoryName":"Norm Richardson","name":"1_15_11_142"}],"name":"1_15_11_0"},{"num":97.5,"categoryName":"Milwaukee_Bucks","children":[{"num":21.8,"categoryName":"Ray Allen","name":"1_15_13_125"},{"num":20.7,"categoryName":"Glenn Robinson","name":"1_15_13_111"},{"num":19.7,"categoryName":"Sam Cassell","name":"1_15_13_147"},{"num":11.7,"categoryName":"Tim Thomas","name":"1_15_13_149"},{"num":11.4,"categoryName":"Michael Redd","name":"1_15_13_166"},{"num":9.6,"categoryName":"Anthony Mason","name":"1_15_13_169"},{"num":7.2,"categoryName":"Greg Anthony","name":"1_15_13_170"},{"num":4.3,"categoryName":"Darvin Ham","name":"1_15_13_157"},{"num":4.3,"categoryName":"Jason Caffey","name":"1_15_13_163"},{"num":3.5,"categoryName":"Rafer Alston","name":"1_15_13_161"},{"num":2.7,"categoryName":"Joel Przybilla","name":"1_15_13_168"},{"num":2.6,"categoryName":"Ervin Johnson","name":"1_15_13_139"},{"num":1.9,"categoryName":"Mark Pope","name":"1_15_13_165"},{"num":1.2,"categoryName":"Greg Foster","name":"1_15_13_108"}],"name":"1_15_13_0"},{"num":91.4,"categoryName":"Toronto_Raptors","children":[{"num":24.7,"categoryName":"Vince Carter","name":"1_15_16_46"},{"num":14.5,"categoryName":"Antonio Davis","name":"1_15_16_55"},{"num":14,"categoryName":"Morris Peterson","name":"1_15_16_61"},{"num":11.8,"categoryName":"Alvin Williams","name":"1_15_16_39"},{"num":11.3,"categoryName":"Keon Clark","name":"1_15_16_63"},{"num":7.6,"categoryName":"Jerome Williams","name":"1_15_16_65"},{"num":7.1,"categoryName":"Hakeem Olajuwon","name":"1_15_16_72"},{"num":6.4,"categoryName":"Dell Curry","name":"1_15_16_56"},{"num":5.7,"categoryName":"Tracy Murray","name":"1_15_16_3"},{"num":4.1,"categoryName":"Chris Childs","name":"1_15_16_66"},{"num":4,"categoryName":"Mamadou N'Diaye","name":"1_15_16_68"},{"num":4,"categoryName":"Derrick Dial","name":"1_15_16_73"},{"num":2.4,"categoryName":"Jermaine Jackson","name":"1_15_16_74"},{"num":2.4,"categoryName":"Eric Montross","name":"1_15_16_70"},{"num":2,"categoryName":"Michael Stewart","name":"1_15_16_49"},{"num":1.8,"categoryName":"Carlos Arroyo","name":"1_15_16_75"},{"num":1.2,"categoryName":"Michael Bradley","name":"1_15_16_76"}],"name":"1_15_16_0"}],"name":"1_15_0_0","num":752.6999999999999}],"name":"1_0_0_0","num":1408.3999999999999},{"categoryName":"Western","children":[{"categoryName":"Midwest","children":[{"num":105.2,"categoryName":"Dallas_Mavericks","children":[{"num":23.4,"categoryName":"Dirk Nowitzki","name":"2_32_10_132"},{"num":20.6,"categoryName":"Michael Finley","name":"2_32_10_104"},{"num":17.9,"categoryName":"Steve Nash","name":"2_32_10_133"},{"num":13.2,"categoryName":"Nick Van Exel","name":"2_32_10_155"},{"num":12.9,"categoryName":"Juwan Howard","name":"2_32_10_142"},{"num":10.8,"categoryName":"Raef LaFrentz","name":"2_32_10_156"},{"num":9.6,"categoryName":"Tim Hardaway","name":"2_32_10_157"},{"num":7.2,"categoryName":"Adrian Griffin","name":"2_32_10_158"},{"num":6.5,"categoryName":"Eduardo Najera","name":"2_32_10_149"},{"num":5.8,"categoryName":"Greg Buckner","name":"2_32_10_136"},{"num":5.6,"categoryName":"Wang Zhizhi","name":"2_32_10_146"},{"num":4.2,"categoryName":"Johnny Newman","name":"2_32_10_159"},{"num":4.1,"categoryName":"Shawn Bradley","name":"2_32_10_105"},{"num":4,"categoryName":"Danny Manning","name":"2_32_10_160"},{"num":3.2,"categoryName":"Avery Johnson","name":"2_32_10_161"},{"num":2.1,"categoryName":"Donnell Harvey","name":"2_32_10_151"},{"num":2,"categoryName":"Evan Eschmeyer","name":"2_32_10_162"},{"num":0.3,"categoryName":"Darrick Martin","name":"2_32_10_163"},{"num":0,"categoryName":"Tariq Abdul-Wahad","name":"2_32_10_164"},{"num":0,"categoryName":"Charlie Bell","name":"2_32_10_165"}],"name":"2_32_10_0"},{"num":92.2,"categoryName":"Denver_Nuggets","children":[{"num":21.4,"categoryName":"Nick Van Exel","name":"2_32_7_161"},{"num":17.9,"categoryName":"Juwan Howard","name":"2_32_7_188"},{"num":14.9,"categoryName":"Raef LaFrentz","name":"2_32_7_163"},{"num":11.5,"categoryName":"Voshon Lenard","name":"2_32_7_180"},{"num":11.3,"categoryName":"Antonio McDyess","name":"2_32_7_125"},{"num":10.7,"categoryName":"James Posey","name":"2_32_7_175"},{"num":9.6,"categoryName":"Tim Hardaway","name":"2_32_7_189"},{"num":9.4,"categoryName":"Avery Johnson","name":"2_32_7_99"},{"num":9.3,"categoryName":"Isaiah Rider","name":"2_32_7_190"},{"num":8.8,"categoryName":"George McCloud","name":"2_32_7_173"},{"num":8,"categoryName":"Donnell Harvey","name":"2_32_7_191"},{"num":7.3,"categoryName":"Calbert Cheaney","name":"2_32_7_185"},{"num":6.8,"categoryName":"Tariq Abdul-Wahad","name":"2_32_7_174"},{"num":6,"categoryName":"Zendon Hamilton","name":"2_32_7_192"},{"num":5.3,"categoryName":"Kenny Satterfield","name":"2_32_7_193"},{"num":5.1,"categoryName":"Mengke Bateer","name":"2_32_7_194"},{"num":4.9,"categoryName":"Scott Williams","name":"2_32_7_195"},{"num":4.9,"categoryName":"Ryan Bowen","name":"2_32_7_178"},{"num":4.1,"categoryName":"Carlos Arroyo","name":"2_32_7_196"},{"num":3.9,"categoryName":"Shawnelle Scott","name":"2_32_7_197"},{"num":3,"categoryName":"Chris Andersen","name":"2_32_7_198"}],"name":"2_32_7_0"},{"num":92.3,"categoryName":"Houston_Rockets","children":[{"num":21.7,"categoryName":"Cuttino Mobley","name":"2_32_11_114"},{"num":21.6,"categoryName":"Steve Francis","name":"2_32_11_119"},{"num":14.1,"categoryName":"Kenny Thomas","name":"2_32_11_123"},{"num":9.4,"categoryName":"Walt Williams","name":"2_32_11_121"},{"num":8.8,"categoryName":"Eddie Griffin","name":"2_32_11_134"},{"num":8.6,"categoryName":"Glen Rice","name":"2_32_11_135"},{"num":8.1,"categoryName":"Moochie Norris","name":"2_32_11_125"},{"num":6.6,"categoryName":"Kelvin Cato","name":"2_32_11_122"},{"num":6.1,"categoryName":"Kevin Willis","name":"2_32_11_102"},{"num":6,"categoryName":"Oscar Torres","name":"2_32_11_136"},{"num":4.2,"categoryName":"Jason Collier","name":"2_32_11_131"},{"num":3.8,"categoryName":"Terence Morris","name":"2_32_11_137"},{"num":3.1,"categoryName":"Dan Langhi","name":"2_32_11_132"},{"num":3.1,"categoryName":"Tierre Brown","name":"2_32_11_138"}],"name":"2_32_11_0"},{"num":89.9,"categoryName":"Memphis_Grizzlies","children":[{"num":17.6,"categoryName":"Pau Gasol","name":"2_32_19_1"},{"num":14.8,"categoryName":"Jason Williams","name":"2_32_19_2"},{"num":14.4,"categoryName":"Shane Battier","name":"2_32_19_3"},{"num":12,"categoryName":"Lorenzen Wright","name":"2_32_19_4"},{"num":11.8,"categoryName":"Stromile Swift","name":"2_32_19_5"},{"num":10.8,"categoryName":"Michael Dickerson","name":"2_32_19_6"},{"num":9.4,"categoryName":"Rodney Buford","name":"2_32_19_7"},{"num":7,"categoryName":"Brevin Knight","name":"2_32_19_8"},{"num":6.3,"categoryName":"Grant Long","name":"2_32_19_9"},{"num":5.5,"categoryName":"Tony Massenburg","name":"2_32_19_10"},{"num":5.5,"categoryName":"Elliot Perry","name":"2_32_19_11"},{"num":5.2,"categoryName":"Will Solomon","name":"2_32_19_12"},{"num":5,"categoryName":"Eddie Gill","name":"2_32_19_13"},{"num":4,"categoryName":"Nick Anderson","name":"2_32_19_14"},{"num":3.9,"categoryName":"Antonis Fotsis","name":"2_32_19_15"},{"num":3.6,"categoryName":"Isaac Austin","name":"2_32_19_16"},{"num":1.8,"categoryName":"Isaac Fontaine","name":"2_32_19_17"}],"name":"2_32_19_0"},{"num":99.3,"categoryName":"Minnesota_Timberwolves","children":[{"num":21.2,"categoryName":"Kevin Garnett","name":"2_32_16_54"},{"num":18.7,"categoryName":"Wally Szczerbiak","name":"2_32_16_87"},{"num":12.5,"categoryName":"Chauncey Billups","name":"2_32_16_90"},{"num":12.4,"categoryName":"Terrell Brandon","name":"2_32_16_77"},{"num":10.7,"categoryName":"Joe Smith","name":"2_32_16_78"},{"num":9,"categoryName":"Anthony Peeler","name":"2_32_16_71"},{"num":8.4,"categoryName":"Rasho Nesterovic","name":"2_32_16_82"},{"num":7.5,"categoryName":"Gary Trent","name":"2_32_16_95"},{"num":4.6,"categoryName":"Marc Jackson","name":"2_32_16_96"},{"num":3.9,"categoryName":"Robert Pack","name":"2_32_16_97"},{"num":3.3,"categoryName":"Sam Mitchell","name":"2_32_16_3"},{"num":2.5,"categoryName":"William Avery","name":"2_32_16_88"},{"num":2.5,"categoryName":"Felipe Lopez","name":"2_32_16_91"},{"num":2.1,"categoryName":"Maurice Evans","name":"2_32_16_98"},{"num":1.8,"categoryName":"Loren Woods","name":"2_32_16_99"},{"num":1,"categoryName":"Dean Garrett","name":"2_32_16_65"}],"name":"2_32_16_0"},{"num":96.7,"categoryName":"San_Antonio_Spurs","children":[{"num":25.5,"categoryName":"Tim Duncan","name":"2_32_12_167"},{"num":12.2,"categoryName":"David Robinson","name":"2_32_12_100"},{"num":11.6,"categoryName":"Steve Smith","name":"2_32_12_188"},{"num":9.4,"categoryName":"Malik Rose","name":"2_32_12_169"},{"num":9.2,"categoryName":"Antonio Daniels","name":"2_32_12_173"},{"num":9.2,"categoryName":"Tony Parker","name":"2_32_12_189"},{"num":7.4,"categoryName":"Charles Smith","name":"2_32_12_151"},{"num":7,"categoryName":"Bruce Bowen","name":"2_32_12_190"},{"num":5.5,"categoryName":"Terry Porter","name":"2_32_12_179"},{"num":4.6,"categoryName":"Danny Ferry","name":"2_32_12_185"},{"num":3.9,"categoryName":"Stephen Jackson","name":"2_32_12_191"},{"num":2.6,"categoryName":"Jason Hart","name":"2_32_12_192"},{"num":1.9,"categoryName":"Amal McCaskill","name":"2_32_12_193"},{"num":1.9,"categoryName":"Mark Bryant","name":"2_32_12_194"},{"num":1.5,"categoryName":"Cherokee Parks","name":"2_32_12_195"}],"name":"2_32_12_0"},{"num":96,"categoryName":"Utah_Jazz","children":[{"num":22.4,"categoryName":"Karl Malone","name":"2_32_9_51"},{"num":14.8,"categoryName":"Donyell Marshall","name":"2_32_9_127"},{"num":13.4,"categoryName":"John Stockton","name":"2_32_9_48"},{"num":10.7,"categoryName":"Andrei Kirilenko","name":"2_32_9_131"},{"num":9.6,"categoryName":"Bryon Russell","name":"2_32_9_98"},{"num":6.9,"categoryName":"John Crotty","name":"2_32_9_92"},{"num":6.7,"categoryName":"Scott Padgett","name":"2_32_9_125"},{"num":6.4,"categoryName":"Jarron Collins","name":"2_32_9_132"},{"num":5.8,"categoryName":"Rusty LaRue","name":"2_32_9_133"},{"num":4.9,"categoryName":"DeShawn Stevenson","name":"2_32_9_130"},{"num":4.4,"categoryName":"John Starks","name":"2_32_9_128"},{"num":4,"categoryName":"Quincy Lewis","name":"2_32_9_124"},{"num":3.3,"categoryName":"Greg Ostertag","name":"2_32_9_112"},{"num":3.2,"categoryName":"John Amaechi","name":"2_32_9_134"}],"name":"2_32_9_0"}],"name":"2_32_0_0","num":671.6},{"categoryName":"Pacific","children":[{"num":97.7,"categoryName":"Golden_State_Warriors","children":[{"num":19.7,"categoryName":"Antawn Jamison","name":"2_33_6_205"},{"num":14.4,"categoryName":"Jason Richardson","name":"2_33_6_233"},{"num":12.3,"categoryName":"Larry Hughes","name":"2_33_6_207"},{"num":11.2,"categoryName":"Danny Fortson","name":"2_33_6_220"},{"num":10.9,"categoryName":"Gilbert Arenas","name":"2_33_6_234"},{"num":10,"categoryName":"Bob Sura","name":"2_33_6_222"},{"num":7.6,"categoryName":"Erick Dampier","name":"2_33_6_191"},{"num":7.4,"categoryName":"Chris Mills","name":"2_33_6_204"},{"num":5.9,"categoryName":"Troy Murphy","name":"2_33_6_235"},{"num":4.9,"categoryName":"Marc Jackson","name":"2_33_6_221"},{"num":4.8,"categoryName":"Adonal Foyle","name":"2_33_6_200"},{"num":3.4,"categoryName":"Mookie Blaylock","name":"2_33_6_208"},{"num":3,"categoryName":"Cedric Henderson","name":"2_33_6_236"},{"num":2.1,"categoryName":"Dean Oliver","name":"2_33_6_237"},{"num":1.6,"categoryName":"Dean Garrett","name":"2_33_6_238"}],"name":"2_33_6_0"},{"num":95.7,"categoryName":"Los_Angeles_Clippers","children":[{"num":18.2,"categoryName":"Elton Brand","name":"2_33_10_148"},{"num":14.6,"categoryName":"Jeff McInnis","name":"2_33_10_131"},{"num":13.3,"categoryName":"Quentin Richardson","name":"2_33_10_141"},{"num":13.1,"categoryName":"Lamar Odom","name":"2_33_10_130"},{"num":11.4,"categoryName":"Corey Maggette","name":"2_33_10_139"},{"num":11.1,"categoryName":"Michael Olowokandi","name":"2_33_10_125"},{"num":9.5,"categoryName":"Darius Miles","name":"2_33_10_140"},{"num":8.8,"categoryName":"Eric Piatkowski","name":"2_33_10_103"},{"num":4.1,"categoryName":"Keyon Dooling","name":"2_33_10_143"},{"num":4.1,"categoryName":"Earl Boykins","name":"2_33_10_142"},{"num":3.4,"categoryName":"Tremaine Fowlkes","name":"2_33_10_149"},{"num":3,"categoryName":"Sean Rooks","name":"2_33_10_144"},{"num":2.2,"categoryName":"Doug Overton","name":"2_33_10_150"},{"num":2.2,"categoryName":"Harold Jamison","name":"2_33_10_151"},{"num":1.9,"categoryName":"Obinna Ekezie","name":"2_33_10_152"},{"num":1,"categoryName":"Eldridge Recasner","name":"2_33_10_153"}],"name":"2_33_10_0"},{"num":101.3,"categoryName":"Los_Angeles_Lakers","children":[{"num":27.2,"categoryName":"Shaquille O'Neal","name":"2_33_1_157"},{"num":25.2,"categoryName":"Kobe Bryant","name":"2_33_1_159"},{"num":11.2,"categoryName":"Derek Fisher","name":"2_33_1_163"},{"num":7.9,"categoryName":"Rick Fox","name":"2_33_1_168"},{"num":7.1,"categoryName":"Devean George","name":"2_33_1_181"},{"num":6.8,"categoryName":"Robert Horry","name":"2_33_1_158"},{"num":6.7,"categoryName":"Samaki Walker","name":"2_33_1_190"},{"num":5.8,"categoryName":"Lindsey Hunter","name":"2_33_1_191"},{"num":4.7,"categoryName":"Slava Medvedenko","name":"2_33_1_187"},{"num":4.1,"categoryName":"Mitch Richmond","name":"2_33_1_192"},{"num":2.9,"categoryName":"Brian Shaw","name":"2_33_1_180"},{"num":2.8,"categoryName":"Mark Madsen","name":"2_33_1_189"},{"num":1.7,"categoryName":"Joe Crispin","name":"2_33_1_193"},{"num":1.7,"categoryName":"Mike Penberthy","name":"2_33_1_186"},{"num":1.2,"categoryName":"Jelani McCoy","name":"2_33_1_194"}],"name":"2_33_1_0"},{"num":95.1,"categoryName":"Phoenix_Suns","children":[{"num":20.4,"categoryName":"Stephon Marbury","name":"2_33_8_188"},{"num":19.1,"categoryName":"Shawn Marion","name":"2_33_8_176"},{"num":12.6,"categoryName":"Rodney Rogers","name":"2_33_8_175"},{"num":12,"categoryName":"Penny Hardaway","name":"2_33_8_174"},{"num":10.6,"categoryName":"Tony Delk","name":"2_33_8_180"},{"num":9.6,"categoryName":"Joe Johnson","name":"2_33_8_189"},{"num":7.3,"categoryName":"Jake Tsakalidis","name":"2_33_8_182"},{"num":6.5,"categoryName":"Tom Gugliotta","name":"2_33_8_164"},{"num":5,"categoryName":"John Wallace","name":"2_33_8_190"},{"num":5,"categoryName":"Jake Voskuhl","name":"2_33_8_191"},{"num":4.7,"categoryName":"Bo Outlaw","name":"2_33_8_192"},{"num":4.6,"categoryName":"Dan Majerle","name":"2_33_8_93"},{"num":4.6,"categoryName":"Joe Crispin","name":"2_33_8_193"},{"num":3.1,"categoryName":"Alton Ford","name":"2_33_8_194"},{"num":2.8,"categoryName":"Milt Palacio","name":"2_33_8_195"},{"num":2.7,"categoryName":"Daniel Santiago","name":"2_33_8_185"},{"num":1.6,"categoryName":"Charlie Bell","name":"2_33_8_196"},{"num":1,"categoryName":"Jud Buechler","name":"2_33_8_197"},{"num":1,"categoryName":"Vinny Del Negro","name":"2_33_8_181"}],"name":"2_33_8_0"},{"num":96.6,"categoryName":"Portland_Trail_Blazers","children":[{"num":19.3,"categoryName":"Rasheed Wallace","name":"2_33_2_166"},{"num":17,"categoryName":"Bonzi Wells","name":"2_33_2_188"},{"num":13.5,"categoryName":"Damon Stoudamire","name":"2_33_2_174"},{"num":11.2,"categoryName":"Ruben Patterson","name":"2_33_2_199"},{"num":10.8,"categoryName":"Derek Anderson","name":"2_33_2_200"},{"num":10.6,"categoryName":"Scottie Pippen","name":"2_33_2_191"},{"num":9.5,"categoryName":"Dale Davis","name":"2_33_2_195"},{"num":6.1,"categoryName":"Shawn Kemp","name":"2_33_2_196"},{"num":4.1,"categoryName":"Steve Kerr","name":"2_33_2_201"},{"num":3.1,"categoryName":"Erick Barkley","name":"2_33_2_197"},{"num":2.8,"categoryName":"Zach Randolph","name":"2_33_2_202"},{"num":2.6,"categoryName":"Mitchell Butler","name":"2_33_2_172"},{"num":2.1,"categoryName":"Rick Brunson","name":"2_33_2_179"},{"num":1.2,"categoryName":"R. Boumtje-Boumtje","name":"2_33_2_203"},{"num":1.1,"categoryName":"Chris Dudley","name":"2_33_2_149"}],"name":"2_33_2_0"},{"num":104.6,"categoryName":"Sacramento_Kings","children":[{"num":24.5,"categoryName":"Chris Webber","name":"2_33_11_93"},{"num":21.2,"categoryName":"Peja Stojakovic","name":"2_33_11_97"},{"num":13.7,"categoryName":"Mike Bibby","name":"2_33_11_114"},{"num":12,"categoryName":"Doug Christie","name":"2_33_11_109"},{"num":11.1,"categoryName":"Vlade Divac","name":"2_33_11_94"},{"num":11.1,"categoryName":"Bobby Jackson","name":"2_33_11_110"},{"num":10.1,"categoryName":"Hedo Turkoglu","name":"2_33_11_111"},{"num":6.4,"categoryName":"Scot Pollard","name":"2_33_11_98"},{"num":4.7,"categoryName":"L. Funderburke","name":"2_33_11_84"},{"num":3.2,"categoryName":"Gerald Wallace","name":"2_33_11_115"},{"num":2.2,"categoryName":"Mateen Cleaves","name":"2_33_11_116"},{"num":1.6,"categoryName":"Brent Price","name":"2_33_11_117"},{"num":1.5,"categoryName":"Jabari Smith","name":"2_33_11_112"},{"num":1.2,"categoryName":"Chucky Brown","name":"2_33_11_118"}],"name":"2_33_11_0"},{"num":97.7,"categoryName":"Seattle_Supersonics","children":[{"num":22.1,"categoryName":"Gary Payton","name":"2_33_5_133"},{"num":16.8,"categoryName":"Rashard Lewis","name":"2_33_5_176"},{"num":14.4,"categoryName":"Brent Barry","name":"2_33_5_178"},{"num":14.1,"categoryName":"Vin Baker","name":"2_33_5_163"},{"num":12.4,"categoryName":"Desmond Mason","name":"2_33_5_189"},{"num":6.8,"categoryName":"Predrag Drobnjak","name":"2_33_5_193"},{"num":6.7,"categoryName":"V. Radmanovic","name":"2_33_5_194"},{"num":6.4,"categoryName":"Ansu Sesay","name":"2_33_5_195"},{"num":6.2,"categoryName":"Calvin Booth","name":"2_33_5_196"},{"num":5.3,"categoryName":"Jerome James","name":"2_33_5_197"},{"num":4.5,"categoryName":"Art Long","name":"2_33_5_198"},{"num":4.4,"categoryName":"Shammond Williams","name":"2_33_5_182"},{"num":3.6,"categoryName":"Earl Watson","name":"2_33_5_199"},{"num":3.2,"categoryName":"Randy Livingston","name":"2_33_5_200"},{"num":1.8,"categoryName":"Antonio Harvey","name":"2_33_5_161"},{"num":1.5,"categoryName":"Olumide Oyedeji","name":"2_33_5_191"}],"name":"2_33_5_0"}],"name":"2_33_0_0","num":688.7}],"name":"2_0_0_0","num":1360.3000000000002}],"num":2768.7}