{"year":2003,"name":"root","categoryName":"root","children":[{"categoryName":"Eastern","children":[{"categoryName":"Atlantic","children":[{"num":95.3,"categoryName":"Boston_Celtics","children":[{"num":23,"categoryName":"Paul Pierce","name":"1_14_1_164"},{"num":14.1,"categoryName":"Ricky Davis","name":"1_14_1_201"},{"num":12,"categoryName":"Chucky Atkins","name":"1_14_1_202"},{"num":11.6,"categoryName":"Eric Williams","name":"1_14_1_135"},{"num":11.3,"categoryName":"Vin Baker","name":"1_14_1_194"},{"num":10.7,"categoryName":"Mike James","name":"1_14_1_203"},{"num":10.3,"categoryName":"Mark Blount","name":"1_14_1_182"},{"num":9.2,"categoryName":"Jiri Welsch","name":"1_14_1_204"},{"num":7.9,"categoryName":"Walter McCarty","name":"1_14_1_154"},{"num":7.8,"categoryName":"Raef LaFrentz","name":"1_14_1_205"},{"num":6.1,"categoryName":"Chris Mihm","name":"1_14_1_206"},{"num":6,"categoryName":"Dana Barros","name":"1_14_1_133"},{"num":5.9,"categoryName":"Marcus Banks","name":"1_14_1_207"},{"num":5.9,"categoryName":"Tony Battie","name":"1_14_1_166"},{"num":5.2,"categoryName":"Kedrick Brown","name":"1_14_1_190"},{"num":3.5,"categoryName":"Brandon Hunter","name":"1_14_1_208"},{"num":2.2,"categoryName":"Jumaine Jones","name":"1_14_1_209"},{"num":2.2,"categoryName":"Kendrick Perkins","name":"1_14_1_210"},{"num":0.3,"categoryName":"Michael Stewart","name":"1_14_1_211"}],"name":"1_14_1_0"},{"num":90.3,"categoryName":"Miami_Heat","children":[{"num":17.3,"categoryName":"Eddie Jones","name":"1_14_9_87"},{"num":17.1,"categoryName":"Lamar Odom","name":"1_14_9_113"},{"num":16.2,"categoryName":"Dwyane Wade","name":"1_14_9_114"},{"num":10.2,"categoryName":"Rafer Alston","name":"1_14_9_115"},{"num":9.2,"categoryName":"Caron Butler","name":"1_14_9_108"},{"num":8.7,"categoryName":"Brian Grant","name":"1_14_9_89"},{"num":7.3,"categoryName":"Udonis Haslem","name":"1_14_9_116"},{"num":6.8,"categoryName":"Rasual Butler","name":"1_14_9_110"},{"num":4.3,"categoryName":"John Wallace","name":"1_14_9_117"},{"num":4.2,"categoryName":"Malik Allen","name":"1_14_9_102"},{"num":3.2,"categoryName":"Loren Woods","name":"1_14_9_118"},{"num":3.2,"categoryName":"Samaki Walker","name":"1_14_9_119"},{"num":3.1,"categoryName":"Wang Zhizhi","name":"1_14_9_120"},{"num":1.8,"categoryName":"Tyrone Hill","name":"1_14_9_121"},{"num":1.5,"categoryName":"Kirk Penney","name":"1_14_9_122"},{"num":1.3,"categoryName":"Bimbo Coles","name":"1_14_9_16"},{"num":1,"categoryName":"Jerome Beasley","name":"1_14_9_123"}],"name":"1_14_9_0"},{"num":90.3,"categoryName":"New_Jersey_Nets","children":[{"num":18.5,"categoryName":"Richard Jefferson","name":"1_14_6_201"},{"num":16.7,"categoryName":"Kenyon Martin","name":"1_14_6_190"},{"num":15.5,"categoryName":"Jason Kidd","name":"1_14_6_199"},{"num":13.1,"categoryName":"Kerry Kittles","name":"1_14_6_156"},{"num":8,"categoryName":"Alonzo Mourning","name":"1_14_6_213"},{"num":7.8,"categoryName":"Rodney Rogers","name":"1_14_6_210"},{"num":6.9,"categoryName":"Lucious Harris","name":"1_14_6_172"},{"num":6.3,"categoryName":"Aaron Williams","name":"1_14_6_191"},{"num":5.9,"categoryName":"Jason Collins","name":"1_14_6_202"},{"num":3.5,"categoryName":"Brian Scalabrine","name":"1_14_6_205"},{"num":3.1,"categoryName":"Zoran Planinic","name":"1_14_6_214"},{"num":2.7,"categoryName":"Brandon Armstrong","name":"1_14_6_206"},{"num":2.4,"categoryName":"Tamar Slay","name":"1_14_6_212"},{"num":1.9,"categoryName":"Robert Pack","name":"1_14_6_157"},{"num":1.3,"categoryName":"Doug Overton","name":"1_14_6_177"},{"num":1,"categoryName":"Damone Brown","name":"1_14_6_215"},{"num":0.7,"categoryName":"Anthony Goldwire","name":"1_14_6_216"},{"num":0.5,"categoryName":"Mikki Moore","name":"1_14_6_217"},{"num":0.3,"categoryName":"Hubert Davis","name":"1_14_6_218"}],"name":"1_14_6_0"},{"num":92,"categoryName":"New_York_Knicks","children":[{"num":19.8,"categoryName":"Stephon Marbury","name":"1_14_3_191"},{"num":18.5,"categoryName":"Allan Houston","name":"1_14_3_153"},{"num":16.4,"categoryName":"Keith Van Horn","name":"1_14_3_192"},{"num":15.8,"categoryName":"Tim Thomas","name":"1_14_3_193"},{"num":11.1,"categoryName":"Kurt Thomas","name":"1_14_3_168"},{"num":9.6,"categoryName":"Penny Hardaway","name":"1_14_3_194"},{"num":9.1,"categoryName":"Nazr Mohammed","name":"1_14_3_195"},{"num":8.7,"categoryName":"Charlie Ward","name":"1_14_3_144"},{"num":8.4,"categoryName":"Antonio McDyess","name":"1_14_3_196"},{"num":7.9,"categoryName":"Shandon Anderson","name":"1_14_3_185"},{"num":6.7,"categoryName":"Howard Eisley","name":"1_14_3_186"},{"num":6.6,"categoryName":"Vin Baker","name":"1_14_3_197"},{"num":5.6,"categoryName":"Dikembe Mutombo","name":"1_14_3_198"},{"num":5.4,"categoryName":"DerMarr Johnson","name":"1_14_3_199"},{"num":5,"categoryName":"Michael Doleac","name":"1_14_3_189"},{"num":4.6,"categoryName":"Othella Harrington","name":"1_14_3_178"},{"num":4.3,"categoryName":"Mike Sweetney","name":"1_14_3_200"},{"num":4.3,"categoryName":"Moochie Norris","name":"1_14_3_201"},{"num":3.9,"categoryName":"Frank Williams","name":"1_14_3_190"},{"num":3.6,"categoryName":"C. Weatherspoon","name":"1_14_3_184"},{"num":2,"categoryName":"Bruno Sundov","name":"1_14_3_202"},{"num":0.3,"categoryName":"Cezary Trybanski","name":"1_14_3_203"}],"name":"1_14_3_0"},{"num":94,"categoryName":"Orlando_Magic","children":[{"num":28,"categoryName":"Tracy McGrady","name":"1_14_10_83"},{"num":17,"categoryName":"Juwan Howard","name":"1_14_10_106"},{"num":11.6,"categoryName":"Drew Gooden","name":"1_14_10_99"},{"num":11.2,"categoryName":"DeShawn Stevenson","name":"1_14_10_107"},{"num":10.5,"categoryName":"Tyronn Lue","name":"1_14_10_108"},{"num":10.2,"categoryName":"Gordan Giricek","name":"1_14_10_98"},{"num":6.8,"categoryName":"Keith Bogans","name":"1_14_10_109"},{"num":6.8,"categoryName":"Rod Strickland","name":"1_14_10_110"},{"num":4.9,"categoryName":"Shammond Williams","name":"1_14_10_111"},{"num":4.1,"categoryName":"Donnell Harvey","name":"1_14_10_112"},{"num":3.6,"categoryName":"Lee Nailon","name":"1_14_10_113"},{"num":3.3,"categoryName":"Zaza Pachulia","name":"1_14_10_114"},{"num":3.2,"categoryName":"Andrew DeClercq","name":"1_14_10_88"},{"num":3.2,"categoryName":"Desmond Penigar","name":"1_14_10_115"},{"num":3.2,"categoryName":"Steven Hunter","name":"1_14_10_95"},{"num":3.1,"categoryName":"Sean Rooks","name":"1_14_10_116"},{"num":2.9,"categoryName":"Derrick Dial","name":"1_14_10_117"},{"num":2.1,"categoryName":"Britton Johnsen","name":"1_14_10_118"},{"num":2,"categoryName":"Robert Archibald","name":"1_14_10_119"},{"num":1.8,"categoryName":"Reece Gaines","name":"1_14_10_120"},{"num":1,"categoryName":"Pat Garrity","name":"1_14_10_77"}],"name":"1_14_10_0"},{"num":88,"categoryName":"Philadelphia_76ers","children":[{"num":26.4,"categoryName":"Allen Iverson","name":"1_14_4_200"},{"num":16.6,"categoryName":"Glenn Robinson","name":"1_14_4_269"},{"num":13.6,"categoryName":"Kenny Thomas","name":"1_14_4_260"},{"num":10.3,"categoryName":"Eric Snow","name":"1_14_4_219"},{"num":9.4,"categoryName":"Marc Jackson","name":"1_14_4_270"},{"num":9.2,"categoryName":"Aaron McKie","name":"1_14_4_220"},{"num":8,"categoryName":"Derrick Coleman","name":"1_14_4_188"},{"num":8,"categoryName":"Samuel Dalembert","name":"1_14_4_254"},{"num":6.9,"categoryName":"Willie Green","name":"1_14_4_271"},{"num":5.8,"categoryName":"John Salmons","name":"1_14_4_265"},{"num":4.5,"categoryName":"Kyle Korver","name":"1_14_4_272"},{"num":3.7,"categoryName":"Zendon Hamilton","name":"1_14_4_273"},{"num":3.1,"categoryName":"Greg Buckner","name":"1_14_4_261"},{"num":1.9,"categoryName":"Amal McCaskill","name":"1_14_4_274"}],"name":"1_14_4_0"},{"num":91.8,"categoryName":"Washington_Wizards","children":[{"num":19.6,"categoryName":"Gilbert Arenas","name":"1_14_11_58"},{"num":18.8,"categoryName":"Larry Hughes","name":"1_14_11_51"},{"num":13.9,"categoryName":"Jerry Stackhouse","name":"1_14_11_50"},{"num":10.9,"categoryName":"Kwame Brown","name":"1_14_11_47"},{"num":9.6,"categoryName":"Jarvis Hayes","name":"1_14_11_59"},{"num":9.4,"categoryName":"Juan Dixon","name":"1_14_11_52"},{"num":8.9,"categoryName":"Etan Thomas","name":"1_14_11_48"},{"num":7,"categoryName":"Brendan Haywood","name":"1_14_11_46"},{"num":5.9,"categoryName":"Steve Blake","name":"1_14_11_60"},{"num":5.9,"categoryName":"Christian Laettner","name":"1_14_11_34"},{"num":5.7,"categoryName":"Jared Jeffries","name":"1_14_11_54"},{"num":4.3,"categoryName":"Brevin Knight","name":"1_14_11_61"},{"num":3.4,"categoryName":"Lonny Baxter","name":"1_14_11_62"},{"num":3.3,"categoryName":"Mitchell Butler","name":"1_14_11_63"},{"num":2.9,"categoryName":"Chris Whitney","name":"1_14_11_7"},{"num":1.5,"categoryName":"Torraye Braggs","name":"1_14_11_64"},{"num":0,"categoryName":"Jahidi White","name":"1_14_11_21"}],"name":"1_14_11_0"}],"name":"1_14_0_0","num":641.6999999999999},{"categoryName":"Central","children":[{"num":92.8,"categoryName":"Atlanta_Hawks","children":[{"num":20.1,"categoryName":"S. Abdur-Rahim","name":"1_15_1_213"},{"num":20,"categoryName":"Rasheed Wallace","name":"1_15_1_233"},{"num":18.1,"categoryName":"Stephen Jackson","name":"1_15_1_234"},{"num":16.8,"categoryName":"Jason Terry","name":"1_15_1_196"},{"num":14.7,"categoryName":"Bob Sura","name":"1_15_1_235"},{"num":11.3,"categoryName":"Jason Collier","name":"1_15_1_236"},{"num":10.2,"categoryName":"Chris Crawford","name":"1_15_1_183"},{"num":10.1,"categoryName":"Dion Glover","name":"1_15_1_198"},{"num":8.3,"categoryName":"Zeljko Rebraca","name":"1_15_1_237"},{"num":8.3,"categoryName":"Theo Ratliff","name":"1_15_1_214"},{"num":6.5,"categoryName":"Nazr Mohammed","name":"1_15_1_202"},{"num":5.3,"categoryName":"Lee Nailon","name":"1_15_1_238"},{"num":4.5,"categoryName":"Boris Diaw","name":"1_15_1_239"},{"num":4.4,"categoryName":"Wesley Person","name":"1_15_1_240"},{"num":4,"categoryName":"Alan Henderson","name":"1_15_1_162"},{"num":4,"categoryName":"Joel Przybilla","name":"1_15_1_241"},{"num":3.9,"categoryName":"Mamadou N'Diaye","name":"1_15_1_242"},{"num":3.8,"categoryName":"Jacque Vaughn","name":"1_15_1_217"},{"num":3,"categoryName":"Travis Hansen","name":"1_15_1_243"},{"num":2.1,"categoryName":"Dan Dickau","name":"1_15_1_225"},{"num":2,"categoryName":"Hiram Fuller","name":"1_15_1_244"},{"num":1.3,"categoryName":"Josh Davis","name":"1_15_1_245"},{"num":1.1,"categoryName":"Michael Bradley","name":"1_15_1_246"}],"name":"1_15_1_0"},{"num":89.7,"categoryName":"Chicago_Bulls","children":[{"num":17.3,"categoryName":"Jamal Crawford","name":"1_15_12_139"},{"num":14.7,"categoryName":"Eddy Curry","name":"1_15_12_149"},{"num":13.5,"categoryName":"Jannero Pargo","name":"1_15_12_158"},{"num":13.3,"categoryName":"Jalen Rose","name":"1_15_12_144"},{"num":12,"categoryName":"Kirk Hinrich","name":"1_15_12_159"},{"num":9.6,"categoryName":"Kendall Gill","name":"1_15_12_160"},{"num":8.9,"categoryName":"Antonio Davis","name":"1_15_12_161"},{"num":8.7,"categoryName":"Donyell Marshall","name":"1_15_12_153"},{"num":7.8,"categoryName":"Marcus Fizer","name":"1_15_12_134"},{"num":6.7,"categoryName":"Eddie Robinson","name":"1_15_12_146"},{"num":6.5,"categoryName":"Jerome Williams","name":"1_15_12_162"},{"num":6.2,"categoryName":"Ronald Dupree","name":"1_15_12_163"},{"num":6.1,"categoryName":"Tyson Chandler","name":"1_15_12_150"},{"num":5.9,"categoryName":"Scottie Pippen","name":"1_15_12_60"},{"num":4.5,"categoryName":"Corie Blount","name":"1_15_12_94"},{"num":4.3,"categoryName":"Lonny Baxter","name":"1_15_12_155"},{"num":4.2,"categoryName":"Linton Johnson","name":"1_15_12_164"},{"num":4,"categoryName":"Chris Jefferies","name":"1_15_12_165"},{"num":3.1,"categoryName":"Rick Brunson","name":"1_15_12_156"},{"num":3,"categoryName":"Paul Shirley","name":"1_15_12_166"},{"num":1,"categoryName":"Roger Mason","name":"1_15_12_157"}],"name":"1_15_12_0"},{"num":92.9,"categoryName":"Cleveland_Cavaliers","children":[{"num":20.9,"categoryName":"LeBron James","name":"1_15_4_233"},{"num":15.5,"categoryName":"Carlos Boozer","name":"1_15_4_227"},{"num":15.3,"categoryName":"Ricky Davis","name":"1_15_4_219"},{"num":15.3,"categoryName":"Zydrunas Ilgauskas","name":"1_15_4_184"},{"num":11.7,"categoryName":"Jeff McInnis","name":"1_15_4_234"},{"num":9.4,"categoryName":"Eric Williams","name":"1_15_4_235"},{"num":8.9,"categoryName":"Darius Miles","name":"1_15_4_228"},{"num":7.7,"categoryName":"Lee Nailon","name":"1_15_4_236"},{"num":6.9,"categoryName":"Chris Mihm","name":"1_15_4_211"},{"num":6.5,"categoryName":"Dajuan Wagner","name":"1_15_4_226"},{"num":5.4,"categoryName":"Tony Battie","name":"1_15_4_237"},{"num":5.3,"categoryName":"Kedrick Brown","name":"1_15_4_238"},{"num":4.2,"categoryName":"Kevin Ollie","name":"1_15_4_239"},{"num":4,"categoryName":"Ira Newble","name":"1_15_4_240"},{"num":3.8,"categoryName":"Mateen Cleaves","name":"1_15_4_241"},{"num":3.5,"categoryName":"J.R. Bremer","name":"1_15_4_242"},{"num":3.5,"categoryName":"Jason Kapono","name":"1_15_4_243"},{"num":2.3,"categoryName":"Bruno Sundov","name":"1_15_4_244"},{"num":2.3,"categoryName":"DeSagana Diop","name":"1_15_4_225"},{"num":1,"categoryName":"Michael Stewart","name":"1_15_4_232"},{"num":0,"categoryName":"Jelani McCoy","name":"1_15_4_245"}],"name":"1_15_4_0"},{"num":90.1,"categoryName":"Detroit_Pistons","children":[{"num":17.6,"categoryName":"Richard Hamilton","name":"1_15_10_191"},{"num":16.9,"categoryName":"Chauncey Billups","name":"1_15_10_192"},{"num":13.7,"categoryName":"Rasheed Wallace","name":"1_15_10_198"},{"num":10.3,"categoryName":"Tayshaun Prince","name":"1_15_10_194"},{"num":9.6,"categoryName":"Mehmet Okur","name":"1_15_10_193"},{"num":9.5,"categoryName":"Ben Wallace","name":"1_15_10_177"},{"num":9.5,"categoryName":"Corliss Williamson","name":"1_15_10_173"},{"num":6.3,"categoryName":"Mike James","name":"1_15_10_199"},{"num":6.2,"categoryName":"Chucky Atkins","name":"1_15_10_175"},{"num":5.6,"categoryName":"Elden Campbell","name":"1_15_10_200"},{"num":3.8,"categoryName":"Bob Sura","name":"1_15_10_201"},{"num":3.5,"categoryName":"Lindsey Hunter","name":"1_15_10_120"},{"num":3.1,"categoryName":"Zeljko Rebraca","name":"1_15_10_186"},{"num":1.8,"categoryName":"Darvin Ham","name":"1_15_10_202"},{"num":1.4,"categoryName":"Darko Milicic","name":"1_15_10_203"},{"num":1.2,"categoryName":"Tremaine Fowlkes","name":"1_15_10_204"},{"num":0,"categoryName":"Hubert Davis","name":"1_15_10_196"}],"name":"1_15_10_0"},{"num":91.4,"categoryName":"Indiana_Pacers","children":[{"num":20.1,"categoryName":"Jermaine O'Neal","name":"1_15_11_129"},{"num":18.3,"categoryName":"Metta World Peace","name":"1_15_11_135"},{"num":13.3,"categoryName":"Al Harrington","name":"1_15_11_125"},{"num":10,"categoryName":"Reggie Miller","name":"1_15_11_67"},{"num":8.3,"categoryName":"Jamaal Tinsley","name":"1_15_11_136"},{"num":7,"categoryName":"Jonathan Bender","name":"1_15_11_126"},{"num":6.2,"categoryName":"Anthony Johnson","name":"1_15_11_146"},{"num":6.1,"categoryName":"Jeff Foster","name":"1_15_11_127"},{"num":6,"categoryName":"Kenny Anderson","name":"1_15_11_147"},{"num":5,"categoryName":"Austin Croshere","name":"1_15_11_120"},{"num":4.9,"categoryName":"Fred Jones","name":"1_15_11_145"},{"num":2.5,"categoryName":"Jamison Brewer","name":"1_15_11_141"},{"num":1.7,"categoryName":"Scot Pollard","name":"1_15_11_148"},{"num":1.6,"categoryName":"Primoz Brezec","name":"1_15_11_140"},{"num":1.2,"categoryName":"James Jones","name":"1_15_11_149"}],"name":"1_15_11_0"},{"num":98,"categoryName":"Milwaukee_Bucks","children":[{"num":21.7,"categoryName":"Michael Redd","name":"1_15_13_166"},{"num":15.7,"categoryName":"Keith Van Horn","name":"1_15_13_179"},{"num":14.4,"categoryName":"Desmond Mason","name":"1_15_13_172"},{"num":14.1,"categoryName":"Tim Thomas","name":"1_15_13_149"},{"num":10.9,"categoryName":"Joe Smith","name":"1_15_13_180"},{"num":10.5,"categoryName":"Brian Skinner","name":"1_15_13_181"},{"num":8.4,"categoryName":"Toni Kukoc","name":"1_15_13_173"},{"num":7.1,"categoryName":"T.J. Ford","name":"1_15_13_182"},{"num":7,"categoryName":"Damon Jones","name":"1_15_13_183"},{"num":5.9,"categoryName":"Brevin Knight","name":"1_15_13_184"},{"num":5.7,"categoryName":"Dan Gadzuric","name":"1_15_13_176"},{"num":5.4,"categoryName":"Erick Strickland","name":"1_15_13_185"},{"num":4,"categoryName":"Daniel Santiago","name":"1_15_13_186"},{"num":3.5,"categoryName":"Dan Langhi","name":"1_15_13_187"},{"num":3,"categoryName":"Marcus Haislip","name":"1_15_13_175"},{"num":0.2,"categoryName":"Joel Przybilla","name":"1_15_13_168"}],"name":"1_15_13_0"},{"num":91.8,"categoryName":"New_Orleans_Hornets","children":[{"num":22.9,"categoryName":"Baron Davis","name":"1_15_17_2"},{"num":20.8,"categoryName":"Jamal Mashburn","name":"1_15_17_1"},{"num":14,"categoryName":"David Wesley","name":"1_15_17_3"},{"num":13.6,"categoryName":"Jamaal Magloire","name":"1_15_17_5"},{"num":10.6,"categoryName":"Darrell Armstrong","name":"1_15_17_17"},{"num":10.5,"categoryName":"P.J. Brown","name":"1_15_17_4"},{"num":5.8,"categoryName":"Stacey Augmon","name":"1_15_17_13"},{"num":5.1,"categoryName":"Robert Traylor","name":"1_15_17_12"},{"num":5,"categoryName":"Steve Smith","name":"1_15_17_18"},{"num":4.8,"categoryName":"George Lynch","name":"1_15_17_10"},{"num":4.5,"categoryName":"Shammond Williams","name":"1_15_17_19"},{"num":3.8,"categoryName":"David West","name":"1_15_17_20"},{"num":3.3,"categoryName":"Maurice Carter","name":"1_15_17_21"},{"num":2.3,"categoryName":"Sean Rooks","name":"1_15_17_22"},{"num":2,"categoryName":"Tierre Brown","name":"1_15_17_23"},{"num":0.8,"categoryName":"Bryce Drew","name":"1_15_17_15"}],"name":"1_15_17_0"},{"num":85.4,"categoryName":"Toronto_Raptors","children":[{"num":22.5,"categoryName":"Vince Carter","name":"1_15_16_46"},{"num":16.2,"categoryName":"Jalen Rose","name":"1_15_16_88"},{"num":16.2,"categoryName":"Donyell Marshall","name":"1_15_16_89"},{"num":11.5,"categoryName":"Chris Bosh","name":"1_15_16_90"},{"num":8.8,"categoryName":"Alvin Williams","name":"1_15_16_39"},{"num":8.6,"categoryName":"Antonio Davis","name":"1_15_16_55"},{"num":8.3,"categoryName":"Morris Peterson","name":"1_15_16_61"},{"num":6,"categoryName":"Lamond Murray","name":"1_15_16_91"},{"num":5.1,"categoryName":"Jerome Williams","name":"1_15_16_65"},{"num":4.7,"categoryName":"Rod Strickland","name":"1_15_16_92"},{"num":4.6,"categoryName":"Dion Glover","name":"1_15_16_93"},{"num":4.4,"categoryName":"Milt Palacio","name":"1_15_16_94"},{"num":4.2,"categoryName":"Lonny Baxter","name":"1_15_16_95"},{"num":4,"categoryName":"Roger Mason","name":"1_15_16_96"},{"num":4,"categoryName":"Chris Jefferies","name":"1_15_16_83"},{"num":3.6,"categoryName":"Jannero Pargo","name":"1_15_16_97"},{"num":2.9,"categoryName":"Jerome Moiso","name":"1_15_16_98"},{"num":2.9,"categoryName":"Michael Curry","name":"1_15_16_99"},{"num":2.4,"categoryName":"Corie Blount","name":"1_15_16_100"},{"num":1.3,"categoryName":"Rick Brunson","name":"1_15_16_101"},{"num":1.1,"categoryName":"Mengke Bateer","name":"1_15_16_102"},{"num":1,"categoryName":"Robert Archibald","name":"1_15_16_103"},{"num":0.6,"categoryName":"Michael Bradley","name":"1_15_16_76"}],"name":"1_15_16_0"}],"name":"1_15_0_0","num":732.0999999999999}],"name":"1_0_0_0","num":1373.7999999999997},{"categoryName":"Western","children":[{"categoryName":"Midwest","children":[{"num":105.2,"categoryName":"Dallas_Mavericks","children":[{"num":21.8,"categoryName":"Dirk Nowitzki","name":"2_32_10_132"},{"num":18.6,"categoryName":"Michael Finley","name":"2_32_10_104"},{"num":14.8,"categoryName":"Antawn Jamison","name":"2_32_10_171"},{"num":14.5,"categoryName":"Steve Nash","name":"2_32_10_133"},{"num":14,"categoryName":"Antoine Walker","name":"2_32_10_172"},{"num":8.6,"categoryName":"Josh Howard","name":"2_32_10_173"},{"num":8.5,"categoryName":"Marquis Daniels","name":"2_32_10_174"},{"num":6,"categoryName":"Tony Delk","name":"2_32_10_175"},{"num":3.9,"categoryName":"Danny Fortson","name":"2_32_10_176"},{"num":3.3,"categoryName":"Shawn Bradley","name":"2_32_10_105"},{"num":3,"categoryName":"Eduardo Najera","name":"2_32_10_149"},{"num":3,"categoryName":"Scott Williams","name":"2_32_10_177"},{"num":2.8,"categoryName":"Travis Best","name":"2_32_10_178"},{"num":0,"categoryName":"Mamadou N'Diaye","name":"2_32_10_179"}],"name":"2_32_10_0"},{"num":97.2,"categoryName":"Denver_Nuggets","children":[{"num":21,"categoryName":"Carmelo Anthony","name":"2_32_7_214"},{"num":14.8,"categoryName":"Andre Miller","name":"2_32_7_215"},{"num":14.2,"categoryName":"Voshon Lenard","name":"2_32_7_180"},{"num":11.8,"categoryName":" Nene","name":"2_32_7_199"},{"num":10.2,"categoryName":"Earl Boykins","name":"2_32_7_216"},{"num":8.6,"categoryName":"Marcus Camby","name":"2_32_7_203"},{"num":7.5,"categoryName":"Rodney White","name":"2_32_7_202"},{"num":6.2,"categoryName":"Jon Barry","name":"2_32_7_217"},{"num":3.6,"categoryName":"Michael Doleac","name":"2_32_7_218"},{"num":3.5,"categoryName":"Francisco Elson","name":"2_32_7_219"},{"num":3.4,"categoryName":"Chris Andersen","name":"2_32_7_198"},{"num":2.7,"categoryName":"N. Tskitishvili","name":"2_32_7_209"},{"num":2.3,"categoryName":"Jeff Trepagnier","name":"2_32_7_206"},{"num":0.9,"categoryName":"Ryan Bowen","name":"2_32_7_178"},{"num":0.5,"categoryName":"Mark Pope","name":"2_32_7_220"}],"name":"2_32_7_0"},{"num":89.8,"categoryName":"Houston_Rockets","children":[{"num":17.5,"categoryName":"Yao Ming","name":"2_32_11_139"},{"num":16.6,"categoryName":"Steve Francis","name":"2_32_11_119"},{"num":15.8,"categoryName":"Cuttino Mobley","name":"2_32_11_114"},{"num":12.9,"categoryName":"Jim Jackson","name":"2_32_11_144"},{"num":11.5,"categoryName":"Maurice Taylor","name":"2_32_11_130"},{"num":6.1,"categoryName":"Kelvin Cato","name":"2_32_11_122"},{"num":5.6,"categoryName":"C. Weatherspoon","name":"2_32_11_145"},{"num":4.1,"categoryName":"Eric Piatkowski","name":"2_32_11_146"},{"num":3.4,"categoryName":"Scott Padgett","name":"2_32_11_147"},{"num":3.1,"categoryName":"Torraye Braggs","name":"2_32_11_148"},{"num":3.1,"categoryName":"Bostjan Nachbar","name":"2_32_11_142"},{"num":2.7,"categoryName":"Moochie Norris","name":"2_32_11_125"},{"num":2.5,"categoryName":"Mark Jackson","name":"2_32_11_149"},{"num":1.9,"categoryName":"Mike Wilks","name":"2_32_11_150"},{"num":1.7,"categoryName":"Alton Ford","name":"2_32_11_151"},{"num":1.3,"categoryName":"Charles Oakley","name":"2_32_11_152"},{"num":0.6,"categoryName":"Adrian Griffin","name":"2_32_11_153"}],"name":"2_32_11_0"},{"num":96.7,"categoryName":"Memphis_Grizzlies","children":[{"num":17.7,"categoryName":"Pau Gasol","name":"2_32_19_1"},{"num":13.7,"categoryName":"James Posey","name":"2_32_19_28"},{"num":12.3,"categoryName":"Bonzi Wells","name":"2_32_19_29"},{"num":11.1,"categoryName":"Mike Miller","name":"2_32_19_18"},{"num":10.9,"categoryName":"Jason Williams","name":"2_32_19_2"},{"num":9.4,"categoryName":"Stromile Swift","name":"2_32_19_5"},{"num":9.4,"categoryName":"Lorenzen Wright","name":"2_32_19_4"},{"num":8.5,"categoryName":"Shane Battier","name":"2_32_19_3"},{"num":5.7,"categoryName":"Earl Watson","name":"2_32_19_23"},{"num":5.2,"categoryName":"Wesley Person","name":"2_32_19_21"},{"num":4.6,"categoryName":"Bo Outlaw","name":"2_32_19_30"},{"num":4.3,"categoryName":"Jake Tsakalidis","name":"2_32_19_31"},{"num":2.2,"categoryName":"Theron Smith","name":"2_32_19_32"},{"num":1.8,"categoryName":"Troy Bell","name":"2_32_19_33"},{"num":1.8,"categoryName":"Dahntay Jones","name":"2_32_19_34"},{"num":1,"categoryName":"Ryan Humphrey","name":"2_32_19_25"}],"name":"2_32_19_0"},{"num":94.5,"categoryName":"Minnesota_Timberwolves","children":[{"num":24.2,"categoryName":"Kevin Garnett","name":"2_32_16_54"},{"num":19.8,"categoryName":"Sam Cassell","name":"2_32_16_105"},{"num":16.8,"categoryName":"Latrell Sprewell","name":"2_32_16_106"},{"num":10.2,"categoryName":"Wally Szczerbiak","name":"2_32_16_87"},{"num":7.5,"categoryName":"Troy Hudson","name":"2_32_16_100"},{"num":6.7,"categoryName":"Fred Hoiberg","name":"2_32_16_107"},{"num":6.5,"categoryName":"Michael Olowokandi","name":"2_32_16_108"},{"num":5.6,"categoryName":"Gary Trent","name":"2_32_16_95"},{"num":5,"categoryName":"Trenton Hassell","name":"2_32_16_109"},{"num":3.6,"categoryName":"Mark Madsen","name":"2_32_16_110"},{"num":3.4,"categoryName":"Darrick Martin","name":"2_32_16_47"},{"num":2.7,"categoryName":"Keith McLeod","name":"2_32_16_111"},{"num":2.6,"categoryName":"Anthony Goldwire","name":"2_32_16_112"},{"num":2.5,"categoryName":"Oliver Miller","name":"2_32_16_113"},{"num":1.9,"categoryName":"Ervin Johnson","name":"2_32_16_114"},{"num":1.1,"categoryName":"Quincy Lewis","name":"2_32_16_115"},{"num":0.8,"categoryName":"Ndudi Ebi","name":"2_32_16_116"}],"name":"2_32_16_0"},{"num":91.5,"categoryName":"San_Antonio_Spurs","children":[{"num":22.3,"categoryName":"Tim Duncan","name":"2_32_12_167"},{"num":14.7,"categoryName":"Tony Parker","name":"2_32_12_189"},{"num":12.8,"categoryName":"Manu Ginobili","name":"2_32_12_196"},{"num":9.2,"categoryName":"Hedo Turkoglu","name":"2_32_12_202"},{"num":8.7,"categoryName":"Rasho Nesterovic","name":"2_32_12_203"},{"num":7.9,"categoryName":"Malik Rose","name":"2_32_12_169"},{"num":6.9,"categoryName":"Bruce Bowen","name":"2_32_12_190"},{"num":5,"categoryName":"Ron Mercer","name":"2_32_12_204"},{"num":4.8,"categoryName":"Robert Horry","name":"2_32_12_205"},{"num":4.4,"categoryName":"Anthony Carter","name":"2_32_12_206"},{"num":4,"categoryName":"Devin Brown","name":"2_32_12_199"},{"num":3.7,"categoryName":"Shane Heal","name":"2_32_12_207"},{"num":3.4,"categoryName":"Kevin Willis","name":"2_32_12_198"},{"num":3.3,"categoryName":"Jason Hart","name":"2_32_12_192"},{"num":3.3,"categoryName":"Charlie Ward","name":"2_32_12_208"},{"num":2,"categoryName":"Matt Carroll","name":"2_32_12_209"},{"num":1.5,"categoryName":"Alex Garcia","name":"2_32_12_210"}],"name":"2_32_12_0"},{"num":88.7,"categoryName":"Utah_Jazz","children":[{"num":16.5,"categoryName":"Andrei Kirilenko","name":"2_32_9_131"},{"num":16.2,"categoryName":"Matt Harpring","name":"2_32_9_135"},{"num":13.5,"categoryName":"Gordan Giricek","name":"2_32_9_140"},{"num":12.6,"categoryName":"Carlos Arroyo","name":"2_32_9_139"},{"num":11.4,"categoryName":"DeShawn Stevenson","name":"2_32_9_130"},{"num":11.2,"categoryName":"Raja Bell","name":"2_32_9_141"},{"num":7,"categoryName":"Raul Lopez","name":"2_32_9_142"},{"num":6.8,"categoryName":"Greg Ostertag","name":"2_32_9_112"},{"num":6,"categoryName":"Jarron Collins","name":"2_32_9_132"},{"num":5,"categoryName":"Mo Williams","name":"2_32_9_143"},{"num":4.8,"categoryName":"Sasha Pavlovic","name":"2_32_9_144"},{"num":4.6,"categoryName":"Mikki Moore","name":"2_32_9_145"},{"num":4,"categoryName":"Ben Handlogten","name":"2_32_9_146"},{"num":3.7,"categoryName":"Tom Gugliotta","name":"2_32_9_147"},{"num":3.6,"categoryName":"Curtis Borchardt","name":"2_32_9_148"},{"num":2.5,"categoryName":"Paul Grant","name":"2_32_9_149"},{"num":2.2,"categoryName":"Michael Ruffin","name":"2_32_9_150"},{"num":2,"categoryName":"Keon Clark","name":"2_32_9_151"}],"name":"2_32_9_0"}],"name":"2_32_0_0","num":663.6},{"categoryName":"Pacific","children":[{"num":93.3,"categoryName":"Golden_State_Warriors","children":[{"num":18.7,"categoryName":"Jason Richardson","name":"2_33_6_233"},{"num":12.6,"categoryName":"Nick Van Exel","name":"2_33_6_245"},{"num":12.3,"categoryName":"Erick Dampier","name":"2_33_6_191"},{"num":11.8,"categoryName":"Clifford Robinson","name":"2_33_6_246"},{"num":11.7,"categoryName":"Mike Dunleavy, Jr.","name":"2_33_6_240"},{"num":10.6,"categoryName":"Speedy Claxton","name":"2_33_6_247"},{"num":10,"categoryName":"Troy Murphy","name":"2_33_6_235"},{"num":9.6,"categoryName":"Brian Cardinal","name":"2_33_6_248"},{"num":7.6,"categoryName":"Calbert Cheaney","name":"2_33_6_249"},{"num":5.3,"categoryName":"Mickael Pietrus","name":"2_33_6_250"},{"num":4.6,"categoryName":"Avery Johnson","name":"2_33_6_158"},{"num":3.4,"categoryName":"Sean Lampley","name":"2_33_6_251"},{"num":3.1,"categoryName":"Adonal Foyle","name":"2_33_6_200"},{"num":1.6,"categoryName":"J.R. Bremer","name":"2_33_6_252"},{"num":1.5,"categoryName":"Dan Langhi","name":"2_33_6_253"},{"num":1,"categoryName":"Rusty LaRue","name":"2_33_6_254"},{"num":1,"categoryName":"Cherokee Parks","name":"2_33_6_255"},{"num":0,"categoryName":"Popeye Jones","name":"2_33_6_256"}],"name":"2_33_6_0"},{"num":94.8,"categoryName":"Los_Angeles_Clippers","children":[{"num":20.7,"categoryName":"Corey Maggette","name":"2_33_10_139"},{"num":20,"categoryName":"Elton Brand","name":"2_33_10_148"},{"num":17.2,"categoryName":"Quentin Richardson","name":"2_33_10_141"},{"num":8.6,"categoryName":"Chris Wilcox","name":"2_33_10_158"},{"num":8.5,"categoryName":"Marko Jaric","name":"2_33_10_155"},{"num":7.8,"categoryName":"Bobby Simmons","name":"2_33_10_159"},{"num":6.8,"categoryName":"Eddie House","name":"2_33_10_160"},{"num":6.3,"categoryName":"Predrag Drobnjak","name":"2_33_10_161"},{"num":6.2,"categoryName":"Keyon Dooling","name":"2_33_10_143"},{"num":6.1,"categoryName":"Chris Kaman","name":"2_33_10_162"},{"num":4.5,"categoryName":"Matt Barnes","name":"2_33_10_163"},{"num":3.9,"categoryName":"Doug Overton","name":"2_33_10_150"},{"num":3.7,"categoryName":"Melvin Ely","name":"2_33_10_156"},{"num":3.7,"categoryName":"Glen Rice","name":"2_33_10_164"},{"num":2,"categoryName":"Randy Livingston","name":"2_33_10_165"},{"num":2,"categoryName":"Wang Zhizhi","name":"2_33_10_157"},{"num":0,"categoryName":"Olden Polynice","name":"2_33_10_67"}],"name":"2_33_10_0"},{"num":98.2,"categoryName":"Los_Angeles_Lakers","children":[{"num":24,"categoryName":"Kobe Bryant","name":"2_33_1_159"},{"num":21.5,"categoryName":"Shaquille O'Neal","name":"2_33_1_157"},{"num":14.6,"categoryName":"Gary Payton","name":"2_33_1_199"},{"num":13.2,"categoryName":"Karl Malone","name":"2_33_1_200"},{"num":8.3,"categoryName":"Slava Medvedenko","name":"2_33_1_187"},{"num":7.4,"categoryName":"Devean George","name":"2_33_1_181"},{"num":7.1,"categoryName":"Derek Fisher","name":"2_33_1_163"},{"num":6.4,"categoryName":"Kareem Rush","name":"2_33_1_195"},{"num":5.5,"categoryName":"Maurice Carter","name":"2_33_1_201"},{"num":4.8,"categoryName":"Rick Fox","name":"2_33_1_168"},{"num":4.4,"categoryName":"Brian Cook","name":"2_33_1_202"},{"num":4.1,"categoryName":"Horace Grant","name":"2_33_1_184"},{"num":4,"categoryName":"Bryon Russell","name":"2_33_1_203"},{"num":2.9,"categoryName":"Jamal Sampson","name":"2_33_1_204"},{"num":2.4,"categoryName":"Luke Walton","name":"2_33_1_205"},{"num":2,"categoryName":"Ime Udoka","name":"2_33_1_206"},{"num":1.1,"categoryName":"Jannero Pargo","name":"2_33_1_196"}],"name":"2_33_1_0"},{"num":94.2,"categoryName":"Phoenix_Suns","children":[{"num":20.8,"categoryName":"Stephon Marbury","name":"2_33_8_188"},{"num":20.6,"categoryName":"Amar'e Stoudemire","name":"2_33_8_198"},{"num":19,"categoryName":"Shawn Marion","name":"2_33_8_176"},{"num":16.7,"categoryName":"Joe Johnson","name":"2_33_8_189"},{"num":8.7,"categoryName":"Penny Hardaway","name":"2_33_8_174"},{"num":7.9,"categoryName":"Leandro Barbosa","name":"2_33_8_203"},{"num":7.3,"categoryName":"Scott Williams","name":"2_33_8_200"},{"num":7.1,"categoryName":"Howard Eisley","name":"2_33_8_204"},{"num":6.6,"categoryName":"Jake Voskuhl","name":"2_33_8_191"},{"num":6,"categoryName":"Casey Jacobsen","name":"2_33_8_199"},{"num":5.8,"categoryName":"Antonio McDyess","name":"2_33_8_158"},{"num":4.6,"categoryName":"Maciej Lampe","name":"2_33_8_205"},{"num":4.3,"categoryName":"Jahidi White","name":"2_33_8_206"},{"num":4.1,"categoryName":"Zarko Cabarkapa","name":"2_33_8_207"},{"num":3.9,"categoryName":"Donnell Harvey","name":"2_33_8_208"},{"num":2.3,"categoryName":"Tom Gugliotta","name":"2_33_8_164"},{"num":1,"categoryName":"Robert Archibald","name":"2_33_8_209"},{"num":0.7,"categoryName":"Brevin Knight","name":"2_33_8_210"},{"num":0,"categoryName":"Cezary Trybanski","name":"2_33_8_211"}],"name":"2_33_8_0"},{"num":90.7,"categoryName":"Portland_Trail_Blazers","children":[{"num":20.1,"categoryName":"Zach Randolph","name":"2_33_2_202"},{"num":17,"categoryName":"Rasheed Wallace","name":"2_33_2_166"},{"num":13.6,"categoryName":"Derek Anderson","name":"2_33_2_200"},{"num":13.4,"categoryName":"Damon Stoudamire","name":"2_33_2_174"},{"num":12.6,"categoryName":"Darius Miles","name":"2_33_2_208"},{"num":12.2,"categoryName":"Bonzi Wells","name":"2_33_2_188"},{"num":11.9,"categoryName":"Jeff McInnis","name":"2_33_2_204"},{"num":10,"categoryName":"S. Abdur-Rahim","name":"2_33_2_209"},{"num":7.3,"categoryName":"Theo Ratliff","name":"2_33_2_210"},{"num":6.9,"categoryName":"Ruben Patterson","name":"2_33_2_199"},{"num":6.5,"categoryName":"Wesley Person","name":"2_33_2_211"},{"num":4.4,"categoryName":"Dale Davis","name":"2_33_2_195"},{"num":3.6,"categoryName":"Qyntel Woods","name":"2_33_2_206"},{"num":2.6,"categoryName":"Vladimir Stepania","name":"2_33_2_212"},{"num":2.3,"categoryName":"Kaniel Dickens","name":"2_33_2_213"},{"num":2.3,"categoryName":"Dan Dickau","name":"2_33_2_214"},{"num":2.3,"categoryName":"Eddie Gill","name":"2_33_2_215"},{"num":1.9,"categoryName":"Desmond Ferguson","name":"2_33_2_216"},{"num":1.1,"categoryName":"Tracy Murray","name":"2_33_2_141"},{"num":1,"categoryName":"Matt Carroll","name":"2_33_2_217"},{"num":1,"categoryName":"Travis Outlaw","name":"2_33_2_218"},{"num":0.8,"categoryName":"Omar Cook","name":"2_33_2_219"},{"num":0.4,"categoryName":"R. Boumtje-Boumtje","name":"2_33_2_203"},{"num":0,"categoryName":"Slavko Vranes","name":"2_33_2_220"}],"name":"2_33_2_0"},{"num":102.8,"categoryName":"Sacramento_Kings","children":[{"num":24.2,"categoryName":"Peja Stojakovic","name":"2_33_11_97"},{"num":18.7,"categoryName":"Chris Webber","name":"2_33_11_93"},{"num":18.4,"categoryName":"Mike Bibby","name":"2_33_11_114"},{"num":14.1,"categoryName":"Brad Miller","name":"2_33_11_122"},{"num":13.8,"categoryName":"Bobby Jackson","name":"2_33_11_110"},{"num":10.1,"categoryName":"Doug Christie","name":"2_33_11_109"},{"num":9.9,"categoryName":"Vlade Divac","name":"2_33_11_94"},{"num":5.7,"categoryName":"Anthony Peeler","name":"2_33_11_123"},{"num":4.6,"categoryName":"Darius Songaila","name":"2_33_11_124"},{"num":4.3,"categoryName":"Tony Massenburg","name":"2_33_11_125"},{"num":2.1,"categoryName":"Jabari Smith","name":"2_33_11_112"},{"num":2,"categoryName":"Gerald Wallace","name":"2_33_11_115"},{"num":1.9,"categoryName":"Rodney Buford","name":"2_33_11_126"}],"name":"2_33_11_0"},{"num":97.1,"categoryName":"Seattle_Supersonics","children":[{"num":23,"categoryName":"Ray Allen","name":"2_33_5_201"},{"num":17.8,"categoryName":"Rashard Lewis","name":"2_33_5_176"},{"num":12.4,"categoryName":"Ronald Murray","name":"2_33_5_207"},{"num":12,"categoryName":"V. Radmanovic","name":"2_33_5_194"},{"num":10.8,"categoryName":"Brent Barry","name":"2_33_5_178"},{"num":8,"categoryName":"Antonio Daniels","name":"2_33_5_209"},{"num":7.1,"categoryName":"Vitaly Potapenko","name":"2_33_5_204"},{"num":5.5,"categoryName":"Luke Ridnour","name":"2_33_5_210"},{"num":5,"categoryName":"Jerome James","name":"2_33_5_197"},{"num":4.9,"categoryName":"Calvin Booth","name":"2_33_5_196"},{"num":3.5,"categoryName":"Ansu Sesay","name":"2_33_5_195"},{"num":3.4,"categoryName":"Richie Frahm","name":"2_33_5_211"},{"num":2.9,"categoryName":"Reggie Evans","name":"2_33_5_206"},{"num":2,"categoryName":"Leon Smith","name":"2_33_5_212"}],"name":"2_33_5_0"}],"name":"2_33_0_0","num":671.1}],"name":"2_0_0_0","num":1334.7}],"num":2708.5}