{"year":1998,"name":"root","categoryName":"root","children":[{"categoryName":"Eastern","children":[{"categoryName":"Atlantic","children":[{"num":93,"categoryName":"Boston_Celtics","children":[{"num":18.7,"categoryName":"Antoine Walker","name":"1_14_1_143"},{"num":17,"categoryName":"Ron Mercer","name":"1_14_1_151"},{"num":16.5,"categoryName":"Paul Pierce","name":"1_14_1_164"},{"num":12.1,"categoryName":"Kenny Anderson","name":"1_14_1_152"},{"num":10.8,"categoryName":"Vitaly Potapenko","name":"1_14_1_165"},{"num":9.3,"categoryName":"Dana Barros","name":"1_14_1_133"},{"num":6.7,"categoryName":"Tony Battie","name":"1_14_1_166"},{"num":5.8,"categoryName":"Damon Jones","name":"1_14_1_167"},{"num":5.7,"categoryName":"Walter McCarty","name":"1_14_1_154"},{"num":5.4,"categoryName":"Andrew DeClercq","name":"1_14_1_157"},{"num":4.9,"categoryName":"Greg Minor","name":"1_14_1_129"},{"num":3,"categoryName":"Popeye Jones","name":"1_14_1_168"},{"num":2.3,"categoryName":"Bruce Bowen","name":"1_14_1_156"},{"num":2.2,"categoryName":"Eric Riley","name":"1_14_1_169"},{"num":2.1,"categoryName":"Marlon Garnett","name":"1_14_1_170"},{"num":0.7,"categoryName":"Dwayne Schintzius","name":"1_14_1_171"}],"name":"1_14_1_0"},{"num":89,"categoryName":"Miami_Heat","children":[{"num":20.1,"categoryName":"Alonzo Mourning","name":"1_14_9_38"},{"num":17.4,"categoryName":"Tim Hardaway","name":"1_14_9_39"},{"num":14.8,"categoryName":"Jamal Mashburn","name":"1_14_9_55"},{"num":11.4,"categoryName":"P.J. Brown","name":"1_14_9_58"},{"num":10.5,"categoryName":"Terry Porter","name":"1_14_9_77"},{"num":9,"categoryName":"Terry Mills","name":"1_14_9_71"},{"num":8.1,"categoryName":"C. Weatherspoon","name":"1_14_9_78"},{"num":7,"categoryName":"Dan Majerle","name":"1_14_9_56"},{"num":6.8,"categoryName":"Voshon Lenard","name":"1_14_9_45"},{"num":3.7,"categoryName":"Mark Strickland","name":"1_14_9_63"},{"num":3.2,"categoryName":"Blue Edwards","name":"1_14_9_79"},{"num":3.1,"categoryName":"Rex Walters","name":"1_14_9_74"},{"num":2.3,"categoryName":"Duane Causwell","name":"1_14_9_73"},{"num":2.3,"categoryName":"Mark Davis","name":"1_14_9_80"},{"num":1.6,"categoryName":"Keith Askins","name":"1_14_9_18"},{"num":1.1,"categoryName":"Marty Conlon","name":"1_14_9_70"},{"num":0.7,"categoryName":"Jamie Watson","name":"1_14_9_81"}],"name":"1_14_9_0"},{"num":91.4,"categoryName":"New_Jersey_Nets","children":[{"num":23.4,"categoryName":"Stephon Marbury","name":"1_14_6_176"},{"num":21.8,"categoryName":"Keith Van Horn","name":"1_14_6_167"},{"num":18,"categoryName":"Sam Cassell","name":"1_14_6_153"},{"num":12.9,"categoryName":"Kerry Kittles","name":"1_14_6_156"},{"num":11.8,"categoryName":"Kendall Gill","name":"1_14_6_144"},{"num":8.1,"categoryName":"Jayson Williams","name":"1_14_6_126"},{"num":8,"categoryName":"Doug Overton","name":"1_14_6_177"},{"num":7.9,"categoryName":"Eric Murdock","name":"1_14_6_178"},{"num":6.8,"categoryName":"Jamie Feick","name":"1_14_6_179"},{"num":6.6,"categoryName":"Scott Burrell","name":"1_14_6_180"},{"num":6.6,"categoryName":"Chris Carr","name":"1_14_6_181"},{"num":5.5,"categoryName":"Mark Hendrickson","name":"1_14_6_182"},{"num":5.4,"categoryName":"Lucious Harris","name":"1_14_6_172"},{"num":4.7,"categoryName":"Chris Gatling","name":"1_14_6_154"},{"num":4.5,"categoryName":"Damon Jones","name":"1_14_6_183"},{"num":4.2,"categoryName":"Earl Boykins","name":"1_14_6_184"},{"num":3.4,"categoryName":"David Vaughn","name":"1_14_6_173"},{"num":2.7,"categoryName":"Brian Evans","name":"1_14_6_171"},{"num":2.6,"categoryName":"Elliot Perry","name":"1_14_6_185"},{"num":2.2,"categoryName":"Jim McIlvaine","name":"1_14_6_186"},{"num":1.7,"categoryName":"Rony Seikaly","name":"1_14_6_170"},{"num":0.4,"categoryName":"William Cunningham","name":"1_14_6_187"},{"num":0,"categoryName":"Gheorghe Muresan","name":"1_14_6_188"}],"name":"1_14_6_0"},{"num":86.4,"categoryName":"New_York_Knicks","children":[{"num":17.3,"categoryName":"Patrick Ewing","name":"1_14_3_90"},{"num":16.4,"categoryName":"Latrell Sprewell","name":"1_14_3_167"},{"num":16.3,"categoryName":"Allan Houston","name":"1_14_3_153"},{"num":12,"categoryName":"Larry Johnson","name":"1_14_3_154"},{"num":8.1,"categoryName":"Kurt Thomas","name":"1_14_3_168"},{"num":7.6,"categoryName":"Charlie Ward","name":"1_14_3_144"},{"num":7.2,"categoryName":"Marcus Camby","name":"1_14_3_169"},{"num":6.8,"categoryName":"Chris Childs","name":"1_14_3_155"},{"num":2.9,"categoryName":"Dennis Scott","name":"1_14_3_170"},{"num":2.5,"categoryName":"Chris Dudley","name":"1_14_3_163"},{"num":2.1,"categoryName":"Ben Davis","name":"1_14_3_166"},{"num":1.7,"categoryName":"Herb Williams","name":"1_14_3_137"},{"num":1,"categoryName":"Rick Brunson","name":"1_14_3_171"},{"num":0.7,"categoryName":"David Wingate","name":"1_14_3_172"}],"name":"1_14_3_0"},{"num":89.5,"categoryName":"Orlando_Magic","children":[{"num":15.8,"categoryName":"Penny Hardaway","name":"1_14_10_25"},{"num":14.9,"categoryName":"Nick Anderson","name":"1_14_10_2"},{"num":13.8,"categoryName":"Darrell Armstrong","name":"1_14_10_35"},{"num":9.7,"categoryName":"Isaac Austin","name":"1_14_10_62"},{"num":8.9,"categoryName":"Horace Grant","name":"1_14_10_33"},{"num":8.2,"categoryName":"Matt Harpring","name":"1_14_10_63"},{"num":6.5,"categoryName":"Bo Outlaw","name":"1_14_10_50"},{"num":6.2,"categoryName":"Michael Doleac","name":"1_14_10_64"},{"num":5.1,"categoryName":"Derek Strong","name":"1_14_10_43"},{"num":5,"categoryName":"Dominique Wilkins","name":"1_14_10_65"},{"num":3,"categoryName":"Doug Overton","name":"1_14_10_66"},{"num":2.2,"categoryName":"B.J. Armstrong","name":"1_14_10_67"},{"num":1.5,"categoryName":"Danny Schayes","name":"1_14_10_45"},{"num":1,"categoryName":"Kevin Ollie","name":"1_14_10_56"},{"num":0.7,"categoryName":"Gerald Wilkins","name":"1_14_10_42"},{"num":0.4,"categoryName":"Miles Simon","name":"1_14_10_68"},{"num":0,"categoryName":"Jonathan Kerner","name":"1_14_10_69"}],"name":"1_14_10_0"},{"num":89.7,"categoryName":"Philadelphia_76ers","children":[{"num":26.8,"categoryName":"Allen Iverson","name":"1_14_4_200"},{"num":13.5,"categoryName":"Matt Geiger","name":"1_14_4_225"},{"num":11.2,"categoryName":"Theo Ratliff","name":"1_14_4_212"},{"num":9.1,"categoryName":"Larry Hughes","name":"1_14_4_226"},{"num":8.6,"categoryName":"Eric Snow","name":"1_14_4_219"},{"num":8.5,"categoryName":"Tyrone Hill","name":"1_14_4_227"},{"num":8.3,"categoryName":"George Lynch","name":"1_14_4_228"},{"num":4.8,"categoryName":"Aaron McKie","name":"1_14_4_220"},{"num":4.6,"categoryName":"Tim Thomas","name":"1_14_4_213"},{"num":3.1,"categoryName":"Harvey Grant","name":"1_14_4_229"},{"num":1.9,"categoryName":"Jerald Honeycutt","name":"1_14_4_230"},{"num":1.6,"categoryName":"Nazr Mohammed","name":"1_14_4_231"},{"num":1,"categoryName":"Doug Overton","name":"1_14_4_204"},{"num":1,"categoryName":"Anthony Parker","name":"1_14_4_223"},{"num":0.8,"categoryName":"Rick Mahorn","name":"1_14_4_132"},{"num":0.7,"categoryName":"Benoit Benjamin","name":"1_14_4_218"},{"num":0.2,"categoryName":"Casey Shaw","name":"1_14_4_232"},{"num":0,"categoryName":"Scott Williams","name":"1_14_4_176"}],"name":"1_14_4_0"},{"num":91.2,"categoryName":"Washington_Wizards","children":[{"num":19.7,"categoryName":"Mitch Richmond","name":"1_14_11_17"},{"num":18.9,"categoryName":"Juwan Howard","name":"1_14_11_2"},{"num":15.7,"categoryName":"Rod Strickland","name":"1_14_11_3"},{"num":11.3,"categoryName":"Otis Thorpe","name":"1_14_11_18"},{"num":7.7,"categoryName":"Calbert Cheaney","name":"1_14_11_5"},{"num":6.5,"categoryName":"Tracy Murray","name":"1_14_11_4"},{"num":6,"categoryName":"Ben Wallace","name":"1_14_11_10"},{"num":4.8,"categoryName":"Chris Whitney","name":"1_14_11_7"},{"num":4.2,"categoryName":"Randell Jackson","name":"1_14_11_19"},{"num":4,"categoryName":"Tim Legler","name":"1_14_11_15"},{"num":3.7,"categoryName":"Jeff McInnis","name":"1_14_11_20"},{"num":3.4,"categoryName":"Terry Davis","name":"1_14_11_9"},{"num":2.5,"categoryName":"Jahidi White","name":"1_14_11_21"},{"num":2.2,"categoryName":"John Coker","name":"1_14_11_22"},{"num":0,"categoryName":"Etdrick Bohannon","name":"1_14_11_23"}],"name":"1_14_11_0"}],"name":"1_14_0_0","num":630.2},{"categoryName":"Central","children":[{"num":86.3,"categoryName":"Atlanta_Hawks","children":[{"num":18.7,"categoryName":"Steve Smith","name":"1_15_1_152"},{"num":13.3,"categoryName":"Mookie Blaylock","name":"1_15_1_139"},{"num":12.5,"categoryName":"Alan Henderson","name":"1_15_1_162"},{"num":10.8,"categoryName":"Dikembe Mutombo","name":"1_15_1_171"},{"num":10.2,"categoryName":"LaPhonso Ellis","name":"1_15_1_188"},{"num":9.8,"categoryName":"Grant Long","name":"1_15_1_154"},{"num":7.5,"categoryName":"Tyrone Corbin","name":"1_15_1_155"},{"num":6.9,"categoryName":"Chris Crawford","name":"1_15_1_183"},{"num":5,"categoryName":"Anthony Johnson","name":"1_15_1_189"},{"num":4.9,"categoryName":"Ed Gray","name":"1_15_1_181"},{"num":4.8,"categoryName":"Roshown McLeod","name":"1_15_1_190"},{"num":2.2,"categoryName":"Jeffrey Sheppard","name":"1_15_1_191"},{"num":1.5,"categoryName":"Shammond Williams","name":"1_15_1_192"},{"num":1.2,"categoryName":"Mark West","name":"1_15_1_193"}],"name":"1_15_1_0"},{"num":92.9,"categoryName":"Charlotte_Hornets","children":[{"num":17,"categoryName":"Eddie Jones","name":"1_15_15_77"},{"num":15.3,"categoryName":"Elden Campbell","name":"1_15_15_78"},{"num":15.2,"categoryName":"J.R. Reid","name":"1_15_15_5"},{"num":14.3,"categoryName":"Bobby Phills","name":"1_15_15_70"},{"num":14.1,"categoryName":"David Wesley","name":"1_15_15_69"},{"num":13.1,"categoryName":"Derrick Coleman","name":"1_15_15_79"},{"num":8.5,"categoryName":"Chucky Brown","name":"1_15_15_80"},{"num":6.3,"categoryName":"Brad Miller","name":"1_15_15_81"},{"num":6.1,"categoryName":"Chuck Person","name":"1_15_15_82"},{"num":5.7,"categoryName":"B.J. Armstrong","name":"1_15_15_72"},{"num":5,"categoryName":"Eldridge Recasner","name":"1_15_15_83"},{"num":4.5,"categoryName":"Ricky Davis","name":"1_15_15_84"},{"num":3.3,"categoryName":"C. Shackleford","name":"1_15_15_85"},{"num":2.2,"categoryName":"Corey Beck","name":"1_15_15_58"},{"num":1.9,"categoryName":"Travis Williams","name":"1_15_15_73"},{"num":1.3,"categoryName":"Willie Burton","name":"1_15_15_86"},{"num":0,"categoryName":"Joe Wolf","name":"1_15_15_46"}],"name":"1_15_15_0"},{"num":81.9,"categoryName":"Chicago_Bulls","children":[{"num":18.8,"categoryName":"Toni Kukoc","name":"1_15_12_90"},{"num":11.2,"categoryName":"Ron Harper","name":"1_15_12_96"},{"num":11.1,"categoryName":"Brent Barry","name":"1_15_12_114"},{"num":9.1,"categoryName":"Dickey Simpkins","name":"1_15_12_100"},{"num":9,"categoryName":"Mark Bryant","name":"1_15_12_115"},{"num":8.8,"categoryName":"Randy Brown","name":"1_15_12_104"},{"num":6.2,"categoryName":"Kornel David","name":"1_15_12_116"},{"num":4.7,"categoryName":"Rusty LaRue","name":"1_15_12_110"},{"num":4.1,"categoryName":"Cory Carr","name":"1_15_12_117"},{"num":3.8,"categoryName":"Andrew Lang","name":"1_15_12_118"},{"num":3.8,"categoryName":"Corey Benjamin","name":"1_15_12_119"},{"num":3.8,"categoryName":"Bill Wennington","name":"1_15_12_93"},{"num":3.7,"categoryName":"Charles Jones","name":"1_15_12_35"},{"num":3.1,"categoryName":"Keith Booth","name":"1_15_12_112"},{"num":2.3,"categoryName":"Mario Bennett","name":"1_15_12_120"}],"name":"1_15_12_0"},{"num":86.4,"categoryName":"Cleveland_Cavaliers","children":[{"num":20.5,"categoryName":"Shawn Kemp","name":"1_15_4_182"},{"num":15.2,"categoryName":"Zydrunas Ilgauskas","name":"1_15_4_184"},{"num":11.2,"categoryName":"Wesley Person","name":"1_15_4_183"},{"num":10.8,"categoryName":"Derek Anderson","name":"1_15_4_185"},{"num":9.6,"categoryName":"Brevin Knight","name":"1_15_4_187"},{"num":9.1,"categoryName":"Cedric Henderson","name":"1_15_4_186"},{"num":9,"categoryName":"Andrew DeClercq","name":"1_15_4_192"},{"num":8.4,"categoryName":"Vitaly Potapenko","name":"1_15_4_178"},{"num":7,"categoryName":"Danny Ferry","name":"1_15_4_144"},{"num":6.1,"categoryName":"Johnny Newman","name":"1_15_4_122"},{"num":5.4,"categoryName":"Mitchell Butler","name":"1_15_4_189"},{"num":4.3,"categoryName":"Bob Sura","name":"1_15_4_170"},{"num":3.4,"categoryName":"Corie Blount","name":"1_15_4_193"},{"num":2.6,"categoryName":"Ryan Stack","name":"1_15_4_194"},{"num":2.6,"categoryName":"Earl Boykins","name":"1_15_4_195"},{"num":1.3,"categoryName":"Antonio Lang","name":"1_15_4_173"},{"num":0,"categoryName":"Litterial Green","name":"1_15_4_196"}],"name":"1_15_4_0"},{"num":90.4,"categoryName":"Detroit_Pistons","children":[{"num":21.1,"categoryName":"Grant Hill","name":"1_15_10_132"},{"num":14.5,"categoryName":"Jerry Stackhouse","name":"1_15_10_157"},{"num":11.9,"categoryName":"Lindsey Hunter","name":"1_15_10_120"},{"num":11.3,"categoryName":"Joe Dumars","name":"1_15_10_75"},{"num":10.5,"categoryName":"Bison Dele","name":"1_15_10_156"},{"num":7.6,"categoryName":"Christian Laettner","name":"1_15_10_163"},{"num":7.1,"categoryName":"Jerome Williams","name":"1_15_10_155"},{"num":5.5,"categoryName":"Jud Buechler","name":"1_15_10_164"},{"num":5.1,"categoryName":"Don Reid","name":"1_15_10_146"},{"num":4.3,"categoryName":"Korleone Young","name":"1_15_10_165"},{"num":3.4,"categoryName":"Loy Vaught","name":"1_15_10_166"},{"num":3.1,"categoryName":"Charles O'Bannon","name":"1_15_10_161"},{"num":2.3,"categoryName":"Khalid Reeves","name":"1_15_10_167"},{"num":2.1,"categoryName":"Eric Montross","name":"1_15_10_160"},{"num":2,"categoryName":"Mikki Moore","name":"1_15_10_168"},{"num":1.3,"categoryName":"Mark Macon","name":"1_15_10_125"},{"num":1.3,"categoryName":"Corey Beck","name":"1_15_10_169"},{"num":1,"categoryName":"Steve Henson","name":"1_15_10_162"}],"name":"1_15_10_0"},{"num":94.7,"categoryName":"Indiana_Pacers","children":[{"num":18.4,"categoryName":"Reggie Miller","name":"1_15_11_67"},{"num":14.9,"categoryName":"Rik Smits","name":"1_15_11_73"},{"num":11.1,"categoryName":"Jalen Rose","name":"1_15_11_112"},{"num":10.1,"categoryName":"Chris Mullin","name":"1_15_11_119"},{"num":9.4,"categoryName":"Antonio Davis","name":"1_15_11_96"},{"num":8,"categoryName":"Dale Davis","name":"1_15_11_88"},{"num":7.6,"categoryName":"Mark Jackson","name":"1_15_11_101"},{"num":7.1,"categoryName":"Travis Best","name":"1_15_11_108"},{"num":5,"categoryName":"Sam Perkins","name":"1_15_11_124"},{"num":4.6,"categoryName":"Derrick McKey","name":"1_15_11_94"},{"num":3.4,"categoryName":"Austin Croshere","name":"1_15_11_120"},{"num":2.1,"categoryName":"Al Harrington","name":"1_15_11_125"},{"num":1.6,"categoryName":"Fred Hoiberg","name":"1_15_11_111"},{"num":0.5,"categoryName":"Mark Pope","name":"1_15_11_122"}],"name":"1_15_11_0"},{"num":91.7,"categoryName":"Milwaukee_Bucks","children":[{"num":18.4,"categoryName":"Glenn Robinson","name":"1_15_13_111"},{"num":17.1,"categoryName":"Ray Allen","name":"1_15_13_125"},{"num":13.8,"categoryName":"Sam Cassell","name":"1_15_13_147"},{"num":13.5,"categoryName":"Terrell Brandon","name":"1_15_13_137"},{"num":10.1,"categoryName":"Dell Curry","name":"1_15_13_148"},{"num":8.6,"categoryName":"Tyrone Hill","name":"1_15_13_138"},{"num":8.5,"categoryName":"Tim Thomas","name":"1_15_13_149"},{"num":8.3,"categoryName":"Armen Gilliam","name":"1_15_13_126"},{"num":6.9,"categoryName":"Haywoode Workman","name":"1_15_13_150"},{"num":6.3,"categoryName":"Chris Gatling","name":"1_15_13_151"},{"num":5.9,"categoryName":"Vinny Del Negro","name":"1_15_13_152"},{"num":5.3,"categoryName":"Robert Traylor","name":"1_15_13_153"},{"num":5.1,"categoryName":"Ervin Johnson","name":"1_15_13_139"},{"num":4.9,"categoryName":"Michael Curry","name":"1_15_13_140"},{"num":4,"categoryName":"Elliot Perry","name":"1_15_13_127"},{"num":2.8,"categoryName":"Scott Williams","name":"1_15_13_154"},{"num":1.7,"categoryName":"Jerald Honeycutt","name":"1_15_13_141"},{"num":1.5,"categoryName":"Adonis Jordan","name":"1_15_13_155"},{"num":1,"categoryName":"Paul Grant","name":"1_15_13_156"},{"num":0,"categoryName":"Jamie Feick","name":"1_15_13_143"}],"name":"1_15_13_0"},{"num":91.1,"categoryName":"Toronto_Raptors","children":[{"num":18.3,"categoryName":"Vince Carter","name":"1_15_16_46"},{"num":15.2,"categoryName":"Doug Christie","name":"1_15_16_7"},{"num":12,"categoryName":"Kevin Willis","name":"1_15_16_47"},{"num":11.2,"categoryName":"Dee Brown","name":"1_15_16_35"},{"num":9.3,"categoryName":"Tracy McGrady","name":"1_15_16_37"},{"num":8.6,"categoryName":"John Wallace","name":"1_15_16_33"},{"num":7,"categoryName":"Charles Oakley","name":"1_15_16_48"},{"num":5,"categoryName":"Alvin Williams","name":"1_15_16_39"},{"num":4.3,"categoryName":"John Thomas","name":"1_15_16_41"},{"num":3.8,"categoryName":"Reggie Slater","name":"1_15_16_22"},{"num":1.5,"categoryName":"Michael Stewart","name":"1_15_16_49"},{"num":1.4,"categoryName":"Sean Marks","name":"1_15_16_50"},{"num":1.3,"categoryName":"Negele Knight","name":"1_15_16_51"},{"num":1,"categoryName":"Micheal Williams","name":"1_15_16_52"},{"num":0,"categoryName":"LaMark Baker","name":"1_15_16_53"},{"num":0,"categoryName":"William Cunningham","name":"1_15_16_54"}],"name":"1_15_16_0"}],"name":"1_15_0_0","num":715.4000000000001}],"name":"1_0_0_0","num":1345.6000000000001},{"categoryName":"Western","children":[{"categoryName":"Midwest","children":[{"num":91.6,"categoryName":"Dallas_Mavericks","children":[{"num":20.2,"categoryName":"Michael Finley","name":"2_32_10_104"},{"num":16,"categoryName":"Gary Trent","name":"2_32_10_131"},{"num":12.5,"categoryName":"Cedric Ceballos","name":"2_32_10_121"},{"num":9.1,"categoryName":"Hubert Davis","name":"2_32_10_123"},{"num":8.9,"categoryName":"Robert Pack","name":"2_32_10_107"},{"num":8.6,"categoryName":"Shawn Bradley","name":"2_32_10_105"},{"num":8.2,"categoryName":"Dirk Nowitzki","name":"2_32_10_132"},{"num":7.9,"categoryName":"Steve Nash","name":"2_32_10_133"},{"num":7.5,"categoryName":"Erick Strickland","name":"2_32_10_108"},{"num":5.9,"categoryName":"Samaki Walker","name":"2_32_10_111"},{"num":4.9,"categoryName":"A.C. Green","name":"2_32_10_109"},{"num":3.3,"categoryName":"Chris Anstey","name":"2_32_10_126"},{"num":1.3,"categoryName":"Bruno Sundov","name":"2_32_10_134"},{"num":1.2,"categoryName":"Hot Rod Williams","name":"2_32_10_135"}],"name":"2_32_10_0"},{"num":93.5,"categoryName":"Denver_Nuggets","children":[{"num":21.2,"categoryName":"Antonio McDyess","name":"2_32_7_125"},{"num":16.5,"categoryName":"Nick Van Exel","name":"2_32_7_161"},{"num":13.9,"categoryName":"Chauncey Billups","name":"2_32_7_162"},{"num":13.8,"categoryName":"Raef LaFrentz","name":"2_32_7_163"},{"num":11,"categoryName":"Danny Fortson","name":"2_32_7_154"},{"num":7.3,"categoryName":"Eric Williams","name":"2_32_7_150"},{"num":7.3,"categoryName":"Cory Alexander","name":"2_32_7_152"},{"num":7,"categoryName":"Bryant Stith","name":"2_32_7_109"},{"num":5.8,"categoryName":"Johnny Taylor","name":"2_32_7_164"},{"num":5.4,"categoryName":"Eric Washington","name":"2_32_7_156"},{"num":4,"categoryName":"Tyson Wheeler","name":"2_32_7_165"},{"num":3.3,"categoryName":"Keon Clark","name":"2_32_7_166"},{"num":2.5,"categoryName":"Carl Herrera","name":"2_32_7_167"},{"num":2,"categoryName":"Kelly McCarty","name":"2_32_7_168"},{"num":1.1,"categoryName":"Loren Meyer","name":"2_32_7_169"},{"num":1,"categoryName":"Monty Williams","name":"2_32_7_170"}],"name":"2_32_7_0"},{"num":94.2,"categoryName":"Houston_Rockets","children":[{"num":18.9,"categoryName":"Hakeem Olajuwon","name":"2_32_11_29"},{"num":16.1,"categoryName":"Charles Barkley","name":"2_32_11_100"},{"num":14.5,"categoryName":"Scottie Pippen","name":"2_32_11_112"},{"num":10.9,"categoryName":"Michael Dickerson","name":"2_32_11_113"},{"num":9.9,"categoryName":"Cuttino Mobley","name":"2_32_11_114"},{"num":9.8,"categoryName":"Othella Harrington","name":"2_32_11_106"},{"num":9.2,"categoryName":"Sam Mack","name":"2_32_11_93"},{"num":7.3,"categoryName":"Brent Price","name":"2_32_11_104"},{"num":4,"categoryName":"Eddie Johnson","name":"2_32_11_101"},{"num":3.5,"categoryName":"Bryce Drew","name":"2_32_11_115"},{"num":3,"categoryName":"Rodrick Rhodes","name":"2_32_11_111"},{"num":2.9,"categoryName":"Matt Bullard","name":"2_32_11_67"},{"num":2.6,"categoryName":"Antoine Carr","name":"2_32_11_116"},{"num":2.4,"categoryName":"Anthony Miller","name":"2_32_11_117"},{"num":2.3,"categoryName":"Stanley Roberts","name":"2_32_11_118"},{"num":1.4,"categoryName":"Matt Maloney","name":"2_32_11_103"}],"name":"2_32_11_0"},{"num":92.9,"categoryName":"Minnesota_Timberwolves","children":[{"num":20.8,"categoryName":"Kevin Garnett","name":"2_32_16_54"},{"num":17.7,"categoryName":"Stephon Marbury","name":"2_32_16_63"},{"num":14.2,"categoryName":"Terrell Brandon","name":"2_32_16_77"},{"num":13.7,"categoryName":"Joe Smith","name":"2_32_16_78"},{"num":11.2,"categoryName":"Sam Mitchell","name":"2_32_16_3"},{"num":9.6,"categoryName":"Anthony Peeler","name":"2_32_16_71"},{"num":9.1,"categoryName":"Dennis Scott","name":"2_32_16_79"},{"num":8.1,"categoryName":"Malik Sealy","name":"2_32_16_80"},{"num":7.1,"categoryName":"Bobby Jackson","name":"2_32_16_81"},{"num":5.5,"categoryName":"Dean Garrett","name":"2_32_16_65"},{"num":4.5,"categoryName":"James Robinson","name":"2_32_16_64"},{"num":4.3,"categoryName":"Tom Hammonds","name":"2_32_16_73"},{"num":4,"categoryName":"Rasho Nesterovic","name":"2_32_16_82"},{"num":3.3,"categoryName":"Andrae Patterson","name":"2_32_16_83"},{"num":2.2,"categoryName":"Bill Curley","name":"2_32_16_74"},{"num":2.1,"categoryName":"Chris Carr","name":"2_32_16_66"},{"num":1.9,"categoryName":"Reggie Jordan","name":"2_32_16_69"},{"num":0.8,"categoryName":"Brian Evans","name":"2_32_16_84"},{"num":0.5,"categoryName":"Paul Grant","name":"2_32_16_85"},{"num":0,"categoryName":"Trevor Winter","name":"2_32_16_86"}],"name":"2_32_16_0"},{"num":92.8,"categoryName":"San_Antonio_Spurs","children":[{"num":21.7,"categoryName":"Tim Duncan","name":"2_32_12_167"},{"num":15.8,"categoryName":"David Robinson","name":"2_32_12_100"},{"num":11.2,"categoryName":"Sean Elliott","name":"2_32_12_104"},{"num":9.7,"categoryName":"Avery Johnson","name":"2_32_12_114"},{"num":9.7,"categoryName":"Mario Elie","name":"2_32_12_172"},{"num":6.4,"categoryName":"Jaren Jackson","name":"2_32_12_168"},{"num":6,"categoryName":"Malik Rose","name":"2_32_12_169"},{"num":4.7,"categoryName":"Antonio Daniels","name":"2_32_12_173"},{"num":4.4,"categoryName":"Steve Kerr","name":"2_32_12_174"},{"num":3.2,"categoryName":"Jerome Kersey","name":"2_32_12_175"},{"num":2.4,"categoryName":"Will Perdue","name":"2_32_12_152"},{"num":1.2,"categoryName":"Gerard King","name":"2_32_12_176"},{"num":1.1,"categoryName":"Andrew Gaze","name":"2_32_12_177"},{"num":0.7,"categoryName":"Brandon Williams","name":"2_32_12_178"}],"name":"2_32_12_0"},{"num":93.3,"categoryName":"Utah_Jazz","children":[{"num":23.8,"categoryName":"Karl Malone","name":"2_32_9_51"},{"num":12.4,"categoryName":"Bryon Russell","name":"2_32_9_98"},{"num":12.2,"categoryName":"Jeff Hornacek","name":"2_32_9_95"},{"num":11.1,"categoryName":"John Stockton","name":"2_32_9_48"},{"num":8.5,"categoryName":"Shandon Anderson","name":"2_32_9_113"},{"num":7.4,"categoryName":"Howard Eisley","name":"2_32_9_110"},{"num":5.7,"categoryName":"Greg Ostertag","name":"2_32_9_112"},{"num":4.2,"categoryName":"Thurl Bailey","name":"2_32_9_45"},{"num":4,"categoryName":"Adam Keefe","name":"2_32_9_107"},{"num":3.4,"categoryName":"Todd Fuller","name":"2_32_9_119"},{"num":2.8,"categoryName":"Greg Foster","name":"2_32_9_111"},{"num":2.3,"categoryName":"Jacque Vaughn","name":"2_32_9_116"},{"num":1.8,"categoryName":"Anthony Avent","name":"2_32_9_120"},{"num":0.5,"categoryName":"Chris King","name":"2_32_9_121"}],"name":"2_32_9_0"},{"num":88.9,"categoryName":"Vancouver_Grizzlies","children":[{"num":23,"categoryName":"S. Abdur-Rahim","name":"2_32_18_19"},{"num":13.2,"categoryName":"Mike Bibby","name":"2_32_18_37"},{"num":12.7,"categoryName":"Sam Mack","name":"2_32_18_30"},{"num":11.2,"categoryName":"Tony Massenburg","name":"2_32_18_32"},{"num":10.8,"categoryName":"Bryant Reeves","name":"2_32_18_3"},{"num":9.3,"categoryName":"Felipe Lopez","name":"2_32_18_38"},{"num":5.8,"categoryName":"Doug West","name":"2_32_18_39"},{"num":5.5,"categoryName":"Cherokee Parks","name":"2_32_18_40"},{"num":4.8,"categoryName":"Michael Smith","name":"2_32_18_33"},{"num":4.5,"categoryName":"DeJuan Wheat","name":"2_32_18_41"},{"num":3.6,"categoryName":"Pete Chilcutt","name":"2_32_18_26"},{"num":3.4,"categoryName":"Rodrick Rhodes","name":"2_32_18_42"},{"num":3.4,"categoryName":"Terry Dehere","name":"2_32_18_43"},{"num":3.2,"categoryName":"J.R. Henderson","name":"2_32_18_44"},{"num":2.2,"categoryName":"Lee Mayberry","name":"2_32_18_24"},{"num":1.8,"categoryName":"Jason Sasser","name":"2_32_18_45"},{"num":1.5,"categoryName":"Carl Herrera","name":"2_32_18_46"},{"num":1.3,"categoryName":"Makhtar N'Diaye","name":"2_32_18_47"}],"name":"2_32_18_0"}],"name":"2_32_0_0","num":647.2},{"categoryName":"Pacific","children":[{"num":88.3,"categoryName":"Golden_State_Warriors","children":[{"num":13.8,"categoryName":"John Starks","name":"2_33_6_112"},{"num":11,"categoryName":"Donyell Marshall","name":"2_33_6_163"},{"num":10.3,"categoryName":"Chris Mills","name":"2_33_6_204"},{"num":9.6,"categoryName":"Antawn Jamison","name":"2_33_6_205"},{"num":9.5,"categoryName":"Bimbo Coles","name":"2_33_6_176"},{"num":9.1,"categoryName":"Terry Cummings","name":"2_33_6_206"},{"num":8.8,"categoryName":"Erick Dampier","name":"2_33_6_191"},{"num":8.8,"categoryName":"Jason Caffey","name":"2_33_6_192"},{"num":6.8,"categoryName":"Tony Delk","name":"2_33_6_194"},{"num":5.1,"categoryName":"Muggsy Bogues","name":"2_33_6_197"},{"num":2.9,"categoryName":"Adonal Foyle","name":"2_33_6_200"},{"num":1.6,"categoryName":"Felton Spencer","name":"2_33_6_184"},{"num":0.6,"categoryName":"Duane Ferrell","name":"2_33_6_203"}],"name":"2_33_6_0"},{"num":90.4,"categoryName":"Los_Angeles_Clippers","children":[{"num":16.8,"categoryName":"Maurice Taylor","name":"2_33_10_119"},{"num":12.2,"categoryName":"Lamond Murray","name":"2_33_10_99"},{"num":10.5,"categoryName":"Eric Piatkowski","name":"2_33_10_103"},{"num":10.1,"categoryName":"Tyrone Nesby","name":"2_33_10_124"},{"num":8.9,"categoryName":"Michael Olowokandi","name":"2_33_10_125"},{"num":8.2,"categoryName":"Sherman Douglas","name":"2_33_10_126"},{"num":8,"categoryName":"Darrick Martin","name":"2_33_10_113"},{"num":7.6,"categoryName":"James Robinson","name":"2_33_10_120"},{"num":7.4,"categoryName":"Rodney Rogers","name":"2_33_10_108"},{"num":6.8,"categoryName":"Troy Hudson","name":"2_33_10_127"},{"num":6.6,"categoryName":"Lorenzen Wright","name":"2_33_10_114"},{"num":4.1,"categoryName":"Brian Skinner","name":"2_33_10_128"},{"num":3.7,"categoryName":"Charles Smith","name":"2_33_10_45"},{"num":2.5,"categoryName":"Pooh Richardson","name":"2_33_10_101"},{"num":2.1,"categoryName":"Keith Closs","name":"2_33_10_121"},{"num":1,"categoryName":"Stojko Vrankovic","name":"2_33_10_122"}],"name":"2_33_10_0"},{"num":99,"categoryName":"Los_Angeles_Lakers","children":[{"num":26.3,"categoryName":"Shaquille O'Neal","name":"2_33_1_157"},{"num":19.9,"categoryName":"Kobe Bryant","name":"2_33_1_159"},{"num":17.5,"categoryName":"Glen Rice","name":"2_33_1_172"},{"num":13.6,"categoryName":"Eddie Jones","name":"2_33_1_148"},{"num":9,"categoryName":"Rick Fox","name":"2_33_1_168"},{"num":7.4,"categoryName":"Elden Campbell","name":"2_33_1_125"},{"num":6.9,"categoryName":"Derek Harper","name":"2_33_1_173"},{"num":5.9,"categoryName":"Derek Fisher","name":"2_33_1_163"},{"num":5,"categoryName":"J.R. Reid","name":"2_33_1_174"},{"num":5,"categoryName":"Tyronn Lue","name":"2_33_1_175"},{"num":4.9,"categoryName":"Robert Horry","name":"2_33_1_158"},{"num":4.2,"categoryName":"Travis Knight","name":"2_33_1_161"},{"num":4,"categoryName":"Sam Jacobson","name":"2_33_1_176"},{"num":2.7,"categoryName":"Sean Rooks","name":"2_33_1_164"},{"num":2.7,"categoryName":"Ruben Patterson","name":"2_33_1_177"},{"num":2.3,"categoryName":"Corie Blount","name":"2_33_1_155"},{"num":2.1,"categoryName":"Dennis Rodman","name":"2_33_1_178"}],"name":"2_33_1_0"},{"num":95.6,"categoryName":"Phoenix_Suns","children":[{"num":17,"categoryName":"Tom Gugliotta","name":"2_33_8_164"},{"num":16.9,"categoryName":"Jason Kidd","name":"2_33_8_146"},{"num":16.4,"categoryName":"Clifford Robinson","name":"2_33_8_159"},{"num":12.1,"categoryName":"Rex Chapman","name":"2_33_8_145"},{"num":12,"categoryName":"Randy Livingston","name":"2_33_8_165"},{"num":9.1,"categoryName":"Danny Manning","name":"2_33_8_128"},{"num":8.9,"categoryName":"George McCloud","name":"2_33_8_160"},{"num":8.7,"categoryName":"Luc Longley","name":"2_33_8_166"},{"num":5.6,"categoryName":"Pat Garrity","name":"2_33_8_167"},{"num":4.2,"categoryName":"Chris Morris","name":"2_33_8_168"},{"num":3.1,"categoryName":"Shawn Respert","name":"2_33_8_169"},{"num":2.9,"categoryName":"Toby Bailey","name":"2_33_8_170"},{"num":2.8,"categoryName":"Alvin Sims","name":"2_33_8_171"},{"num":2.4,"categoryName":"Gerald Brown","name":"2_33_8_172"},{"num":2.2,"categoryName":"Joe Kleine","name":"2_33_8_123"},{"num":1.5,"categoryName":"Jimmy Oliver","name":"2_33_8_173"},{"num":1.5,"categoryName":"Marko Milic","name":"2_33_8_162"}],"name":"2_33_8_0"},{"num":94.8,"categoryName":"Portland_Trail_Blazers","children":[{"num":13.9,"categoryName":"Isaiah Rider","name":"2_33_2_165"},{"num":12.8,"categoryName":"Rasheed Wallace","name":"2_33_2_166"},{"num":12.6,"categoryName":"Damon Stoudamire","name":"2_33_2_174"},{"num":12.1,"categoryName":"Arvydas Sabonis","name":"2_33_2_156"},{"num":11.5,"categoryName":"Brian Grant","name":"2_33_2_175"},{"num":9.3,"categoryName":"Walt Williams","name":"2_33_2_176"},{"num":8.4,"categoryName":"Jim Jackson","name":"2_33_2_186"},{"num":6.4,"categoryName":"Greg Anthony","name":"2_33_2_187"},{"num":4.4,"categoryName":"Bonzi Wells","name":"2_33_2_188"},{"num":4.3,"categoryName":"Stacey Augmon","name":"2_33_2_167"},{"num":4,"categoryName":"John Crotty","name":"2_33_2_181"},{"num":3.5,"categoryName":"Kelvin Cato","name":"2_33_2_180"},{"num":2.5,"categoryName":"Jermaine O'Neal","name":"2_33_2_168"},{"num":2.5,"categoryName":"Carlos Rogers","name":"2_33_2_183"},{"num":0,"categoryName":"Brian Shaw","name":"2_33_2_189"},{"num":0,"categoryName":"Gary Grant","name":"2_33_2_178"}],"name":"2_33_2_0"},{"num":100.2,"categoryName":"Sacramento_Kings","children":[{"num":20,"categoryName":"Chris Webber","name":"2_33_11_93"},{"num":14.3,"categoryName":"Vlade Divac","name":"2_33_11_94"},{"num":13.2,"categoryName":"Corliss Williamson","name":"2_33_11_75"},{"num":12.8,"categoryName":"Jason Williams","name":"2_33_11_95"},{"num":10.7,"categoryName":"Vernon Maxwell","name":"2_33_11_96"},{"num":9.3,"categoryName":"Tariq Abdul-Wahad","name":"2_33_11_87"},{"num":8.9,"categoryName":"L. Funderburke","name":"2_33_11_84"},{"num":8.4,"categoryName":"Peja Stojakovic","name":"2_33_11_97"},{"num":5.1,"categoryName":"Scot Pollard","name":"2_33_11_98"},{"num":5,"categoryName":"Jon Barry","name":"2_33_11_99"},{"num":2.5,"categoryName":"Oliver Miller","name":"2_33_11_100"},{"num":2.3,"categoryName":"Terry Dehere","name":"2_33_11_88"},{"num":1.7,"categoryName":"Kevin Ollie","name":"2_33_11_101"},{"num":1.5,"categoryName":"Jerome James","name":"2_33_11_102"},{"num":1.5,"categoryName":"Michael Hawkins","name":"2_33_11_103"},{"num":1,"categoryName":"Peter Aluma","name":"2_33_11_104"}],"name":"2_33_11_0"},{"num":94.9,"categoryName":"Seattle_Supersonics","children":[{"num":21.7,"categoryName":"Gary Payton","name":"2_33_5_133"},{"num":15,"categoryName":"Detlef Schrempf","name":"2_33_5_143"},{"num":13.8,"categoryName":"Vin Baker","name":"2_33_5_163"},{"num":10.9,"categoryName":"Don MacLean","name":"2_33_5_170"},{"num":10.3,"categoryName":"Hersey Hawkins","name":"2_33_5_152"},{"num":10.3,"categoryName":"Dale Ellis","name":"2_33_5_104"},{"num":7.8,"categoryName":"Billy Owens","name":"2_33_5_171"},{"num":7.7,"categoryName":"Olden Polynice","name":"2_33_5_117"},{"num":6.1,"categoryName":"John Crotty","name":"2_33_5_172"},{"num":5.5,"categoryName":"Vladimir Stepania","name":"2_33_5_173"},{"num":5.1,"categoryName":"Jelani McCoy","name":"2_33_5_174"},{"num":4,"categoryName":"Aaron Williams","name":"2_33_5_166"},{"num":3.2,"categoryName":"Moochie Norris","name":"2_33_5_175"},{"num":2.5,"categoryName":"James Cotton","name":"2_33_5_167"},{"num":2.4,"categoryName":"Rashard Lewis","name":"2_33_5_176"},{"num":2.2,"categoryName":"Drew Barry","name":"2_33_5_177"}],"name":"2_33_5_0"}],"name":"2_33_0_0","num":663.1999999999999}],"name":"2_0_0_0","num":1310.4}],"num":2656}