{"year":1990,"name":"root","categoryName":"root","children":[{"categoryName":"Eastern","children":[{"categoryName":"Atlantic","children":[{"num":111.5,"categoryName":"Boston_Celtics","children":[{"num":19.4,"categoryName":"Larry Bird","name":"1_14_1_52"},{"num":18.7,"categoryName":"Reggie Lewis","name":"1_14_1_82"},{"num":18.4,"categoryName":"Kevin McHale","name":"1_14_1_58"},{"num":15.6,"categoryName":"Kevin Gamble","name":"1_14_1_91"},{"num":14.9,"categoryName":"Robert Parish","name":"1_14_1_57"},{"num":13.8,"categoryName":"Brian Shaw","name":"1_14_1_88"},{"num":8.7,"categoryName":"Dee Brown","name":"1_14_1_98"},{"num":5.2,"categoryName":"Ed Pinckney","name":"1_14_1_87"},{"num":4.6,"categoryName":"Michael Smith","name":"1_14_1_95"},{"num":3.6,"categoryName":"Joe Kleine","name":"1_14_1_90"},{"num":2.5,"categoryName":"Derek Smith","name":"1_14_1_99"},{"num":2,"categoryName":"A.J. Wynder","name":"1_14_1_100"},{"num":1.9,"categoryName":"Stojko Vrankovic","name":"1_14_1_101"},{"num":1.8,"categoryName":"Dave Popson","name":"1_14_1_102"},{"num":1.8,"categoryName":"Charles Smith","name":"1_14_1_97"}],"name":"1_14_1_0"},{"num":101.8,"categoryName":"Miami_Heat","children":[{"num":18.5,"categoryName":"Sherman Douglas","name":"1_14_9_2"},{"num":17.4,"categoryName":"Glen Rice","name":"1_14_9_3"},{"num":16.4,"categoryName":"Rony Seikaly","name":"1_14_9_1"},{"num":12.1,"categoryName":"Kevin Edwards","name":"1_14_9_4"},{"num":12,"categoryName":"Willie Burton","name":"1_14_9_14"},{"num":9.2,"categoryName":"Grant Long","name":"1_14_9_7"},{"num":6.8,"categoryName":"Billy Thompson","name":"1_14_9_5"},{"num":6.2,"categoryName":"Alec Kessler","name":"1_14_9_15"},{"num":5.5,"categoryName":"Terry Davis","name":"1_14_9_10"},{"num":4.9,"categoryName":"Bimbo Coles","name":"1_14_9_16"},{"num":4.8,"categoryName":"Milt Wagner","name":"1_14_9_17"},{"num":4.7,"categoryName":"Jon Sundvold","name":"1_14_9_8"},{"num":2.2,"categoryName":"Keith Askins","name":"1_14_9_18"},{"num":1.7,"categoryName":"Alan Ogg","name":"1_14_9_19"}],"name":"1_14_9_0"},{"num":102.9,"categoryName":"New_Jersey_Nets","children":[{"num":18.6,"categoryName":"Reggie Theus","name":"1_14_6_112"},{"num":18.4,"categoryName":"Derrick Coleman","name":"1_14_6_113"},{"num":14.1,"categoryName":"Mookie Blaylock","name":"1_14_6_103"},{"num":13.2,"categoryName":"Chris Morris","name":"1_14_6_89"},{"num":12.9,"categoryName":"Sam Bowie","name":"1_14_6_100"},{"num":12.6,"categoryName":"Drazen Petrovic","name":"1_14_6_114"},{"num":8,"categoryName":"Greg Anderson","name":"1_14_6_115"},{"num":7.6,"categoryName":"Derrick Gervin","name":"1_14_6_102"},{"num":7.1,"categoryName":"Chris Dudley","name":"1_14_6_105"},{"num":5.6,"categoryName":"Jack Haley","name":"1_14_6_106"},{"num":4.9,"categoryName":"Terry Mills","name":"1_14_6_116"},{"num":4.6,"categoryName":"Roy Hinson","name":"1_14_6_78"},{"num":4.1,"categoryName":"Lester Conner","name":"1_14_6_92"},{"num":3.4,"categoryName":"Tate George","name":"1_14_6_117"},{"num":3.1,"categoryName":"Jud Buechler","name":"1_14_6_118"},{"num":1.4,"categoryName":"Kurk Lee","name":"1_14_6_119"}],"name":"1_14_6_0"},{"num":103.1,"categoryName":"New_York_Knicks","children":[{"num":26.6,"categoryName":"Patrick Ewing","name":"1_14_3_90"},{"num":16.3,"categoryName":"Kiki Vandeweghe","name":"1_14_3_113"},{"num":13.8,"categoryName":"Gerald Wilkins","name":"1_14_3_91"},{"num":11.2,"categoryName":"Charles Oakley","name":"1_14_3_112"},{"num":8.8,"categoryName":"Mark Jackson","name":"1_14_3_103"},{"num":7.8,"categoryName":"Maurice Cheeks","name":"1_14_3_117"},{"num":7.6,"categoryName":"John Starks","name":"1_14_3_120"},{"num":7.1,"categoryName":"Trent Tucker","name":"1_14_3_73"},{"num":4.7,"categoryName":"Brian Quinnett","name":"1_14_3_118"},{"num":4.3,"categoryName":"Jerrod Mustaf","name":"1_14_3_121"},{"num":4.3,"categoryName":"Kenny Walker","name":"1_14_3_97"},{"num":4.1,"categoryName":"Eddie Lee Wilkins","name":"1_14_3_87"},{"num":1.4,"categoryName":"Stuart Gray","name":"1_14_3_119"},{"num":1.2,"categoryName":"Greg Grant","name":"1_14_3_122"}],"name":"1_14_3_0"},{"num":105.4,"categoryName":"Philadelphia_76ers","children":[{"num":27.6,"categoryName":"Charles Barkley","name":"1_14_4_95"},{"num":22.1,"categoryName":"Hersey Hawkins","name":"1_14_4_125"},{"num":15.8,"categoryName":"Johnny Dawkins","name":"1_14_4_131"},{"num":15,"categoryName":"Armen Gilliam","name":"1_14_4_140"},{"num":14.6,"categoryName":"Ron Anderson","name":"1_14_4_124"},{"num":10,"categoryName":"Rickey Green","name":"1_14_4_141"},{"num":9.1,"categoryName":"Mike Gminski","name":"1_14_4_116"},{"num":8.9,"categoryName":"Rick Mahorn","name":"1_14_4_132"},{"num":5.9,"categoryName":"Andre Turner","name":"1_14_4_142"},{"num":3.8,"categoryName":"Brian Oliver","name":"1_14_4_143"},{"num":3.5,"categoryName":"Kenny Payne","name":"1_14_4_134"},{"num":3.5,"categoryName":"Jayson Williams","name":"1_14_4_144"},{"num":3,"categoryName":"Jim Farmer","name":"1_14_4_145"},{"num":2,"categoryName":"Mario Elie","name":"1_14_4_146"},{"num":1.9,"categoryName":"Manute Bol","name":"1_14_4_147"},{"num":1.8,"categoryName":"Dave Hoppen","name":"1_14_4_148"},{"num":1.7,"categoryName":"Tony Harris","name":"1_14_4_149"},{"num":1.3,"categoryName":"Robert Reid","name":"1_14_4_150"}],"name":"1_14_4_0"},{"num":101.4,"categoryName":"Washington_Bullets","children":[{"num":28.4,"categoryName":"Bernard King","name":"1_14_7_74"},{"num":18.2,"categoryName":"Harvey Grant","name":"1_14_7_80"},{"num":13,"categoryName":"Ledell Eackles","name":"1_14_7_79"},{"num":12.5,"categoryName":"John Williams","name":"1_14_7_68"},{"num":10.4,"categoryName":"Pervis Ellison","name":"1_14_7_87"},{"num":8.8,"categoryName":"A.J. English","name":"1_14_7_88"},{"num":6.7,"categoryName":"Larry Robinson","name":"1_14_7_89"},{"num":8,"categoryName":"Haywoode Workman","name":"1_14_7_90"},{"num":7.8,"categoryName":"Darrell Walker","name":"1_14_7_76"},{"num":5.8,"categoryName":"Mark Alarie","name":"1_14_7_77"},{"num":5.2,"categoryName":"Tom Hammonds","name":"1_14_7_83"},{"num":5.2,"categoryName":"Byron Irvin","name":"1_14_7_91"},{"num":4.4,"categoryName":"Greg Foster","name":"1_14_7_92"},{"num":2.6,"categoryName":"Charles Jones","name":"1_14_7_51"},{"num":1.4,"categoryName":"Clinton Smith","name":"1_14_7_93"}],"name":"1_14_7_0"}],"name":"1_14_0_0","num":626.1},{"categoryName":"Central","children":[{"num":109.8,"categoryName":"Atlanta_Hawks","children":[{"num":25.9,"categoryName":"Dominique Wilkins","name":"1_15_1_79"},{"num":15.2,"categoryName":"Doc Rivers","name":"1_15_1_86"},{"num":13.6,"categoryName":"John Battle","name":"1_15_1_103"},{"num":13.4,"categoryName":"Spud Webb","name":"1_15_1_102"},{"num":13.1,"categoryName":"Kevin Willis","name":"1_15_1_93"},{"num":10.6,"categoryName":"Moses Malone","name":"1_15_1_113"},{"num":6.1,"categoryName":"Duane Ferrell","name":"1_15_1_115"},{"num":5.6,"categoryName":"Rumeal Robinson","name":"1_15_1_125"},{"num":4.7,"categoryName":"Sidney Moncrief","name":"1_15_1_126"},{"num":4.5,"categoryName":"Tim McCormick","name":"1_15_1_127"},{"num":4.1,"categoryName":"Jon Koncak","name":"1_15_1_101"},{"num":2.2,"categoryName":"Trevor Wilson","name":"1_15_1_128"},{"num":1.3,"categoryName":"Howard Wright","name":"1_15_1_129"},{"num":0.5,"categoryName":"Gary Leonard","name":"1_15_1_130"}],"name":"1_15_1_0"},{"num":102.8,"categoryName":"Charlotte_Hornets","children":[{"num":19.8,"categoryName":"Armen Gilliam","name":"1_15_15_1"},{"num":16.9,"categoryName":"Johnny Newman","name":"1_15_15_2"},{"num":15.7,"categoryName":"Rex Chapman","name":"1_15_15_3"},{"num":11.4,"categoryName":"Mike Gminski","name":"1_15_15_4"},{"num":11.3,"categoryName":"J.R. Reid","name":"1_15_15_5"},{"num":11,"categoryName":"Kendall Gill","name":"1_15_15_6"},{"num":10.6,"categoryName":"Dell Curry","name":"1_15_15_7"},{"num":9,"categoryName":"Kenny Gattison","name":"1_15_15_8"},{"num":7,"categoryName":"Kelly Tripucka","name":"1_15_15_9"},{"num":7,"categoryName":"Muggsy Bogues","name":"1_15_15_10"},{"num":5.8,"categoryName":"Eric Leckner","name":"1_15_15_11"},{"num":4.3,"categoryName":"Jeff Sanders","name":"1_15_15_12"},{"num":3.2,"categoryName":"Randolph Keys","name":"1_15_15_13"},{"num":2.4,"categoryName":"Scott Haffner","name":"1_15_15_14"},{"num":2.3,"categoryName":"Dave Hoppen","name":"1_15_15_15"},{"num":1.9,"categoryName":"Earl Cureton","name":"1_15_15_16"},{"num":1.5,"categoryName":"Steve Scheffler","name":"1_15_15_17"}],"name":"1_15_15_0"},{"num":110,"categoryName":"Chicago_Bulls","children":[{"num":31.5,"categoryName":"Michael Jordan","name":"1_15_12_32"},{"num":17.8,"categoryName":"Scottie Pippen","name":"1_15_12_60"},{"num":12.8,"categoryName":"Horace Grant","name":"1_15_12_61"},{"num":9.6,"categoryName":"Bill Cartwright","name":"1_15_12_64"},{"num":8.8,"categoryName":"B.J. Armstrong","name":"1_15_12_74"},{"num":8.7,"categoryName":"John Paxson","name":"1_15_12_42"},{"num":5.5,"categoryName":"Stacey King","name":"1_15_12_73"},{"num":5,"categoryName":"Craig Hodges","name":"1_15_12_65"},{"num":4.3,"categoryName":"Dennis Hopson","name":"1_15_12_77"},{"num":4.1,"categoryName":"Will Perdue","name":"1_15_12_67"},{"num":4,"categoryName":"Cliff Levingston","name":"1_15_12_78"},{"num":2.5,"categoryName":"Scott Williams","name":"1_15_12_79"}],"name":"1_15_12_0"},{"num":101.7,"categoryName":"Cleveland_Cavaliers","children":[{"num":21.6,"categoryName":"Brad Daugherty","name":"1_15_4_118"},{"num":19.2,"categoryName":"Larry Nance","name":"1_15_4_125"},{"num":16.9,"categoryName":"Mark Price","name":"1_15_4_120"},{"num":11.7,"categoryName":"Hot Rod Williams","name":"1_15_4_119"},{"num":10.1,"categoryName":"Craig Ehlo","name":"1_15_4_121"},{"num":9.4,"categoryName":"Darnell Valentine","name":"1_15_4_134"},{"num":8.6,"categoryName":"Danny Ferry","name":"1_15_4_144"},{"num":8.5,"categoryName":"Chucky Brown","name":"1_15_4_137"},{"num":8.1,"categoryName":"Henry James","name":"1_15_4_145"},{"num":7.2,"categoryName":"Gerald Paddio","name":"1_15_4_146"},{"num":5.4,"categoryName":"John Morton","name":"1_15_4_141"},{"num":4.8,"categoryName":"Steve Kerr","name":"1_15_4_139"},{"num":4.3,"categoryName":"Winston Bennett","name":"1_15_4_140"},{"num":2.8,"categoryName":"Mike Woodson","name":"1_15_4_147"},{"num":2.4,"categoryName":"Derrick Chievous","name":"1_15_4_142"},{"num":1.6,"categoryName":"Milos Babic","name":"1_15_4_148"}],"name":"1_15_4_0"},{"num":100.1,"categoryName":"Detroit_Pistons","children":[{"num":20.4,"categoryName":"Joe Dumars","name":"1_15_10_75"},{"num":16.2,"categoryName":"Isiah Thomas","name":"1_15_10_44"},{"num":14.2,"categoryName":"Mark Aguirre","name":"1_15_10_93"},{"num":13.6,"categoryName":"James Edwards","name":"1_15_10_88"},{"num":11.7,"categoryName":"Vinnie Johnson","name":"1_15_10_47"},{"num":11,"categoryName":"Bill Laimbeer","name":"1_15_10_45"},{"num":8.2,"categoryName":"Dennis Rodman","name":"1_15_10_82"},{"num":7.4,"categoryName":"John Salley","name":"1_15_10_83"},{"num":5.3,"categoryName":"Gerald Henderson","name":"1_15_10_99"},{"num":4.5,"categoryName":"William Bedford","name":"1_15_10_89"},{"num":3.8,"categoryName":"John Long","name":"1_15_10_3"},{"num":1.8,"categoryName":"Scott Hastings","name":"1_15_10_102"},{"num":1.7,"categoryName":"Lance Blanks","name":"1_15_10_103"},{"num":1,"categoryName":"Tree Rollins","name":"1_15_10_104"}],"name":"1_15_10_0"},{"num":111.7,"categoryName":"Indiana_Pacers","children":[{"num":22.6,"categoryName":"Reggie Miller","name":"1_15_11_67"},{"num":18.4,"categoryName":"Chuck Person","name":"1_15_11_60"},{"num":16.1,"categoryName":"Detlef Schrempf","name":"1_15_11_71"},{"num":12.7,"categoryName":"Vern Fleming","name":"1_15_11_44"},{"num":11.1,"categoryName":"Micheal Williams","name":"1_15_11_84"},{"num":10.9,"categoryName":"Rik Smits","name":"1_15_11_73"},{"num":7.6,"categoryName":"LaSalle Thompson","name":"1_15_11_72"},{"num":5.8,"categoryName":"Mike Sanders","name":"1_15_11_79"},{"num":4.6,"categoryName":"George McCloud","name":"1_15_11_82"},{"num":3.5,"categoryName":"Greg Dreiling","name":"1_15_11_66"},{"num":2.9,"categoryName":"Kenny Williams","name":"1_15_11_85"},{"num":1.8,"categoryName":"Randy Wittman","name":"1_15_11_74"},{"num":1.5,"categoryName":"Jawann Oldham","name":"1_15_11_86"},{"num":1,"categoryName":"Byron Dinkins","name":"1_15_11_87"}],"name":"1_15_11_0"},{"num":106.4,"categoryName":"Milwaukee_Bucks","children":[{"num":22.5,"categoryName":"Ricky Pierce","name":"1_15_13_36"},{"num":19.3,"categoryName":"Dale Ellis","name":"1_15_13_82"},{"num":15.2,"categoryName":"Jay Humphries","name":"1_15_13_63"},{"num":13.6,"categoryName":"Alvin Robertson","name":"1_15_13_75"},{"num":12.6,"categoryName":"Frank Brickowski","name":"1_15_13_83"},{"num":10.8,"categoryName":"Fred Roberts","name":"1_15_13_69"},{"num":10.6,"categoryName":"Danny Schayes","name":"1_15_13_84"},{"num":10.4,"categoryName":"Jack Sikma","name":"1_15_13_51"},{"num":6.4,"categoryName":"Jeff Grayer","name":"1_15_13_68"},{"num":5.7,"categoryName":"Adrian Dantley","name":"1_15_13_85"},{"num":5.3,"categoryName":"Brad Lohaus","name":"1_15_13_76"},{"num":3.1,"categoryName":"Steve Henson","name":"1_15_13_86"},{"num":2.9,"categoryName":"Lester Conner","name":"1_15_13_87"},{"num":2.7,"categoryName":"Greg Anderson","name":"1_15_13_77"},{"num":2,"categoryName":"Everette Stephens","name":"1_15_13_88"},{"num":1.8,"categoryName":"Frank Kornet","name":"1_15_13_81"}],"name":"1_15_13_0"}],"name":"1_15_0_0","num":742.5}],"name":"1_0_0_0","num":1368.6},{"categoryName":"Western","children":[{"categoryName":"Midwest","children":[{"num":99.9,"categoryName":"Dallas_Mavericks","children":[{"num":20.4,"categoryName":"Roy Tarpley","name":"2_32_10_47"},{"num":19.9,"categoryName":"Rolando Blackman","name":"2_32_10_24"},{"num":19.7,"categoryName":"Derek Harper","name":"2_32_10_34"},{"num":12.5,"categoryName":"Herb Williams","name":"2_32_10_54"},{"num":11.4,"categoryName":"Rodney McCray","name":"2_32_10_62"},{"num":10,"categoryName":"James Donaldson","name":"2_32_10_42"},{"num":9.7,"categoryName":"Alex English","name":"2_32_10_63"},{"num":8.8,"categoryName":"Randy White","name":"2_32_10_58"},{"num":7.3,"categoryName":"Fat Lever","name":"2_32_10_64"},{"num":5.6,"categoryName":"Kelvin Upshaw","name":"2_32_10_60"},{"num":5.4,"categoryName":"Brad Davis","name":"2_32_10_5"},{"num":4.4,"categoryName":"Steve Alford","name":"2_32_10_51"},{"num":3,"categoryName":"Jim Grandholm","name":"2_32_10_65"},{"num":2.6,"categoryName":"John Shasky","name":"2_32_10_66"},{"num":2,"categoryName":"Howard Wright","name":"2_32_10_67"}],"name":"2_32_10_0"},{"num":119.9,"categoryName":"Denver_Nuggets","children":[{"num":26.5,"categoryName":"Michael Adams","name":"2_32_7_72"},{"num":25.1,"categoryName":"Orlando Woolridge","name":"2_32_7_86"},{"num":18.7,"categoryName":"Walter Davis","name":"2_32_7_76"},{"num":16.1,"categoryName":"Reggie Williams","name":"2_32_7_87"},{"num":14.1,"categoryName":"Mahmoud Abdul-Rauf","name":"2_32_7_88"},{"num":14,"categoryName":"Todd Lichti","name":"2_32_7_83"},{"num":12.5,"categoryName":"Blair Rasmussen","name":"2_32_7_65"},{"num":10,"categoryName":"Jim Farmer","name":"2_32_7_89"},{"num":8.3,"categoryName":"Corey Gaines","name":"2_32_7_90"},{"num":7.5,"categoryName":"Terry Mills","name":"2_32_7_91"},{"num":7.5,"categoryName":"Jerome Lane","name":"2_32_7_79"},{"num":7.3,"categoryName":"Joe Wolf","name":"2_32_7_92"},{"num":6.7,"categoryName":"Marcus Liberty","name":"2_32_7_93"},{"num":6.1,"categoryName":"Kenny Battle","name":"2_32_7_94"},{"num":5.8,"categoryName":"Tim Legler","name":"2_32_7_95"},{"num":5.3,"categoryName":"Anthony Cook","name":"2_32_7_96"},{"num":5.2,"categoryName":"Greg Anderson","name":"2_32_7_97"},{"num":4.4,"categoryName":"Craig Neal","name":"2_32_7_98"},{"num":3.8,"categoryName":"Avery Johnson","name":"2_32_7_99"},{"num":3.3,"categoryName":"Anthony Mason","name":"2_32_7_100"},{"num":3.1,"categoryName":"T.R. Dunn","name":"2_32_7_44"}],"name":"2_32_7_0"},{"num":106.7,"categoryName":"Houston_Rockets","children":[{"num":21.2,"categoryName":"Hakeem Olajuwon","name":"2_32_11_29"},{"num":17.7,"categoryName":"Kenny Smith","name":"2_32_11_63"},{"num":17.5,"categoryName":"Otis Thorpe","name":"2_32_11_50"},{"num":17,"categoryName":"Vernon Maxwell","name":"2_32_11_58"},{"num":13.6,"categoryName":"Buck Johnson","name":"2_32_11_40"},{"num":12.3,"categoryName":"Sleepy Floyd","name":"2_32_11_45"},{"num":5.3,"categoryName":"David Wood","name":"2_32_11_64"},{"num":4.8,"categoryName":"Mike Woodson","name":"2_32_11_51"},{"num":3.7,"categoryName":"Kennard Winchester","name":"2_32_11_65"},{"num":3.3,"categoryName":"Larry Smith","name":"2_32_11_61"},{"num":3.1,"categoryName":"Dave Jamerson","name":"2_32_11_66"},{"num":2.6,"categoryName":"Dave Feitl","name":"2_32_11_41"},{"num":2.2,"categoryName":"Matt Bullard","name":"2_32_11_67"},{"num":1.8,"categoryName":"Adrian Caldwell","name":"2_32_11_62"}],"name":"2_32_11_0"},{"num":99.6,"categoryName":"Minnesota_Timberwolves","children":[{"num":21.8,"categoryName":"Tony Campbell","name":"2_32_16_1"},{"num":18,"categoryName":"Tyrone Corbin","name":"2_32_16_2"},{"num":17.1,"categoryName":"Pooh Richardson","name":"2_32_16_4"},{"num":14.6,"categoryName":"Sam Mitchell","name":"2_32_16_3"},{"num":7.1,"categoryName":"Felton Spencer","name":"2_32_16_16"},{"num":6.9,"categoryName":"Gerald Glass","name":"2_32_16_17"},{"num":5.9,"categoryName":"Randy Breuer","name":"2_32_16_5"},{"num":5.3,"categoryName":"Scott Brooks","name":"2_32_16_18"},{"num":4.8,"categoryName":"Tod Murphy","name":"2_32_16_6"},{"num":3.9,"categoryName":"Doug West","name":"2_32_16_12"},{"num":1.3,"categoryName":"Bob Thornton","name":"2_32_16_19"},{"num":1.3,"categoryName":"Richard Coffey","name":"2_32_16_20"},{"num":1.3,"categoryName":"Dan Godfread","name":"2_32_16_21"},{"num":0.7,"categoryName":"Jim Thomas","name":"2_32_16_22"}],"name":"2_32_16_0"},{"num":105.9,"categoryName":"Orlando_Magic","children":[{"num":17.2,"categoryName":"Scott Skiles","name":"2_32_17_1"},{"num":15.7,"categoryName":"Dennis Scott","name":"2_32_17_2"},{"num":14.6,"categoryName":"Terry Catledge","name":"2_32_17_3"},{"num":14.1,"categoryName":"Nick Anderson","name":"2_32_17_4"},{"num":13.9,"categoryName":"Otis Smith","name":"2_32_17_5"},{"num":12.9,"categoryName":"Jerry Reynolds","name":"2_32_17_6"},{"num":8.6,"categoryName":"Jeff Turner","name":"2_32_17_7"},{"num":8.3,"categoryName":"Sam Vincent","name":"2_32_17_8"},{"num":5.7,"categoryName":"Michael Ansley","name":"2_32_17_9"},{"num":5.4,"categoryName":"Howard Wright","name":"2_32_17_10"},{"num":4.8,"categoryName":"Greg Kite","name":"2_32_17_11"},{"num":4.2,"categoryName":"Mark Acres","name":"2_32_17_12"},{"num":3.3,"categoryName":"Morlon Wiley","name":"2_32_17_13"},{"num":0,"categoryName":"Mark McNamara","name":"2_32_17_14"}],"name":"2_32_17_0"},{"num":107.1,"categoryName":"San_Antonio_Spurs","children":[{"num":25.6,"categoryName":"David Robinson","name":"2_32_12_100"},{"num":17.6,"categoryName":"Terry Cummings","name":"2_32_12_101"},{"num":15.9,"categoryName":"Sean Elliott","name":"2_32_12_104"},{"num":14.4,"categoryName":"Willie Anderson","name":"2_32_12_84"},{"num":13.8,"categoryName":"Rod Strickland","name":"2_32_12_102"},{"num":7.8,"categoryName":"Reggie Williams","name":"2_32_12_106"},{"num":7.5,"categoryName":"Paul Pressey","name":"2_32_12_112"},{"num":6.7,"categoryName":"Sidney Green","name":"2_32_12_113"},{"num":5.4,"categoryName":"David Wingate","name":"2_32_12_105"},{"num":5.1,"categoryName":"Avery Johnson","name":"2_32_12_114"},{"num":4.9,"categoryName":"Clifford Lett","name":"2_32_12_115"},{"num":4.5,"categoryName":"Sean Higgins","name":"2_32_12_116"},{"num":3.8,"categoryName":"Dave Greenwood","name":"2_32_12_56"},{"num":3.8,"categoryName":"Dwayne Schintzius","name":"2_32_12_117"},{"num":3.6,"categoryName":"Pete Myers","name":"2_32_12_79"},{"num":3.4,"categoryName":"Byron Dinkins","name":"2_32_12_118"},{"num":2.3,"categoryName":"Tony Massenburg","name":"2_32_12_119"}],"name":"2_32_12_0"},{"num":104,"categoryName":"Utah_Jazz","children":[{"num":29,"categoryName":"Karl Malone","name":"2_32_9_51"},{"num":18.6,"categoryName":"Jeff Malone","name":"2_32_9_75"},{"num":17.2,"categoryName":"John Stockton","name":"2_32_9_48"},{"num":12.4,"categoryName":"Thurl Bailey","name":"2_32_9_45"},{"num":9.3,"categoryName":"Blue Edwards","name":"2_32_9_70"},{"num":5.7,"categoryName":"Darrell Griffith","name":"2_32_9_21"},{"num":5.1,"categoryName":"Mark Eaton","name":"2_32_9_42"},{"num":4.8,"categoryName":"Mike Brown","name":"2_32_9_64"},{"num":4,"categoryName":"Delaney Rudd","name":"2_32_9_71"},{"num":3.8,"categoryName":"Pat Cummings","name":"2_32_9_76"},{"num":3.4,"categoryName":"Tony Brown","name":"2_32_9_77"},{"num":2.9,"categoryName":"Andy Toolson","name":"2_32_9_78"},{"num":1.4,"categoryName":"Walter Palmer","name":"2_32_9_79"},{"num":1.2,"categoryName":"Chris Munk","name":"2_32_9_80"},{"num":1,"categoryName":"Dan O'Sullivan","name":"2_32_9_81"}],"name":"2_32_9_0"}],"name":"2_32_0_0","num":743.1},{"categoryName":"Pacific","children":[{"num":116.6,"categoryName":"Golden_State_Warriors","children":[{"num":25.7,"categoryName":"Chris Mullin","name":"2_33_6_87"},{"num":23.9,"categoryName":"Mitch Richmond","name":"2_33_6_110"},{"num":22.9,"categoryName":"Tim Hardaway","name":"2_33_6_117"},{"num":10.9,"categoryName":"S. Marciulionis","name":"2_33_6_118"},{"num":9.5,"categoryName":"Rod Higgins","name":"2_33_6_93"},{"num":8.1,"categoryName":"Tom Tolbert","name":"2_33_6_119"},{"num":7.7,"categoryName":"Mario Elie","name":"2_33_6_129"},{"num":6.4,"categoryName":"Alton Lister","name":"2_33_6_123"},{"num":5.3,"categoryName":"Tyrone Hill","name":"2_33_6_130"},{"num":4.7,"categoryName":"Vincent Askew","name":"2_33_6_131"},{"num":4.5,"categoryName":"Jim Petersen","name":"2_33_6_121"},{"num":3.9,"categoryName":"Kevin Pritchard","name":"2_33_6_132"},{"num":3.8,"categoryName":"Steve Johnson","name":"2_33_6_133"},{"num":2.8,"categoryName":"Mike Smrek","name":"2_33_6_126"},{"num":2.3,"categoryName":"Larry Robinson","name":"2_33_6_134"},{"num":1.6,"categoryName":"Paul Mokeski","name":"2_33_6_135"},{"num":1.3,"categoryName":"Les Jepsen","name":"2_33_6_136"},{"num":0.6,"categoryName":"Bart Kofoed","name":"2_33_6_137"}],"name":"2_33_6_0"},{"num":103.5,"categoryName":"Los_Angeles_Clippers","children":[{"num":20,"categoryName":"Charles Smith","name":"2_33_10_45"},{"num":19.6,"categoryName":"Ron Harper","name":"2_33_10_56"},{"num":17.4,"categoryName":"Ken Norman","name":"2_33_10_36"},{"num":15.9,"categoryName":"Danny Manning","name":"2_33_10_44"},{"num":14.9,"categoryName":"Benoit Benjamin","name":"2_33_10_17"},{"num":12.3,"categoryName":"Olden Polynice","name":"2_33_10_67"},{"num":8.7,"categoryName":"Gary Grant","name":"2_33_10_46"},{"num":8.2,"categoryName":"Winston Garland","name":"2_33_10_57"},{"num":7.1,"categoryName":"Jeff Martin","name":"2_33_10_58"},{"num":6.9,"categoryName":"Bo Kimble","name":"2_33_10_68"},{"num":5.5,"categoryName":"Loy Vaught","name":"2_33_10_69"},{"num":3.9,"categoryName":"Tom Garrick","name":"2_33_10_48"},{"num":2.4,"categoryName":"Ken Bannister","name":"2_33_10_47"},{"num":1.6,"categoryName":"Greg Butler","name":"2_33_10_70"},{"num":1.1,"categoryName":"Cedric Ball","name":"2_33_10_71"},{"num":1,"categoryName":"Mike Smrek","name":"2_33_10_72"}],"name":"2_33_10_0"},{"num":106.3,"categoryName":"Los_Angeles_Lakers","children":[{"num":21.4,"categoryName":"James Worthy","name":"2_33_1_86"},{"num":19.4,"categoryName":"Magic Johnson","name":"2_33_1_66"},{"num":14.5,"categoryName":"Byron Scott","name":"2_33_1_91"},{"num":13.5,"categoryName":"Sam Perkins","name":"2_33_1_122"},{"num":11.2,"categoryName":"Vlade Divac","name":"2_33_1_115"},{"num":9.9,"categoryName":"Terry Teagle","name":"2_33_1_123"},{"num":9.1,"categoryName":"A.C. Green","name":"2_33_1_100"},{"num":4,"categoryName":"Mychal Thompson","name":"2_33_1_102"},{"num":3.7,"categoryName":"Tony Smith","name":"2_33_1_124"},{"num":2.9,"categoryName":"Larry Drew","name":"2_33_1_116"},{"num":2.8,"categoryName":"Elden Campbell","name":"2_33_1_125"},{"num":1.8,"categoryName":"Irving Thomas","name":"2_33_1_126"},{"num":0.7,"categoryName":"Tony Brown","name":"2_33_1_127"}],"name":"2_33_1_0"},{"num":114,"categoryName":"Phoenix_Suns","children":[{"num":22.2,"categoryName":"Kevin Johnson","name":"2_33_8_84"},{"num":19.9,"categoryName":"Tom Chambers","name":"2_33_8_92"},{"num":16.9,"categoryName":"Jeff Hornacek","name":"2_33_8_80"},{"num":15.8,"categoryName":"Xavier McDaniel","name":"2_33_8_107"},{"num":13.6,"categoryName":"Dan Majerle","name":"2_33_8_93"},{"num":13.5,"categoryName":"Eddie Johnson","name":"2_33_8_82"},{"num":8.2,"categoryName":"Cedric Ceballos","name":"2_33_8_108"},{"num":7.7,"categoryName":"Mark West","name":"2_33_8_85"},{"num":6,"categoryName":"Kenny Battle","name":"2_33_8_102"},{"num":5.3,"categoryName":"Negele Knight","name":"2_33_8_109"},{"num":4.9,"categoryName":"Andrew Lang","name":"2_33_8_95"},{"num":4.2,"categoryName":"Tim Perry","name":"2_33_8_94"},{"num":4,"categoryName":"Ian Lockhart","name":"2_33_8_110"},{"num":3.6,"categoryName":"Kurt Rambis","name":"2_33_8_101"},{"num":3.4,"categoryName":"Joe Barry Carroll","name":"2_33_8_111"},{"num":2.2,"categoryName":"Ed Nealy","name":"2_33_8_99"}],"name":"2_33_8_0"},{"num":114.7,"categoryName":"Portland_Trail_Blazers","children":[{"num":21.5,"categoryName":"Clyde Drexler","name":"2_33_2_92"},{"num":17,"categoryName":"Terry Porter","name":"2_33_2_101"},{"num":15.8,"categoryName":"Kevin Duckworth","name":"2_33_2_106"},{"num":14.8,"categoryName":"Jerome Kersey","name":"2_33_2_98"},{"num":11.7,"categoryName":"Clifford Robinson","name":"2_33_2_128"},{"num":11.7,"categoryName":"Buck Williams","name":"2_33_2_127"},{"num":11.1,"categoryName":"Danny Ainge","name":"2_33_2_133"},{"num":6.1,"categoryName":"Walter Davis","name":"2_33_2_134"},{"num":5.1,"categoryName":"Mark Bryant","name":"2_33_2_122"},{"num":4.4,"categoryName":"Drazen Petrovic","name":"2_33_2_129"},{"num":3.8,"categoryName":"Danny Young","name":"2_33_2_121"},{"num":3.1,"categoryName":"Alaa Abdelnaby","name":"2_33_2_135"},{"num":2.2,"categoryName":"Wayne Cooper","name":"2_33_2_85"}],"name":"2_33_2_0"},{"num":96.7,"categoryName":"Sacramento_Kings","children":[{"num":20.1,"categoryName":"Antoine Carr","name":"2_33_11_18"},{"num":20,"categoryName":"Wayman Tisdale","name":"2_33_11_2"},{"num":18,"categoryName":"Lionel Simmons","name":"2_33_11_26"},{"num":14.3,"categoryName":"Travis Mays","name":"2_33_11_27"},{"num":10.4,"categoryName":"Rory Sparrow","name":"2_33_11_28"},{"num":7.4,"categoryName":"Anthony Bonner","name":"2_33_11_29"},{"num":7.2,"categoryName":"Jim Les","name":"2_33_11_30"},{"num":6.9,"categoryName":"Duane Causwell","name":"2_33_11_31"},{"num":6.8,"categoryName":"Leon Wood","name":"2_33_11_32"},{"num":6.4,"categoryName":"Bob Hansen","name":"2_33_11_33"},{"num":5.7,"categoryName":"Bill Wennington","name":"2_33_11_34"},{"num":5.1,"categoryName":"Anthony Frederick","name":"2_33_11_35"},{"num":3.2,"categoryName":"Rick Calloway","name":"2_33_11_36"},{"num":3.1,"categoryName":"Steve Colter","name":"2_33_11_37"},{"num":3,"categoryName":"Ralph Sampson","name":"2_33_11_22"},{"num":2.9,"categoryName":"Eric Leckner","name":"2_33_11_38"},{"num":2.3,"categoryName":"Mike Higgins","name":"2_33_11_39"},{"num":2.3,"categoryName":"Tony Dawson","name":"2_33_11_40"}],"name":"2_33_11_0"},{"num":106.6,"categoryName":"Seattle_Supersonics","children":[{"num":21.8,"categoryName":"Xavier McDaniel","name":"2_33_5_97"},{"num":17.5,"categoryName":"Ricky Pierce","name":"2_33_5_131"},{"num":17.4,"categoryName":"Eddie Johnson","name":"2_33_5_106"},{"num":15.3,"categoryName":"Derrick McKey","name":"2_33_5_114"},{"num":15,"categoryName":"Dale Ellis","name":"2_33_5_104"},{"num":15,"categoryName":"Shawn Kemp","name":"2_33_5_126"},{"num":12.9,"categoryName":"Benoit Benjamin","name":"2_33_5_132"},{"num":12.7,"categoryName":"Sedale Threatt","name":"2_33_5_115"},{"num":8.3,"categoryName":"Olden Polynice","name":"2_33_5_117"},{"num":7.2,"categoryName":"Gary Payton","name":"2_33_5_133"},{"num":6.4,"categoryName":"Michael Cage","name":"2_33_5_118"},{"num":6.3,"categoryName":"Dana Barros","name":"2_33_5_124"},{"num":6.1,"categoryName":"Quintin Dailey","name":"2_33_5_125"},{"num":4.3,"categoryName":"Nate McMillan","name":"2_33_5_108"},{"num":1.7,"categoryName":"Dave Corzine","name":"2_33_5_134"},{"num":1.3,"categoryName":"Scott Meents","name":"2_33_5_130"}],"name":"2_33_5_0"}],"name":"2_33_0_0","num":758.4000000000001}],"name":"2_0_0_0","num":1501.5}],"num":2870.1}