{"year":1960,"name":"root","categoryName":"root","children":[{"categoryName":"Eastern","children":[{"num":119.7,"categoryName":"Boston_Celtics","children":[{"num":21.3,"categoryName":"Tom Heinsohn","name":"1_1_89_0"},{"num":18.1,"categoryName":"Bob Cousy","name":"1_1_58_0"},{"num":16.9,"categoryName":"Bill Russell","name":"1_1_90_0"},{"num":16,"categoryName":"Bill Sharman","name":"1_1_70_0"},{"num":15.1,"categoryName":"Frank Ramsey","name":"1_1_80_0"},{"num":15,"categoryName":"Sam Jones","name":"1_1_93_0"},{"num":7.6,"categoryName":"K.C. Jones","name":"1_1_95_0"},{"num":6.3,"categoryName":"Gene Conley","name":"1_1_74_0"},{"num":5.3,"categoryName":"Tom Sanders","name":"1_1_99_0"},{"num":4.4,"categoryName":"Jim Loscutoff","name":"1_1_86_0"},{"num":3.2,"categoryName":"Gene Guarilia","name":"1_1_98_0"}],"name":"1_1_0_0"},{"num":113.7,"categoryName":"New_York_Knicks","children":[{"num":23.4,"categoryName":"Willie Naulls","name":"1_2_72_0"},{"num":21.8,"categoryName":"Richie Guerin","name":"1_2_73_0"},{"num":15.6,"categoryName":"Dick Garmaker","name":"1_2_90_0"},{"num":14.4,"categoryName":"Kenny Sears","name":"1_2_68_0"},{"num":13.1,"categoryName":"Phil Jordon","name":"1_2_76_0"},{"num":10.2,"categoryName":"Johnny Green","name":"1_2_93_0"},{"num":8.8,"categoryName":"Charlie Tyra","name":"1_2_80_0"},{"num":6.5,"categoryName":"Dave Budd","name":"1_2_96_0"},{"num":6.1,"categoryName":"Phil Rollins","name":"1_2_97_0"},{"num":5.8,"categoryName":"Bob McNeill","name":"1_2_98_0"},{"num":5.7,"categoryName":"Carl Braun","name":"1_2_21_0"},{"num":5.3,"categoryName":"Jim Palmer","name":"1_2_92_0"},{"num":5.1,"categoryName":"Jack George","name":"1_2_86_0"},{"num":4.7,"categoryName":"Darrall Imhoff","name":"1_2_99_0"},{"num":3,"categoryName":"Whitey Bell","name":"1_2_94_0"},{"num":0,"categoryName":"Mike Farmer","name":"1_2_87_0"}],"name":"1_2_0_0"},{"num":121,"categoryName":"Philadelphia_Warriors","children":[{"num":38.4,"categoryName":"Wilt Chamberlain","name":"1_3_85_0"},{"num":23.2,"categoryName":"Paul Arizin","name":"1_3_32_0"},{"num":14.2,"categoryName":"Tom Gola","name":"1_3_69_0"},{"num":12.8,"categoryName":"Guy Rodgers","name":"1_3_80_0"},{"num":9.6,"categoryName":"Andy Johnson","name":"1_3_81_0"},{"num":7,"categoryName":"Al Attles","name":"1_3_86_0"},{"num":7,"categoryName":"Ed Conlin","name":"1_3_87_0"},{"num":6.8,"categoryName":"Joe Graboski","name":"1_3_53_0"},{"num":4.4,"categoryName":"Vern Hatton","name":"1_3_82_0"},{"num":3.2,"categoryName":"Joe Ruklick","name":"1_3_88_0"},{"num":1.7,"categoryName":"Pickles Kennedy","name":"1_3_89_0"}],"name":"1_3_0_0"},{"num":121.3,"categoryName":"Syracuse_Nationals","children":[{"num":23.6,"categoryName":"Dolph Schayes","name":"1_8_1_0"},{"num":19.6,"categoryName":"Hal Greer","name":"1_8_49_0"},{"num":16.9,"categoryName":"Dick Barnett","name":"1_8_53_0"},{"num":14.5,"categoryName":"Larry Costello","name":"1_8_47_0"},{"num":13.7,"categoryName":"Dave Gambee","name":"1_8_54_0"},{"num":13.4,"categoryName":"Red Kerr","name":"1_8_32_0"},{"num":8.1,"categoryName":"Barney Cable","name":"1_8_55_0"},{"num":5.7,"categoryName":"Al Bianchi","name":"1_8_39_0"},{"num":4.9,"categoryName":"Swede Halbrook","name":"1_8_56_0"},{"num":4.7,"categoryName":"Joe Roberts","name":"1_8_57_0"},{"num":3,"categoryName":"Cal Ramsey","name":"1_8_58_0"},{"num":2.3,"categoryName":"Ernie Beck","name":"1_8_59_0"}],"name":"1_8_0_0"}],"name":"1_0_0_0","num":475.7},{"categoryName":"Western","children":[{"num":117.9,"categoryName":"Cincinnati_Royals","children":[{"num":30.5,"categoryName":"Oscar Robertson","name":"2_20_24_0"},{"num":25.3,"categoryName":"Jack Twyman","name":"2_20_2_0"},{"num":14.4,"categoryName":"Wayne Embry","name":"2_20_15_0"},{"num":12.6,"categoryName":"Bucky Bockhorn","name":"2_20_17_0"},{"num":10.9,"categoryName":"Phil Jordon","name":"2_20_25_0"},{"num":8.4,"categoryName":"Bob Boozer","name":"2_20_26_0"},{"num":7.5,"categoryName":"Mike Farmer","name":"2_20_27_0"},{"num":5.4,"categoryName":"Ralph Davis","name":"2_20_28_0"},{"num":5.3,"categoryName":"Hub Reed","name":"2_20_29_0"},{"num":4.6,"categoryName":"Win Wilfong","name":"2_20_30_0"},{"num":4.6,"categoryName":"Larry Staverman","name":"2_20_22_0"},{"num":1.4,"categoryName":"Phil Rollins","name":"2_20_21_0"}],"name":"2_20_0_0"},{"num":118.6,"categoryName":"Detroit_Pistons","children":[{"num":23.6,"categoryName":"Bailey Howell","name":"2_21_22_0"},{"num":22.6,"categoryName":"Gene Shue","name":"2_21_2_0"},{"num":13.3,"categoryName":"Don Ohl","name":"2_21_26_0"},{"num":12.1,"categoryName":"George Lee","name":"2_21_27_0"},{"num":11.7,"categoryName":"Walter Dukes","name":"2_21_4_0"},{"num":11.3,"categoryName":"Bob Ferry","name":"2_21_28_0"},{"num":10.1,"categoryName":"Shellie McMillon","name":"2_21_20_0"},{"num":7.3,"categoryName":"Jackie Moreland","name":"2_21_29_0"},{"num":6.3,"categoryName":"Chuck Noble","name":"2_21_9_0"},{"num":5.6,"categoryName":"Willie Jones","name":"2_21_30_0"},{"num":5.2,"categoryName":"Archie Dees","name":"2_21_23_0"},{"num":5.2,"categoryName":"Ron Johnson","name":"2_21_31_0"}],"name":"2_21_0_0"},{"num":114,"categoryName":"Los_Angeles_Lakers","children":[{"num":34.8,"categoryName":"Elgin Baylor","name":"2_22_1_0"},{"num":17.6,"categoryName":"Jerry West","name":"2_22_2_0"},{"num":14.6,"categoryName":"Rudy LaRusso","name":"2_22_3_0"},{"num":11,"categoryName":"Hot Rod Hundley","name":"2_22_4_0"},{"num":10.8,"categoryName":"Frank Selvy","name":"2_22_5_0"},{"num":9.7,"categoryName":"Tom Hawkins","name":"2_22_6_0"},{"num":8.2,"categoryName":"Jim Krebs","name":"2_22_7_0"},{"num":6.6,"categoryName":"Ray Felix","name":"2_22_8_0"},{"num":3.5,"categoryName":"Slick Leonard","name":"2_22_9_0"},{"num":2.2,"categoryName":"Howie Jolliff","name":"2_22_10_0"},{"num":1.6,"categoryName":"Gary Alcorn","name":"2_22_11_0"},{"num":0.8,"categoryName":"Ron Johnson","name":"2_22_12_0"}],"name":"2_22_0_0"},{"num":118.8,"categoryName":"St._Louis_Hawks","children":[{"num":27.9,"categoryName":"Bob Pettit","name":"2_19_1_0"},{"num":22.1,"categoryName":"Cliff Hagan","name":"2_19_18_0"},{"num":22,"categoryName":"Clyde Lovellette","name":"2_19_27_0"},{"num":11.7,"categoryName":"Lenny Wilkens","name":"2_19_31_0"},{"num":9.2,"categoryName":"Si Green","name":"2_19_28_0"},{"num":8.3,"categoryName":"Johnny McCarthy","name":"2_19_32_0"},{"num":8.1,"categoryName":"Larry Foust","name":"2_19_33_0"},{"num":7.5,"categoryName":"Woody Sauldsberry","name":"2_19_34_0"},{"num":5.6,"categoryName":"Fred LaCour","name":"2_19_35_0"},{"num":5.2,"categoryName":"Al Ferrari","name":"2_19_8_0"},{"num":3.8,"categoryName":"Dave Piontek","name":"2_19_36_0"},{"num":2.7,"categoryName":"Ernie Beck","name":"2_19_37_0"},{"num":1.9,"categoryName":"Phil Rollins","name":"2_19_38_0"}],"name":"2_19_0_0"}],"name":"2_0_0_0","num":469.3}],"num":945}