{"year":1964,"name":"root","categoryName":"root","children":[{"categoryName":"Eastern","children":[{"num":112.8,"categoryName":"Boston_Celtics","children":[{"num":25.9,"categoryName":"Sam Jones","name":"1_1_93_0"},{"num":18.3,"categoryName":"John Havlicek","name":"1_1_103_0"},{"num":14.1,"categoryName":"Bill Russell","name":"1_1_90_0"},{"num":13.6,"categoryName":"Tom Heinsohn","name":"1_1_89_0"},{"num":11.8,"categoryName":"Tom Sanders","name":"1_1_99_0"},{"num":10.5,"categoryName":"Willie Naulls","name":"1_1_107_0"},{"num":8.3,"categoryName":"K.C. Jones","name":"1_1_95_0"},{"num":7.4,"categoryName":"Ron Bonham","name":"1_1_110_0"},{"num":6.3,"categoryName":"Larry Siegfried","name":"1_1_108_0"},{"num":4.8,"categoryName":"Mel Counts","name":"1_1_111_0"},{"num":3.6,"categoryName":"John Thompson","name":"1_1_112_0"},{"num":2,"categoryName":"Bevo Nordmann","name":"1_1_113_0"},{"num":1.7,"categoryName":"Gerry Ward","name":"1_1_114_0"}],"name":"1_1_0_0"},{"num":114.2,"categoryName":"Cincinnati_Royals","children":[{"num":30.4,"categoryName":"Oscar Robertson","name":"1_9_1_0"},{"num":21.4,"categoryName":"Jerry Lucas","name":"1_9_13_0"},{"num":15.1,"categoryName":"Adrian Smith","name":"1_9_7_0"},{"num":14.5,"categoryName":"Jack Twyman","name":"1_9_2_0"},{"num":12.7,"categoryName":"Wayne Embry","name":"1_9_3_0"},{"num":7.8,"categoryName":"Bucky Bockhorn","name":"1_9_5_0"},{"num":7.5,"categoryName":"Bud Olsen","name":"1_9_10_0"},{"num":7,"categoryName":"Tom Hawkins","name":"1_9_6_0"},{"num":6.1,"categoryName":"Happy Hairston","name":"1_9_17_0"},{"num":3.8,"categoryName":"Jay Arnette","name":"1_9_15_0"},{"num":2.5,"categoryName":"Tom Thacker","name":"1_9_16_0"},{"num":2.3,"categoryName":"George Wilson","name":"1_9_18_0"}],"name":"1_9_0_0"},{"num":107.4,"categoryName":"New_York_Knicks","children":[{"num":19.5,"categoryName":"Willis Reed","name":"1_2_124_0"},{"num":15.5,"categoryName":"Jim Barnes","name":"1_2_125_0"},{"num":14.2,"categoryName":"Bob Boozer","name":"1_2_116_0"},{"num":12.2,"categoryName":"Howard Komives","name":"1_2_126_0"},{"num":11,"categoryName":"Johnny Green","name":"1_2_93_0"},{"num":9.2,"categoryName":"Johnny Egan","name":"1_2_120_0"},{"num":8.3,"categoryName":"Len Chappell","name":"1_2_117_0"},{"num":8.3,"categoryName":"Dave Budd","name":"1_2_96_0"},{"num":7,"categoryName":"Tom Gola","name":"1_2_109_0"},{"num":6,"categoryName":"John Rudometkin","name":"1_2_113_0"},{"num":5.7,"categoryName":"Art Heyman","name":"1_2_119_0"},{"num":4.9,"categoryName":"Em Bryant","name":"1_2_127_0"},{"num":4.4,"categoryName":"Barry Kramer","name":"1_2_128_0"},{"num":1.4,"categoryName":"Tom Hoover","name":"1_2_122_0"}],"name":"1_2_0_0"},{"num":112.5,"categoryName":"Philadelphia_76ers","children":[{"num":30.1,"categoryName":"Wilt Chamberlain","name":"1_10_15_0"},{"num":20.2,"categoryName":"Hal Greer","name":"1_10_1_0"},{"num":14.8,"categoryName":"Luke Jackson","name":"1_10_16_0"},{"num":14.4,"categoryName":"Paul Neumann","name":"1_10_6_0"},{"num":13.5,"categoryName":"Larry Costello","name":"1_10_5_0"},{"num":13.2,"categoryName":"Chet Walker","name":"1_10_2_0"},{"num":12.6,"categoryName":"Dave Gambee","name":"1_10_7_0"},{"num":8.2,"categoryName":"Red Kerr","name":"1_10_3_0"},{"num":7.8,"categoryName":"Connie Dierking","name":"1_10_10_0"},{"num":6.7,"categoryName":"Al Bianchi","name":"1_10_9_0"},{"num":5.7,"categoryName":"Larry Jones","name":"1_10_17_0"},{"num":4.8,"categoryName":"Jerry Greenspan","name":"1_10_12_0"},{"num":4.8,"categoryName":"Ben Warley","name":"1_10_8_0"},{"num":4.2,"categoryName":"Steve Courtin","name":"1_10_18_0"}],"name":"1_10_0_0"}],"name":"1_0_0_0","num":446.9},{"categoryName":"Western","children":[{"num":113.6,"categoryName":"Baltimore_Bullets","children":[{"num":24.8,"categoryName":"Walt Bellamy","name":"2_26_1_0"},{"num":19.2,"categoryName":"Bailey Howell","name":"2_26_17_0"},{"num":18.6,"categoryName":"Gus Johnson","name":"2_26_3_0"},{"num":18.4,"categoryName":"Don Ohl","name":"2_26_18_0"},{"num":12.8,"categoryName":"Kevin Loughery","name":"2_26_6_0"},{"num":6.7,"categoryName":"Wayne Hightower","name":"2_26_19_0"},{"num":5.8,"categoryName":"Si Green","name":"2_26_5_0"},{"num":5.3,"categoryName":"Bob Ferry","name":"2_26_20_0"},{"num":5.3,"categoryName":"Wali Jones","name":"2_26_21_0"},{"num":3.7,"categoryName":"Charlie Hardnett","name":"2_26_9_0"},{"num":3.3,"categoryName":"Gary Bradds","name":"2_26_22_0"},{"num":2.4,"categoryName":"Al Butler","name":"2_26_23_0"},{"num":1.8,"categoryName":"Les Hunter","name":"2_26_24_0"},{"num":0,"categoryName":"Gary Hill","name":"2_26_25_0"}],"name":"2_26_0_0"},{"num":108.5,"categoryName":"Detroit_Pistons","children":[{"num":18.2,"categoryName":"Terry Dischinger","name":"2_21_43_0"},{"num":16.7,"categoryName":"Dave DeBusschere","name":"2_21_34_0"},{"num":15.5,"categoryName":"Ray Scott","name":"2_21_32_0"},{"num":13.7,"categoryName":"Eddie Miles","name":"2_21_41_0"},{"num":12,"categoryName":"Reggie Harding","name":"2_21_38_0"},{"num":11,"categoryName":"Rod Thorn","name":"2_21_44_0"},{"num":10.7,"categoryName":"Joe Caldwell","name":"2_21_45_0"},{"num":6.5,"categoryName":"Don Kojis","name":"2_21_46_0"},{"num":5.8,"categoryName":"Donnie Butcher","name":"2_21_39_0"},{"num":5,"categoryName":"Jackie Moreland","name":"2_21_29_0"},{"num":3.7,"categoryName":"Willie Jones","name":"2_21_30_0"},{"num":3.5,"categoryName":"Bob Duffy","name":"2_21_42_0"},{"num":3.4,"categoryName":"Hub Reed","name":"2_21_47_0"}],"name":"2_21_0_0"},{"num":111.9,"categoryName":"Los_Angeles_Lakers","children":[{"num":31,"categoryName":"Jerry West","name":"2_22_2_0"},{"num":27.1,"categoryName":"Elgin Baylor","name":"2_22_1_0"},{"num":14.1,"categoryName":"Rudy LaRusso","name":"2_22_3_0"},{"num":13.8,"categoryName":"Dick Barnett","name":"2_22_17_0"},{"num":10.3,"categoryName":"LeRoy Ellis","name":"2_22_18_0"},{"num":6.3,"categoryName":"Jim King","name":"2_22_22_0"},{"num":5.1,"categoryName":"Gene Wiley","name":"2_22_19_0"},{"num":5,"categoryName":"Darrall Imhoff","name":"2_22_25_0"},{"num":4.2,"categoryName":"Mahdi Abdul-Rahman","name":"2_22_26_0"},{"num":2.4,"categoryName":"Don Nelson","name":"2_22_21_0"},{"num":2.1,"categoryName":"Cotton Nash","name":"2_22_27_0"},{"num":1.9,"categoryName":"Bill McGill","name":"2_22_28_0"},{"num":1.3,"categoryName":"Jerry Grote","name":"2_22_29_0"}],"name":"2_22_0_0"},{"num":105.8,"categoryName":"San_Francisco_Warriors","children":[{"num":38.9,"categoryName":"Wilt Chamberlain","name":"2_25_1_0"},{"num":16.5,"categoryName":"Nate Thurmond","name":"2_25_17_0"},{"num":14.6,"categoryName":"Guy Rodgers","name":"2_25_3_0"},{"num":12.7,"categoryName":"Tom Meschery","name":"2_25_2_0"},{"num":10.8,"categoryName":"Paul Neumann","name":"2_25_20_0"},{"num":9.3,"categoryName":"Al Attles","name":"2_25_6_0"},{"num":8.4,"categoryName":"Wayne Hightower","name":"2_25_8_0"},{"num":8.3,"categoryName":"McCoy McLemore","name":"2_25_21_0"},{"num":8,"categoryName":"Connie Dierking","name":"2_25_22_0"},{"num":7.1,"categoryName":"Gary Phillips","name":"2_25_7_0"},{"num":6,"categoryName":"John Rudometkin","name":"2_25_23_0"},{"num":4.8,"categoryName":"George Lee","name":"2_25_10_0"},{"num":4.6,"categoryName":"Bud Koper","name":"2_25_24_0"},{"num":4.2,"categoryName":"Cotton Nash","name":"2_25_25_0"},{"num":3.1,"categoryName":"Barry Kramer","name":"2_25_26_0"},{"num":3,"categoryName":"Gary Hill","name":"2_25_18_0"}],"name":"2_25_0_0"},{"num":108.8,"categoryName":"St._Louis_Hawks","children":[{"num":22.5,"categoryName":"Bob Pettit","name":"2_19_1_0"},{"num":16.9,"categoryName":"Zelmo Beaty","name":"2_19_51_0"},{"num":16.5,"categoryName":"Lenny Wilkens","name":"2_19_31_0"},{"num":14.4,"categoryName":"Richie Guerin","name":"2_19_60_0"},{"num":13,"categoryName":"Cliff Hagan","name":"2_19_18_0"},{"num":11.6,"categoryName":"Chico Vaughn","name":"2_19_52_0"},{"num":11.5,"categoryName":"Bill Bridges","name":"2_19_55_0"},{"num":7,"categoryName":"John Barnhill","name":"2_19_50_0"},{"num":6.8,"categoryName":"Mike Farmer","name":"2_19_53_0"},{"num":4.9,"categoryName":"Jeff Mullins","name":"2_19_63_0"},{"num":4.6,"categoryName":"Paul Silas","name":"2_19_64_0"},{"num":3.5,"categoryName":"John Tresvant","name":"2_19_65_0"},{"num":2.6,"categoryName":"Ed Burton","name":"2_19_66_0"},{"num":2.5,"categoryName":"Bill McGill","name":"2_19_67_0"}],"name":"2_19_0_0"}],"name":"2_0_0_0","num":548.6}],"num":995.5}