{"year":1988,"name":"root","categoryName":"root","children":[{"categoryName":"Eastern","children":[{"categoryName":"Atlantic","children":[{"num":109.2,"categoryName":"Boston_Celtics","children":[{"num":22.5,"categoryName":"Kevin McHale","name":"1_14_1_58"},{"num":19.3,"categoryName":"Larry Bird","name":"1_14_1_52"},{"num":18.6,"categoryName":"Robert Parish","name":"1_14_1_57"},{"num":18.5,"categoryName":"Reggie Lewis","name":"1_14_1_82"},{"num":15.9,"categoryName":"Danny Ainge","name":"1_14_1_61"},{"num":10.1,"categoryName":"Ed Pinckney","name":"1_14_1_87"},{"num":10,"categoryName":"Dennis Johnson","name":"1_14_1_67"},{"num":8.6,"categoryName":"Jim Paxson","name":"1_14_1_81"},{"num":8.6,"categoryName":"Brian Shaw","name":"1_14_1_88"},{"num":7,"categoryName":"Kelvin Upshaw","name":"1_14_1_89"},{"num":6.1,"categoryName":"Joe Kleine","name":"1_14_1_90"},{"num":5.6,"categoryName":"Brad Lohaus","name":"1_14_1_83"},{"num":4.3,"categoryName":"Kevin Gamble","name":"1_14_1_91"},{"num":2.8,"categoryName":"Otis Birdsong","name":"1_14_1_92"},{"num":2.5,"categoryName":"Ron Grandison","name":"1_14_1_93"},{"num":2.2,"categoryName":"Mark Acres","name":"1_14_1_84"},{"num":1.4,"categoryName":"Ramon Rivas","name":"1_14_1_94"}],"name":"1_14_1_0"},{"num":104.5,"categoryName":"Charlotte_Hornets","children":[{"num":22.6,"categoryName":"Kelly Tripucka","name":"1_14_8_1"},{"num":16.9,"categoryName":"Rex Chapman","name":"1_14_8_2"},{"num":14.7,"categoryName":"Robert Reid","name":"1_14_8_3"},{"num":11.9,"categoryName":"Dell Curry","name":"1_14_8_4"},{"num":11.1,"categoryName":"Kurt Rambis","name":"1_14_8_5"},{"num":8.3,"categoryName":"Mike Holton","name":"1_14_8_6"},{"num":6.6,"categoryName":"Brian Rowsom","name":"1_14_8_7"},{"num":6.5,"categoryName":"Dave Hoppen","name":"1_14_8_8"},{"num":6.5,"categoryName":"Earl Cureton","name":"1_14_8_9"},{"num":6.1,"categoryName":"Tim Kempton","name":"1_14_8_10"},{"num":5.4,"categoryName":"Muggsy Bogues","name":"1_14_8_11"},{"num":3.9,"categoryName":"Rickey Green","name":"1_14_8_12"},{"num":3.2,"categoryName":"Ralph Lewis","name":"1_14_8_13"},{"num":3.2,"categoryName":"Greg Kite","name":"1_14_8_14"},{"num":2.9,"categoryName":"Tom Tolbert","name":"1_14_8_15"},{"num":1.6,"categoryName":"Sidney Lowe","name":"1_14_8_16"}],"name":"1_14_8_0"},{"num":103.7,"categoryName":"New_Jersey_Nets","children":[{"num":16,"categoryName":"Roy Hinson","name":"1_14_6_78"},{"num":14.1,"categoryName":"Chris Morris","name":"1_14_6_89"},{"num":14.1,"categoryName":"Joe Barry Carroll","name":"1_14_6_90"},{"num":13,"categoryName":"Mike McGee","name":"1_14_6_91"},{"num":13,"categoryName":"Buck Williams","name":"1_14_6_41"},{"num":12.7,"categoryName":"Dennis Hopson","name":"1_14_6_81"},{"num":10.3,"categoryName":"Lester Conner","name":"1_14_6_92"},{"num":8.9,"categoryName":"Walter Berry","name":"1_14_6_93"},{"num":7.4,"categoryName":"John Bagley","name":"1_14_6_80"},{"num":4.8,"categoryName":"Keith Lee","name":"1_14_6_94"},{"num":4.3,"categoryName":"Kevin Williams","name":"1_14_6_95"},{"num":3.5,"categoryName":"Bill Jones","name":"1_14_6_96"},{"num":3.1,"categoryName":"C. Shackleford","name":"1_14_6_97"},{"num":2.1,"categoryName":"Corey Gaines","name":"1_14_6_98"},{"num":1.2,"categoryName":"Ron Cavenall","name":"1_14_6_99"}],"name":"1_14_6_0"},{"num":116.7,"categoryName":"New_York_Knicks","children":[{"num":22.7,"categoryName":"Patrick Ewing","name":"1_14_3_90"},{"num":16.9,"categoryName":"Mark Jackson","name":"1_14_3_103"},{"num":16,"categoryName":"Johnny Newman","name":"1_14_3_104"},{"num":14.3,"categoryName":"Gerald Wilkins","name":"1_14_3_91"},{"num":12.9,"categoryName":"Charles Oakley","name":"1_14_3_112"},{"num":9.2,"categoryName":"Kiki Vandeweghe","name":"1_14_3_113"},{"num":8.9,"categoryName":"Rod Strickland","name":"1_14_3_114"},{"num":8.5,"categoryName":"Trent Tucker","name":"1_14_3_73"},{"num":6.3,"categoryName":"Sidney Green","name":"1_14_3_105"},{"num":5.3,"categoryName":"Kenny Walker","name":"1_14_3_97"},{"num":4.1,"categoryName":"Eddie Lee Wilkins","name":"1_14_3_87"},{"num":2.8,"categoryName":"Pete Myers","name":"1_14_3_115"},{"num":1.7,"categoryName":"Greg Butler","name":"1_14_3_116"}],"name":"1_14_3_0"},{"num":111.9,"categoryName":"Philadelphia_76ers","children":[{"num":25.8,"categoryName":"Charles Barkley","name":"1_14_4_95"},{"num":17.2,"categoryName":"Mike Gminski","name":"1_14_4_116"},{"num":16.2,"categoryName":"Ron Anderson","name":"1_14_4_124"},{"num":15.1,"categoryName":"Cliff Robinson","name":"1_14_4_108"},{"num":15.1,"categoryName":"Hersey Hawkins","name":"1_14_4_125"},{"num":11.6,"categoryName":"Maurice Cheeks","name":"1_14_4_68"},{"num":7.8,"categoryName":"Derek Smith","name":"1_14_4_126"},{"num":6.5,"categoryName":"Gerald Henderson","name":"1_14_4_117"},{"num":5.2,"categoryName":"Scott Brooks","name":"1_14_4_127"},{"num":5.1,"categoryName":"Ben Coleman","name":"1_14_4_119"},{"num":5,"categoryName":"Shelton Jones","name":"1_14_4_128"},{"num":4.2,"categoryName":"David Wingate","name":"1_14_4_112"},{"num":3.5,"categoryName":"Pete Myers","name":"1_14_4_129"},{"num":3.4,"categoryName":"Chris Welp","name":"1_14_4_121"},{"num":2.4,"categoryName":"Bob Thornton","name":"1_14_4_123"},{"num":1,"categoryName":"Jim Rowinski","name":"1_14_4_130"}],"name":"1_14_4_0"},{"num":108.3,"categoryName":"Washington_Bullets","children":[{"num":21.7,"categoryName":"Jeff Malone","name":"1_14_7_47"},{"num":20.7,"categoryName":"Bernard King","name":"1_14_7_74"},{"num":13.7,"categoryName":"John Williams","name":"1_14_7_68"},{"num":11.5,"categoryName":"Ledell Eackles","name":"1_14_7_79"},{"num":10.4,"categoryName":"Terry Catledge","name":"1_14_7_67"},{"num":9,"categoryName":"Darrell Walker","name":"1_14_7_76"},{"num":6.7,"categoryName":"Mark Alarie","name":"1_14_7_77"},{"num":6.7,"categoryName":"Steve Colter","name":"1_14_7_75"},{"num":5.6,"categoryName":"Harvey Grant","name":"1_14_7_80"},{"num":5,"categoryName":"Dave Feitl","name":"1_14_7_81"},{"num":2.6,"categoryName":"Charles Jones","name":"1_14_7_51"},{"num":2.6,"categoryName":"Charles Jones","name":"1_14_7_51"},{"num":2.1,"categoryName":"Dominic Pressley","name":"1_14_7_82"}],"name":"1_14_7_0"}],"name":"1_14_0_0","num":654.3},{"categoryName":"Central","children":[{"num":111,"categoryName":"Atlanta_Hawks","children":[{"num":26.2,"categoryName":"Dominique Wilkins","name":"1_15_1_79"},{"num":20.2,"categoryName":"Moses Malone","name":"1_15_1_113"},{"num":15.8,"categoryName":"Reggie Theus","name":"1_15_1_114"},{"num":13.6,"categoryName":"Doc Rivers","name":"1_15_1_86"},{"num":9.5,"categoryName":"John Battle","name":"1_15_1_103"},{"num":9.2,"categoryName":"Cliff Levingston","name":"1_15_1_92"},{"num":7.5,"categoryName":"Antoine Carr","name":"1_15_1_94"},{"num":4.7,"categoryName":"Jon Koncak","name":"1_15_1_101"},{"num":3.9,"categoryName":"Spud Webb","name":"1_15_1_102"},{"num":2.4,"categoryName":"Duane Ferrell","name":"1_15_1_115"},{"num":2.1,"categoryName":"Ray Tolbert","name":"1_15_1_116"},{"num":1.9,"categoryName":"Dudley Bradley","name":"1_15_1_117"},{"num":0.8,"categoryName":"Pace Mannion","name":"1_15_1_118"}],"name":"1_15_1_0"},{"num":106.4,"categoryName":"Chicago_Bulls","children":[{"num":32.5,"categoryName":"Michael Jordan","name":"1_15_12_32"},{"num":14.4,"categoryName":"Scottie Pippen","name":"1_15_12_60"},{"num":12.4,"categoryName":"Bill Cartwright","name":"1_15_12_64"},{"num":12,"categoryName":"Horace Grant","name":"1_15_12_61"},{"num":10,"categoryName":"Craig Hodges","name":"1_15_12_65"},{"num":9.4,"categoryName":"Sam Vincent","name":"1_15_12_59"},{"num":7.3,"categoryName":"John Paxson","name":"1_15_12_42"},{"num":6.9,"categoryName":"Brad Sellers","name":"1_15_12_47"},{"num":5.9,"categoryName":"Dave Corzine","name":"1_15_12_20"},{"num":3.8,"categoryName":"Charles Davis","name":"1_15_12_66"},{"num":2.2,"categoryName":"Will Perdue","name":"1_15_12_67"},{"num":2.2,"categoryName":"Jack Haley","name":"1_15_12_68"},{"num":1.5,"categoryName":"Anthony Jones","name":"1_15_12_69"},{"num":0.8,"categoryName":"Ed Nealy","name":"1_15_12_70"},{"num":0.7,"categoryName":"Dominic Pressley","name":"1_15_12_71"},{"num":0,"categoryName":"David Wood","name":"1_15_12_72"}],"name":"1_15_12_0"},{"num":108.8,"categoryName":"Cleveland_Cavaliers","children":[{"num":18.9,"categoryName":"Brad Daugherty","name":"1_15_4_118"},{"num":18.9,"categoryName":"Mark Price","name":"1_15_4_120"},{"num":18.6,"categoryName":"Ron Harper","name":"1_15_4_117"},{"num":17.2,"categoryName":"Larry Nance","name":"1_15_4_125"},{"num":11.6,"categoryName":"Hot Rod Williams","name":"1_15_4_119"},{"num":9.3,"categoryName":"Mike Sanders","name":"1_15_4_128"},{"num":7.4,"categoryName":"Craig Ehlo","name":"1_15_4_121"},{"num":4.8,"categoryName":"Darnell Valentine","name":"1_15_4_134"},{"num":4,"categoryName":"Randolph Keys","name":"1_15_4_135"},{"num":3,"categoryName":"Chris Dudley","name":"1_15_4_129"},{"num":2.4,"categoryName":"Phil Hubbard","name":"1_15_4_78"},{"num":2.3,"categoryName":"Tree Rollins","name":"1_15_4_136"}],"name":"1_15_4_0"},{"num":106.6,"categoryName":"Detroit_Pistons","children":[{"num":18.4,"categoryName":"Adrian Dantley","name":"1_15_10_80"},{"num":18.2,"categoryName":"Isiah Thomas","name":"1_15_10_44"},{"num":17.2,"categoryName":"Joe Dumars","name":"1_15_10_75"},{"num":15.5,"categoryName":"Mark Aguirre","name":"1_15_10_93"},{"num":13.8,"categoryName":"Vinnie Johnson","name":"1_15_10_47"},{"num":13.7,"categoryName":"Bill Laimbeer","name":"1_15_10_45"},{"num":9,"categoryName":"Dennis Rodman","name":"1_15_10_82"},{"num":7.3,"categoryName":"James Edwards","name":"1_15_10_88"},{"num":7.3,"categoryName":"Rick Mahorn","name":"1_15_10_76"},{"num":7,"categoryName":"John Salley","name":"1_15_10_83"},{"num":2.6,"categoryName":"Micheal Williams","name":"1_15_10_94"},{"num":2,"categoryName":"John Long","name":"1_15_10_3"},{"num":1.9,"categoryName":"Darryl Dawkins","name":"1_15_10_90"},{"num":1.3,"categoryName":"Steve Harris","name":"1_15_10_95"},{"num":1.2,"categoryName":"Fennis Dembo","name":"1_15_10_96"},{"num":0.8,"categoryName":"Pace Mannion","name":"1_15_10_97"},{"num":0.7,"categoryName":"Jim Rowinski","name":"1_15_10_98"}],"name":"1_15_10_0"},{"num":106.9,"categoryName":"Indiana_Pacers","children":[{"num":21.6,"categoryName":"Chuck Person","name":"1_15_11_60"},{"num":16,"categoryName":"Wayman Tisdale","name":"1_15_11_53"},{"num":16,"categoryName":"Reggie Miller","name":"1_15_11_67"},{"num":14.8,"categoryName":"Detlef Schrempf","name":"1_15_11_71"},{"num":14.3,"categoryName":"Vern Fleming","name":"1_15_11_44"},{"num":12.6,"categoryName":"Herb Williams","name":"1_15_11_24"},{"num":12.5,"categoryName":"LaSalle Thompson","name":"1_15_11_72"},{"num":11.7,"categoryName":"Rik Smits","name":"1_15_11_73"},{"num":7.3,"categoryName":"John Long","name":"1_15_11_61"},{"num":6.8,"categoryName":"Scott Skiles","name":"1_15_11_68"},{"num":5.2,"categoryName":"Randy Wittman","name":"1_15_11_74"},{"num":3.3,"categoryName":"Anthony Frederick","name":"1_15_11_75"},{"num":3,"categoryName":"Richard Morton","name":"1_15_11_76"},{"num":2.6,"categoryName":"Stuart Gray","name":"1_15_11_51"},{"num":2.4,"categoryName":"Greg Dreiling","name":"1_15_11_66"},{"num":1.9,"categoryName":"Everette Stephens","name":"1_15_11_77"},{"num":1,"categoryName":"Sedric Toney","name":"1_15_11_78"}],"name":"1_15_11_0"},{"num":108.9,"categoryName":"Milwaukee_Bucks","children":[{"num":22.9,"categoryName":"Terry Cummings","name":"1_15_13_34"},{"num":17.6,"categoryName":"Ricky Pierce","name":"1_15_13_36"},{"num":13.4,"categoryName":"Jack Sikma","name":"1_15_13_51"},{"num":12.7,"categoryName":"Larry Krystkowiak","name":"1_15_13_60"},{"num":12.1,"categoryName":"Paul Pressey","name":"1_15_13_21"},{"num":12.1,"categoryName":"Sidney Moncrief","name":"1_15_13_4"},{"num":11.6,"categoryName":"Jay Humphries","name":"1_15_13_63"},{"num":7.4,"categoryName":"Jeff Grayer","name":"1_15_13_68"},{"num":5.9,"categoryName":"Fred Roberts","name":"1_15_13_69"},{"num":5.4,"categoryName":"Rickey Green","name":"1_15_13_70"},{"num":2,"categoryName":"Mark Davis","name":"1_15_13_71"},{"num":4.2,"categoryName":"Randy Breuer","name":"1_15_13_31"},{"num":3.2,"categoryName":"Tony Brown","name":"1_15_13_72"},{"num":2.2,"categoryName":"Paul Mokeski","name":"1_15_13_25"},{"num":1.7,"categoryName":"Tito Horford","name":"1_15_13_73"},{"num":1.5,"categoryName":"Mike Dunleavy","name":"1_15_13_27"},{"num":1.5,"categoryName":"Andre Turner","name":"1_15_13_74"}],"name":"1_15_13_0"}],"name":"1_15_0_0","num":648.5999999999999}],"name":"1_0_0_0","num":1302.8999999999999},{"categoryName":"Western","children":[{"categoryName":"Midwest","children":[{"num":103.5,"categoryName":"Dallas_Mavericks","children":[{"num":21.7,"categoryName":"Mark Aguirre","name":"2_32_10_23"},{"num":20.3,"categoryName":"Adrian Dantley","name":"2_32_10_53"},{"num":19.7,"categoryName":"Rolando Blackman","name":"2_32_10_24"},{"num":17.3,"categoryName":"Derek Harper","name":"2_32_10_34"},{"num":17.3,"categoryName":"Roy Tarpley","name":"2_32_10_47"},{"num":15,"categoryName":"Sam Perkins","name":"2_32_10_37"},{"num":9.5,"categoryName":"Detlef Schrempf","name":"2_32_10_43"},{"num":9.1,"categoryName":"James Donaldson","name":"2_32_10_42"},{"num":6.6,"categoryName":"Herb Williams","name":"2_32_10_54"},{"num":6.4,"categoryName":"Brad Davis","name":"2_32_10_5"},{"num":5.5,"categoryName":"Terry Tyler","name":"2_32_10_55"},{"num":4.6,"categoryName":"Bill Wennington","name":"2_32_10_44"},{"num":2.6,"categoryName":"Anthony Jones","name":"2_32_10_56"},{"num":2.2,"categoryName":"Morlon Wiley","name":"2_32_10_57"},{"num":1.8,"categoryName":"Uwe Blab","name":"2_32_10_45"},{"num":0.8,"categoryName":"Steve Alford","name":"2_32_10_51"}],"name":"2_32_10_0"},{"num":118,"categoryName":"Denver_Nuggets","children":[{"num":26.5,"categoryName":"Alex English","name":"2_32_7_32"},{"num":19.8,"categoryName":"Fat Lever","name":"2_32_7_60"},{"num":18.5,"categoryName":"Michael Adams","name":"2_32_7_72"},{"num":15.6,"categoryName":"Walter Davis","name":"2_32_7_76"},{"num":12.8,"categoryName":"Danny Schayes","name":"2_32_7_49"},{"num":7.6,"categoryName":"Blair Rasmussen","name":"2_32_7_65"},{"num":6.6,"categoryName":"Wayne Cooper","name":"2_32_7_61"},{"num":6.4,"categoryName":"Jay Vincent","name":"2_32_7_71"},{"num":5.9,"categoryName":"Dave Greenwood","name":"2_32_7_77"},{"num":5.4,"categoryName":"Darwin Cook","name":"2_32_7_78"},{"num":4.9,"categoryName":"Bill Hanzlik","name":"2_32_7_52"},{"num":4.8,"categoryName":"Jerome Lane","name":"2_32_7_79"},{"num":4.7,"categoryName":"Calvin Natt","name":"2_32_7_59"},{"num":4.3,"categoryName":"Elston Turner","name":"2_32_7_62"},{"num":2.7,"categoryName":"Eddie Hughes","name":"2_32_7_80"},{"num":2.5,"categoryName":"Wayne Englestad","name":"2_32_7_81"}],"name":"2_32_7_0"},{"num":108.5,"categoryName":"Houston_Rockets","children":[{"num":24.8,"categoryName":"Hakeem Olajuwon","name":"2_32_11_29"},{"num":16.7,"categoryName":"Otis Thorpe","name":"2_32_11_50"},{"num":14.2,"categoryName":"Sleepy Floyd","name":"2_32_11_45"},{"num":12.9,"categoryName":"Mike Woodson","name":"2_32_11_51"},{"num":9.6,"categoryName":"Buck Johnson","name":"2_32_11_40"},{"num":9.3,"categoryName":"Derrick Chievous","name":"2_32_11_52"},{"num":8.8,"categoryName":"Walter Berry","name":"2_32_11_53"},{"num":7.4,"categoryName":"Purvis Short","name":"2_32_11_44"},{"num":5.2,"categoryName":"Tim McCormick","name":"2_32_11_54"},{"num":4.4,"categoryName":"Frank Johnson","name":"2_32_11_55"},{"num":3.3,"categoryName":"Allen Leavell","name":"2_32_11_6"},{"num":2.7,"categoryName":"Bernard Thompson","name":"2_32_11_56"},{"num":2.6,"categoryName":"Tony Brown","name":"2_32_11_57"},{"num":1.5,"categoryName":"Chuck Nevitt","name":"2_32_11_22"}],"name":"2_32_11_0"},{"num":97.8,"categoryName":"Miami_Heat","children":[{"num":13.8,"categoryName":"Kevin Edwards","name":"2_32_14_1"},{"num":12.5,"categoryName":"Rory Sparrow","name":"2_32_14_2"},{"num":11.9,"categoryName":"Grant Long","name":"2_32_14_3"},{"num":10.9,"categoryName":"Rony Seikaly","name":"2_32_14_4"},{"num":10.8,"categoryName":"Billy Thompson","name":"2_32_14_5"},{"num":10.4,"categoryName":"Jon Sundvold","name":"2_32_14_6"},{"num":8.8,"categoryName":"Pat Cummings","name":"2_32_14_7"},{"num":8,"categoryName":"Sylvester Gray","name":"2_32_14_8"},{"num":7.6,"categoryName":"Pearl Washington","name":"2_32_14_9"},{"num":7,"categoryName":"Clinton Wheeler","name":"2_32_14_10"},{"num":6.9,"categoryName":"Anthony Taylor","name":"2_32_14_11"},{"num":6.3,"categoryName":"Kelvin Upshaw","name":"2_32_14_12"},{"num":5.5,"categoryName":"John Shasky","name":"2_32_14_13"},{"num":5.4,"categoryName":"Todd Mitchell","name":"2_32_14_14"},{"num":5.1,"categoryName":"Scott Hastings","name":"2_32_14_15"},{"num":2.8,"categoryName":"Craig Neal","name":"2_32_14_16"},{"num":1.6,"categoryName":"Dave Popson","name":"2_32_14_17"}],"name":"2_32_14_0"},{"num":105.5,"categoryName":"San_Antonio_Spurs","children":[{"num":18.6,"categoryName":"Willie Anderson","name":"2_32_12_84"},{"num":17.3,"categoryName":"Alvin Robertson","name":"2_32_12_46"},{"num":14.2,"categoryName":"Johnny Dawkins","name":"2_32_12_67"},{"num":13.7,"categoryName":"Greg Anderson","name":"2_32_12_74"},{"num":13.7,"categoryName":"Frank Brickowski","name":"2_32_12_70"},{"num":11.7,"categoryName":"Vernon Maxwell","name":"2_32_12_85"},{"num":9.6,"categoryName":"Darwin Cook","name":"2_32_12_86"},{"num":9,"categoryName":"Jay Vincent","name":"2_32_12_87"},{"num":8.6,"categoryName":"Anthony Bowie","name":"2_32_12_88"},{"num":8.5,"categoryName":"Calvin Natt","name":"2_32_12_89"},{"num":7.7,"categoryName":"Dave Greenwood","name":"2_32_12_56"},{"num":7.1,"categoryName":"Albert King","name":"2_32_12_90"},{"num":6.5,"categoryName":"Dallas Comegys","name":"2_32_12_91"},{"num":5.7,"categoryName":"Michael Anderson","name":"2_32_12_92"},{"num":4.5,"categoryName":"Mike Smrek","name":"2_32_12_93"},{"num":4.2,"categoryName":"Petur Gudmundsson","name":"2_32_12_78"},{"num":3.7,"categoryName":"Shelton Jones","name":"2_32_12_94"},{"num":3.4,"categoryName":"Scott Roth","name":"2_32_12_95"},{"num":3.2,"categoryName":"Jerome Whitehead","name":"2_32_12_96"},{"num":2.5,"categoryName":"Todd Mitchell","name":"2_32_12_97"},{"num":1,"categoryName":"Keith Smart","name":"2_32_12_98"},{"num":0,"categoryName":"John Stroeder","name":"2_32_12_99"}],"name":"2_32_12_0"},{"num":104.7,"categoryName":"Utah_Jazz","children":[{"num":29.1,"categoryName":"Karl Malone","name":"2_32_9_51"},{"num":19.5,"categoryName":"Thurl Bailey","name":"2_32_9_45"},{"num":17.1,"categoryName":"John Stockton","name":"2_32_9_48"},{"num":13.8,"categoryName":"Darrell Griffith","name":"2_32_9_21"},{"num":7.4,"categoryName":"Bob Hansen","name":"2_32_9_46"},{"num":6.2,"categoryName":"Mark Eaton","name":"2_32_9_42"},{"num":4.5,"categoryName":"Mike Brown","name":"2_32_9_64"},{"num":4.3,"categoryName":"Eric Leckner","name":"2_32_9_65"},{"num":4.1,"categoryName":"Jim Farmer","name":"2_32_9_66"},{"num":2.8,"categoryName":"Jose Ortiz","name":"2_32_9_67"},{"num":2.3,"categoryName":"Marc Iavaroni","name":"2_32_9_53"},{"num":1.7,"categoryName":"Jim Les","name":"2_32_9_68"},{"num":1.6,"categoryName":"Bart Kofoed","name":"2_32_9_63"},{"num":1.4,"categoryName":"Scott Roth","name":"2_32_9_60"},{"num":0,"categoryName":"Eric White","name":"2_32_9_69"}],"name":"2_32_9_0"}],"name":"2_32_0_0","num":638},{"categoryName":"Pacific","children":[{"num":116.6,"categoryName":"Golden_State_Warriors","children":[{"num":26.5,"categoryName":"Chris Mullin","name":"2_33_6_87"},{"num":22,"categoryName":"Mitch Richmond","name":"2_33_6_110"},{"num":15.2,"categoryName":"Terry Teagle","name":"2_33_6_81"},{"num":14.5,"categoryName":"Winston Garland","name":"2_33_6_101"},{"num":10.6,"categoryName":"Rod Higgins","name":"2_33_6_93"},{"num":10,"categoryName":"Otis Smith","name":"2_33_6_100"},{"num":6.4,"categoryName":"Ralph Sampson","name":"2_33_6_99"},{"num":6.3,"categoryName":"Steve Alford","name":"2_33_6_111"},{"num":5.7,"categoryName":"Larry Smith","name":"2_33_6_53"},{"num":4.1,"categoryName":"John Starks","name":"2_33_6_112"},{"num":3.9,"categoryName":"Manute Bol","name":"2_33_6_113"},{"num":3.3,"categoryName":"Tellis Frank","name":"2_33_6_103"},{"num":3.2,"categoryName":"Ben McDonald","name":"2_33_6_94"},{"num":3,"categoryName":"Shelton Jones","name":"2_33_6_114"},{"num":1.4,"categoryName":"Jerome Whitehead","name":"2_33_6_80"},{"num":1.1,"categoryName":"Orlando Graham","name":"2_33_6_115"},{"num":1,"categoryName":"John Stroeder","name":"2_33_6_116"}],"name":"2_33_6_0"},{"num":106.2,"categoryName":"Los_Angeles_Clippers","children":[{"num":18.1,"categoryName":"Ken Norman","name":"2_33_10_36"},{"num":16.7,"categoryName":"Danny Manning","name":"2_33_10_44"},{"num":16.4,"categoryName":"Benoit Benjamin","name":"2_33_10_17"},{"num":16.3,"categoryName":"Charles Smith","name":"2_33_10_45"},{"num":16.1,"categoryName":"Quintin Dailey","name":"2_33_10_26"},{"num":11.9,"categoryName":"Gary Grant","name":"2_33_10_46"},{"num":10.2,"categoryName":"Reggie Williams","name":"2_33_10_34"},{"num":8.2,"categoryName":"Ken Bannister","name":"2_33_10_47"},{"num":6.8,"categoryName":"Norm Nixon","name":"2_33_10_2"},{"num":6.4,"categoryName":"Tom Garrick","name":"2_33_10_48"},{"num":5.8,"categoryName":"Joe Wolf","name":"2_33_10_37"},{"num":4.3,"categoryName":"Eric White","name":"2_33_10_33"},{"num":4.3,"categoryName":"Ennis Whatley","name":"2_33_10_49"},{"num":3.9,"categoryName":"Grant Gondrezick","name":"2_33_10_50"},{"num":3.8,"categoryName":"Kevin Williams","name":"2_33_10_51"},{"num":2.3,"categoryName":"Dave Popson","name":"2_33_10_52"},{"num":1.9,"categoryName":"Greg Kite","name":"2_33_10_40"},{"num":1.5,"categoryName":"Rob Lock","name":"2_33_10_53"},{"num":0,"categoryName":"Rob Rose","name":"2_33_10_54"},{"num":0,"categoryName":"Barry Sumpter","name":"2_33_10_55"}],"name":"2_33_10_0"},{"num":114.7,"categoryName":"Los_Angeles_Lakers","children":[{"num":22.5,"categoryName":"Magic Johnson","name":"2_33_1_66"},{"num":20.5,"categoryName":"James Worthy","name":"2_33_1_86"},{"num":19.6,"categoryName":"Byron Scott","name":"2_33_1_91"},{"num":13.3,"categoryName":"A.C. Green","name":"2_33_1_100"},{"num":10.1,"categoryName":"K. Abdul-Jabbar","name":"2_33_1_35"},{"num":9.7,"categoryName":"Orlando Woolridge","name":"2_33_1_112"},{"num":9.2,"categoryName":"Mychal Thompson","name":"2_33_1_102"},{"num":7.3,"categoryName":"Michael Cooper","name":"2_33_1_65"},{"num":6.2,"categoryName":"Tony Campbell","name":"2_33_1_108"},{"num":2.9,"categoryName":"Mark McNamara","name":"2_33_1_113"},{"num":2.9,"categoryName":"David Rivers","name":"2_33_1_114"},{"num":1.6,"categoryName":"Jeff Lamp","name":"2_33_1_111"}],"name":"2_33_1_0"},{"num":118.6,"categoryName":"Phoenix_Suns","children":[{"num":25.7,"categoryName":"Tom Chambers","name":"2_33_8_92"},{"num":21.5,"categoryName":"Eddie Johnson","name":"2_33_8_82"},{"num":20.4,"categoryName":"Kevin Johnson","name":"2_33_8_84"},{"num":15.9,"categoryName":"Armen Gilliam","name":"2_33_8_83"},{"num":13.5,"categoryName":"Jeff Hornacek","name":"2_33_8_80"},{"num":8.6,"categoryName":"Dan Majerle","name":"2_33_8_93"},{"num":8.2,"categoryName":"Tyrone Corbin","name":"2_33_8_87"},{"num":7.2,"categoryName":"Mark West","name":"2_33_8_85"},{"num":4.1,"categoryName":"Tim Perry","name":"2_33_8_94"},{"num":3.9,"categoryName":"Craig Hodges","name":"2_33_8_86"},{"num":2.6,"categoryName":"Andrew Lang","name":"2_33_8_95"},{"num":2.1,"categoryName":"Steve Kerr","name":"2_33_8_96"},{"num":2,"categoryName":"Mark Davis","name":"2_33_8_97"},{"num":1,"categoryName":"T.R. Dunn","name":"2_33_8_98"},{"num":0.6,"categoryName":"Ed Nealy","name":"2_33_8_99"},{"num":0.5,"categoryName":"Kenny Gattison","name":"2_33_8_81"},{"num":0,"categoryName":"Winston Crite","name":"2_33_8_90"}],"name":"2_33_8_0"},{"num":114.6,"categoryName":"Portland_Trail_Blazers","children":[{"num":27.2,"categoryName":"Clyde Drexler","name":"2_33_2_92"},{"num":18.1,"categoryName":"Kevin Duckworth","name":"2_33_2_106"},{"num":17.7,"categoryName":"Terry Porter","name":"2_33_2_101"},{"num":17.5,"categoryName":"Jerome Kersey","name":"2_33_2_98"},{"num":13.9,"categoryName":"Kiki Vandeweghe","name":"2_33_2_95"},{"num":10,"categoryName":"Steve Johnson","name":"2_33_2_105"},{"num":8.6,"categoryName":"Sam Bowie","name":"2_33_2_96"},{"num":7.4,"categoryName":"Adrian Branch","name":"2_33_2_120"},{"num":6.2,"categoryName":"Danny Young","name":"2_33_2_121"},{"num":5.2,"categoryName":"Richard Anderson","name":"2_33_2_114"},{"num":5,"categoryName":"Mark Bryant","name":"2_33_2_122"},{"num":4.1,"categoryName":"Jerry Sichting","name":"2_33_2_115"},{"num":3.8,"categoryName":"Brook Steppe","name":"2_33_2_123"},{"num":2.8,"categoryName":"Caldwell Jones","name":"2_33_2_102"},{"num":2.5,"categoryName":"Clinton Wheeler","name":"2_33_2_124"},{"num":1.2,"categoryName":"Craig Neal","name":"2_33_2_125"},{"num":0.8,"categoryName":"Rolando Ferreira","name":"2_33_2_126"}],"name":"2_33_2_0"},{"num":105.5,"categoryName":"Sacramento_Kings","children":[{"num":20.3,"categoryName":"Danny Ainge","name":"2_33_11_1"},{"num":19.8,"categoryName":"Wayman Tisdale","name":"2_33_11_2"},{"num":17.3,"categoryName":"Kenny Smith","name":"2_33_11_3"},{"num":15,"categoryName":"LaSalle Thompson","name":"2_33_11_4"},{"num":12.6,"categoryName":"Rodney McCray","name":"2_33_11_5"},{"num":12.3,"categoryName":"Harold Pressley","name":"2_33_11_6"},{"num":12.3,"categoryName":"Ed Pinckney","name":"2_33_11_7"},{"num":11,"categoryName":"Ricky Berry","name":"2_33_11_8"},{"num":10.2,"categoryName":"Jim Petersen","name":"2_33_11_9"},{"num":10,"categoryName":"Derek Smith","name":"2_33_11_10"},{"num":8,"categoryName":"Brad Lohaus","name":"2_33_11_11"},{"num":7.1,"categoryName":"Vinny Del Negro","name":"2_33_11_12"},{"num":6.7,"categoryName":"Joe Kleine","name":"2_33_11_13"},{"num":3.8,"categoryName":"Randy Wittman","name":"2_33_11_14"},{"num":2.4,"categoryName":"Randy Allen","name":"2_33_11_15"},{"num":1.5,"categoryName":"Michael Jackson","name":"2_33_11_16"},{"num":1,"categoryName":"Ben Gillery","name":"2_33_11_17"}],"name":"2_33_11_0"},{"num":112.1,"categoryName":"Seattle_Supersonics","children":[{"num":27.5,"categoryName":"Dale Ellis","name":"2_33_5_104"},{"num":20.5,"categoryName":"Xavier McDaniel","name":"2_33_5_97"},{"num":15.9,"categoryName":"Derrick McKey","name":"2_33_5_114"},{"num":10.3,"categoryName":"Michael Cage","name":"2_33_5_118"},{"num":8.6,"categoryName":"Sedale Threatt","name":"2_33_5_115"},{"num":8,"categoryName":"Alton Lister","name":"2_33_5_105"},{"num":7.6,"categoryName":"Jerry Reynolds","name":"2_33_5_119"},{"num":7.1,"categoryName":"Nate McMillan","name":"2_33_5_108"},{"num":5.2,"categoryName":"Russ Schoene","name":"2_33_5_112"},{"num":4.2,"categoryName":"John Lucas","name":"2_33_5_120"},{"num":3,"categoryName":"Greg Ballard","name":"2_33_5_121"},{"num":2.9,"categoryName":"Olden Polynice","name":"2_33_5_117"},{"num":1.6,"categoryName":"Avery Johnson","name":"2_33_5_122"},{"num":0,"categoryName":"Mike Champion","name":"2_33_5_123"}],"name":"2_33_5_0"}],"name":"2_33_0_0","num":788.3000000000001}],"name":"2_0_0_0","num":1426.3000000000002}],"num":2729.2}