{"year":2013,"name":"root","categoryName":"root","children":[{"categoryName":"Eastern","children":[{"categoryName":"Southeast","children":[{"num":101,"categoryName":"Atlanta_Hawks","children":[{"num":18.6,"categoryName":"Al Horford","name":"1_16_1_40"},{"num":17.9,"categoryName":"Paul Millsap","name":"1_16_1_79"},{"num":16.5,"categoryName":"Jeff Teague","name":"1_16_1_49"},{"num":12,"categoryName":"Kyle Korver","name":"1_16_1_68"},{"num":11.1,"categoryName":"DeMarre Carroll","name":"1_16_1_80"},{"num":10.4,"categoryName":"Lou Williams","name":"1_16_1_67"},{"num":9.6,"categoryName":"Mike Scott","name":"1_16_1_74"},{"num":7.5,"categoryName":"Shelvin Mack","name":"1_16_1_72"},{"num":7,"categoryName":"Pero Antic","name":"1_16_1_81"},{"num":5.3,"categoryName":"Cartier Martin","name":"1_16_1_82"},{"num":5.7,"categoryName":"Elton Brand","name":"1_16_1_83"},{"num":4.5,"categoryName":"James Nunnally","name":"1_16_1_84"},{"num":4.3,"categoryName":"Gustavo Ayon","name":"1_16_1_85"},{"num":3.8,"categoryName":"Mike Muscala","name":"1_16_1_86"},{"num":3.7,"categoryName":"Dennis Schroder","name":"1_16_1_87"},{"num":3.1,"categoryName":"John Jenkins","name":"1_16_1_70"},{"num":0.4,"categoryName":"Jared Cunningham","name":"1_16_1_88"},{"num":0,"categoryName":"Dexter Pittman","name":"1_16_1_89"}],"name":"1_16_1_0"},{"num":96.9,"categoryName":"Charlotte_Bobcats","children":[{"num":21.8,"categoryName":"Al Jefferson","name":"1_16_2_88"},{"num":17.7,"categoryName":"Kemba Walker","name":"1_16_2_73"},{"num":14,"categoryName":"G. Henderson, Jr.","name":"1_16_2_61"},{"num":11.2,"categoryName":"Gary Neal","name":"1_16_2_89"},{"num":10.5,"categoryName":"Ramon Sessions","name":"1_16_2_79"},{"num":8.5,"categoryName":"Josh McRoberts","name":"1_16_2_81"},{"num":8,"categoryName":"Jeffery Taylor","name":"1_16_2_85"},{"num":7.2,"categoryName":"M. Kidd-Gilchrist","name":"1_16_2_82"},{"num":6.9,"categoryName":"C. Douglas-Roberts","name":"1_16_2_90"},{"num":6.1,"categoryName":"Anthony Tolliver","name":"1_16_2_91"},{"num":6,"categoryName":"Cody Zeller","name":"1_16_2_92"},{"num":5.2,"categoryName":"Ben Gordon","name":"1_16_2_80"},{"num":4.7,"categoryName":"Jannero Pargo","name":"1_16_2_83"},{"num":4,"categoryName":"Luke Ridnour","name":"1_16_2_93"},{"num":2.9,"categoryName":"Bismack Biyombo","name":"1_16_2_76"},{"num":2.3,"categoryName":"Jeff Adrien","name":"1_16_2_86"},{"num":0,"categoryName":"Justin Hamilton","name":"1_16_2_94"},{"num":0,"categoryName":"James Southerland","name":"1_16_2_95"},{"num":0,"categoryName":"D.J. White","name":"1_16_2_64"}],"name":"1_16_2_0"},{"num":102.2,"categoryName":"Miami_Heat","children":[{"num":27.1,"categoryName":"LeBron James","name":"1_16_3_48"},{"num":19,"categoryName":"Dwyane Wade","name":"1_16_3_1"},{"num":16.2,"categoryName":"Chris Bosh","name":"1_16_3_49"},{"num":9.8,"categoryName":"Mario Chalmers","name":"1_16_3_33"},{"num":9.6,"categoryName":"Ray Allen","name":"1_16_3_64"},{"num":7.9,"categoryName":"Michael Beasley","name":"1_16_3_30"},{"num":6.6,"categoryName":"Chris Andersen","name":"1_16_3_66"},{"num":6.4,"categoryName":"Norris Cole","name":"1_16_3_58"},{"num":4.9,"categoryName":"James Jones","name":"1_16_3_37"},{"num":4.5,"categoryName":"Rashard Lewis","name":"1_16_3_65"},{"num":4.2,"categoryName":"Toney Douglas","name":"1_16_3_69"},{"num":4.1,"categoryName":"Shane Battier","name":"1_16_3_59"},{"num":3.8,"categoryName":"Udonis Haslem","name":"1_16_3_5"},{"num":3.7,"categoryName":"Justin Hamilton","name":"1_16_3_70"},{"num":3,"categoryName":"Roger Mason","name":"1_16_3_71"},{"num":2.9,"categoryName":"Greg Oden","name":"1_16_3_72"},{"num":2,"categoryName":"DeAndre Liggins","name":"1_16_3_73"},{"num":0.5,"categoryName":"Joel Anthony","name":"1_16_3_43"}],"name":"1_16_3_0"},{"num":96.5,"categoryName":"Orlando_Magic","children":[{"num":18.2,"categoryName":"Arron Afflalo","name":"1_16_4_58"},{"num":14.6,"categoryName":"Tobias Harris","name":"1_16_4_57"},{"num":14.2,"categoryName":"Nikola Vucevic","name":"1_16_4_59"},{"num":13.8,"categoryName":"Victor Oladipo","name":"1_16_4_70"},{"num":12.1,"categoryName":"Glen Davis","name":"1_16_4_50"},{"num":12.1,"categoryName":"Jameer Nelson","name":"1_16_4_6"},{"num":7.4,"categoryName":"Maurice Harkless","name":"1_16_4_61"},{"num":6.3,"categoryName":"E'Twaun Moore","name":"1_16_4_62"},{"num":6.2,"categoryName":"Kyle O'Quinn","name":"1_16_4_65"},{"num":5.7,"categoryName":"Andrew Nicholson","name":"1_16_4_63"},{"num":3.7,"categoryName":"Dewayne Dedmon","name":"1_16_4_71"},{"num":3.6,"categoryName":"Doron Lamb","name":"1_16_4_69"},{"num":3.2,"categoryName":"Jason Maxiell","name":"1_16_4_72"},{"num":2.4,"categoryName":"Ronnie Price","name":"1_16_4_73"},{"num":1.8,"categoryName":"Adonis Thomas","name":"1_16_4_74"},{"num":1.3,"categoryName":"Solomon Jones","name":"1_16_4_75"}],"name":"1_16_4_0"},{"num":100.7,"categoryName":"Washington_Wizards","children":[{"num":19.3,"categoryName":"John Wall","name":"1_16_5_51"},{"num":17.1,"categoryName":"Bradley Beal","name":"1_16_5_74"},{"num":14.4,"categoryName":"Trevor Ariza","name":"1_16_5_77"},{"num":14.2,"categoryName":" Nene","name":"1_16_5_66"},{"num":13.2,"categoryName":"Marcin Gortat","name":"1_16_5_83"},{"num":9.7,"categoryName":"Martell Webster","name":"1_16_5_75"},{"num":8.3,"categoryName":"Drew Gooden","name":"1_16_5_84"},{"num":6.8,"categoryName":"Trevor Booker","name":"1_16_5_59"},{"num":6.6,"categoryName":"Al Harrington","name":"1_16_5_85"},{"num":4.7,"categoryName":"Kevin Seraphin","name":"1_16_5_60"},{"num":3.8,"categoryName":"Andre Miller","name":"1_16_5_86"},{"num":3.2,"categoryName":"Jan Vesely","name":"1_16_5_67"},{"num":3,"categoryName":"Chris Singleton","name":"1_16_5_68"},{"num":2.9,"categoryName":"Glen Rice, Jr.","name":"1_16_5_87"},{"num":2.3,"categoryName":"Eric Maynor","name":"1_16_5_88"},{"num":2.1,"categoryName":"Otto Porter","name":"1_16_5_89"},{"num":1.8,"categoryName":"Garrett Temple","name":"1_16_5_79"}],"name":"1_16_5_0"}],"name":"1_16_0_0","num":497.3},{"categoryName":"Atlantic","children":[{"num":96.2,"categoryName":"Boston_Celtics","children":[{"num":16.9,"categoryName":"Jeff Green","name":"1_14_1_253"},{"num":14.9,"categoryName":"Avery Bradley","name":"1_14_1_263"},{"num":13.7,"categoryName":"Jordan Crawford","name":"1_14_1_275"},{"num":13.3,"categoryName":"Jared Sullinger","name":"1_14_1_277"},{"num":11.7,"categoryName":"Rajon Rondo","name":"1_14_1_226"},{"num":11.1,"categoryName":"Brandon Bass","name":"1_14_1_265"},{"num":10.1,"categoryName":"Jerryd Bayless","name":"1_14_1_287"},{"num":8.7,"categoryName":"Kelly Olynyk","name":"1_14_1_288"},{"num":8.4,"categoryName":"Kris Humphries","name":"1_14_1_289"},{"num":7.4,"categoryName":"Courtney Lee","name":"1_14_1_276"},{"num":6.3,"categoryName":"Chris Johnson","name":"1_14_1_264"},{"num":5.1,"categoryName":"Gerald Wallace","name":"1_14_1_290"},{"num":4.4,"categoryName":"Vitor Faverani","name":"1_14_1_291"},{"num":3.1,"categoryName":"MarShon Brooks","name":"1_14_1_292"},{"num":2.8,"categoryName":"Phil Pressey","name":"1_14_1_293"},{"num":2,"categoryName":"Keith Bogans","name":"1_14_1_294"},{"num":1.7,"categoryName":"Vander Blue","name":"1_14_1_295"},{"num":1.6,"categoryName":"Chris Babb","name":"1_14_1_296"},{"num":1,"categoryName":"Joel Anthony","name":"1_14_1_297"}],"name":"1_14_1_0"},{"num":98.5,"categoryName":"Brooklyn_Nets","children":[{"num":20.7,"categoryName":"Brook Lopez","name":"1_14_13_1"},{"num":15.8,"categoryName":"Joe Johnson","name":"1_14_13_3"},{"num":14.3,"categoryName":"Deron Williams","name":"1_14_13_2"},{"num":13.5,"categoryName":"Paul Pierce","name":"1_14_13_18"},{"num":12.3,"categoryName":"Marcus Thornton","name":"1_14_13_19"},{"num":11.2,"categoryName":"Andray Blatche","name":"1_14_13_4"},{"num":8.6,"categoryName":"Mirza Teletovic","name":"1_14_13_12"},{"num":8.3,"categoryName":"Shaun Livingston","name":"1_14_13_20"},{"num":7.4,"categoryName":"Mason Plumlee","name":"1_14_13_21"},{"num":7.2,"categoryName":"Alan Anderson","name":"1_14_13_22"},{"num":6.5,"categoryName":"Kevin Garnett","name":"1_14_13_23"},{"num":5,"categoryName":"Andrei Kirilenko","name":"1_14_13_24"},{"num":4.5,"categoryName":"Jason Terry","name":"1_14_13_25"},{"num":4.1,"categoryName":"Jorge Gutierrez","name":"1_14_13_26"},{"num":3.9,"categoryName":"Tyshawn Taylor","name":"1_14_13_13"},{"num":3,"categoryName":"Marquis Teague","name":"1_14_13_27"},{"num":2.7,"categoryName":"Reggie Evans","name":"1_14_13_10"},{"num":1.5,"categoryName":"Tornike Shengelia","name":"1_14_13_14"},{"num":1.1,"categoryName":"Jason Collins","name":"1_14_13_28"}],"name":"1_14_13_0"},{"num":98.6,"categoryName":"New_York_Knicks","children":[{"num":27.4,"categoryName":"Carmelo Anthony","name":"1_14_3_253"},{"num":14.5,"categoryName":"J.R. Smith","name":"1_14_3_268"},{"num":13.3,"categoryName":"Andrea Bargnani","name":"1_14_3_285"},{"num":11.9,"categoryName":"Amar'e Stoudemire","name":"1_14_3_254"},{"num":10.2,"categoryName":"Tim Hardaway Jr.","name":"1_14_3_286"},{"num":9.7,"categoryName":"Raymond Felton","name":"1_14_3_256"},{"num":8.7,"categoryName":"Tyson Chandler","name":"1_14_3_269"},{"num":6.7,"categoryName":"Iman Shumpert","name":"1_14_3_270"},{"num":5.6,"categoryName":"Beno Udrih","name":"1_14_3_287"},{"num":4.8,"categoryName":"Metta World Peace","name":"1_14_3_288"},{"num":4.3,"categoryName":"Kenyon Martin","name":"1_14_3_278"},{"num":3.8,"categoryName":"Pablo Prigioni","name":"1_14_3_282"},{"num":3.6,"categoryName":"Jeremy Tyler","name":"1_14_3_289"},{"num":2.7,"categoryName":"Toure Murry","name":"1_14_3_290"},{"num":2.6,"categoryName":"Earl Clark","name":"1_14_3_291"},{"num":2.1,"categoryName":"Shannon Brown","name":"1_14_3_292"},{"num":2,"categoryName":"Cole Aldrich","name":"1_14_3_293"},{"num":0,"categoryName":"Chris Smith","name":"1_14_3_294"}],"name":"1_14_3_0"},{"num":99.5,"categoryName":"Philadelphia_76ers","children":[{"num":17.9,"categoryName":"Thaddeus Young","name":"1_14_4_295"},{"num":17.4,"categoryName":"Evan Turner","name":"1_14_4_308"},{"num":16.7,"categoryName":"M. Carter-Williams","name":"1_14_4_330"},{"num":13,"categoryName":"Tony Wroten","name":"1_14_4_331"},{"num":13,"categoryName":"Spencer Hawes","name":"1_14_4_309"},{"num":11.8,"categoryName":"Henry Sims","name":"1_14_4_332"},{"num":10.1,"categoryName":"James Anderson","name":"1_14_4_333"},{"num":6.9,"categoryName":"Darius Morris","name":"1_14_4_334"},{"num":6.8,"categoryName":"Byron Mullens","name":"1_14_4_335"},{"num":6,"categoryName":"Elliot Williams","name":"1_14_4_336"},{"num":6,"categoryName":"Hollis Thompson","name":"1_14_4_337"},{"num":5.3,"categoryName":"Casper Ware","name":"1_14_4_338"},{"num":5.2,"categoryName":"Lavoy Allen","name":"1_14_4_317"},{"num":4.3,"categoryName":"Jarvis Varnado","name":"1_14_4_339"},{"num":3.8,"categoryName":"Eric Maynor","name":"1_14_4_340"},{"num":3.5,"categoryName":"Adonis Thomas","name":"1_14_4_341"},{"num":3.4,"categoryName":"Dewayne Dedmon","name":"1_14_4_342"},{"num":3,"categoryName":"Arnett Moultrie","name":"1_14_4_325"},{"num":3,"categoryName":"Daniel Orton","name":"1_14_4_343"},{"num":2.9,"categoryName":"James Nunnally","name":"1_14_4_344"},{"num":2.8,"categoryName":"Brandon Davies","name":"1_14_4_345"},{"num":2.5,"categoryName":"Lorenzo Brown","name":"1_14_4_346"},{"num":0,"categoryName":"D. Johnson-Odom","name":"1_14_4_347"}],"name":"1_14_4_0"},{"num":101.3,"categoryName":"Toronto_Raptors","children":[{"num":22.7,"categoryName":"DeMar DeRozan","name":"1_14_12_51"},{"num":19.4,"categoryName":"Rudy Gay","name":"1_14_12_79"},{"num":17.9,"categoryName":"Kyle Lowry","name":"1_14_12_80"},{"num":11.3,"categoryName":"Jonas Valanciunas","name":"1_14_12_81"},{"num":10.9,"categoryName":"Terrence Ross","name":"1_14_12_82"},{"num":10.4,"categoryName":"Amir Johnson","name":"1_14_12_55"},{"num":9.5,"categoryName":"Greivis Vasquez","name":"1_14_12_89"},{"num":9.1,"categoryName":"Patrick Patterson","name":"1_14_12_90"},{"num":5,"categoryName":"John Salmons","name":"1_14_12_91"},{"num":4.9,"categoryName":"Tyler Hansbrough","name":"1_14_12_92"},{"num":3.3,"categoryName":"Steve Novak","name":"1_14_12_93"},{"num":3.1,"categoryName":"Nando De Colo","name":"1_14_12_94"},{"num":3.1,"categoryName":"Dwight Buycks","name":"1_14_12_95"},{"num":2.7,"categoryName":"Quincy Acy","name":"1_14_12_87"},{"num":2.3,"categoryName":"Landry Fields","name":"1_14_12_85"},{"num":2.2,"categoryName":"Chuck Hayes","name":"1_14_12_96"},{"num":2.1,"categoryName":"D.J. Augustin","name":"1_14_12_97"},{"num":1.3,"categoryName":"Aaron Gray","name":"1_14_12_75"},{"num":1,"categoryName":"Austin Daye","name":"1_14_12_98"},{"num":0.9,"categoryName":"Julyan Stone","name":"1_14_12_99"}],"name":"1_14_12_0"}],"name":"1_14_0_0","num":494.09999999999997},{"categoryName":"Central","children":[{"num":93.7,"categoryName":"Chicago_Bulls","children":[{"num":19,"categoryName":"Luol Deng","name":"1_15_12_168"},{"num":15.9,"categoryName":"Derrick Rose","name":"1_15_12_203"},{"num":14.9,"categoryName":"D.J. Augustin","name":"1_15_12_235"},{"num":13.7,"categoryName":"Carlos Boozer","name":"1_15_12_214"},{"num":13.1,"categoryName":"Jimmy Butler","name":"1_15_12_226"},{"num":13,"categoryName":"Taj Gibson","name":"1_15_12_207"},{"num":12.6,"categoryName":"Joakim Noah","name":"1_15_12_196"},{"num":11.3,"categoryName":"Mike Dunleavy, Jr.","name":"1_15_12_236"},{"num":9.1,"categoryName":"Kirk Hinrich","name":"1_15_12_159"},{"num":4.5,"categoryName":"Tony Snell","name":"1_15_12_237"},{"num":4,"categoryName":"Jimmer Fredette","name":"1_15_12_238"},{"num":2.5,"categoryName":"Cartier Martin","name":"1_15_12_239"},{"num":2.4,"categoryName":"Marquis Teague","name":"1_15_12_231"},{"num":1.6,"categoryName":"Nazr Mohammed","name":"1_15_12_229"},{"num":1,"categoryName":"Mike James","name":"1_15_12_225"},{"num":0.4,"categoryName":"Tornike Shengelia","name":"1_15_12_240"},{"num":0.3,"categoryName":"Erik Murphy","name":"1_15_12_241"},{"num":0,"categoryName":"Ronnie Brewer","name":"1_15_12_216"},{"num":0,"categoryName":"Lou Amundson","name":"1_15_12_234"},{"num":0,"categoryName":"Jarvis Varnado","name":"1_15_12_242"}],"name":"1_15_12_0"},{"num":98.2,"categoryName":"Cleveland_Cavaliers","children":[{"num":20.8,"categoryName":"Kyrie Irving","name":"1_15_4_305"},{"num":15.9,"categoryName":"Dion Waiters","name":"1_15_4_314"},{"num":14.3,"categoryName":"Luol Deng","name":"1_15_4_324"},{"num":13.5,"categoryName":"Spencer Hawes","name":"1_15_4_325"},{"num":11.7,"categoryName":"Tristan Thompson","name":"1_15_4_307"},{"num":9.9,"categoryName":"C.J. Miles","name":"1_15_4_315"},{"num":9.5,"categoryName":"Jarrett Jack","name":"1_15_4_326"},{"num":8.4,"categoryName":"Andrew Bynum","name":"1_15_4_327"},{"num":8.4,"categoryName":"Anderson Varejao","name":"1_15_4_247"},{"num":5.7,"categoryName":"Tyler Zeller","name":"1_15_4_318"},{"num":5.2,"categoryName":"Earl Clark","name":"1_15_4_328"},{"num":4.7,"categoryName":"M. Dellavedova","name":"1_15_4_329"},{"num":4.2,"categoryName":"Anthony Bennett","name":"1_15_4_330"},{"num":4,"categoryName":"Alonzo Gee","name":"1_15_4_298"},{"num":3,"categoryName":"Seth Curry","name":"1_15_4_331"},{"num":2.7,"categoryName":"Carrick Felix","name":"1_15_4_332"},{"num":2.2,"categoryName":"Henry Sims","name":"1_15_4_333"},{"num":1.7,"categoryName":"Sergey Karasev","name":"1_15_4_334"},{"num":1,"categoryName":"Shane Edwards","name":"1_15_4_335"},{"num":0.5,"categoryName":"Scotty Hopson","name":"1_15_4_336"},{"num":0,"categoryName":"Arinze Onuaku","name":"1_15_4_337"}],"name":"1_15_4_0"},{"num":101,"categoryName":"Detroit_Pistons","children":[{"num":16.4,"categoryName":"Josh Smith","name":"1_15_10_253"},{"num":15.5,"categoryName":"Brandon Jennings","name":"1_15_10_254"},{"num":15.2,"categoryName":"Greg Monroe","name":"1_15_10_241"},{"num":13.9,"categoryName":"Rodney Stuckey","name":"1_15_10_224"},{"num":13.5,"categoryName":"Andre Drummond","name":"1_15_10_248"},{"num":9.6,"categoryName":"Kyle Singler","name":"1_15_10_247"},{"num":8.7,"categoryName":"Will Bynum","name":"1_15_10_232"},{"num":5.9,"categoryName":"K. Caldwell-Pope","name":"1_15_10_255"},{"num":4.6,"categoryName":"Charlie Villanueva","name":"1_15_10_236"},{"num":4.2,"categoryName":"Jonas Jerebko","name":"1_15_10_237"},{"num":3.8,"categoryName":"Chauncey Billups","name":"1_15_10_192"},{"num":2.9,"categoryName":"Josh Harrellson","name":"1_15_10_256"},{"num":2.4,"categoryName":"Luigi Datome","name":"1_15_10_257"},{"num":2.3,"categoryName":"Peyton Siva","name":"1_15_10_258"},{"num":1,"categoryName":"Tony Mitchell","name":"1_15_10_259"}],"name":"1_15_10_0"},{"num":96.7,"categoryName":"Indiana_Pacers","children":[{"num":21.7,"categoryName":"Paul George","name":"1_15_11_188"},{"num":14,"categoryName":"David West","name":"1_15_11_191"},{"num":13.8,"categoryName":"Lance Stephenson","name":"1_15_11_190"},{"num":11.5,"categoryName":"Andrew Bynum","name":"1_15_11_205"},{"num":10.8,"categoryName":"Roy Hibbert","name":"1_15_11_176"},{"num":10.3,"categoryName":"George Hill","name":"1_15_11_192"},{"num":8.3,"categoryName":"Danny Granger","name":"1_15_11_159"},{"num":7.6,"categoryName":"Luis Scola","name":"1_15_11_206"},{"num":7.1,"categoryName":"Evan Turner","name":"1_15_11_207"},{"num":6.6,"categoryName":"C.J. Watson","name":"1_15_11_208"},{"num":3.7,"categoryName":"Chris Copeland","name":"1_15_11_209"},{"num":3.5,"categoryName":"Ian Mahinmi","name":"1_15_11_198"},{"num":2.9,"categoryName":"Lavoy Allen","name":"1_15_11_210"},{"num":2.7,"categoryName":"Rasual Butler","name":"1_15_11_211"},{"num":2.4,"categoryName":"Orlando Johnson","name":"1_15_11_200"},{"num":2.3,"categoryName":"Donald Sloan","name":"1_15_11_212"},{"num":1.7,"categoryName":"Solomon Hill","name":"1_15_11_213"}],"name":"1_15_11_0"},{"num":95.5,"categoryName":"Milwaukee_Bucks","children":[{"num":17.9,"categoryName":"Brandon Knight","name":"1_15_13_262"},{"num":15.8,"categoryName":"Ramon Sessions","name":"1_15_13_217"},{"num":12.1,"categoryName":"Khris Middleton","name":"1_15_13_263"},{"num":11.7,"categoryName":"O.J. Mayo","name":"1_15_13_264"},{"num":11.2,"categoryName":"Ersan Ilyasova","name":"1_15_13_208"},{"num":11.1,"categoryName":"John Henson","name":"1_15_13_257"},{"num":11,"categoryName":"Caron Butler","name":"1_15_13_265"},{"num":10.9,"categoryName":"Jeff Adrien","name":"1_15_13_266"},{"num":10,"categoryName":"Gary Neal","name":"1_15_13_267"},{"num":7.7,"categoryName":"Larry Sanders","name":"1_15_13_243"},{"num":7.7,"categoryName":"Zaza Pachulia","name":"1_15_13_192"},{"num":7.2,"categoryName":"Nate Wolters","name":"1_15_13_268"},{"num":6.8,"categoryName":"G. Antetokounmpo","name":"1_15_13_269"},{"num":6,"categoryName":"Chris Wright","name":"1_15_13_270"},{"num":5.7,"categoryName":"Luke Ridnour","name":"1_15_13_218"},{"num":3.8,"categoryName":"Miroslav Raduljica","name":"1_15_13_271"},{"num":3.4,"categoryName":"Ekpe Udoh","name":"1_15_13_250"},{"num":2.3,"categoryName":"D.J. Stephens","name":"1_15_13_272"},{"num":2,"categoryName":"Tony Mitchell","name":"1_15_13_273"}],"name":"1_15_13_0"}],"name":"1_15_0_0","num":485.09999999999997}],"name":"1_0_0_0","num":1476.5},{"categoryName":"Western","children":[{"categoryName":"Northwest","children":[{"num":104.4,"categoryName":"Denver_Nuggets","children":[{"num":17.6,"categoryName":"Ty Lawson","name":"2_34_1_49"},{"num":13.7,"categoryName":"Kenneth Faried","name":"2_34_1_62"},{"num":13.6,"categoryName":"Wilson Chandler","name":"2_34_1_53"},{"num":13.2,"categoryName":"Randy Foye","name":"2_34_1_72"},{"num":11.9,"categoryName":"Aaron Brooks","name":"2_34_1_73"},{"num":11.8,"categoryName":"J.J. Hickson","name":"2_34_1_74"},{"num":10.4,"categoryName":"Nate Robinson","name":"2_34_1_75"},{"num":9.4,"categoryName":"Timofey Mozgov","name":"2_34_1_59"},{"num":8.4,"categoryName":"Evan Fournier","name":"2_34_1_69"},{"num":7,"categoryName":"JaVale McGee","name":"2_34_1_61"},{"num":6.8,"categoryName":"Jordan Hamilton","name":"2_34_1_65"},{"num":5.9,"categoryName":"Darrell Arthur","name":"2_34_1_76"},{"num":5.9,"categoryName":"Andre Miller","name":"2_34_1_3"},{"num":4.9,"categoryName":"Quincy Miller","name":"2_34_1_71"},{"num":4.8,"categoryName":"Anthony Randolph","name":"2_34_1_70"},{"num":4.4,"categoryName":"Jan Vesely","name":"2_34_1_77"}],"name":"2_34_1_0"},{"num":106.9,"categoryName":"Minnesota_Timberwolves","children":[{"num":26.1,"categoryName":"Kevin Love","name":"2_34_2_30"},{"num":19.1,"categoryName":"Kevin Martin","name":"2_34_2_79"},{"num":17.5,"categoryName":"Nikola Pekovic","name":"2_34_2_58"},{"num":12.3,"categoryName":"Corey Brewer","name":"2_34_2_34"},{"num":9.5,"categoryName":"Ricky Rubio","name":"2_34_2_64"},{"num":8.4,"categoryName":"Jose Juan Barea","name":"2_34_2_63"},{"num":6.7,"categoryName":"Chase Budinger","name":"2_34_2_69"},{"num":6.3,"categoryName":"Dante Cunningham","name":"2_34_2_70"},{"num":4.9,"categoryName":"Derrick Williams","name":"2_34_2_65"},{"num":4.8,"categoryName":"Ronny Turiaf","name":"2_34_2_80"},{"num":4.8,"categoryName":"Gorgui Dieng","name":"2_34_2_81"},{"num":4,"categoryName":"Alexey Shved","name":"2_34_2_71"},{"num":3.9,"categoryName":"Shabazz Muhammad","name":"2_34_2_82"},{"num":3.4,"categoryName":"Robbie Hummel","name":"2_34_2_83"},{"num":3.3,"categoryName":"Luc Mbah a Moute","name":"2_34_2_84"},{"num":1.6,"categoryName":"A.J. Price","name":"2_34_2_85"},{"num":1,"categoryName":"Othyus Jeffers","name":"2_34_2_86"}],"name":"2_34_2_0"},{"num":106.2,"categoryName":"Oklahoma_City_Thunder","children":[{"num":32,"categoryName":"Kevin Durant","name":"2_34_6_1"},{"num":21.8,"categoryName":"Russell Westbrook","name":"2_34_6_3"},{"num":15.1,"categoryName":"Serge Ibaka","name":"2_34_6_22"},{"num":13.1,"categoryName":"Reggie Jackson","name":"2_34_6_38"},{"num":9.7,"categoryName":"Caron Butler","name":"2_34_6_48"},{"num":8.5,"categoryName":"Jeremy Lamb","name":"2_34_6_42"},{"num":6.3,"categoryName":"Thabo Sefolosha","name":"2_34_6_6"},{"num":5.2,"categoryName":"Derek Fisher","name":"2_34_6_37"},{"num":4.2,"categoryName":"Nick Collison","name":"2_34_6_8"},{"num":3.7,"categoryName":"Reggie Williams","name":"2_34_6_49"},{"num":3.5,"categoryName":"Perry Jones","name":"2_34_6_45"},{"num":3.4,"categoryName":"Kendrick Perkins","name":"2_34_6_32"},{"num":3.3,"categoryName":"Steven Adams","name":"2_34_6_50"},{"num":1.9,"categoryName":"Andre Roberson","name":"2_34_6_51"},{"num":1.2,"categoryName":"Ryan Gomes","name":"2_34_6_52"},{"num":1.2,"categoryName":"Hasheem Thabeet","name":"2_34_6_44"},{"num":0.3,"categoryName":"Mustafa Shakur","name":"2_34_6_53"},{"num":0,"categoryName":"Royal Ivey","name":"2_34_6_34"}],"name":"2_34_6_0"},{"num":106.7,"categoryName":"Portland_Trail_Blazers","children":[{"num":23.2,"categoryName":"LaMarcus Aldridge","name":"2_34_3_27"},{"num":20.7,"categoryName":"Damian Lillard","name":"2_34_3_71"},{"num":16.4,"categoryName":"Wesley Matthews","name":"2_34_3_53"},{"num":13,"categoryName":"Nicolas Batum","name":"2_34_3_39"},{"num":11.1,"categoryName":"Robin Lopez","name":"2_34_3_80"},{"num":9.7,"categoryName":"Mo Williams","name":"2_34_3_81"},{"num":5.3,"categoryName":"C.J. McCollum","name":"2_34_3_82"},{"num":5,"categoryName":"Dorell Wright","name":"2_34_3_83"},{"num":4.8,"categoryName":"Thomas Robinson","name":"2_34_3_84"},{"num":4,"categoryName":"Will Barton","name":"2_34_3_74"},{"num":3.3,"categoryName":"Joel Freeland","name":"2_34_3_78"},{"num":2.5,"categoryName":"Meyers Leonard","name":"2_34_3_73"},{"num":2.2,"categoryName":"Victor Claver","name":"2_34_3_75"},{"num":2.2,"categoryName":"Allen Crabbe","name":"2_34_3_85"},{"num":0.5,"categoryName":"Earl Watson","name":"2_34_3_86"}],"name":"2_34_3_0"},{"num":95,"categoryName":"Utah_Jazz","children":[{"num":16.2,"categoryName":"Gordon Hayward","name":"2_34_5_46"},{"num":14,"categoryName":"Alec Burks","name":"2_34_5_52"},{"num":13.3,"categoryName":"Derrick Favors","name":"2_34_5_44"},{"num":12.8,"categoryName":"Trey Burke","name":"2_34_5_61"},{"num":12.3,"categoryName":"Enes Kanter","name":"2_34_5_54"},{"num":10.1,"categoryName":"Richard Jefferson","name":"2_34_5_62"},{"num":9.1,"categoryName":"Marvin Williams","name":"2_34_5_59"},{"num":6.1,"categoryName":"Jeremy Evans","name":"2_34_5_48"},{"num":4.2,"categoryName":"Mike Harris","name":"2_34_5_63"},{"num":3.8,"categoryName":"John Lucas III","name":"2_34_5_64"},{"num":3.5,"categoryName":"Diante Garrett","name":"2_34_5_65"},{"num":3,"categoryName":"Ian Clark","name":"2_34_5_66"},{"num":2.3,"categoryName":"Rudy Gobert","name":"2_34_5_67"},{"num":2.1,"categoryName":"Brandon Rush","name":"2_34_5_68"},{"num":1.9,"categoryName":"Malcolm Thomas","name":"2_34_5_69"},{"num":1.1,"categoryName":"Jamaal Tinsley","name":"2_34_5_55"},{"num":0.5,"categoryName":"Andris Biedrins","name":"2_34_5_70"}],"name":"2_34_5_0"}],"name":"2_34_0_0","num":519.2},{"categoryName":"Pacific","children":[{"num":104.3,"categoryName":"Golden_State_Warriors","children":[{"num":24,"categoryName":"Stephen Curry","name":"2_33_6_300"},{"num":18.4,"categoryName":"Klay Thompson","name":"2_33_6_321"},{"num":18.2,"categoryName":"David Lee","name":"2_33_6_311"},{"num":9.5,"categoryName":"Harrison Barnes","name":"2_33_6_336"},{"num":9.3,"categoryName":"Andre Iguodala","name":"2_33_6_342"},{"num":8.4,"categoryName":"Jordan Crawford","name":"2_33_6_343"},{"num":7.9,"categoryName":"Jermaine O'Neal","name":"2_33_6_344"},{"num":7.3,"categoryName":"Andrew Bogut","name":"2_33_6_337"},{"num":6.4,"categoryName":"Marreese Speights","name":"2_33_6_345"},{"num":6.2,"categoryName":"Draymond Green","name":"2_33_6_338"},{"num":4.4,"categoryName":"Steve Blake","name":"2_33_6_346"},{"num":3.7,"categoryName":"Toney Douglas","name":"2_33_6_347"},{"num":2.3,"categoryName":"Kent Bazemore","name":"2_33_6_340"},{"num":1.9,"categoryName":"MarShon Brooks","name":"2_33_6_348"},{"num":1.7,"categoryName":"Hilton Armstrong","name":"2_33_6_349"},{"num":1.1,"categoryName":"Nemanja Nedovic","name":"2_33_6_350"},{"num":0.7,"categoryName":"Ognjen Kuzmic","name":"2_33_6_351"},{"num":0.3,"categoryName":"Dewayne Dedmon","name":"2_33_6_352"}],"name":"2_33_6_0"},{"num":107.9,"categoryName":"Los_Angeles_Clippers","children":[{"num":24.1,"categoryName":"Blake Griffin","name":"2_33_10_219"},{"num":19.1,"categoryName":"Chris Paul","name":"2_33_10_230"},{"num":18.6,"categoryName":"Jamal Crawford","name":"2_33_10_240"},{"num":15.2,"categoryName":"J.J. Redick","name":"2_33_10_247"},{"num":11.4,"categoryName":"Darren Collison","name":"2_33_10_248"},{"num":10.4,"categoryName":"DeAndre Jordan","name":"2_33_10_207"},{"num":9.9,"categoryName":"Matt Barnes","name":"2_33_10_163"},{"num":8,"categoryName":"Danny Granger","name":"2_33_10_249"},{"num":6.9,"categoryName":"Jared Dudley","name":"2_33_10_250"},{"num":5,"categoryName":"Willie Green","name":"2_33_10_241"},{"num":4.2,"categoryName":"Glen Davis","name":"2_33_10_251"},{"num":3.8,"categoryName":"Antawn Jamison","name":"2_33_10_252"},{"num":3,"categoryName":"Hedo Turkoglu","name":"2_33_10_253"},{"num":2.7,"categoryName":"Reggie Bullock","name":"2_33_10_254"},{"num":2.5,"categoryName":"Sasha Vujacic","name":"2_33_10_255"},{"num":2.5,"categoryName":"Byron Mullens","name":"2_33_10_256"},{"num":2.3,"categoryName":"Ryan Hollins","name":"2_33_10_242"},{"num":1.7,"categoryName":"Stephen Jackson","name":"2_33_10_257"},{"num":1,"categoryName":"Maalik Wayns","name":"2_33_10_243"},{"num":0.9,"categoryName":"Darius Morris","name":"2_33_10_258"}],"name":"2_33_10_0"},{"num":103,"categoryName":"Los_Angeles_Lakers","children":[{"num":17.9,"categoryName":"Nick Young","name":"2_33_1_260"},{"num":17.4,"categoryName":"Pau Gasol","name":"2_33_1_229"},{"num":15.7,"categoryName":"Jodie Meeks","name":"2_33_1_255"},{"num":13.8,"categoryName":"Kobe Bryant","name":"2_33_1_159"},{"num":13.1,"categoryName":"Kent Bazemore","name":"2_33_1_261"},{"num":10.4,"categoryName":"Chris Kaman","name":"2_33_1_262"},{"num":10.1,"categoryName":"Jordan Farmar","name":"2_33_1_227"},{"num":10,"categoryName":"Xavier Henry","name":"2_33_1_263"},{"num":9.7,"categoryName":"Jordan Hill","name":"2_33_1_246"},{"num":9.5,"categoryName":"Steve Blake","name":"2_33_1_239"},{"num":9.1,"categoryName":"Wesley Johnson","name":"2_33_1_264"},{"num":8.1,"categoryName":"Manny Harris","name":"2_33_1_265"},{"num":8,"categoryName":"Ryan Kelly","name":"2_33_1_266"},{"num":8,"categoryName":"Kendall Marshall","name":"2_33_1_267"},{"num":6.8,"categoryName":"Steve Nash","name":"2_33_1_253"},{"num":6.4,"categoryName":"MarShon Brooks","name":"2_33_1_268"},{"num":5.6,"categoryName":"Shawne Williams","name":"2_33_1_269"},{"num":5.4,"categoryName":"Robert Sacre","name":"2_33_1_258"},{"num":0,"categoryName":"Elias Harris","name":"2_33_1_270"}],"name":"2_33_1_0"},{"num":105.2,"categoryName":"Phoenix_Suns","children":[{"num":20.3,"categoryName":"Goran Dragic","name":"2_33_8_244"},{"num":17.7,"categoryName":"Eric Bledsoe","name":"2_33_8_282"},{"num":15.8,"categoryName":"Gerald Green","name":"2_33_8_283"},{"num":13.8,"categoryName":"Markieff Morris","name":"2_33_8_269"},{"num":11.1,"categoryName":"Channing Frye","name":"2_33_8_251"},{"num":9.7,"categoryName":"Marcus Morris","name":"2_33_8_277"},{"num":9.4,"categoryName":"P.J. Tucker","name":"2_33_8_276"},{"num":8.1,"categoryName":"Miles Plumlee","name":"2_33_8_284"},{"num":7.5,"categoryName":"Leandro Barbosa","name":"2_33_8_203"},{"num":3.7,"categoryName":"Archie Goodwin","name":"2_33_8_285"},{"num":3.7,"categoryName":"Ish Smith","name":"2_33_8_286"},{"num":2.3,"categoryName":"Dionte Christmas","name":"2_33_8_287"},{"num":2,"categoryName":"Alex Len","name":"2_33_8_288"},{"num":1.4,"categoryName":"Shavlik Randolph","name":"2_33_8_289"},{"num":1,"categoryName":"V. Kravtsov","name":"2_33_8_290"}],"name":"2_33_8_0"},{"num":100.5,"categoryName":"Sacramento_Kings","children":[{"num":22.7,"categoryName":"DeMarcus Cousins","name":"2_33_11_177"},{"num":20.3,"categoryName":"Isaiah Thomas","name":"2_33_11_185"},{"num":20.1,"categoryName":"Rudy Gay","name":"2_33_11_198"},{"num":9.8,"categoryName":"Greivis Vasquez","name":"2_33_11_199"},{"num":8.8,"categoryName":"Ben McLemore","name":"2_33_11_200"},{"num":8.5,"categoryName":"Derrick Williams","name":"2_33_11_201"},{"num":8.3,"categoryName":"Marcus Thornton","name":"2_33_11_176"},{"num":7.1,"categoryName":"Jason Thompson","name":"2_33_11_153"},{"num":6.9,"categoryName":"Patrick Patterson","name":"2_33_11_192"},{"num":6.2,"categoryName":"Ray McCallum","name":"2_33_11_202"},{"num":5.9,"categoryName":"Jimmer Fredette","name":"2_33_11_187"},{"num":5.8,"categoryName":"John Salmons","name":"2_33_11_146"},{"num":5.5,"categoryName":"Reggie Evans","name":"2_33_11_203"},{"num":5.4,"categoryName":"Travis Outlaw","name":"2_33_11_189"},{"num":4.4,"categoryName":"Luc Mbah a Moute","name":"2_33_11_204"},{"num":4.2,"categoryName":"Carl Landry","name":"2_33_11_165"},{"num":3,"categoryName":"Jared Cunningham","name":"2_33_11_205"},{"num":2.7,"categoryName":"Quincy Acy","name":"2_33_11_206"},{"num":2.1,"categoryName":"Chuck Hayes","name":"2_33_11_190"},{"num":1.8,"categoryName":"Aaron Gray","name":"2_33_11_207"},{"num":1.3,"categoryName":"Orlando Johnson","name":"2_33_11_208"},{"num":0.4,"categoryName":"Hamady N'Diaye","name":"2_33_11_209"},{"num":0,"categoryName":"Royce White","name":"2_33_11_210"}],"name":"2_33_11_0"}],"name":"2_33_0_0","num":520.9},{"categoryName":"Southwest","children":[{"num":104.8,"categoryName":"Dallas_Mavericks","children":[{"num":21.7,"categoryName":"Dirk Nowitzki","name":"2_35_1_1"},{"num":19,"categoryName":"Monta Ellis","name":"2_35_1_88"},{"num":11.9,"categoryName":"Vince Carter","name":"2_35_1_64"},{"num":11.4,"categoryName":"Jose Calderon","name":"2_35_1_89"},{"num":10.4,"categoryName":"Shawn Marion","name":"2_35_1_46"},{"num":9.1,"categoryName":"Brandan Wright","name":"2_35_1_66"},{"num":7.9,"categoryName":"Devin Harris","name":"2_35_1_9"},{"num":6.6,"categoryName":"Samuel Dalembert","name":"2_35_1_90"},{"num":6.4,"categoryName":"DeJuan Blair","name":"2_35_1_91"},{"num":4.6,"categoryName":"Jae Crowder","name":"2_35_1_77"},{"num":3.2,"categoryName":"Wayne Ellington","name":"2_35_1_92"},{"num":2.8,"categoryName":"Shane Larkin","name":"2_35_1_93"},{"num":2.4,"categoryName":"Gal Mekel","name":"2_35_1_94"},{"num":1.7,"categoryName":"Ricky Ledo","name":"2_35_1_95"},{"num":0.9,"categoryName":"Bernard James","name":"2_35_1_81"}],"name":"2_35_1_0"},{"num":107.7,"categoryName":"Houston_Rockets","children":[{"num":25.4,"categoryName":"James Harden","name":"2_35_2_82"},{"num":18.3,"categoryName":"Dwight Howard","name":"2_35_2_97"},{"num":16.6,"categoryName":"Chandler Parsons","name":"2_35_2_73"},{"num":12.5,"categoryName":"Jeremy Lin","name":"2_35_2_83"},{"num":12.1,"categoryName":"Terrence Jones","name":"2_35_2_90"},{"num":10.2,"categoryName":"Patrick Beverley","name":"2_35_2_89"},{"num":8.4,"categoryName":"Troy Daniels","name":"2_35_2_98"},{"num":7,"categoryName":"Aaron Brooks","name":"2_35_2_45"},{"num":6.9,"categoryName":"Omri Casspi","name":"2_35_2_99"},{"num":6.6,"categoryName":"Jordan Hamilton","name":"2_35_2_100"},{"num":5.8,"categoryName":"Omer Asik","name":"2_35_2_85"},{"num":5.7,"categoryName":"Francisco Garcia","name":"2_35_2_87"},{"num":5.5,"categoryName":"Donatas Motiejunas","name":"2_35_2_88"},{"num":4.6,"categoryName":"Isaiah Canaan","name":"2_35_2_101"},{"num":4,"categoryName":"Josh Powell","name":"2_35_2_102"},{"num":3.5,"categoryName":"Greg Smith","name":"2_35_2_81"},{"num":2.3,"categoryName":"Robert Covington","name":"2_35_2_103"},{"num":0.3,"categoryName":"Ronnie Brewer","name":"2_35_2_104"}],"name":"2_35_2_0"},{"num":96.1,"categoryName":"Memphis_Grizzlies","children":[{"num":17.4,"categoryName":"Zach Randolph","name":"2_35_3_43"},{"num":17.2,"categoryName":"Mike Conley","name":"2_35_3_33"},{"num":14.6,"categoryName":"Marc Gasol","name":"2_35_3_32"},{"num":11,"categoryName":"Courtney Lee","name":"2_35_3_79"},{"num":9,"categoryName":"Tony Allen","name":"2_35_3_54"},{"num":8.1,"categoryName":"Jerryd Bayless","name":"2_35_3_70"},{"num":7.4,"categoryName":"James Johnson","name":"2_35_3_80"},{"num":7.1,"categoryName":"Mike Miller","name":"2_35_3_2"},{"num":6.4,"categoryName":"Kosta Koufos","name":"2_35_3_81"},{"num":6.3,"categoryName":"Quincy Pondexter","name":"2_35_3_64"},{"num":6.2,"categoryName":"Jon Leuer","name":"2_35_3_77"},{"num":6,"categoryName":"Tayshaun Prince","name":"2_35_3_69"},{"num":5.7,"categoryName":"Ed Davis","name":"2_35_3_72"},{"num":4.9,"categoryName":"Nick Calathes","name":"2_35_3_82"},{"num":3,"categoryName":"Darius Morris","name":"2_35_3_83"},{"num":2.7,"categoryName":"Beno Udrih","name":"2_35_3_84"},{"num":1.9,"categoryName":"Jamaal Franklin","name":"2_35_3_85"},{"num":0,"categoryName":"Seth Curry","name":"2_35_3_86"}],"name":"2_35_3_0"},{"num":99.7,"categoryName":"New_Orleans_Pelicans","children":[{"num":20.8,"categoryName":"Anthony Davis","name":"2_35_7_1"},{"num":19.8,"categoryName":"Ryan Anderson","name":"2_35_7_2"},{"num":15.4,"categoryName":"Eric Gordon","name":"2_35_7_3"},{"num":14.5,"categoryName":"Tyreke Evans","name":"2_35_7_4"},{"num":14.3,"categoryName":"Jrue Holiday","name":"2_35_7_5"},{"num":9.7,"categoryName":"Jason Smith","name":"2_35_7_6"},{"num":9.4,"categoryName":"Brian Roberts","name":"2_35_7_7"},{"num":8.4,"categoryName":"Anthony Morrow","name":"2_35_7_8"},{"num":7.7,"categoryName":"Austin Rivers","name":"2_35_7_9"},{"num":7.2,"categoryName":"Al-Farouq Aminu","name":"2_35_7_10"},{"num":6.3,"categoryName":"Luke Babbitt","name":"2_35_7_11"},{"num":5.9,"categoryName":"Alexis Ajinca","name":"2_35_7_12"},{"num":4.7,"categoryName":"James Southerland","name":"2_35_7_13"},{"num":4.4,"categoryName":"Darius Miller","name":"2_35_7_14"},{"num":3.3,"categoryName":"Jeff Withey","name":"2_35_7_15"},{"num":3,"categoryName":"Melvin Ely","name":"2_35_7_16"},{"num":2.9,"categoryName":"Greg Stiemsma","name":"2_35_7_17"},{"num":2.1,"categoryName":"Lou Amundson","name":"2_35_7_18"},{"num":1.2,"categoryName":"Lance Thomas","name":"2_35_7_19"},{"num":1,"categoryName":"Arinze Onuaku","name":"2_35_7_20"},{"num":0,"categoryName":"Josh Childress","name":"2_35_7_21"}],"name":"2_35_7_0"},{"num":105.4,"categoryName":"San_Antonio_Spurs","children":[{"num":16.7,"categoryName":"Tony Parker","name":"2_35_5_2"},{"num":15.1,"categoryName":"Tim Duncan","name":"2_35_5_1"},{"num":12.8,"categoryName":"Kawhi Leonard","name":"2_35_5_63"},{"num":12.3,"categoryName":"Manu Ginobili","name":"2_35_5_3"},{"num":11.4,"categoryName":"Marco Belinelli","name":"2_35_5_74"},{"num":10.2,"categoryName":"Patty Mills","name":"2_35_5_61"},{"num":9.1,"categoryName":"Danny Green","name":"2_35_5_52"},{"num":9.1,"categoryName":"Boris Diaw","name":"2_35_5_65"},{"num":8.2,"categoryName":"Tiago Splitter","name":"2_35_5_53"},{"num":5,"categoryName":"Cory Joseph","name":"2_35_5_68"},{"num":4.3,"categoryName":"Nando De Colo","name":"2_35_5_72"},{"num":4.1,"categoryName":"Austin Daye","name":"2_35_5_75"},{"num":3.3,"categoryName":"Jeff Ayres","name":"2_35_5_76"},{"num":3.2,"categoryName":"Matt Bonner","name":"2_35_5_25"},{"num":3,"categoryName":"Aron Baynes","name":"2_35_5_73"},{"num":2.3,"categoryName":"Shannon Brown","name":"2_35_5_77"},{"num":2,"categoryName":"Malcolm Thomas","name":"2_35_5_71"},{"num":1.8,"categoryName":"Othyus Jeffers","name":"2_35_5_56"},{"num":1.2,"categoryName":"Damion James","name":"2_35_5_78"}],"name":"2_35_5_0"}],"name":"2_35_0_0","num":513.7}],"name":"2_0_0_0","num":1553.8}],"num":3030.3}