{"year":2012,"name":"root","categoryName":"root","children":[{"categoryName":"Eastern","children":[{"categoryName":"Southeast","children":[{"num":98,"categoryName":"Atlanta_Hawks","children":[{"num":17.5,"categoryName":"Josh Smith","name":"1_16_1_6"},{"num":17.4,"categoryName":"Al Horford","name":"1_16_1_40"},{"num":14.6,"categoryName":"Jeff Teague","name":"1_16_1_49"},{"num":14.1,"categoryName":"Lou Williams","name":"1_16_1_67"},{"num":10.9,"categoryName":"Kyle Korver","name":"1_16_1_68"},{"num":9.9,"categoryName":"Devin Harris","name":"1_16_1_69"},{"num":6.6,"categoryName":"Ivan Johnson","name":"1_16_1_60"},{"num":6.1,"categoryName":"John Jenkins","name":"1_16_1_70"},{"num":5.9,"categoryName":"Zaza Pachulia","name":"1_16_1_22"},{"num":5.2,"categoryName":"Anthony Morrow","name":"1_16_1_71"},{"num":5.2,"categoryName":"Shelvin Mack","name":"1_16_1_72"},{"num":5.1,"categoryName":"DeShawn Stevenson","name":"1_16_1_73"},{"num":5,"categoryName":"Jannero Pargo","name":"1_16_1_61"},{"num":4.6,"categoryName":"Mike Scott","name":"1_16_1_74"},{"num":4.1,"categoryName":"Anthony Tolliver","name":"1_16_1_75"},{"num":3.5,"categoryName":"Johan Petro","name":"1_16_1_76"},{"num":3.1,"categoryName":"Dahntay Jones","name":"1_16_1_77"},{"num":0,"categoryName":"Jeremy Tyler","name":"1_16_1_78"}],"name":"1_16_1_0"},{"num":93.4,"categoryName":"Charlotte_Bobcats","children":[{"num":17.7,"categoryName":"Kemba Walker","name":"1_16_2_73"},{"num":15.5,"categoryName":"G. Henderson, Jr.","name":"1_16_2_61"},{"num":14.4,"categoryName":"Ramon Sessions","name":"1_16_2_79"},{"num":11.2,"categoryName":"Ben Gordon","name":"1_16_2_80"},{"num":10.6,"categoryName":"Byron Mullens","name":"1_16_2_74"},{"num":9.3,"categoryName":"Josh McRoberts","name":"1_16_2_81"},{"num":9,"categoryName":"M. Kidd-Gilchrist","name":"1_16_2_82"},{"num":8.4,"categoryName":"Jannero Pargo","name":"1_16_2_83"},{"num":7,"categoryName":"Hakim Warrick","name":"1_16_2_84"},{"num":6.1,"categoryName":"Jeffery Taylor","name":"1_16_2_85"},{"num":4.8,"categoryName":"Bismack Biyombo","name":"1_16_2_76"},{"num":4.8,"categoryName":"Tyrus Thomas","name":"1_16_2_54"},{"num":4,"categoryName":"Jeff Adrien","name":"1_16_2_86"},{"num":3.7,"categoryName":"Reggie Williams","name":"1_16_2_75"},{"num":3.5,"categoryName":"Brendan Haywood","name":"1_16_2_87"},{"num":2.3,"categoryName":"Cory Higgins","name":"1_16_2_77"},{"num":0.7,"categoryName":"DeSagana Diop","name":"1_16_2_46"},{"num":0,"categoryName":"Matt Carroll","name":"1_16_2_9"}],"name":"1_16_2_0"},{"num":102.9,"categoryName":"Miami_Heat","children":[{"num":26.8,"categoryName":"LeBron James","name":"1_16_3_48"},{"num":21.2,"categoryName":"Dwyane Wade","name":"1_16_3_1"},{"num":16.6,"categoryName":"Chris Bosh","name":"1_16_3_49"},{"num":10.9,"categoryName":"Ray Allen","name":"1_16_3_64"},{"num":8.6,"categoryName":"Mario Chalmers","name":"1_16_3_33"},{"num":6.6,"categoryName":"Shane Battier","name":"1_16_3_59"},{"num":5.6,"categoryName":"Norris Cole","name":"1_16_3_58"},{"num":5.2,"categoryName":"Rashard Lewis","name":"1_16_3_65"},{"num":4.9,"categoryName":"Chris Andersen","name":"1_16_3_66"},{"num":4.8,"categoryName":"Mike Miller","name":"1_16_3_52"},{"num":3.9,"categoryName":"Udonis Haslem","name":"1_16_3_5"},{"num":3,"categoryName":"Juwan Howard","name":"1_16_3_55"},{"num":1.7,"categoryName":"Josh Harrellson","name":"1_16_3_67"},{"num":1.6,"categoryName":"James Jones","name":"1_16_3_37"},{"num":1.5,"categoryName":"Dexter Pittman","name":"1_16_3_57"},{"num":1.4,"categoryName":"Terrel Harris","name":"1_16_3_60"},{"num":1.4,"categoryName":"Joel Anthony","name":"1_16_3_43"},{"num":0.3,"categoryName":"Jarvis Varnado","name":"1_16_3_68"}],"name":"1_16_3_0"},{"num":94.1,"categoryName":"Orlando_Magic","children":[{"num":17.3,"categoryName":"Tobias Harris","name":"1_16_4_57"},{"num":16.5,"categoryName":"Arron Afflalo","name":"1_16_4_58"},{"num":15.1,"categoryName":"J.J. Redick","name":"1_16_4_26"},{"num":15.1,"categoryName":"Glen Davis","name":"1_16_4_50"},{"num":14.7,"categoryName":"Jameer Nelson","name":"1_16_4_6"},{"num":13.1,"categoryName":"Nikola Vucevic","name":"1_16_4_59"},{"num":10.2,"categoryName":"Beno Udrih","name":"1_16_4_60"},{"num":8.2,"categoryName":"Maurice Harkless","name":"1_16_4_61"},{"num":7.8,"categoryName":"E'Twaun Moore","name":"1_16_4_62"},{"num":7.8,"categoryName":"Andrew Nicholson","name":"1_16_4_63"},{"num":5.1,"categoryName":"Al Harrington","name":"1_16_4_64"},{"num":4.1,"categoryName":"Kyle O'Quinn","name":"1_16_4_65"},{"num":3.9,"categoryName":"Josh McRoberts","name":"1_16_4_66"},{"num":3.7,"categoryName":"DeQuan Jones","name":"1_16_4_67"},{"num":3.6,"categoryName":"Gustavo Ayon","name":"1_16_4_68"},{"num":3.2,"categoryName":"Doron Lamb","name":"1_16_4_69"},{"num":2.9,"categoryName":"Hedo Turkoglu","name":"1_16_4_4"},{"num":2.4,"categoryName":"Ish Smith","name":"1_16_4_53"}],"name":"1_16_4_0"},{"num":93.2,"categoryName":"Washington_Wizards","children":[{"num":18.5,"categoryName":"John Wall","name":"1_16_5_51"},{"num":13.9,"categoryName":"Bradley Beal","name":"1_16_5_74"},{"num":13.2,"categoryName":"Jordan Crawford","name":"1_16_5_52"},{"num":12.6,"categoryName":" Nene","name":"1_16_5_66"},{"num":11.4,"categoryName":"Martell Webster","name":"1_16_5_75"},{"num":9.7,"categoryName":"Emeka Okafor","name":"1_16_5_76"},{"num":9.5,"categoryName":"Trevor Ariza","name":"1_16_5_77"},{"num":9.1,"categoryName":"Kevin Seraphin","name":"1_16_5_60"},{"num":7.7,"categoryName":"A.J. Price","name":"1_16_5_78"},{"num":6.6,"categoryName":"Cartier Martin","name":"1_16_5_44"},{"num":5.3,"categoryName":"Trevor Booker","name":"1_16_5_59"},{"num":5.3,"categoryName":"Shelvin Mack","name":"1_16_5_69"},{"num":5.1,"categoryName":"Garrett Temple","name":"1_16_5_79"},{"num":4.1,"categoryName":"Chris Singleton","name":"1_16_5_68"},{"num":3.7,"categoryName":"Shaun Livingston","name":"1_16_5_41"},{"num":3,"categoryName":"Jannero Pargo","name":"1_16_5_80"},{"num":2.5,"categoryName":"Earl Barron","name":"1_16_5_81"},{"num":2.5,"categoryName":"Jan Vesely","name":"1_16_5_67"},{"num":0.7,"categoryName":"Jason Collins","name":"1_16_5_82"}],"name":"1_16_5_0"}],"name":"1_16_0_0","num":481.59999999999997},{"categoryName":"Atlantic","children":[{"num":96.5,"categoryName":"Boston_Celtics","children":[{"num":18.6,"categoryName":"Paul Pierce","name":"1_14_1_164"},{"num":14.8,"categoryName":"Kevin Garnett","name":"1_14_1_232"},{"num":13.7,"categoryName":"Rajon Rondo","name":"1_14_1_226"},{"num":12.8,"categoryName":"Jeff Green","name":"1_14_1_253"},{"num":10.1,"categoryName":"Jason Terry","name":"1_14_1_274"},{"num":9.2,"categoryName":"Avery Bradley","name":"1_14_1_263"},{"num":9.1,"categoryName":"Jordan Crawford","name":"1_14_1_275"},{"num":8.7,"categoryName":"Brandon Bass","name":"1_14_1_265"},{"num":7.8,"categoryName":"Courtney Lee","name":"1_14_1_276"},{"num":6,"categoryName":"Jared Sullinger","name":"1_14_1_277"},{"num":5.2,"categoryName":"Leandro Barbosa","name":"1_14_1_278"},{"num":4.6,"categoryName":"Terrence Williams","name":"1_14_1_279"},{"num":4.2,"categoryName":"Chris Wilcox","name":"1_14_1_267"},{"num":4.2,"categoryName":"Shavlik Randolph","name":"1_14_1_280"},{"num":2.4,"categoryName":"D.J. White","name":"1_14_1_281"},{"num":1.2,"categoryName":"Jarvis Varnado","name":"1_14_1_282"},{"num":1.2,"categoryName":"Kris Joseph","name":"1_14_1_283"},{"num":1.2,"categoryName":"Fab Melo","name":"1_14_1_284"},{"num":1.2,"categoryName":"Jason Collins","name":"1_14_1_285"},{"num":0,"categoryName":"Darko Milicic","name":"1_14_1_286"}],"name":"1_14_1_0"},{"num":96.9,"categoryName":"Brooklyn_Nets","children":[{"num":19.4,"categoryName":"Brook Lopez","name":"1_14_13_1"},{"num":18.9,"categoryName":"Deron Williams","name":"1_14_13_2"},{"num":16.3,"categoryName":"Joe Johnson","name":"1_14_13_3"},{"num":10.3,"categoryName":"Andray Blatche","name":"1_14_13_4"},{"num":7.7,"categoryName":"Gerald Wallace","name":"1_14_13_5"},{"num":6.8,"categoryName":"C.J. Watson","name":"1_14_13_6"},{"num":5.8,"categoryName":"Kris Humphries","name":"1_14_13_7"},{"num":5.4,"categoryName":"MarShon Brooks","name":"1_14_13_8"},{"num":4.9,"categoryName":"Jerry Stackhouse","name":"1_14_13_9"},{"num":4.5,"categoryName":"Reggie Evans","name":"1_14_13_10"},{"num":4.2,"categoryName":"Keith Bogans","name":"1_14_13_11"},{"num":3.5,"categoryName":"Mirza Teletovic","name":"1_14_13_12"},{"num":2.2,"categoryName":"Tyshawn Taylor","name":"1_14_13_13"},{"num":1.6,"categoryName":"Tornike Shengelia","name":"1_14_13_14"},{"num":1,"categoryName":"Josh Childress","name":"1_14_13_15"},{"num":0.5,"categoryName":"Kris Joseph","name":"1_14_13_16"},{"num":0,"categoryName":"Damion James","name":"1_14_13_17"}],"name":"1_14_13_0"},{"num":100,"categoryName":"New_York_Knicks","children":[{"num":28.7,"categoryName":"Carmelo Anthony","name":"1_14_3_253"},{"num":18.1,"categoryName":"J.R. Smith","name":"1_14_3_268"},{"num":14.2,"categoryName":"Amar'e Stoudemire","name":"1_14_3_254"},{"num":13.9,"categoryName":"Raymond Felton","name":"1_14_3_256"},{"num":11,"categoryName":"Earl Barron","name":"1_14_3_243"},{"num":10.4,"categoryName":"Tyson Chandler","name":"1_14_3_269"},{"num":8.7,"categoryName":"Chris Copeland","name":"1_14_3_277"},{"num":7.2,"categoryName":"Kenyon Martin","name":"1_14_3_278"},{"num":7,"categoryName":"Rasheed Wallace","name":"1_14_3_279"},{"num":6.8,"categoryName":"Iman Shumpert","name":"1_14_3_270"},{"num":6.6,"categoryName":"Steve Novak","name":"1_14_3_271"},{"num":6,"categoryName":"Jason Kidd","name":"1_14_3_280"},{"num":5,"categoryName":"Quentin Richardson","name":"1_14_3_217"},{"num":3.6,"categoryName":"Ronnie Brewer","name":"1_14_3_281"},{"num":3.5,"categoryName":"Pablo Prigioni","name":"1_14_3_282"},{"num":2.5,"categoryName":"Kurt Thomas","name":"1_14_3_168"},{"num":2.2,"categoryName":"James White","name":"1_14_3_283"},{"num":1.8,"categoryName":"Marcus Camby","name":"1_14_3_169"},{"num":0,"categoryName":"Solomon Jones","name":"1_14_3_284"}],"name":"1_14_3_0"},{"num":93.2,"categoryName":"Philadelphia_76ers","children":[{"num":17.7,"categoryName":"Jrue Holiday","name":"1_14_4_302"},{"num":14.8,"categoryName":"Thaddeus Young","name":"1_14_4_295"},{"num":13.3,"categoryName":"Evan Turner","name":"1_14_4_308"},{"num":11,"categoryName":"Spencer Hawes","name":"1_14_4_309"},{"num":10.6,"categoryName":"Nick Young","name":"1_14_4_319"},{"num":10.5,"categoryName":"Jason Richardson","name":"1_14_4_320"},{"num":9.2,"categoryName":"Dorell Wright","name":"1_14_4_321"},{"num":6.4,"categoryName":"Damien Wilkins","name":"1_14_4_322"},{"num":5.8,"categoryName":"Lavoy Allen","name":"1_14_4_317"},{"num":4.9,"categoryName":"Jeremy Pargo","name":"1_14_4_323"},{"num":4.7,"categoryName":"Justin Holiday","name":"1_14_4_324"},{"num":3.7,"categoryName":"Arnett Moultrie","name":"1_14_4_325"},{"num":3.2,"categoryName":"Royal Ivey","name":"1_14_4_300"},{"num":2.7,"categoryName":"Maalik Wayns","name":"1_14_4_326"},{"num":2.5,"categoryName":"Charles Jenkins","name":"1_14_4_327"},{"num":1.9,"categoryName":"Kwame Brown","name":"1_14_4_328"},{"num":0.5,"categoryName":"Shelvin Mack","name":"1_14_4_329"}],"name":"1_14_4_0"},{"num":97.2,"categoryName":"Toronto_Raptors","children":[{"num":19.5,"categoryName":"Rudy Gay","name":"1_14_12_79"},{"num":18.1,"categoryName":"DeMar DeRozan","name":"1_14_12_51"},{"num":12.7,"categoryName":"Andrea Bargnani","name":"1_14_12_27"},{"num":11.6,"categoryName":"Kyle Lowry","name":"1_14_12_80"},{"num":11.1,"categoryName":"Jose Calderon","name":"1_14_12_20"},{"num":10.7,"categoryName":"Alan Anderson","name":"1_14_12_71"},{"num":10,"categoryName":"Amir Johnson","name":"1_14_12_55"},{"num":9.7,"categoryName":"Ed Davis","name":"1_14_12_62"},{"num":8.9,"categoryName":"Jonas Valanciunas","name":"1_14_12_81"},{"num":7.4,"categoryName":"Linas Kleiza","name":"1_14_12_58"},{"num":6.4,"categoryName":"Terrence Ross","name":"1_14_12_82"},{"num":5.3,"categoryName":"John Lucas III","name":"1_14_12_83"},{"num":5.3,"categoryName":"Mickael Pietrus","name":"1_14_12_84"},{"num":4.7,"categoryName":"Landry Fields","name":"1_14_12_85"},{"num":4.3,"categoryName":"Sebastian Telfair","name":"1_14_12_86"},{"num":4,"categoryName":"Quincy Acy","name":"1_14_12_87"},{"num":2.8,"categoryName":"Aaron Gray","name":"1_14_12_75"},{"num":2.1,"categoryName":"Dominic McGuire","name":"1_14_12_88"}],"name":"1_14_12_0"}],"name":"1_14_0_0","num":483.79999999999995},{"categoryName":"Central","children":[{"num":93.2,"categoryName":"Chicago_Bulls","children":[{"num":16.5,"categoryName":"Luol Deng","name":"1_15_12_168"},{"num":16.2,"categoryName":"Carlos Boozer","name":"1_15_12_214"},{"num":13.1,"categoryName":"Nate Robinson","name":"1_15_12_227"},{"num":11.9,"categoryName":"Joakim Noah","name":"1_15_12_196"},{"num":9.8,"categoryName":"Richard Hamilton","name":"1_15_12_224"},{"num":9.6,"categoryName":"Marco Belinelli","name":"1_15_12_228"},{"num":8.6,"categoryName":"Jimmy Butler","name":"1_15_12_226"},{"num":8,"categoryName":"Taj Gibson","name":"1_15_12_207"},{"num":7.7,"categoryName":"Kirk Hinrich","name":"1_15_12_159"},{"num":2.6,"categoryName":"Nazr Mohammed","name":"1_15_12_229"},{"num":2.5,"categoryName":"Daequan Cook","name":"1_15_12_230"},{"num":2.1,"categoryName":"Marquis Teague","name":"1_15_12_231"},{"num":1.7,"categoryName":"Malcolm Thomas","name":"1_15_12_232"},{"num":1.3,"categoryName":"V. Radmanovic","name":"1_15_12_233"},{"num":0,"categoryName":"Lou Amundson","name":"1_15_12_234"}],"name":"1_15_12_0"},{"num":96.5,"categoryName":"Cleveland_Cavaliers","children":[{"num":22.5,"categoryName":"Kyrie Irving","name":"1_15_4_305"},{"num":14.7,"categoryName":"Dion Waiters","name":"1_15_4_314"},{"num":14.1,"categoryName":"Anderson Varejao","name":"1_15_4_247"},{"num":11.7,"categoryName":"Tristan Thompson","name":"1_15_4_307"},{"num":11.2,"categoryName":"C.J. Miles","name":"1_15_4_315"},{"num":10.4,"categoryName":"Wayne Ellington","name":"1_15_4_316"},{"num":10.3,"categoryName":"Alonzo Gee","name":"1_15_4_298"},{"num":10.2,"categoryName":"Marreese Speights","name":"1_15_4_317"},{"num":7.9,"categoryName":"Tyler Zeller","name":"1_15_4_318"},{"num":7.8,"categoryName":"Jeremy Pargo","name":"1_15_4_319"},{"num":7.2,"categoryName":"Shaun Livingston","name":"1_15_4_320"},{"num":5.4,"categoryName":"Daniel Gibson","name":"1_15_4_264"},{"num":4.1,"categoryName":"Donald Sloan","name":"1_15_4_309"},{"num":4,"categoryName":"Omri Casspi","name":"1_15_4_308"},{"num":3.4,"categoryName":"Luke Walton","name":"1_15_4_312"},{"num":3.2,"categoryName":"Samardo Samuels","name":"1_15_4_297"},{"num":3,"categoryName":"Kevin Jones","name":"1_15_4_321"},{"num":2.4,"categoryName":"Jon Leuer","name":"1_15_4_322"},{"num":1.4,"categoryName":"Chris Quinn","name":"1_15_4_323"}],"name":"1_15_4_0"},{"num":94.9,"categoryName":"Detroit_Pistons","children":[{"num":16,"categoryName":"Greg Monroe","name":"1_15_10_241"},{"num":13.3,"categoryName":"Brandon Knight","name":"1_15_10_243"},{"num":11.7,"categoryName":"Tayshaun Prince","name":"1_15_10_194"},{"num":11.6,"categoryName":"Jose Calderon","name":"1_15_10_246"},{"num":11.5,"categoryName":"Rodney Stuckey","name":"1_15_10_224"},{"num":9.8,"categoryName":"Will Bynum","name":"1_15_10_232"},{"num":8.8,"categoryName":"Kyle Singler","name":"1_15_10_247"},{"num":7.9,"categoryName":"Andre Drummond","name":"1_15_10_248"},{"num":7.7,"categoryName":"Jonas Jerebko","name":"1_15_10_237"},{"num":6.9,"categoryName":"Jason Maxiell","name":"1_15_10_217"},{"num":6.8,"categoryName":"Charlie Villanueva","name":"1_15_10_236"},{"num":6.1,"categoryName":"Khris Middleton","name":"1_15_10_249"},{"num":5.3,"categoryName":"Corey Maggette","name":"1_15_10_250"},{"num":5.1,"categoryName":"Austin Daye","name":"1_15_10_238"},{"num":3.1,"categoryName":"V. Kravtsov","name":"1_15_10_251"},{"num":2.9,"categoryName":"Kim English","name":"1_15_10_252"}],"name":"1_15_10_0"},{"num":94.7,"categoryName":"Indiana_Pacers","children":[{"num":17.4,"categoryName":"Paul George","name":"1_15_11_188"},{"num":17.1,"categoryName":"David West","name":"1_15_11_191"},{"num":14.2,"categoryName":"George Hill","name":"1_15_11_192"},{"num":11.9,"categoryName":"Roy Hibbert","name":"1_15_11_176"},{"num":8.8,"categoryName":"Lance Stephenson","name":"1_15_11_190"},{"num":7,"categoryName":"Gerald Green","name":"1_15_11_197"},{"num":7,"categoryName":"Tyler Hansbrough","name":"1_15_11_182"},{"num":5.4,"categoryName":"Danny Granger","name":"1_15_11_159"},{"num":5,"categoryName":"Ian Mahinmi","name":"1_15_11_198"},{"num":4.7,"categoryName":"D.J. Augustin","name":"1_15_11_199"},{"num":4,"categoryName":"Orlando Johnson","name":"1_15_11_200"},{"num":3.9,"categoryName":"Jeff Ayres","name":"1_15_11_196"},{"num":2.8,"categoryName":"Sam Young","name":"1_15_11_201"},{"num":2,"categoryName":"Ben Hansbrough","name":"1_15_11_202"},{"num":0.9,"categoryName":"Miles Plumlee","name":"1_15_11_203"},{"num":0,"categoryName":"Dominic McGuire","name":"1_15_11_204"}],"name":"1_15_11_0"},{"num":98.9,"categoryName":"Milwaukee_Bucks","children":[{"num":19.2,"categoryName":"Monta Ellis","name":"1_15_13_246"},{"num":17.5,"categoryName":"Brandon Jennings","name":"1_15_13_228"},{"num":13.2,"categoryName":"Ersan Ilyasova","name":"1_15_13_208"},{"num":12.3,"categoryName":"J.J. Redick","name":"1_15_13_255"},{"num":10.5,"categoryName":"Mike Dunleavy, Jr.","name":"1_15_13_247"},{"num":9.8,"categoryName":"Larry Sanders","name":"1_15_13_243"},{"num":6.7,"categoryName":"Beno Udrih","name":"1_15_13_249"},{"num":6.7,"categoryName":"Luc Mbah a Moute","name":"1_15_13_219"},{"num":6.7,"categoryName":"Samuel Dalembert","name":"1_15_13_256"},{"num":6,"categoryName":"John Henson","name":"1_15_13_257"},{"num":5.5,"categoryName":"Marquis Daniels","name":"1_15_13_258"},{"num":4.9,"categoryName":"Tobias Harris","name":"1_15_13_252"},{"num":4.3,"categoryName":"Ekpe Udoh","name":"1_15_13_250"},{"num":4.3,"categoryName":"Gustavo Ayon","name":"1_15_13_259"},{"num":3.4,"categoryName":"Doron Lamb","name":"1_15_13_260"},{"num":3.3,"categoryName":"Drew Gooden","name":"1_15_13_239"},{"num":2.4,"categoryName":"Ish Smith","name":"1_15_13_261"},{"num":0.2,"categoryName":"Joel Przybilla","name":"1_15_13_168"}],"name":"1_15_13_0"}],"name":"1_15_0_0","num":478.20000000000005}],"name":"1_0_0_0","num":1443.6},{"categoryName":"Western","children":[{"categoryName":"Northwest","children":[{"num":106.1,"categoryName":"Denver_Nuggets","children":[{"num":16.7,"categoryName":"Ty Lawson","name":"2_34_1_49"},{"num":16.2,"categoryName":"Danilo Gallinari","name":"2_34_1_52"},{"num":13,"categoryName":"Wilson Chandler","name":"2_34_1_53"},{"num":13,"categoryName":"Andre Iguodala","name":"2_34_1_68"},{"num":12.1,"categoryName":"Corey Brewer","name":"2_34_1_63"},{"num":11.5,"categoryName":"Kenneth Faried","name":"2_34_1_62"},{"num":9.6,"categoryName":"Andre Miller","name":"2_34_1_3"},{"num":9.1,"categoryName":"JaVale McGee","name":"2_34_1_61"},{"num":8,"categoryName":"Kosta Koufos","name":"2_34_1_57"},{"num":5.3,"categoryName":"Evan Fournier","name":"2_34_1_69"},{"num":5.2,"categoryName":"Jordan Hamilton","name":"2_34_1_65"},{"num":3.7,"categoryName":"Anthony Randolph","name":"2_34_1_70"},{"num":2.6,"categoryName":"Timofey Mozgov","name":"2_34_1_59"},{"num":1.8,"categoryName":"Julyan Stone","name":"2_34_1_67"},{"num":1.3,"categoryName":"Quincy Miller","name":"2_34_1_71"}],"name":"2_34_1_0"},{"num":95.7,"categoryName":"Minnesota_Timberwolves","children":[{"num":18.3,"categoryName":"Kevin Love","name":"2_34_2_30"},{"num":16.3,"categoryName":"Nikola Pekovic","name":"2_34_2_58"},{"num":12.4,"categoryName":"Andrei Kirilenko","name":"2_34_2_68"},{"num":12,"categoryName":"Derrick Williams","name":"2_34_2_65"},{"num":11.5,"categoryName":"Luke Ridnour","name":"2_34_2_53"},{"num":11.3,"categoryName":"Jose Juan Barea","name":"2_34_2_63"},{"num":10.7,"categoryName":"Ricky Rubio","name":"2_34_2_64"},{"num":9.4,"categoryName":"Chase Budinger","name":"2_34_2_69"},{"num":8.7,"categoryName":"Dante Cunningham","name":"2_34_2_70"},{"num":8.6,"categoryName":"Alexey Shved","name":"2_34_2_71"},{"num":6.7,"categoryName":"Josh Howard","name":"2_34_2_72"},{"num":5.8,"categoryName":"Brandon Roy","name":"2_34_2_73"},{"num":5,"categoryName":"Mickael Gelabale","name":"2_34_2_74"},{"num":4.9,"categoryName":"Malcolm Lee","name":"2_34_2_66"},{"num":4,"categoryName":"Greg Stiemsma","name":"2_34_2_75"},{"num":3.9,"categoryName":"Chris Johnson","name":"2_34_2_76"},{"num":2.5,"categoryName":"Lazar Hayward","name":"2_34_2_59"},{"num":1.6,"categoryName":"Lou Amundson","name":"2_34_2_77"},{"num":0.3,"categoryName":"Will Conroy","name":"2_34_2_78"}],"name":"2_34_2_0"},{"num":105.7,"categoryName":"Oklahoma_City_Thunder","children":[{"num":28.1,"categoryName":"Kevin Durant","name":"2_34_6_1"},{"num":23.2,"categoryName":"Russell Westbrook","name":"2_34_6_3"},{"num":14,"categoryName":"Kevin Martin","name":"2_34_6_41"},{"num":13.2,"categoryName":"Serge Ibaka","name":"2_34_6_22"},{"num":7.6,"categoryName":"Thabo Sefolosha","name":"2_34_6_6"},{"num":5.3,"categoryName":"Reggie Jackson","name":"2_34_6_38"},{"num":5.1,"categoryName":"Nick Collison","name":"2_34_6_8"},{"num":4.2,"categoryName":"Kendrick Perkins","name":"2_34_6_32"},{"num":4.1,"categoryName":"Derek Fisher","name":"2_34_6_37"},{"num":3.1,"categoryName":"Jeremy Lamb","name":"2_34_6_42"},{"num":2.8,"categoryName":"Eric Maynor","name":"2_34_6_23"},{"num":2.5,"categoryName":"Daniel Orton","name":"2_34_6_43"},{"num":2.4,"categoryName":"Hasheem Thabeet","name":"2_34_6_44"},{"num":2.3,"categoryName":"Perry Jones","name":"2_34_6_45"},{"num":1.5,"categoryName":"DeAndre Liggins","name":"2_34_6_46"},{"num":0.9,"categoryName":"Ronnie Brewer","name":"2_34_6_47"}],"name":"2_34_6_0"},{"num":97.5,"categoryName":"Portland_Trail_Blazers","children":[{"num":21.1,"categoryName":"LaMarcus Aldridge","name":"2_34_3_27"},{"num":19,"categoryName":"Damian Lillard","name":"2_34_3_71"},{"num":14.8,"categoryName":"Wesley Matthews","name":"2_34_3_53"},{"num":14.3,"categoryName":"Nicolas Batum","name":"2_34_3_39"},{"num":12.7,"categoryName":"J.J. Hickson","name":"2_34_3_62"},{"num":6.9,"categoryName":"Eric Maynor","name":"2_34_3_72"},{"num":5.5,"categoryName":"Meyers Leonard","name":"2_34_3_73"},{"num":4,"categoryName":"Will Barton","name":"2_34_3_74"},{"num":3.9,"categoryName":"Luke Babbitt","name":"2_34_3_59"},{"num":3.8,"categoryName":"Victor Claver","name":"2_34_3_75"},{"num":2.8,"categoryName":"Nolan Smith","name":"2_34_3_66"},{"num":2.7,"categoryName":"Ronnie Price","name":"2_34_3_76"},{"num":2.6,"categoryName":"Sasha Pavlovic","name":"2_34_3_77"},{"num":2.6,"categoryName":"Joel Freeland","name":"2_34_3_78"},{"num":1.2,"categoryName":"Jared Jeffries","name":"2_34_3_79"}],"name":"2_34_3_0"},{"num":98,"categoryName":"Utah_Jazz","children":[{"num":17.8,"categoryName":"Al Jefferson","name":"2_34_5_42"},{"num":14.6,"categoryName":"Paul Millsap","name":"2_34_5_26"},{"num":14.1,"categoryName":"Gordon Hayward","name":"2_34_5_46"},{"num":12.9,"categoryName":"Mo Williams","name":"2_34_5_57"},{"num":10.8,"categoryName":"Randy Foye","name":"2_34_5_58"},{"num":9.4,"categoryName":"Derrick Favors","name":"2_34_5_44"},{"num":7.2,"categoryName":"Marvin Williams","name":"2_34_5_59"},{"num":7.2,"categoryName":"Enes Kanter","name":"2_34_5_54"},{"num":7,"categoryName":"Alec Burks","name":"2_34_5_52"},{"num":6,"categoryName":"DeMarre Carroll","name":"2_34_5_53"},{"num":3.5,"categoryName":"Jamaal Tinsley","name":"2_34_5_55"},{"num":2,"categoryName":"Jeremy Evans","name":"2_34_5_48"},{"num":2,"categoryName":"Earl Watson","name":"2_34_5_47"},{"num":0.9,"categoryName":"Kevin Murphy","name":"2_34_5_60"}],"name":"2_34_5_0"}],"name":"2_34_0_0","num":503},{"categoryName":"Pacific","children":[{"num":101.2,"categoryName":"Golden_State_Warriors","children":[{"num":22.9,"categoryName":"Stephen Curry","name":"2_33_6_300"},{"num":18.5,"categoryName":"David Lee","name":"2_33_6_311"},{"num":16.6,"categoryName":"Klay Thompson","name":"2_33_6_321"},{"num":12.9,"categoryName":"Jarrett Jack","name":"2_33_6_334"},{"num":10.8,"categoryName":"Carl Landry","name":"2_33_6_335"},{"num":9.2,"categoryName":"Harrison Barnes","name":"2_33_6_336"},{"num":7,"categoryName":"Brandon Rush","name":"2_33_6_323"},{"num":5.8,"categoryName":"Andrew Bogut","name":"2_33_6_337"},{"num":3.1,"categoryName":"Richard Jefferson","name":"2_33_6_324"},{"num":2.9,"categoryName":"Draymond Green","name":"2_33_6_338"},{"num":2.4,"categoryName":"Festus Ezeli","name":"2_33_6_339"},{"num":2,"categoryName":"Kent Bazemore","name":"2_33_6_340"},{"num":1.7,"categoryName":"Charles Jenkins","name":"2_33_6_326"},{"num":1.1,"categoryName":"Jeremy Tyler","name":"2_33_6_327"},{"num":0.6,"categoryName":"Malcolm Thomas","name":"2_33_6_341"},{"num":0.5,"categoryName":"Andris Biedrins","name":"2_33_6_261"}],"name":"2_33_6_0"},{"num":101.1,"categoryName":"Los_Angeles_Clippers","children":[{"num":18,"categoryName":"Blake Griffin","name":"2_33_10_219"},{"num":16.9,"categoryName":"Chris Paul","name":"2_33_10_230"},{"num":16.5,"categoryName":"Jamal Crawford","name":"2_33_10_240"},{"num":10.4,"categoryName":"Caron Butler","name":"2_33_10_232"},{"num":10.3,"categoryName":"Matt Barnes","name":"2_33_10_163"},{"num":8.8,"categoryName":"DeAndre Jordan","name":"2_33_10_207"},{"num":8.5,"categoryName":"Eric Bledsoe","name":"2_33_10_223"},{"num":8.4,"categoryName":"Chauncey Billups","name":"2_33_10_231"},{"num":6.3,"categoryName":"Willie Green","name":"2_33_10_241"},{"num":4,"categoryName":"Lamar Odom","name":"2_33_10_130"},{"num":3.4,"categoryName":"Ryan Hollins","name":"2_33_10_242"},{"num":3.3,"categoryName":"Maalik Wayns","name":"2_33_10_243"},{"num":3.2,"categoryName":"Grant Hill","name":"2_33_10_244"},{"num":1.9,"categoryName":"Ronny Turiaf","name":"2_33_10_245"},{"num":1,"categoryName":"DaJuan Summers","name":"2_33_10_246"}],"name":"2_33_10_0"},{"num":102.2,"categoryName":"Los_Angeles_Lakers","children":[{"num":27.3,"categoryName":"Kobe Bryant","name":"2_33_1_159"},{"num":17.1,"categoryName":"Dwight Howard","name":"2_33_1_252"},{"num":13.7,"categoryName":"Pau Gasol","name":"2_33_1_229"},{"num":12.7,"categoryName":"Steve Nash","name":"2_33_1_253"},{"num":12.4,"categoryName":"Metta World Peace","name":"2_33_1_236"},{"num":9.4,"categoryName":"Antawn Jamison","name":"2_33_1_254"},{"num":7.9,"categoryName":"Jodie Meeks","name":"2_33_1_255"},{"num":7.3,"categoryName":"Steve Blake","name":"2_33_1_239"},{"num":7.3,"categoryName":"Earl Clark","name":"2_33_1_256"},{"num":6.7,"categoryName":"Jordan Hill","name":"2_33_1_246"},{"num":4,"categoryName":"Darius Morris","name":"2_33_1_250"},{"num":3.4,"categoryName":"Devin Ebanks","name":"2_33_1_240"},{"num":2.9,"categoryName":"Chris Duhon","name":"2_33_1_257"},{"num":1.3,"categoryName":"Robert Sacre","name":"2_33_1_258"},{"num":0,"categoryName":"Andrew Goudelock","name":"2_33_1_247"},{"num":0,"categoryName":"D. Johnson-Odom","name":"2_33_1_259"}],"name":"2_33_1_0"},{"num":95.2,"categoryName":"Phoenix_Suns","children":[{"num":14.7,"categoryName":"Goran Dragic","name":"2_33_8_244"},{"num":12.8,"categoryName":"Luis Scola","name":"2_33_8_272"},{"num":11.1,"categoryName":"Marcin Gortat","name":"2_33_8_257"},{"num":10.9,"categoryName":"Jared Dudley","name":"2_33_8_242"},{"num":10.5,"categoryName":"Shannon Brown","name":"2_33_8_267"},{"num":10.1,"categoryName":"Michael Beasley","name":"2_33_8_273"},{"num":8.3,"categoryName":"Jermaine O'Neal","name":"2_33_8_274"},{"num":8.2,"categoryName":"Markieff Morris","name":"2_33_8_269"},{"num":8,"categoryName":"Wesley Johnson","name":"2_33_8_275"},{"num":6.4,"categoryName":"P.J. Tucker","name":"2_33_8_276"},{"num":6,"categoryName":"Sebastian Telfair","name":"2_33_8_270"},{"num":5.7,"categoryName":"Marcus Morris","name":"2_33_8_277"},{"num":4.1,"categoryName":"Hamed Haddadi","name":"2_33_8_278"},{"num":3,"categoryName":"Kendall Marshall","name":"2_33_8_279"},{"num":2.1,"categoryName":"Diante Garrett","name":"2_33_8_280"},{"num":1.2,"categoryName":"Luke Zeller","name":"2_33_8_281"}],"name":"2_33_8_0"},{"num":100.2,"categoryName":"Sacramento_Kings","children":[{"num":17.1,"categoryName":"DeMarcus Cousins","name":"2_33_11_177"},{"num":15.2,"categoryName":"Tyreke Evans","name":"2_33_11_164"},{"num":13.9,"categoryName":"Isaiah Thomas","name":"2_33_11_185"},{"num":12.7,"categoryName":"Marcus Thornton","name":"2_33_11_176"},{"num":10.9,"categoryName":"Jason Thompson","name":"2_33_11_153"},{"num":8.8,"categoryName":"John Salmons","name":"2_33_11_146"},{"num":8,"categoryName":"Patrick Patterson","name":"2_33_11_192"},{"num":8,"categoryName":"Aaron Brooks","name":"2_33_11_193"},{"num":7.2,"categoryName":"Jimmer Fredette","name":"2_33_11_187"},{"num":6.1,"categoryName":"Toney Douglas","name":"2_33_11_194"},{"num":5.3,"categoryName":"Travis Outlaw","name":"2_33_11_189"},{"num":5.2,"categoryName":"Francisco Garcia","name":"2_33_11_140"},{"num":5.1,"categoryName":"James Johnson","name":"2_33_11_195"},{"num":4.8,"categoryName":"Thomas Robinson","name":"2_33_11_196"},{"num":3.3,"categoryName":"Cole Aldrich","name":"2_33_11_197"},{"num":2.7,"categoryName":"Chuck Hayes","name":"2_33_11_190"},{"num":0.9,"categoryName":"Tyler Honeycutt","name":"2_33_11_191"}],"name":"2_33_11_0"}],"name":"2_33_0_0","num":499.9},{"categoryName":"Southwest","children":[{"num":101.1,"categoryName":"Dallas_Mavericks","children":[{"num":17.3,"categoryName":"Dirk Nowitzki","name":"2_35_1_1"},{"num":15.3,"categoryName":"O.J. Mayo","name":"2_35_1_71"},{"num":13.4,"categoryName":"Vince Carter","name":"2_35_1_64"},{"num":12.1,"categoryName":"Shawn Marion","name":"2_35_1_46"},{"num":12,"categoryName":"Darren Collison","name":"2_35_1_72"},{"num":10.5,"categoryName":"Chris Kaman","name":"2_35_1_73"},{"num":8.6,"categoryName":"Derek Fisher","name":"2_35_1_74"},{"num":8.5,"categoryName":"Brandan Wright","name":"2_35_1_66"},{"num":7.2,"categoryName":"Elton Brand","name":"2_35_1_75"},{"num":6.1,"categoryName":"Mike James","name":"2_35_1_76"},{"num":5,"categoryName":"Jae Crowder","name":"2_35_1_77"},{"num":4.6,"categoryName":"Troy Murphy","name":"2_35_1_78"},{"num":4.5,"categoryName":"Eddy Curry","name":"2_35_1_79"},{"num":4,"categoryName":"Rodrigue Beaubois","name":"2_35_1_50"},{"num":4,"categoryName":"Dominique Jones","name":"2_35_1_62"},{"num":3.5,"categoryName":"Dahntay Jones","name":"2_35_1_80"},{"num":2.8,"categoryName":"Bernard James","name":"2_35_1_81"},{"num":2.8,"categoryName":"C. Douglas-Roberts","name":"2_35_1_82"},{"num":2.3,"categoryName":"Anthony Morrow","name":"2_35_1_83"},{"num":2,"categoryName":"Jared Cunningham","name":"2_35_1_84"},{"num":1.7,"categoryName":"Josh Akognon","name":"2_35_1_85"},{"num":0.7,"categoryName":"Chris Wright","name":"2_35_1_86"},{"num":0,"categoryName":"Justin Dentmon","name":"2_35_1_87"}],"name":"2_35_1_0"},{"num":106,"categoryName":"Houston_Rockets","children":[{"num":25.9,"categoryName":"James Harden","name":"2_35_2_82"},{"num":15.5,"categoryName":"Chandler Parsons","name":"2_35_2_73"},{"num":13.4,"categoryName":"Jeremy Lin","name":"2_35_2_83"},{"num":11.6,"categoryName":"Patrick Patterson","name":"2_35_2_68"},{"num":10.6,"categoryName":"Carlos Delfino","name":"2_35_2_84"},{"num":10.1,"categoryName":"Omer Asik","name":"2_35_2_85"},{"num":8.6,"categoryName":"Marcus Morris","name":"2_35_2_80"},{"num":8.1,"categoryName":"Toney Douglas","name":"2_35_2_86"},{"num":6.4,"categoryName":"Francisco Garcia","name":"2_35_2_87"},{"num":6,"categoryName":"Greg Smith","name":"2_35_2_81"},{"num":5.7,"categoryName":"Donatas Motiejunas","name":"2_35_2_88"},{"num":5.6,"categoryName":"Patrick Beverley","name":"2_35_2_89"},{"num":5.5,"categoryName":"Terrence Jones","name":"2_35_2_90"},{"num":4.5,"categoryName":"Thomas Robinson","name":"2_35_2_91"},{"num":4,"categoryName":"James Anderson","name":"2_35_2_92"},{"num":3.4,"categoryName":"Daequan Cook","name":"2_35_2_93"},{"num":1.7,"categoryName":"Cole Aldrich","name":"2_35_2_94"},{"num":1.4,"categoryName":"Aaron Brooks","name":"2_35_2_45"},{"num":1.3,"categoryName":"Scott Machado","name":"2_35_2_95"},{"num":1,"categoryName":"Tim Ohlbrecht","name":"2_35_2_96"}],"name":"2_35_2_0"},{"num":93.4,"categoryName":"Memphis_Grizzlies","children":[{"num":17.2,"categoryName":"Rudy Gay","name":"2_35_3_24"},{"num":15.4,"categoryName":"Zach Randolph","name":"2_35_3_43"},{"num":14.6,"categoryName":"Mike Conley","name":"2_35_3_33"},{"num":14.1,"categoryName":"Marc Gasol","name":"2_35_3_32"},{"num":8.9,"categoryName":"Tony Allen","name":"2_35_3_54"},{"num":8.8,"categoryName":"Tayshaun Prince","name":"2_35_3_69"},{"num":8.7,"categoryName":"Jerryd Bayless","name":"2_35_3_70"},{"num":6.6,"categoryName":"Marreese Speights","name":"2_35_3_61"},{"num":6.4,"categoryName":"Quincy Pondexter","name":"2_35_3_64"},{"num":6.1,"categoryName":"Darrell Arthur","name":"2_35_3_34"},{"num":5.5,"categoryName":"Wayne Ellington","name":"2_35_3_71"},{"num":5.1,"categoryName":"Ed Davis","name":"2_35_3_72"},{"num":4.4,"categoryName":"Keyon Dooling","name":"2_35_3_73"},{"num":4,"categoryName":"Austin Daye","name":"2_35_3_74"},{"num":3.6,"categoryName":"Chris Johnson","name":"2_35_3_75"},{"num":2.6,"categoryName":"Tony Wroten","name":"2_35_3_76"},{"num":2,"categoryName":"Josh Selby","name":"2_35_3_66"},{"num":1.8,"categoryName":"Jon Leuer","name":"2_35_3_77"},{"num":1.2,"categoryName":"Hamed Haddadi","name":"2_35_3_40"},{"num":0.3,"categoryName":"Dexter Pittman","name":"2_35_3_78"}],"name":"2_35_3_0"},{"num":94.1,"categoryName":"New_Orleans_Hornets","children":[{"num":17,"categoryName":"Eric Gordon","name":"2_35_4_57"},{"num":16.2,"categoryName":"Ryan Anderson","name":"2_35_4_73"},{"num":13.9,"categoryName":"Greivis Vasquez","name":"2_35_4_59"},{"num":13.5,"categoryName":"Anthony Davis","name":"2_35_4_74"},{"num":11.3,"categoryName":"Robin Lopez","name":"2_35_4_75"},{"num":8.2,"categoryName":"Jason Smith","name":"2_35_4_50"},{"num":7.3,"categoryName":"Al-Farouq Aminu","name":"2_35_4_61"},{"num":7.1,"categoryName":"Brian Roberts","name":"2_35_4_76"},{"num":6.2,"categoryName":"Austin Rivers","name":"2_35_4_77"},{"num":5.3,"categoryName":"Roger Mason","name":"2_35_4_78"},{"num":4,"categoryName":"Hakim Warrick","name":"2_35_4_79"},{"num":3.9,"categoryName":"Xavier Henry","name":"2_35_4_64"},{"num":2.5,"categoryName":"Lance Thomas","name":"2_35_4_68"},{"num":2.4,"categoryName":"Lou Amundson","name":"2_35_4_80"},{"num":2.3,"categoryName":"Darius Miller","name":"2_35_4_81"},{"num":2.1,"categoryName":"Dominic McGuire","name":"2_35_4_82"},{"num":2,"categoryName":"Henry Sims","name":"2_35_4_83"},{"num":0.4,"categoryName":"Terrel Harris","name":"2_35_4_84"},{"num":0,"categoryName":"Donald Sloan","name":"2_35_4_67"}],"name":"2_35_4_0"},{"num":103,"categoryName":"San_Antonio_Spurs","children":[{"num":20.3,"categoryName":"Tony Parker","name":"2_35_5_2"},{"num":17.8,"categoryName":"Tim Duncan","name":"2_35_5_1"},{"num":11.9,"categoryName":"Kawhi Leonard","name":"2_35_5_63"},{"num":11.8,"categoryName":"Manu Ginobili","name":"2_35_5_3"},{"num":10.5,"categoryName":"Danny Green","name":"2_35_5_52"},{"num":10.3,"categoryName":"Tiago Splitter","name":"2_35_5_53"},{"num":9.5,"categoryName":"Gary Neal","name":"2_35_5_51"},{"num":6.2,"categoryName":"Stephen Jackson","name":"2_35_5_62"},{"num":5.8,"categoryName":"Boris Diaw","name":"2_35_5_65"},{"num":5.4,"categoryName":"DeJuan Blair","name":"2_35_5_43"},{"num":5.1,"categoryName":"Patty Mills","name":"2_35_5_61"},{"num":4.5,"categoryName":"Cory Joseph","name":"2_35_5_68"},{"num":4.2,"categoryName":"Matt Bonner","name":"2_35_5_25"},{"num":3.8,"categoryName":"Nando De Colo","name":"2_35_5_72"},{"num":3.4,"categoryName":"James Anderson","name":"2_35_5_55"},{"num":2.7,"categoryName":"Aron Baynes","name":"2_35_5_73"}],"name":"2_35_5_0"}],"name":"2_35_0_0","num":497.6}],"name":"2_0_0_0","num":1500.5}],"num":2944.1}