{"year":1992,"name":"root","categoryName":"root","children":[{"categoryName":"Eastern","children":[{"categoryName":"Atlantic","children":[{"num":103.7,"categoryName":"Boston_Celtics","children":[{"num":20.8,"categoryName":"Reggie Lewis","name":"1_14_1_82"},{"num":13.5,"categoryName":"Xavier McDaniel","name":"1_14_1_110"},{"num":13.3,"categoryName":"Kevin Gamble","name":"1_14_1_91"},{"num":12.6,"categoryName":"Robert Parish","name":"1_14_1_57"},{"num":10.9,"categoryName":"Dee Brown","name":"1_14_1_98"},{"num":10.7,"categoryName":"Kevin McHale","name":"1_14_1_58"},{"num":8.2,"categoryName":"Alaa Abdelnaby","name":"1_14_1_111"},{"num":7.8,"categoryName":"Sherman Douglas","name":"1_14_1_104"},{"num":6.4,"categoryName":"Rick Fox","name":"1_14_1_103"},{"num":4.7,"categoryName":"Kenny Battle","name":"1_14_1_108"},{"num":4.6,"categoryName":"Ed Pinckney","name":"1_14_1_87"},{"num":4.3,"categoryName":"Marcus Webb","name":"1_14_1_112"},{"num":3.3,"categoryName":"Joe Kleine","name":"1_14_1_90"},{"num":2.4,"categoryName":"Bart Kofoed","name":"1_14_1_113"},{"num":2.3,"categoryName":"John Bagley","name":"1_14_1_96"},{"num":1.5,"categoryName":"Lorenzo Williams","name":"1_14_1_114"},{"num":0.5,"categoryName":"Joe Wolf","name":"1_14_1_115"}],"name":"1_14_1_0"},{"num":103.6,"categoryName":"Miami_Heat","children":[{"num":19,"categoryName":"Glen Rice","name":"1_14_9_3"},{"num":17.1,"categoryName":"Rony Seikaly","name":"1_14_9_1"},{"num":16,"categoryName":"Steve Smith","name":"1_14_9_20"},{"num":14,"categoryName":"Grant Long","name":"1_14_9_7"},{"num":13.9,"categoryName":"Kevin Edwards","name":"1_14_9_4"},{"num":10.6,"categoryName":"Bimbo Coles","name":"1_14_9_16"},{"num":10.3,"categoryName":"Harold Miner","name":"1_14_9_25"},{"num":8.3,"categoryName":"John Salley","name":"1_14_9_26"},{"num":7.8,"categoryName":"Willie Burton","name":"1_14_9_14"},{"num":7.3,"categoryName":"Brian Shaw","name":"1_14_9_21"},{"num":4.5,"categoryName":"Matt Geiger","name":"1_14_9_27"},{"num":3.9,"categoryName":"Alec Kessler","name":"1_14_9_15"},{"num":3.3,"categoryName":"Keith Askins","name":"1_14_9_18"}],"name":"1_14_9_0"},{"num":102.8,"categoryName":"New_Jersey_Nets","children":[{"num":22.3,"categoryName":"Drazen Petrovic","name":"1_14_6_114"},{"num":20.7,"categoryName":"Derrick Coleman","name":"1_14_6_113"},{"num":16.9,"categoryName":"Kenny Anderson","name":"1_14_6_120"},{"num":14.1,"categoryName":"Chris Morris","name":"1_14_6_89"},{"num":9.1,"categoryName":"Sam Bowie","name":"1_14_6_100"},{"num":8.4,"categoryName":"Rumeal Robinson","name":"1_14_6_124"},{"num":7,"categoryName":"Bernard King","name":"1_14_6_2"},{"num":6.3,"categoryName":"Rafael Addison","name":"1_14_6_121"},{"num":5.1,"categoryName":"Chucky Brown","name":"1_14_6_125"},{"num":4.1,"categoryName":"Jayson Williams","name":"1_14_6_126"},{"num":3.9,"categoryName":"Rick Mahorn","name":"1_14_6_127"},{"num":3.6,"categoryName":"Maurice Cheeks","name":"1_14_6_128"},{"num":3.5,"categoryName":"Chris Dudley","name":"1_14_6_105"},{"num":2.5,"categoryName":"Tate George","name":"1_14_6_117"},{"num":1.4,"categoryName":"Dwayne Schintzius","name":"1_14_6_129"},{"num":1.3,"categoryName":"Dan O'Sullivan","name":"1_14_6_130"},{"num":1,"categoryName":"Dave Hoppen","name":"1_14_6_131"},{"num":1,"categoryName":"Doug Lee","name":"1_14_6_122"}],"name":"1_14_6_0"},{"num":101.6,"categoryName":"New_York_Knicks","children":[{"num":24.2,"categoryName":"Patrick Ewing","name":"1_14_3_90"},{"num":17.5,"categoryName":"John Starks","name":"1_14_3_120"},{"num":12.4,"categoryName":"Charles Smith","name":"1_14_3_131"},{"num":10.3,"categoryName":"Anthony Mason","name":"1_14_3_124"},{"num":9.7,"categoryName":"Rolando Blackman","name":"1_14_3_132"},{"num":7.8,"categoryName":"Doc Rivers","name":"1_14_3_133"},{"num":7.7,"categoryName":"Tony Campbell","name":"1_14_3_134"},{"num":6.9,"categoryName":"Charles Oakley","name":"1_14_3_112"},{"num":6.6,"categoryName":"Greg Anthony","name":"1_14_3_125"},{"num":5.4,"categoryName":"Hubert Davis","name":"1_14_3_135"},{"num":3.7,"categoryName":"Bo Kimble","name":"1_14_3_136"},{"num":2.9,"categoryName":"Herb Williams","name":"1_14_3_137"},{"num":1.3,"categoryName":"Eric Anderson","name":"1_14_3_138"}],"name":"1_14_3_0"},{"num":105.5,"categoryName":"Orlando_Magic","children":[{"num":23.4,"categoryName":"Shaquille O'Neal","name":"1_14_10_18"},{"num":19.9,"categoryName":"Nick Anderson","name":"1_14_10_2"},{"num":15.9,"categoryName":"Dennis Scott","name":"1_14_10_1"},{"num":15.4,"categoryName":"Scott Skiles","name":"1_14_10_5"},{"num":9.2,"categoryName":"Donald Royal","name":"1_14_10_19"},{"num":8.1,"categoryName":"Tom Tolbert","name":"1_14_10_20"},{"num":8,"categoryName":"Anthony Bowie","name":"1_14_10_4"},{"num":7,"categoryName":"Jeff Turner","name":"1_14_10_11"},{"num":4.7,"categoryName":"Terry Catledge","name":"1_14_10_3"},{"num":4.7,"categoryName":"Chris Corchiani","name":"1_14_10_13"},{"num":4.6,"categoryName":"Bison Dele","name":"1_14_10_9"},{"num":4.5,"categoryName":"Litterial Green","name":"1_14_10_21"},{"num":2.6,"categoryName":"Steve Kerr","name":"1_14_10_22"},{"num":2,"categoryName":"Howard Wright","name":"1_14_10_23"},{"num":1.4,"categoryName":"Greg Kite","name":"1_14_10_14"},{"num":0,"categoryName":"Lorenzo Williams","name":"1_14_10_24"}],"name":"1_14_10_0"},{"num":104.3,"categoryName":"Philadelphia_76ers","children":[{"num":20.3,"categoryName":"Hersey Hawkins","name":"1_14_4_125"},{"num":19.1,"categoryName":"Jeff Hornacek","name":"1_14_4_156"},{"num":15.6,"categoryName":"C. Weatherspoon","name":"1_14_4_157"},{"num":12.4,"categoryName":"Armen Gilliam","name":"1_14_4_140"},{"num":11,"categoryName":"Thomas Jordan","name":"1_14_4_158"},{"num":9,"categoryName":"Tim Perry","name":"1_14_4_159"},{"num":8.9,"categoryName":"Johnny Dawkins","name":"1_14_4_131"},{"num":8.1,"categoryName":"Ron Anderson","name":"1_14_4_124"},{"num":6.5,"categoryName":"Kenny Payne","name":"1_14_4_134"},{"num":6.1,"categoryName":"Eddie Lee Wilkins","name":"1_14_4_160"},{"num":5.3,"categoryName":"Andrew Lang","name":"1_14_4_161"},{"num":4,"categoryName":"C. Shackleford","name":"1_14_4_151"},{"num":2.7,"categoryName":"Greg Grant","name":"1_14_4_154"},{"num":2.2,"categoryName":"Manute Bol","name":"1_14_4_147"}],"name":"1_14_4_0"},{"num":101.9,"categoryName":"Washington_Bullets","children":[{"num":18.6,"categoryName":"Harvey Grant","name":"1_14_7_80"},{"num":17.4,"categoryName":"Pervis Ellison","name":"1_14_7_87"},{"num":14.8,"categoryName":"Michael Adams","name":"1_14_7_70"},{"num":14.7,"categoryName":"Tom Gugliotta","name":"1_14_7_94"},{"num":12.5,"categoryName":"Rex Chapman","name":"1_14_7_95"},{"num":9.8,"categoryName":"Larry Stewart","name":"1_14_7_96"},{"num":9.3,"categoryName":"LaBradford Smith","name":"1_14_7_97"},{"num":8.1,"categoryName":"Doug Overton","name":"1_14_7_98"},{"num":7.3,"categoryName":"Steve Burtt","name":"1_14_7_99"},{"num":6.6,"categoryName":"Don MacLean","name":"1_14_7_100"},{"num":6.5,"categoryName":"Buck Johnson","name":"1_14_7_101"},{"num":5.5,"categoryName":"Byron Irvin","name":"1_14_7_91"},{"num":4.8,"categoryName":"Mark Acres","name":"1_14_7_102"},{"num":3.9,"categoryName":"Brent Price","name":"1_14_7_103"},{"num":3.8,"categoryName":"Larry Robinson","name":"1_14_7_89"},{"num":2.4,"categoryName":"Greg Foster","name":"1_14_7_92"},{"num":2,"categoryName":"Chris Corchiani","name":"1_14_7_104"},{"num":1.7,"categoryName":"Alan Ogg","name":"1_14_7_105"},{"num":1.3,"categoryName":"Charles Jones","name":"1_14_7_51"}],"name":"1_14_7_0"}],"name":"1_14_0_0","num":723.4},{"categoryName":"Central","children":[{"num":107.5,"categoryName":"Atlanta_Hawks","children":[{"num":29.9,"categoryName":"Dominique Wilkins","name":"1_15_1_79"},{"num":17.9,"categoryName":"Kevin Willis","name":"1_15_1_93"},{"num":14,"categoryName":"Stacey Augmon","name":"1_15_1_131"},{"num":13.4,"categoryName":"Mookie Blaylock","name":"1_15_1_139"},{"num":10.2,"categoryName":"Duane Ferrell","name":"1_15_1_115"},{"num":8.1,"categoryName":"Paul Graham","name":"1_15_1_132"},{"num":7,"categoryName":"Travis Mays","name":"1_15_1_134"},{"num":6.6,"categoryName":"Adam Keefe","name":"1_15_1_140"},{"num":4,"categoryName":"Steve Henson","name":"1_15_1_141"},{"num":3.5,"categoryName":"Jon Koncak","name":"1_15_1_101"},{"num":3.2,"categoryName":"Blair Rasmussen","name":"1_15_1_133"},{"num":3.1,"categoryName":"Greg Foster","name":"1_15_1_142"},{"num":2.9,"categoryName":"Morlon Wiley","name":"1_15_1_136"},{"num":2.7,"categoryName":"Randy Breuer","name":"1_15_1_143"},{"num":2.7,"categoryName":"Jeff Sanders","name":"1_15_1_137"},{"num":1.6,"categoryName":"Alex Stivrins","name":"1_15_1_144"},{"num":0,"categoryName":"Andre Spencer","name":"1_15_1_145"}],"name":"1_15_1_0"},{"num":110.1,"categoryName":"Charlotte_Hornets","children":[{"num":22.1,"categoryName":"Larry Johnson","name":"1_15_15_18"},{"num":21,"categoryName":"Alonzo Mourning","name":"1_15_15_27"},{"num":16.9,"categoryName":"Kendall Gill","name":"1_15_15_6"},{"num":15.3,"categoryName":"Dell Curry","name":"1_15_15_7"},{"num":11.9,"categoryName":"Johnny Newman","name":"1_15_15_2"},{"num":10,"categoryName":"Muggsy Bogues","name":"1_15_15_10"},{"num":7.5,"categoryName":"J.R. Reid","name":"1_15_15_5"},{"num":6.8,"categoryName":"Kenny Gattison","name":"1_15_15_8"},{"num":6.1,"categoryName":"David Wingate","name":"1_15_15_28"},{"num":3.7,"categoryName":"Tony Bennett","name":"1_15_15_29"},{"num":2.7,"categoryName":"Mike Gminski","name":"1_15_15_4"},{"num":2.3,"categoryName":"Tom Hammonds","name":"1_15_15_30"},{"num":2.2,"categoryName":"Kevin Lynch","name":"1_15_15_20"},{"num":1.7,"categoryName":"Sidney Green","name":"1_15_15_31"},{"num":1,"categoryName":"Lorenzo Williams","name":"1_15_15_32"}],"name":"1_15_15_0"},{"num":105.2,"categoryName":"Chicago_Bulls","children":[{"num":32.6,"categoryName":"Michael Jordan","name":"1_15_12_32"},{"num":18.6,"categoryName":"Scottie Pippen","name":"1_15_12_60"},{"num":13.2,"categoryName":"Horace Grant","name":"1_15_12_61"},{"num":12.3,"categoryName":"B.J. Armstrong","name":"1_15_12_74"},{"num":5.9,"categoryName":"Scott Williams","name":"1_15_12_79"},{"num":5.6,"categoryName":"Bill Cartwright","name":"1_15_12_64"},{"num":5.4,"categoryName":"Stacey King","name":"1_15_12_73"},{"num":5.2,"categoryName":"Trent Tucker","name":"1_15_12_83"},{"num":4.7,"categoryName":"Will Perdue","name":"1_15_12_67"},{"num":4.2,"categoryName":"John Paxson","name":"1_15_12_42"},{"num":3.5,"categoryName":"Rodney McCray","name":"1_15_12_84"},{"num":3,"categoryName":"Ricky Blanton","name":"1_15_12_85"},{"num":2.6,"categoryName":"Darrell Walker","name":"1_15_12_86"},{"num":2.3,"categoryName":"Corey Williams","name":"1_15_12_87"},{"num":2.2,"categoryName":"Joe Courtney","name":"1_15_12_88"},{"num":2.1,"categoryName":"Ed Nealy","name":"1_15_12_70"},{"num":1,"categoryName":"Jo Jo English","name":"1_15_12_89"}],"name":"1_15_12_0"},{"num":107.7,"categoryName":"Cleveland_Cavaliers","children":[{"num":20.2,"categoryName":"Brad Daugherty","name":"1_15_4_118"},{"num":18.2,"categoryName":"Mark Price","name":"1_15_4_120"},{"num":16.5,"categoryName":"Larry Nance","name":"1_15_4_125"},{"num":11.6,"categoryName":"Craig Ehlo","name":"1_15_4_121"},{"num":11.1,"categoryName":"Gerald Wilkins","name":"1_15_4_153"},{"num":11,"categoryName":"Hot Rod Williams","name":"1_15_4_119"},{"num":8.8,"categoryName":"Terrell Brandon","name":"1_15_4_150"},{"num":8.6,"categoryName":"Mike Sanders","name":"1_15_4_128"},{"num":7.5,"categoryName":"Danny Ferry","name":"1_15_4_144"},{"num":5.4,"categoryName":"John Battle","name":"1_15_4_149"},{"num":3,"categoryName":"Bobby Phills","name":"1_15_4_152"},{"num":2.8,"categoryName":"Jerome Lane","name":"1_15_4_154"},{"num":2.4,"categoryName":"Steve Kerr","name":"1_15_4_139"},{"num":1.6,"categoryName":"Jay Guidinger","name":"1_15_4_155"}],"name":"1_15_4_0"},{"num":100.6,"categoryName":"Detroit_Pistons","children":[{"num":23.5,"categoryName":"Joe Dumars","name":"1_15_10_75"},{"num":17.6,"categoryName":"Isiah Thomas","name":"1_15_10_44"},{"num":14.8,"categoryName":"Terry Mills","name":"1_15_10_110"},{"num":13.1,"categoryName":"Orlando Woolridge","name":"1_15_10_105"},{"num":9.9,"categoryName":"Mark Aguirre","name":"1_15_10_93"},{"num":9.3,"categoryName":"Alvin Robertson","name":"1_15_10_111"},{"num":8.7,"categoryName":"Bill Laimbeer","name":"1_15_10_45"},{"num":7.5,"categoryName":"Dennis Rodman","name":"1_15_10_82"},{"num":7.3,"categoryName":"Olden Polynice","name":"1_15_10_112"},{"num":5.3,"categoryName":"Gerald Glass","name":"1_15_10_113"},{"num":3.6,"categoryName":"Melvin Newbern","name":"1_15_10_114"},{"num":2.9,"categoryName":"Danny Young","name":"1_15_10_115"},{"num":2.8,"categoryName":"Mark Randall","name":"1_15_10_116"},{"num":2.2,"categoryName":"Isaiah Morris","name":"1_15_10_117"},{"num":1.1,"categoryName":"Jeff Ruland","name":"1_15_10_118"},{"num":0.9,"categoryName":"Darrell Walker","name":"1_15_10_106"}],"name":"1_15_10_0"},{"num":107.8,"categoryName":"Indiana_Pacers","children":[{"num":21.2,"categoryName":"Reggie Miller","name":"1_15_11_67"},{"num":19.1,"categoryName":"Detlef Schrempf","name":"1_15_11_71"},{"num":14.3,"categoryName":"Rik Smits","name":"1_15_11_73"},{"num":10.4,"categoryName":"Pooh Richardson","name":"1_15_11_91"},{"num":9.5,"categoryName":"Vern Fleming","name":"1_15_11_44"},{"num":8.9,"categoryName":"Dale Davis","name":"1_15_11_88"},{"num":7.2,"categoryName":"George McCloud","name":"1_15_11_82"},{"num":7.2,"categoryName":"Sam Mitchell","name":"1_15_11_92"},{"num":6.1,"categoryName":"Kenny Williams","name":"1_15_11_85"},{"num":5.7,"categoryName":"Malik Sealy","name":"1_15_11_93"},{"num":4.8,"categoryName":"Sean Green","name":"1_15_11_89"},{"num":3.8,"categoryName":"LaSalle Thompson","name":"1_15_11_72"},{"num":1.1,"categoryName":"Greg Dreiling","name":"1_15_11_66"}],"name":"1_15_11_0"},{"num":102.3,"categoryName":"Milwaukee_Bucks","children":[{"num":16.9,"categoryName":"Frank Brickowski","name":"1_15_13_83"},{"num":16.9,"categoryName":"Blue Edwards","name":"1_15_13_92"},{"num":14.4,"categoryName":"Eric Murdock","name":"1_15_13_93"},{"num":13.8,"categoryName":"Todd Day","name":"1_15_13_94"},{"num":9.8,"categoryName":"Anthony Avent","name":"1_15_13_95"},{"num":9.1,"categoryName":"Brad Lohaus","name":"1_15_13_76"},{"num":8.7,"categoryName":"Alvin Robertson","name":"1_15_13_75"},{"num":7.6,"categoryName":"Fred Roberts","name":"1_15_13_69"},{"num":6.8,"categoryName":"Derek Strong","name":"1_15_13_96"},{"num":5.4,"categoryName":"Orlando Woolridge","name":"1_15_13_97"},{"num":5.3,"categoryName":"Alaa Abdelnaby","name":"1_15_13_98"},{"num":5.2,"categoryName":"Lee Mayberry","name":"1_15_13_99"},{"num":4.6,"categoryName":"Danny Schayes","name":"1_15_13_84"},{"num":4.5,"categoryName":"Moses Malone","name":"1_15_13_89"},{"num":4.4,"categoryName":"Jon Barry","name":"1_15_13_100"},{"num":3.7,"categoryName":"Alex Stivrins","name":"1_15_13_101"},{"num":2.7,"categoryName":"Alan Ogg","name":"1_15_13_102"},{"num":2.1,"categoryName":"Anthony Pullard","name":"1_15_13_103"},{"num":1.7,"categoryName":"Dan O'Sullivan","name":"1_15_13_104"}],"name":"1_15_13_0"}],"name":"1_15_0_0","num":741.1999999999999}],"name":"1_0_0_0","num":1464.6},{"categoryName":"Western","children":[{"categoryName":"Midwest","children":[{"num":99.3,"categoryName":"Dallas_Mavericks","children":[{"num":18.2,"categoryName":"Derek Harper","name":"2_32_10_34"},{"num":16.3,"categoryName":"Jim Jackson","name":"2_32_10_77"},{"num":13.5,"categoryName":"Sean Rooks","name":"2_32_10_78"},{"num":12.7,"categoryName":"Terry Davis","name":"2_32_10_68"},{"num":10.4,"categoryName":"Doug Smith","name":"2_32_10_70"},{"num":9.7,"categoryName":"Randy White","name":"2_32_10_58"},{"num":9.6,"categoryName":"Tim Legler","name":"2_32_10_79"},{"num":8.7,"categoryName":"Mike Iuzzolino","name":"2_32_10_69"},{"num":8,"categoryName":"Walter Bond","name":"2_32_10_80"},{"num":7.2,"categoryName":"Tracy Moore","name":"2_32_10_71"},{"num":7,"categoryName":"Dexter Cambridge","name":"2_32_10_81"},{"num":6.5,"categoryName":"Brian Howard","name":"2_32_10_73"},{"num":5.8,"categoryName":"Morlon Wiley","name":"2_32_10_57"},{"num":5.6,"categoryName":"Lamont Strothers","name":"2_32_10_82"},{"num":5,"categoryName":"Donald Hodge","name":"2_32_10_72"},{"num":3,"categoryName":"Walter Palmer","name":"2_32_10_83"},{"num":2.9,"categoryName":"Radisav Curcic","name":"2_32_10_84"},{"num":2.2,"categoryName":"Steve Bardo","name":"2_32_10_85"}],"name":"2_32_10_0"},{"num":105.2,"categoryName":"Denver_Nuggets","children":[{"num":19.2,"categoryName":"Mahmoud Abdul-Rauf","name":"2_32_7_88"},{"num":17,"categoryName":"Reggie Williams","name":"2_32_7_87"},{"num":14.7,"categoryName":"LaPhonso Ellis","name":"2_32_7_107"},{"num":13.8,"categoryName":"Dikembe Mutombo","name":"2_32_7_101"},{"num":10.5,"categoryName":"Robert Pack","name":"2_32_7_108"},{"num":8.9,"categoryName":"Bryant Stith","name":"2_32_7_109"},{"num":8.1,"categoryName":"Marcus Liberty","name":"2_32_7_93"},{"num":7.5,"categoryName":"Mark Macon","name":"2_32_7_103"},{"num":6.9,"categoryName":"Todd Lichti","name":"2_32_7_83"},{"num":5.9,"categoryName":"Tom Hammonds","name":"2_32_7_110"},{"num":4.7,"categoryName":"Gary Plummer","name":"2_32_7_111"},{"num":4.1,"categoryName":"Kevin Brooks","name":"2_32_7_104"},{"num":2.1,"categoryName":"Scott Hastings","name":"2_32_7_106"},{"num":1.9,"categoryName":"Robert Werdann","name":"2_32_7_112"}],"name":"2_32_7_0"},{"num":104,"categoryName":"Houston_Rockets","children":[{"num":26.1,"categoryName":"Hakeem Olajuwon","name":"2_32_11_29"},{"num":13.8,"categoryName":"Vernon Maxwell","name":"2_32_11_58"},{"num":13,"categoryName":"Kenny Smith","name":"2_32_11_63"},{"num":12.8,"categoryName":"Otis Thorpe","name":"2_32_11_50"},{"num":10.1,"categoryName":"Robert Horry","name":"2_32_11_74"},{"num":7.5,"categoryName":"Carl Herrera","name":"2_32_11_69"},{"num":7.3,"categoryName":"Matt Bullard","name":"2_32_11_67"},{"num":6.6,"categoryName":"Sleepy Floyd","name":"2_32_11_45"},{"num":6.3,"categoryName":"Scott Brooks","name":"2_32_11_75"},{"num":5.9,"categoryName":"Winston Garland","name":"2_32_11_76"},{"num":3.7,"categoryName":"Kennard Winchester","name":"2_32_11_65"},{"num":2.5,"categoryName":"Terry Teagle","name":"2_32_11_18"},{"num":1,"categoryName":"Mark Acres","name":"2_32_11_77"},{"num":0.7,"categoryName":"Tree Rollins","name":"2_32_11_71"}],"name":"2_32_11_0"},{"num":98.1,"categoryName":"Minnesota_Timberwolves","children":[{"num":19.3,"categoryName":"Doug West","name":"2_32_16_12"},{"num":18.2,"categoryName":"Christian Laettner","name":"2_32_16_29"},{"num":16.8,"categoryName":"Chuck Person","name":"2_32_16_30"},{"num":15.1,"categoryName":"Micheal Williams","name":"2_32_16_31"},{"num":7.5,"categoryName":"Thurl Bailey","name":"2_32_16_23"},{"num":6.3,"categoryName":"Bob McCann","name":"2_32_16_32"},{"num":5.8,"categoryName":"Luc Longley","name":"2_32_16_25"},{"num":5.4,"categoryName":"Marlon Maxey","name":"2_32_16_33"},{"num":5,"categoryName":"Gerald Glass","name":"2_32_16_17"},{"num":4.3,"categoryName":"Chris Smith","name":"2_32_16_34"},{"num":4.1,"categoryName":"Felton Spencer","name":"2_32_16_16"},{"num":3.5,"categoryName":"Gundars Vetra","name":"2_32_16_35"},{"num":2.6,"categoryName":"Lance Blanks","name":"2_32_16_36"},{"num":2.5,"categoryName":"Brad Sellers","name":"2_32_16_11"},{"num":0,"categoryName":"Mark Randall","name":"2_32_16_26"}],"name":"2_32_16_0"},{"num":105.5,"categoryName":"San_Antonio_Spurs","children":[{"num":23.4,"categoryName":"David Robinson","name":"2_32_12_100"},{"num":17.2,"categoryName":"Sean Elliott","name":"2_32_12_104"},{"num":16.7,"categoryName":"Dale Ellis","name":"2_32_12_130"},{"num":13.1,"categoryName":"Antoine Carr","name":"2_32_12_120"},{"num":9.9,"categoryName":"J.R. Reid","name":"2_32_12_131"},{"num":9.1,"categoryName":"Lloyd Daniels","name":"2_32_12_132"},{"num":8.7,"categoryName":"Avery Johnson","name":"2_32_12_114"},{"num":7.4,"categoryName":"Vinny Del Negro","name":"2_32_12_133"},{"num":4.8,"categoryName":"Willie Anderson","name":"2_32_12_84"},{"num":3.6,"categoryName":"Sam Mack","name":"2_32_12_134"},{"num":3.5,"categoryName":"Sidney Green","name":"2_32_12_113"},{"num":3.4,"categoryName":"Terry Cummings","name":"2_32_12_101"},{"num":2.4,"categoryName":"David Wood","name":"2_32_12_135"},{"num":2,"categoryName":"Matt Othick","name":"2_32_12_136"},{"num":1.6,"categoryName":"William Bedford","name":"2_32_12_137"},{"num":1.3,"categoryName":"Larry Smith","name":"2_32_12_138"}],"name":"2_32_12_0"},{"num":106.2,"categoryName":"Utah_Jazz","children":[{"num":27,"categoryName":"Karl Malone","name":"2_32_9_51"},{"num":18.1,"categoryName":"Jeff Malone","name":"2_32_9_75"},{"num":15.1,"categoryName":"John Stockton","name":"2_32_9_48"},{"num":11.6,"categoryName":"Tyrone Corbin","name":"2_32_9_82"},{"num":8.8,"categoryName":"Jay Humphries","name":"2_32_9_88"},{"num":8.1,"categoryName":"David Benoit","name":"2_32_9_83"},{"num":7.2,"categoryName":"Larry Krystkowiak","name":"2_32_9_89"},{"num":5.7,"categoryName":"Mike Brown","name":"2_32_9_64"},{"num":3.5,"categoryName":"Henry James","name":"2_32_9_90"},{"num":3.5,"categoryName":"James Donaldson","name":"2_32_9_91"},{"num":2.8,"categoryName":"Isaac Austin","name":"2_32_9_87"},{"num":2.8,"categoryName":"Mark Eaton","name":"2_32_9_42"},{"num":2.6,"categoryName":"John Crotty","name":"2_32_9_92"},{"num":2.1,"categoryName":"Stephen Howard","name":"2_32_9_93"},{"num":0.7,"categoryName":"Tim Legler","name":"2_32_9_94"}],"name":"2_32_9_0"}],"name":"2_32_0_0","num":618.3000000000001},{"categoryName":"Pacific","children":[{"num":109.9,"categoryName":"Golden_State_Warriors","children":[{"num":25.9,"categoryName":"Chris Mullin","name":"2_33_6_87"},{"num":21.5,"categoryName":"Tim Hardaway","name":"2_33_6_117"},{"num":17.4,"categoryName":"S. Marciulionis","name":"2_33_6_118"},{"num":16.5,"categoryName":"Billy Owens","name":"2_33_6_138"},{"num":15.4,"categoryName":"Latrell Sprewell","name":"2_33_6_146"},{"num":11.2,"categoryName":"Victor Alexander","name":"2_33_6_139"},{"num":11,"categoryName":"Andre Spencer","name":"2_33_6_147"},{"num":9.3,"categoryName":"Chris Gatling","name":"2_33_6_140"},{"num":8.8,"categoryName":"Jeff Grayer","name":"2_33_6_148"},{"num":8.6,"categoryName":"Tyrone Hill","name":"2_33_6_130"},{"num":8.6,"categoryName":"Keith Jennings","name":"2_33_6_149"},{"num":8.3,"categoryName":"Sean Higgins","name":"2_33_6_150"},{"num":6.2,"categoryName":"Jud Buechler","name":"2_33_6_144"},{"num":5.3,"categoryName":"Byron Houston","name":"2_33_6_151"},{"num":4.4,"categoryName":"Paul Pressey","name":"2_33_6_152"},{"num":4.2,"categoryName":"Pat Durham","name":"2_33_6_153"},{"num":3.1,"categoryName":"Joe Courtney","name":"2_33_6_154"},{"num":2.3,"categoryName":"Alton Lister","name":"2_33_6_123"},{"num":1.5,"categoryName":"Ed Nealy","name":"2_33_6_155"},{"num":1,"categoryName":"Barry Stevens","name":"2_33_6_156"}],"name":"2_33_6_0"},{"num":107.1,"categoryName":"Los_Angeles_Clippers","children":[{"num":22.8,"categoryName":"Danny Manning","name":"2_33_10_44"},{"num":18,"categoryName":"Ron Harper","name":"2_33_10_56"},{"num":15,"categoryName":"Ken Norman","name":"2_33_10_36"},{"num":14.4,"categoryName":"Mark Jackson","name":"2_33_10_81"},{"num":11.3,"categoryName":"Stanley Roberts","name":"2_33_10_82"},{"num":9.4,"categoryName":"Loy Vaught","name":"2_33_10_69"},{"num":6.6,"categoryName":"John Williams","name":"2_33_10_83"},{"num":6.6,"categoryName":"Gary Grant","name":"2_33_10_46"},{"num":6.2,"categoryName":"Kiki Vandeweghe","name":"2_33_10_84"},{"num":3.9,"categoryName":"Jaren Jackson","name":"2_33_10_85"},{"num":2.4,"categoryName":"Lester Conner","name":"2_33_10_86"},{"num":2.4,"categoryName":"Elmore Spencer","name":"2_33_10_87"},{"num":1.7,"categoryName":"Randy Woods","name":"2_33_10_88"},{"num":0,"categoryName":"Alex Stivrins","name":"2_33_10_89"},{"num":0,"categoryName":"Duane Washington","name":"2_33_10_90"}],"name":"2_33_10_0"},{"num":104.2,"categoryName":"Los_Angeles_Lakers","children":[{"num":15.1,"categoryName":"Sedale Threatt","name":"2_33_1_128"},{"num":14.9,"categoryName":"James Worthy","name":"2_33_1_86"},{"num":13.7,"categoryName":"Sam Perkins","name":"2_33_1_122"},{"num":13.7,"categoryName":"Byron Scott","name":"2_33_1_91"},{"num":12.8,"categoryName":"A.C. Green","name":"2_33_1_100"},{"num":12.8,"categoryName":"Vlade Divac","name":"2_33_1_115"},{"num":10.4,"categoryName":"Anthony Peeler","name":"2_33_1_135"},{"num":7.7,"categoryName":"Elden Campbell","name":"2_33_1_125"},{"num":6.3,"categoryName":"James Edwards","name":"2_33_1_54"},{"num":6.2,"categoryName":"Doug Christie","name":"2_33_1_136"},{"num":6,"categoryName":"Tony Smith","name":"2_33_1_124"},{"num":4.5,"categoryName":"Benoit Benjamin","name":"2_33_1_137"},{"num":2.4,"categoryName":"Duane Cooper","name":"2_33_1_138"},{"num":1.3,"categoryName":"Alex Blackwell","name":"2_33_1_139"}],"name":"2_33_1_0"},{"num":113.4,"categoryName":"Phoenix_Suns","children":[{"num":25.6,"categoryName":"Charles Barkley","name":"2_33_8_114"},{"num":16.9,"categoryName":"Dan Majerle","name":"2_33_8_93"},{"num":16.1,"categoryName":"Kevin Johnson","name":"2_33_8_84"},{"num":15.8,"categoryName":"Richard Dumas","name":"2_33_8_115"},{"num":12.8,"categoryName":"Cedric Ceballos","name":"2_33_8_108"},{"num":12.2,"categoryName":"Tom Chambers","name":"2_33_8_92"},{"num":11.8,"categoryName":"Danny Ainge","name":"2_33_8_116"},{"num":6.1,"categoryName":"Negele Knight","name":"2_33_8_109"},{"num":5.6,"categoryName":"Oliver Miller","name":"2_33_8_117"},{"num":5.3,"categoryName":"Mark West","name":"2_33_8_85"},{"num":4.6,"categoryName":"Jerrod Mustaf","name":"2_33_8_113"},{"num":4.3,"categoryName":"Frank Johnson","name":"2_33_8_118"},{"num":1,"categoryName":"Alex Stivrins","name":"2_33_8_119"},{"num":1.9,"categoryName":"Tim Kempton","name":"2_33_8_120"},{"num":1.8,"categoryName":"Kurt Rambis","name":"2_33_8_101"}],"name":"2_33_8_0"},{"num":108.5,"categoryName":"Portland_Trail_Blazers","children":[{"num":19.9,"categoryName":"Clyde Drexler","name":"2_33_2_92"},{"num":19.1,"categoryName":"Clifford Robinson","name":"2_33_2_128"},{"num":18.2,"categoryName":"Terry Porter","name":"2_33_2_101"},{"num":13.7,"categoryName":"Rod Strickland","name":"2_33_2_139"},{"num":10.6,"categoryName":"Jerome Kersey","name":"2_33_2_98"},{"num":9.9,"categoryName":"Kevin Duckworth","name":"2_33_2_106"},{"num":8.6,"categoryName":"Mario Elie","name":"2_33_2_140"},{"num":8.3,"categoryName":"Buck Williams","name":"2_33_2_127"},{"num":6,"categoryName":"Mark Bryant","name":"2_33_2_122"},{"num":5.7,"categoryName":"Tracy Murray","name":"2_33_2_141"},{"num":3.7,"categoryName":"Dave Johnson","name":"2_33_2_142"},{"num":2.5,"categoryName":"Joe Wolf","name":"2_33_2_143"},{"num":1.7,"categoryName":"Delaney Rudd","name":"2_33_2_144"},{"num":1,"categoryName":"Reggie Smith","name":"2_33_2_145"}],"name":"2_33_2_0"},{"num":107.9,"categoryName":"Sacramento_Kings","children":[{"num":21.9,"categoryName":"Mitch Richmond","name":"2_33_11_41"},{"num":17.9,"categoryName":"Lionel Simmons","name":"2_33_11_26"},{"num":17,"categoryName":"Walt Williams","name":"2_33_11_51"},{"num":16.6,"categoryName":"Wayman Tisdale","name":"2_33_11_2"},{"num":14.5,"categoryName":"Spud Webb","name":"2_33_11_42"},{"num":8.6,"categoryName":"Anthony Bonner","name":"2_33_11_29"},{"num":8.3,"categoryName":"Rod Higgins","name":"2_33_11_52"},{"num":8.2,"categoryName":"Duane Causwell","name":"2_33_11_31"},{"num":7.6,"categoryName":"Randy Brown","name":"2_33_11_46"},{"num":7.5,"categoryName":"Henry James","name":"2_33_11_53"},{"num":6.1,"categoryName":"Pete Chilcutt","name":"2_33_11_45"},{"num":4.8,"categoryName":"Marty Conlon","name":"2_33_11_54"},{"num":4.5,"categoryName":"Jim Les","name":"2_33_11_30"},{"num":3,"categoryName":"Vincent Askew","name":"2_33_11_55"},{"num":2.5,"categoryName":"Kurt Rambis","name":"2_33_11_56"},{"num":1.7,"categoryName":"Stan Kimbrough","name":"2_33_11_57"}],"name":"2_33_11_0"},{"num":108.3,"categoryName":"Seattle_Supersonics","children":[{"num":18.2,"categoryName":"Ricky Pierce","name":"2_33_5_131"},{"num":17.8,"categoryName":"Shawn Kemp","name":"2_33_5_126"},{"num":14.4,"categoryName":"Eddie Johnson","name":"2_33_5_106"},{"num":13.5,"categoryName":"Gary Payton","name":"2_33_5_133"},{"num":13.4,"categoryName":"Derrick McKey","name":"2_33_5_114"},{"num":12.1,"categoryName":"Sam Perkins","name":"2_33_5_139"},{"num":7.8,"categoryName":"Dana Barros","name":"2_33_5_124"},{"num":7.5,"categoryName":"Nate McMillan","name":"2_33_5_108"},{"num":6.7,"categoryName":"Benoit Benjamin","name":"2_33_5_132"},{"num":6.1,"categoryName":"Michael Cage","name":"2_33_5_118"},{"num":6,"categoryName":"Vincent Askew","name":"2_33_5_140"},{"num":3.9,"categoryName":"Gerald Paddio","name":"2_33_5_141"},{"num":2.3,"categoryName":"Steve Scheffler","name":"2_33_5_142"},{"num":2,"categoryName":"Rich King","name":"2_33_5_137"}],"name":"2_33_5_0"}],"name":"2_33_0_0","num":759.3}],"name":"2_0_0_0","num":1377.6}],"num":2842.2}