{
  "year": 1949,
  "name": "root",
  "categoryName": "root",
  "children": [
    {
      "categoryName": "Eastern",
      "children": [
        {
          "num": 73.1,
          "categoryName": "Baltimore_Bullets_(1st)",
          "children": [
            {
              "num": 14.4,
              "categoryName": "Paul Hoffman",
              "name": "1_7_22_0"
            },
            {
              "num": 14,
              "categoryName": "Ed Sadowski",
              "name": "1_7_23_0"
            },
            {
              "num": 9,
              "categoryName": "Walt Budko",
              "name": "1_7_3_0"
            },
            {
              "num": 8.8,
              "categoryName": "Blackie Towery",
              "name": "1_7_24_0"
            },
            {
              "num": 8.1,
              "categoryName": "Johnny Ezersky",
              "name": "1_7_12_0"
            },
            {
              "num": 6.9,
              "categoryName": "Joe Dolhon",
              "name": "1_7_25_0"
            },
            {
              "num": 6.2,
              "categoryName": "Whitey Von Nieda",
              "name": "1_7_26_0"
            },
            {
              "num": 6.2,
              "categoryName": "Tommy Byrnes",
              "name": "1_7_27_0"
            },
            {
              "num": 5.3,
              "categoryName": "Ron Livingstone",
              "name": "1_7_28_0"
            },
            {
              "num": 5.2,
              "categoryName": "Buddy Jeannette",
              "name": "1_7_10_0"
            },
            {
              "num": 4.5,
              "categoryName": "Les Pugh",
              "name": "1_7_29_0"
            },
            {
              "num": 3.6,
              "categoryName": "Andy O'Donnell",
              "name": "1_7_30_0"
            },
            {
              "num": 3.5,
              "categoryName": "Freddie Lewis",
              "name": "1_7_4_0"
            },
            {
              "num": 3.4,
              "categoryName": "Howie Janotta",
              "name": "1_7_31_0"
            },
            {
              "num": 3.4,
              "categoryName": "Marv Schatzman",
              "name": "1_7_32_0"
            },
            {
              "num": 3.4,
              "categoryName": "Bob Tough",
              "name": "1_7_33_0"
            },
            {
              "num": 3,
              "categoryName": "George Feigenbaum",
              "name": "1_7_34_0"
            },
            {
              "num": 1.7,
              "categoryName": "Paul Cloyd",
              "name": "1_7_35_0"
            },
            {
              "num": 1.3,
              "categoryName": "John Mandic",
              "name": "1_7_36_0"
            },
            {
              "num": 1.3,
              "categoryName": "Mike McCarron",
              "name": "1_7_37_0"
            },
            {
              "num": 0.8,
              "categoryName": "Paul Gordon",
              "name": "1_7_38_0"
            },
            {
              "num": 0.5,
              "categoryName": "Dick Triptow",
              "name": "1_7_39_0"
            },
            {
              "num": 0,
              "categoryName": "Lee Knorek",
              "name": "1_7_40_0"
            }
          ],
          "name": "1_7_0_0"
        },
        {
          "num": 79.7,
          "categoryName": "Boston_Celtics",
          "children": [
            {
              "num": 11.1,
              "categoryName": "Bob Kinney",
              "name": "1_1_35_0"
            },
            {
              "num": 10.2,
              "categoryName": "Sonny Hertzberg",
              "name": "1_1_48_0"
            },
            {
              "num": 9.7,
              "categoryName": "George Kaftan",
              "name": "1_1_32_0"
            },
            {
              "num": 8.9,
              "categoryName": "Ed Leede",
              "name": "1_1_49_0"
            },
            {
              "num": 8.8,
              "categoryName": "Tony Lavelli",
              "name": "1_1_50_0"
            },
            {
              "num": 8.8,
              "categoryName": "Howie Shannon",
              "name": "1_1_51_0"
            },
            {
              "num": 8.2,
              "categoryName": "Gene Englund",
              "name": "1_1_52_0"
            },
            {
              "num": 7.5,
              "categoryName": "Brady Walker",
              "name": "1_1_53_0"
            },
            {
              "num": 6.7,
              "categoryName": "Bob Doll",
              "name": "1_1_39_0"
            },
            {
              "num": 6.7,
              "categoryName": "Johnny Ezersky",
              "name": "1_1_33_0"
            },
            {
              "num": 6,
              "categoryName": "George Nostrand",
              "name": "1_1_34_0"
            },
            {
              "num": 4.8,
              "categoryName": "Jim Seminoff",
              "name": "1_1_38_0"
            },
            {
              "num": 4.8,
              "categoryName": "Dermie O'Connell",
              "name": "1_1_36_0"
            },
            {
              "num": 4.6,
              "categoryName": "John Mahnken",
              "name": "1_1_54_0"
            },
            {
              "num": 3.5,
              "categoryName": "Hoot Gibson",
              "name": "1_1_55_0"
            },
            {
              "num": 0.8,
              "categoryName": "Joe Mullaney",
              "name": "1_1_56_0"
            },
            {
              "num": 0.7,
              "categoryName": "Art Spector",
              "name": "1_1_5_0"
            }
          ],
          "name": "1_1_0_0"
        },
        {
          "num": 80.7,
          "categoryName": "New_York_Knicks",
          "children": [
            {
              "num": 15.4,
              "categoryName": "Carl Braun",
              "name": "1_2_21_0"
            },
            {
              "num": 11.8,
              "categoryName": "Harry Gallatin",
              "name": "1_2_28_0"
            },
            {
              "num": 11.3,
              "categoryName": "Connie Simmons",
              "name": "1_2_35_0"
            },
            {
              "num": 10.4,
              "categoryName": "Vince Boryla",
              "name": "1_2_36_0"
            },
            {
              "num": 10,
              "categoryName": "Ernie Vandeweghe",
              "name": "1_2_37_0"
            },
            {
              "num": 8.6,
              "categoryName": "Dick McGuire",
              "name": "1_2_38_0"
            },
            {
              "num": 5.6,
              "categoryName": "Harry Donovan",
              "name": "1_2_39_0"
            },
            {
              "num": 5.2,
              "categoryName": "Tex Ritter",
              "name": "1_2_29_0"
            },
            {
              "num": 4.6,
              "categoryName": "Ray Lumpp",
              "name": "1_2_27_0"
            },
            {
              "num": 3.8,
              "categoryName": "Paul Noel",
              "name": "1_2_25_0"
            },
            {
              "num": 3.7,
              "categoryName": "B. Van Breda Kolff",
              "name": "1_2_18_0"
            },
            {
              "num": 2,
              "categoryName": "Ed Bartels",
              "name": "1_2_40_0"
            },
            {
              "num": 1.8,
              "categoryName": "Gene James",
              "name": "1_2_32_0"
            }
          ],
          "name": "1_2_0_0"
        },
        {
          "num": 73.3,
          "categoryName": "Philadelphia_Warriors",
          "children": [
            {
              "num": 14.2,
              "categoryName": "Joe Fulks",
              "name": "1_3_1_0"
            },
            {
              "num": 13.5,
              "categoryName": "Vern Gardner",
              "name": "1_3_22_0"
            },
            {
              "num": 9.6,
              "categoryName": "Ron Livingstone",
              "name": "1_3_23_0"
            },
            {
              "num": 9,
              "categoryName": "George Senesky",
              "name": "1_3_5_0"
            },
            {
              "num": 8.8,
              "categoryName": "Leo Mogus",
              "name": "1_3_24_0"
            },
            {
              "num": 8.6,
              "categoryName": "Ed Sadowski",
              "name": "1_3_13_0"
            },
            {
              "num": 7,
              "categoryName": "Chink Crossin",
              "name": "1_3_16_0"
            },
            {
              "num": 4.6,
              "categoryName": "Jerry Fleishman",
              "name": "1_3_7_0"
            },
            {
              "num": 4.2,
              "categoryName": "Nelson Bobb",
              "name": "1_3_25_0"
            },
            {
              "num": 4.2,
              "categoryName": "Jake Bornheimer",
              "name": "1_3_15_0"
            },
            {
              "num": 3.4,
              "categoryName": "Freddie Lewis",
              "name": "1_3_26_0"
            },
            {
              "num": 2.4,
              "categoryName": "Charlie Parsley",
              "name": "1_3_27_0"
            },
            {
              "num": 2.2,
              "categoryName": "Johnny Payak",
              "name": "1_3_28_0"
            },
            {
              "num": 1.8,
              "categoryName": "Jerry Rullo",
              "name": "1_3_10_0"
            },
            {
              "num": 1.7,
              "categoryName": "Mike Novak",
              "name": "1_3_29_0"
            },
            {
              "num": 1.6,
              "categoryName": "Jim Nolan",
              "name": "1_3_30_0"
            },
            {
              "num": 1.1,
              "categoryName": "Al Guokas",
              "name": "1_3_31_0"
            }
          ],
          "name": "1_3_0_0"
        },
        {
          "num": 84.9,
          "categoryName": "Syracuse_Nationals",
          "children": [
            {
              "num": 16.8,
              "categoryName": "Dolph Schayes",
              "name": "1_8_1_0"
            },
            {
              "num": 10.9,
              "categoryName": "Bill Gabor",
              "name": "1_8_2_0"
            },
            {
              "num": 10.2,
              "categoryName": "Al Cervi",
              "name": "1_8_3_0"
            },
            {
              "num": 8.6,
              "categoryName": "George Ratkovicz",
              "name": "1_8_4_0"
            },
            {
              "num": 7.7,
              "categoryName": "Paul Seymour",
              "name": "1_8_5_0"
            },
            {
              "num": 7.5,
              "categoryName": "Alex Hannum",
              "name": "1_8_6_0"
            },
            {
              "num": 7.4,
              "categoryName": "Johnny Macknowski",
              "name": "1_8_7_0"
            },
            {
              "num": 7.2,
              "categoryName": "Ed Peterson",
              "name": "1_8_8_0"
            },
            {
              "num": 5.5,
              "categoryName": "Andrew Levane",
              "name": "1_8_9_0"
            },
            {
              "num": 5.2,
              "categoryName": "Ray Corley",
              "name": "1_8_10_0"
            },
            {
              "num": 3.2,
              "categoryName": "Leroy Chollet",
              "name": "1_8_11_0"
            }
          ],
          "name": "1_8_0_0"
        },
        {
          "num": 76.5,
          "categoryName": "Washington_Capitols",
          "children": [
            {
              "num": 14.9,
              "categoryName": "Don Otten",
              "name": "1_6_15_0"
            },
            {
              "num": 13.1,
              "categoryName": "Jack Nichols",
              "name": "1_6_16_0"
            },
            {
              "num": 13,
              "categoryName": "Fred Scolari",
              "name": "1_6_2_0"
            },
            {
              "num": 9.3,
              "categoryName": "Bones McKinney",
              "name": "1_6_3_0"
            },
            {
              "num": 9,
              "categoryName": "Chick Reiser",
              "name": "1_6_17_0"
            },
            {
              "num": 8.1,
              "categoryName": "Bob Feerick",
              "name": "1_6_1_0"
            },
            {
              "num": 7,
              "categoryName": "Dick O'Keefe",
              "name": "1_6_18_0"
            },
            {
              "num": 6.3,
              "categoryName": "Johnny Norlander",
              "name": "1_6_4_0"
            },
            {
              "num": 6.1,
              "categoryName": "Chuck Gilmur",
              "name": "1_6_19_0"
            },
            {
              "num": 4.8,
              "categoryName": "Chick Halbert",
              "name": "1_6_20_0"
            },
            {
              "num": 4.4,
              "categoryName": "Leo Katkaveck",
              "name": "1_6_21_0"
            },
            {
              "num": 3.3,
              "categoryName": "Dick Schulz",
              "name": "1_6_22_0"
            },
            {
              "num": 2.8,
              "categoryName": "John Mandic",
              "name": "1_6_23_0"
            },
            {
              "num": 1.6,
              "categoryName": "Hook Dillon",
              "name": "1_6_24_0"
            }
          ],
          "name": "1_6_0_0"
        }
      ],
      "name": "1_0_0_0",
      "num": 468.20000000000005
    },
    {
      "categoryName": "Central",
      "children": [
        {
          "num": 78.7,
          "categoryName": "Chicago_Stags",
          "children": [
            {
              "num": 16.4,
              "categoryName": "Max Zaslofsky",
              "name": "3_1_1_0"
            },
            {
              "num": 11.7,
              "categoryName": "Andy Phillip",
              "name": "3_1_2_0"
            },
            {
              "num": 10.5,
              "categoryName": "Odie Spears",
              "name": "3_1_3_0"
            },
            {
              "num": 8.1,
              "categoryName": "Kleggie Hermsen",
              "name": "3_1_4_0"
            },
            {
              "num": 7.3,
              "categoryName": "Stan Miasek",
              "name": "3_1_5_0"
            },
            {
              "num": 6.7,
              "categoryName": "Frank Kudelka",
              "name": "3_1_6_0"
            },
            {
              "num": 6.5,
              "categoryName": "Leo Barnhorst",
              "name": "3_1_7_0"
            },
            {
              "num": 5.4,
              "categoryName": "Kenny Rollins",
              "name": "3_1_8_0"
            },
            {
              "num": 5.1,
              "categoryName": "Ed Mikan",
              "name": "3_1_9_0"
            },
            {
              "num": 3.6,
              "categoryName": "Joe Graboski",
              "name": "3_1_10_0"
            },
            {
              "num": 2.6,
              "categoryName": "George Nostrand",
              "name": "3_1_11_0"
            },
            {
              "num": 1.9,
              "categoryName": "Joe Bradley",
              "name": "3_1_12_0"
            },
            {
              "num": 1,
              "categoryName": "Robert Hahn",
              "name": "3_1_13_0"
            }
          ],
          "name": "3_1_0_0"
        },
        {
          "num": 79.3,
          "categoryName": "Fort_Wayne_Pistons",
          "children": [
            {
              "num": 14.3,
              "categoryName": "Fred Schaus",
              "name": "3_2_1_0"
            },
            {
              "num": 10.6,
              "categoryName": "Charlie Black",
              "name": "3_2_2_0"
            },
            {
              "num": 9.3,
              "categoryName": "Bob Carpenter",
              "name": "3_2_3_0"
            },
            {
              "num": 8.5,
              "categoryName": "Howie Schultz",
              "name": "3_2_4_0"
            },
            {
              "num": 7.9,
              "categoryName": "Ralph Johnson",
              "name": "3_2_5_0"
            },
            {
              "num": 7.7,
              "categoryName": "Bob Harris",
              "name": "3_2_6_0"
            },
            {
              "num": 7.6,
              "categoryName": "Duane Klueh",
              "name": "3_2_7_0"
            },
            {
              "num": 7.3,
              "categoryName": "Curly Armstrong",
              "name": "3_2_8_0"
            },
            {
              "num": 7.1,
              "categoryName": "Jack Kerris",
              "name": "3_2_9_0"
            },
            {
              "num": 6.9,
              "categoryName": "Leo Klier",
              "name": "3_2_10_0"
            },
            {
              "num": 6.1,
              "categoryName": "John Oldham",
              "name": "3_2_11_0"
            },
            {
              "num": 5.6,
              "categoryName": "Richie Niemiera",
              "name": "3_2_12_0"
            },
            {
              "num": 4.9,
              "categoryName": "Bill Henry",
              "name": "3_2_13_0"
            },
            {
              "num": 3.5,
              "categoryName": "John Mahnken",
              "name": "3_2_14_0"
            },
            {
              "num": 2.3,
              "categoryName": "Clint Wager",
              "name": "3_2_15_0"
            },
            {
              "num": 0.9,
              "categoryName": "Jerry Nagel",
              "name": "3_2_16_0"
            }
          ],
          "name": "3_2_0_0"
        },
        {
          "num": 84.1,
          "categoryName": "Minneapolis_Lakers",
          "children": [
            {
              "num": 27.4,
              "categoryName": "George Mikan",
              "name": "3_3_1_0"
            },
            {
              "num": 14.7,
              "categoryName": "Jim Pollard",
              "name": "3_3_2_0"
            },
            {
              "num": 11.6,
              "categoryName": "Vern Mikkelsen",
              "name": "3_3_3_0"
            },
            {
              "num": 5.4,
              "categoryName": "Arnie Ferrin",
              "name": "3_3_4_0"
            },
            {
              "num": 5.1,
              "categoryName": "Herm Schaefer",
              "name": "3_3_5_0"
            },
            {
              "num": 4.7,
              "categoryName": "Don Carlson",
              "name": "3_3_6_0"
            },
            {
              "num": 4.5,
              "categoryName": "Bob Harrison",
              "name": "3_3_7_0"
            },
            {
              "num": 4,
              "categoryName": "Slater Martin",
              "name": "3_3_8_0"
            },
            {
              "num": 3.9,
              "categoryName": "Tony Jaros",
              "name": "3_3_9_0"
            },
            {
              "num": 3.4,
              "categoryName": "Paul Walther",
              "name": "3_3_10_0"
            },
            {
              "num": 2.7,
              "categoryName": "Gene Stump",
              "name": "3_3_11_0"
            },
            {
              "num": 2.6,
              "categoryName": "Billy Hassett",
              "name": "3_3_12_0"
            },
            {
              "num": 2.6,
              "categoryName": "Bud Grant",
              "name": "3_3_13_0"
            },
            {
              "num": 2,
              "categoryName": "Normie Glick",
              "name": "3_3_14_0"
            }
          ],
          "name": "3_3_0_0"
        },
        {
          "num": 82.4,
          "categoryName": "Rochester_Royals",
          "children": [
            {
              "num": 14,
              "categoryName": "Bob Davies",
              "name": "3_4_1_0"
            },
            {
              "num": 11.8,
              "categoryName": "Bobby Wanzer",
              "name": "3_4_2_0"
            },
            {
              "num": 10.1,
              "categoryName": "Arnie Risen",
              "name": "3_4_3_0"
            },
            {
              "num": 9,
              "categoryName": "Bill Calhoun",
              "name": "3_4_4_0"
            },
            {
              "num": 8.7,
              "categoryName": "Jack Coleman",
              "name": "3_4_5_0"
            },
            {
              "num": 8.2,
              "categoryName": "Red Holzman",
              "name": "3_4_6_0"
            },
            {
              "num": 7.3,
              "categoryName": "Arnie Johnson",
              "name": "3_4_7_0"
            },
            {
              "num": 6,
              "categoryName": "Fran Curran",
              "name": "3_4_8_0"
            },
            {
              "num": 4.9,
              "categoryName": "Price Brookfield",
              "name": "3_4_9_0"
            },
            {
              "num": 4.6,
              "categoryName": "Andy Duncan",
              "name": "3_4_10_0"
            },
            {
              "num": 3.7,
              "categoryName": "Pep Saul",
              "name": "3_4_11_0"
            },
            {
              "num": 3.7,
              "categoryName": "Ed Mikan",
              "name": "3_4_12_0"
            },
            {
              "num": 0.6,
              "categoryName": "Mike Novak",
              "name": "3_4_13_0"
            }
          ],
          "name": "3_4_0_0"
        },
        {
          "num": 73.7,
          "categoryName": "St._Louis_Bombers",
          "children": [
            {
              "num": 16.1,
              "categoryName": "Ed Macauley",
              "name": "3_5_1_0"
            },
            {
              "num": 13.7,
              "categoryName": "Belus Smawley",
              "name": "3_5_2_0"
            },
            {
              "num": 12.2,
              "categoryName": "John Logan",
              "name": "3_5_3_0"
            },
            {
              "num": 11.8,
              "categoryName": "Red Rocha",
              "name": "3_5_4_0"
            },
            {
              "num": 7,
              "categoryName": "Ariel Maughan",
              "name": "3_5_5_0"
            },
            {
              "num": 6.9,
              "categoryName": "Mike Todorovich",
              "name": "3_5_6_0"
            },
            {
              "num": 5.5,
              "categoryName": "Easy Parham",
              "name": "3_5_7_0"
            },
            {
              "num": 3.8,
              "categoryName": "Dermie O'Connell",
              "name": "3_5_8_0"
            },
            {
              "num": 2.7,
              "categoryName": "Bill Roberts",
              "name": "3_5_9_0"
            },
            {
              "num": 2.4,
              "categoryName": "Don Putman",
              "name": "3_5_10_0"
            },
            {
              "num": 2.2,
              "categoryName": "Mac Otten",
              "name": "3_5_11_0"
            },
            {
              "num": 2.1,
              "categoryName": "D.C. Wilcutt",
              "name": "3_5_12_0"
            },
            {
              "num": 1.9,
              "categoryName": "Johnny Orr",
              "name": "3_5_13_0"
            },
            {
              "num": 1,
              "categoryName": "Mike McCarron",
              "name": "3_5_14_0"
            }
          ],
          "name": "3_5_0_0"
        }
      ],
      "name": "3_0_0_0",
      "num": 398.2
    },
    {
      "categoryName": "Western",
      "children": [
        {
          "num": 87.3,
          "categoryName": "Anderson_Packers",
          "children": [
            {
              "num": 17.8,
              "categoryName": "Frankie Brian",
              "name": "2_12_1_0"
            },
            {
              "num": 11.8,
              "categoryName": "Bill Closs",
              "name": "2_12_2_0"
            },
            {
              "num": 10.7,
              "categoryName": "John Hargis",
              "name": "2_12_3_0"
            },
            {
              "num": 9.9,
              "categoryName": "Milo Komenich",
              "name": "2_12_4_0"
            },
            {
              "num": 9.6,
              "categoryName": "Ralph Johnson",
              "name": "2_12_5_0"
            },
            {
              "num": 9.6,
              "categoryName": "Charlie Black",
              "name": "2_12_6_0"
            },
            {
              "num": 9.1,
              "categoryName": "Ed Stanczak",
              "name": "2_12_7_0"
            },
            {
              "num": 8.1,
              "categoryName": "Howie Schultz",
              "name": "2_12_8_0"
            },
            {
              "num": 7.8,
              "categoryName": "Rollie Seltz",
              "name": "2_12_9_0"
            },
            {
              "num": 5.2,
              "categoryName": "Richie Niemiera",
              "name": "2_12_10_0"
            },
            {
              "num": 4.6,
              "categoryName": "Walt Kirk",
              "name": "2_12_11_0"
            },
            {
              "num": 4.5,
              "categoryName": "Frank Gates",
              "name": "2_12_12_0"
            },
            {
              "num": 3.5,
              "categoryName": "Jake Carter",
              "name": "2_12_13_0"
            },
            {
              "num": 3.3,
              "categoryName": "Red Owens",
              "name": "2_12_14_0"
            },
            {
              "num": 2,
              "categoryName": "Jack Smiley",
              "name": "2_12_15_0"
            },
            {
              "num": 1,
              "categoryName": "Murray Mitchell",
              "name": "2_12_16_0"
            }
          ],
          "name": "2_12_0_0"
        },
        {
          "num": 77.7,
          "categoryName": "Denver_Nuggets_(1st)",
          "children": [
            {
              "num": 17.3,
              "categoryName": "Kenny Sailors",
              "name": "2_13_1_0"
            },
            {
              "num": 13.6,
              "categoryName": "Dillard Crocker",
              "name": "2_13_2_0"
            },
            {
              "num": 11.7,
              "categoryName": "Bob Brown",
              "name": "2_13_3_0"
            },
            {
              "num": 10,
              "categoryName": "Duane Klueh",
              "name": "2_13_4_0"
            },
            {
              "num": 9.6,
              "categoryName": "Floyd Volker",
              "name": "2_13_5_0"
            },
            {
              "num": 9.6,
              "categoryName": "Jack Toomay",
              "name": "2_13_6_0"
            },
            {
              "num": 8.1,
              "categoryName": "Jimmy Darden",
              "name": "2_13_7_0"
            },
            {
              "num": 5.1,
              "categoryName": "Jack Cotton",
              "name": "2_13_8_0"
            },
            {
              "num": 4.8,
              "categoryName": "Al Guokas",
              "name": "2_13_9_0"
            },
            {
              "num": 4.7,
              "categoryName": "Bob Royer",
              "name": "2_13_10_0"
            },
            {
              "num": 4.5,
              "categoryName": "Ed Bartels",
              "name": "2_13_11_0"
            },
            {
              "num": 4.3,
              "categoryName": "Bill Herman",
              "name": "2_13_12_0"
            },
            {
              "num": 3.4,
              "categoryName": "Jake Carter",
              "name": "2_13_13_0"
            },
            {
              "num": 1.7,
              "categoryName": "Earl Dodd",
              "name": "2_13_14_0"
            },
            {
              "num": 1.5,
              "categoryName": "Jim Browne",
              "name": "2_13_15_0"
            }
          ],
          "name": "2_13_0_0"
        },
        {
          "num": 85.9,
          "categoryName": "Indianapolis_Olympians",
          "children": [
            {
              "num": 23.4,
              "categoryName": "Alex Groza",
              "name": "2_14_1_0"
            },
            {
              "num": 14.9,
              "categoryName": "Ralph Beard",
              "name": "2_14_2_0"
            },
            {
              "num": 12.5,
              "categoryName": "Wah Wah Jones",
              "name": "2_14_3_0"
            },
            {
              "num": 10.3,
              "categoryName": "Bruce Hale",
              "name": "2_14_4_0"
            },
            {
              "num": 7,
              "categoryName": "Paul Walther",
              "name": "2_14_5_0"
            },
            {
              "num": 6.1,
              "categoryName": "Joe Holland",
              "name": "2_14_6_0"
            },
            {
              "num": 5.7,
              "categoryName": "Cliff Barker",
              "name": "2_14_7_0"
            },
            {
              "num": 5.6,
              "categoryName": "Mal McMullen",
              "name": "2_14_8_0"
            },
            {
              "num": 3.9,
              "categoryName": "Marshall Hawkins",
              "name": "2_14_9_0"
            },
            {
              "num": 3.5,
              "categoryName": "Carl Shaeffer",
              "name": "2_14_10_0"
            },
            {
              "num": 3,
              "categoryName": "Bob Evans",
              "name": "2_14_11_0"
            },
            {
              "num": 2.4,
              "categoryName": "Floyd Volker",
              "name": "2_14_12_0"
            },
            {
              "num": 0.8,
              "categoryName": "Jack Parkinson",
              "name": "2_14_13_0"
            }
          ],
          "name": "2_14_0_0"
        },
        {
          "num": 82.4,
          "categoryName": "Sheboygan_Red_Skins",
          "children": [
            {
              "num": 13,
              "categoryName": "Noble Jorgensen",
              "name": "2_15_1_0"
            },
            {
              "num": 12.6,
              "categoryName": "Max Morris",
              "name": "2_15_2_0"
            },
            {
              "num": 12.1,
              "categoryName": "Bob Brannum",
              "name": "2_15_3_0"
            },
            {
              "num": 11.5,
              "categoryName": "Bobby Cook",
              "name": "2_15_4_0"
            },
            {
              "num": 9.8,
              "categoryName": "Jack Burmaster",
              "name": "2_15_5_0"
            },
            {
              "num": 8,
              "categoryName": "Milt Schoon",
              "name": "2_15_6_0"
            },
            {
              "num": 6.3,
              "categoryName": "Danny Wagner",
              "name": "2_15_7_0"
            },
            {
              "num": 5.8,
              "categoryName": "Chips Sobek",
              "name": "2_15_8_0"
            },
            {
              "num": 4.9,
              "categoryName": "Stan Patrick",
              "name": "2_15_9_0"
            },
            {
              "num": 4.3,
              "categoryName": "Walt Lautenbach",
              "name": "2_15_10_0"
            },
            {
              "num": 4.3,
              "categoryName": "Dick Schulz",
              "name": "2_15_11_0"
            },
            {
              "num": 4.2,
              "categoryName": "John Chaney",
              "name": "2_15_12_0"
            },
            {
              "num": 4.1,
              "categoryName": "Jack Phelan",
              "name": "2_15_13_0"
            },
            {
              "num": 3.8,
              "categoryName": "Matt Mazza",
              "name": "2_15_14_0"
            },
            {
              "num": 3.2,
              "categoryName": "Glen Selbo",
              "name": "2_15_15_0"
            },
            {
              "num": 2,
              "categoryName": "Don Grate",
              "name": "2_15_16_0"
            },
            {
              "num": 1.2,
              "categoryName": "Bob Wood",
              "name": "2_15_17_0"
            }
          ],
          "name": "2_15_0_0"
        },
        {
          "num": 83,
          "categoryName": "Tri-Cities_Blackhawks",
          "children": [
            {
              "num": 13.6,
              "categoryName": "Mike Todorovich",
              "name": "2_16_1_0"
            },
            {
              "num": 13.1,
              "categoryName": "Jack Nichols",
              "name": "2_16_2_0"
            },
            {
              "num": 12.9,
              "categoryName": "Dike Eddleman",
              "name": "2_16_3_0"
            },
            {
              "num": 12.1,
              "categoryName": "Don Otten",
              "name": "2_16_4_0"
            },
            {
              "num": 12,
              "categoryName": "George Nostrand",
              "name": "2_16_5_0"
            },
            {
              "num": 8.9,
              "categoryName": "Billy Hassett",
              "name": "2_16_6_0"
            },
            {
              "num": 8.7,
              "categoryName": "Gene Vance",
              "name": "2_16_7_0"
            },
            {
              "num": 7.7,
              "categoryName": "Murray Wier",
              "name": "2_16_8_0"
            },
            {
              "num": 7.5,
              "categoryName": "Gene Englund",
              "name": "2_16_9_0"
            },
            {
              "num": 7.2,
              "categoryName": "Walt Kirk",
              "name": "2_16_10_0"
            },
            {
              "num": 6.5,
              "categoryName": "Jack Kerris",
              "name": "2_16_11_0"
            },
            {
              "num": 6.4,
              "categoryName": "Dee Gibson",
              "name": "2_16_12_0"
            },
            {
              "num": 6.2,
              "categoryName": "John Mahnken",
              "name": "2_16_13_0"
            },
            {
              "num": 6.2,
              "categoryName": "Warren Perkins",
              "name": "2_16_14_0"
            },
            {
              "num": 6,
              "categoryName": "Don Ray",
              "name": "2_16_15_0"
            },
            {
              "num": 5.1,
              "categoryName": "Dick Schulz",
              "name": "2_16_16_0"
            },
            {
              "num": 4.8,
              "categoryName": "Red Owens",
              "name": "2_16_17_0"
            },
            {
              "num": 4.7,
              "categoryName": "John Chaney",
              "name": "2_16_18_0"
            },
            {
              "num": 4.3,
              "categoryName": "Bill Henry",
              "name": "2_16_19_0"
            },
            {
              "num": 4.2,
              "categoryName": "Whitey Von Nieda",
              "name": "2_16_20_0"
            },
            {
              "num": 3.3,
              "categoryName": "Gene Berce",
              "name": "2_16_21_0"
            },
            {
              "num": 3.3,
              "categoryName": "Mac Otten",
              "name": "2_16_22_0"
            }
          ],
          "name": "2_16_0_0"
        },
        {
          "num": 79.4,
          "categoryName": "Waterloo_Hawks",
          "children": [
            {
              "num": 14.4,
              "categoryName": "Dick Mehen",
              "name": "2_17_1_0"
            },
            {
              "num": 12.8,
              "categoryName": "Harry Boykoff",
              "name": "2_17_2_0"
            },
            {
              "num": 11.5,
              "categoryName": "Leo Kubiak",
              "name": "2_17_3_0"
            },
            {
              "num": 10.6,
              "categoryName": "Don Boven",
              "name": "2_17_4_0"
            },
            {
              "num": 8,
              "categoryName": "Johnny Payak",
              "name": "2_17_5_0"
            },
            {
              "num": 6.7,
              "categoryName": "Stan Patrick",
              "name": "2_17_6_0"
            },
            {
              "num": 6.6,
              "categoryName": "Jack Smiley",
              "name": "2_17_7_0"
            },
            {
              "num": 5.6,
              "categoryName": "Hoot Gibson",
              "name": "2_17_8_0"
            },
            {
              "num": 5.2,
              "categoryName": "Wayne See",
              "name": "2_17_9_0"
            },
            {
              "num": 4.7,
              "categoryName": "Charley Shipp",
              "name": "2_17_10_0"
            },
            {
              "num": 4.6,
              "categoryName": "Bob Tough",
              "name": "2_17_11_0"
            },
            {
              "num": 4.1,
              "categoryName": "Jack Phelan",
              "name": "2_17_12_0"
            },
            {
              "num": 4,
              "categoryName": "Johnny Orr",
              "name": "2_17_13_0"
            },
            {
              "num": 3.9,
              "categoryName": "Gene Stump",
              "name": "2_17_14_0"
            },
            {
              "num": 3.5,
              "categoryName": "Paul Cloyd",
              "name": "2_17_15_0"
            },
            {
              "num": 3.4,
              "categoryName": "Al Miksis",
              "name": "2_17_16_0"
            },
            {
              "num": 3.1,
              "categoryName": "Gene Ollrich",
              "name": "2_17_17_0"
            },
            {
              "num": 3.1,
              "categoryName": "John Pritchard",
              "name": "2_17_18_0"
            },
            {
              "num": 2.5,
              "categoryName": "Ken Menke",
              "name": "2_17_19_0"
            },
            {
              "num": 1.8,
              "categoryName": "Dale Hamilton",
              "name": "2_17_20_0"
            },
            {
              "num": 1.6,
              "categoryName": "Elmer Gainer",
              "name": "2_17_21_0"
            }
          ],
          "name": "2_17_0_0"
        }
      ],
      "name": "2_0_0_0",
      "num": 495.70000000000005
    }
  ],
  "num": 1362.1000000000001
}