{"year":1976,"name":"root","categoryName":"root","children":[{"categoryName":"Eastern","children":[{"categoryName":"Atlantic","children":[{"num":104.5,"categoryName":"Boston_Celtics","children":[{"num":19.6,"categoryName":"Jo Jo White","name":"1_14_1_2"},{"num":18.2,"categoryName":"Charlie Scott","name":"1_14_1_25"},{"num":17.7,"categoryName":"John Havlicek","name":"1_14_1_1"},{"num":16.4,"categoryName":"Dave Cowens","name":"1_14_1_3"},{"num":15.1,"categoryName":"Sidney Wicks","name":"1_14_1_29"},{"num":10.1,"categoryName":"Curtis Rowe","name":"1_14_1_30"},{"num":6.4,"categoryName":"Tom Boswell","name":"1_14_1_27"},{"num":5.9,"categoryName":"Fred Saunders","name":"1_14_1_31"},{"num":5.1,"categoryName":"Kevin Stacom","name":"1_14_1_22"},{"num":4.3,"categoryName":"Steve Kuberski","name":"1_14_1_6"},{"num":3.8,"categoryName":"Jim Ard","name":"1_14_1_21"},{"num":2.5,"categoryName":"Norm Cook","name":"1_14_1_32"},{"num":2,"categoryName":"Bobby Wilson","name":"1_14_1_33"}],"name":"1_14_1_0"},{"num":105,"categoryName":"Buffalo_Braves","children":[{"num":23.7,"categoryName":"Bob McAdoo","name":"1_14_2_21"},{"num":20.7,"categoryName":"Randy Smith","name":"1_14_2_18"},{"num":20.3,"categoryName":"Adrian Dantley","name":"1_14_2_46"},{"num":15.1,"categoryName":"John Shumate","name":"1_14_2_41"},{"num":10.7,"categoryName":"Ernie DiGregorio","name":"1_14_2_28"},{"num":8.8,"categoryName":"Johnny Neumann","name":"1_14_2_47"},{"num":7.9,"categoryName":"Bird Averitt","name":"1_14_2_48"},{"num":7.6,"categoryName":"George Johnson","name":"1_14_2_49"},{"num":7.3,"categoryName":"Don Adams","name":"1_14_2_44"},{"num":7,"categoryName":"John Gianelli","name":"1_14_2_50"},{"num":5.9,"categoryName":"Gus Gerard","name":"1_14_2_51"},{"num":5.8,"categoryName":"Tom McMillen","name":"1_14_2_42"},{"num":5.3,"categoryName":"Jim Price","name":"1_14_2_52"},{"num":3.9,"categoryName":"Fred Foster","name":"1_14_2_53"},{"num":3.8,"categoryName":"Zaid Abdul-Aziz","name":"1_14_2_54"},{"num":3.5,"categoryName":"Claude Terry","name":"1_14_2_55"},{"num":2.8,"categoryName":"Chuck Williams","name":"1_14_2_56"},{"num":1,"categoryName":"Clyde Mayes","name":"1_14_2_57"},{"num":0,"categoryName":"Moses Malone","name":"1_14_2_58"}],"name":"1_14_2_0"},{"num":108.6,"categoryName":"New_York_Knicks","children":[{"num":26.7,"categoryName":"Bob McAdoo","name":"1_14_3_38"},{"num":19.9,"categoryName":"Earl Monroe","name":"1_14_3_15"},{"num":17.4,"categoryName":"Walt Frazier","name":"1_14_3_1"},{"num":16.5,"categoryName":"Spencer Haywood","name":"1_14_3_33"},{"num":11.6,"categoryName":"Lonnie Shelton","name":"1_14_3_39"},{"num":10.9,"categoryName":"John Gianelli","name":"1_14_3_21"},{"num":9.9,"categoryName":"Jim McMillian","name":"1_14_3_40"},{"num":9.4,"categoryName":"Tom McMillen","name":"1_14_3_41"},{"num":5.8,"categoryName":"Mo Layton","name":"1_14_3_42"},{"num":5.7,"categoryName":"Ticky Burden","name":"1_14_3_43"},{"num":5.6,"categoryName":"Neal Walk","name":"1_14_3_29"},{"num":5.3,"categoryName":"Butch Beard","name":"1_14_3_34"},{"num":4.7,"categoryName":"Mel Davis","name":"1_14_3_25"},{"num":4.3,"categoryName":"Bill Bradley","name":"1_14_3_5"},{"num":3.4,"categoryName":"Phil Jackson","name":"1_14_3_9"},{"num":1.3,"categoryName":"Dean Meminger","name":"1_14_3_16"}],"name":"1_14_3_0"},{"num":95.9,"categoryName":"New_York_Nets","children":[{"num":20.8,"categoryName":"John Williamson","name":"1_14_5_1"},{"num":20.5,"categoryName":"Tiny Archibald","name":"1_14_5_2"},{"num":19.3,"categoryName":"Robert Hawkins","name":"1_14_5_3"},{"num":18.6,"categoryName":"Mike Bantom","name":"1_14_5_4"},{"num":12.6,"categoryName":"Al Skinner","name":"1_14_5_5"},{"num":10.6,"categoryName":"Rich Jones","name":"1_14_5_6"},{"num":10.2,"categoryName":"J. Van Breda Kolff","name":"1_14_5_7"},{"num":10.1,"categoryName":"Bob Love","name":"1_14_5_8"},{"num":9,"categoryName":"Tim Bassett","name":"1_14_5_9"},{"num":8.7,"categoryName":"Mel Davis","name":"1_14_5_10"},{"num":7.5,"categoryName":"Larry McNeill","name":"1_14_5_11"},{"num":7.4,"categoryName":"Dave Wohl","name":"1_14_5_12"},{"num":6.5,"categoryName":"Jim Fox","name":"1_14_5_13"},{"num":5,"categoryName":"Chuck Terry","name":"1_14_5_14"},{"num":4,"categoryName":"Kim Hughes","name":"1_14_5_15"},{"num":3.5,"categoryName":"Mel Daniels","name":"1_14_5_16"},{"num":3,"categoryName":"Earl Williams","name":"1_14_5_17"},{"num":2,"categoryName":"Rudy Hackett","name":"1_14_5_18"}],"name":"1_14_5_0"},{"num":110.2,"categoryName":"Philadelphia_76ers","children":[{"num":21.6,"categoryName":"Julius Erving","name":"1_14_4_57"},{"num":21.4,"categoryName":"George McGinnis","name":"1_14_4_52"},{"num":18.3,"categoryName":"Doug Collins","name":"1_14_4_38"},{"num":16.3,"categoryName":"World B. Free","name":"1_14_4_53"},{"num":10.5,"categoryName":"Steve Mix","name":"1_14_4_36"},{"num":10.2,"categoryName":"Henry Bibby","name":"1_14_4_58"},{"num":6.9,"categoryName":"Fred Carter","name":"1_14_4_17"},{"num":6,"categoryName":"Caldwell Jones","name":"1_14_4_59"},{"num":5.3,"categoryName":"Darryl Dawkins","name":"1_14_4_55"},{"num":4.8,"categoryName":"Mike Dunleavy","name":"1_14_4_60"},{"num":4.4,"categoryName":"Joe Bryant","name":"1_14_4_54"},{"num":4.1,"categoryName":"Jim Barnett","name":"1_14_4_61"},{"num":3,"categoryName":"Harvey Catchings","name":"1_14_4_50"},{"num":2.6,"categoryName":"Terry Furlow","name":"1_14_4_62"}],"name":"1_14_4_0"}],"name":"1_14_0_0","num":524.2},{"categoryName":"Central","children":[{"num":102.4,"categoryName":"Atlanta_Hawks","children":[{"num":24.2,"categoryName":"John Drew","name":"1_15_1_32"},{"num":22.4,"categoryName":"Truck Robinson","name":"1_15_1_43"},{"num":16.7,"categoryName":"Lou Hudson","name":"1_15_1_1"},{"num":11.3,"categoryName":"Tom Henderson","name":"1_15_1_34"},{"num":11.1,"categoryName":"Ken Charles","name":"1_15_1_44"},{"num":11.1,"categoryName":"Joe Meriweather","name":"1_15_1_45"},{"num":9.3,"categoryName":"Claude Terry","name":"1_15_1_46"},{"num":8.2,"categoryName":"Steve Hawes","name":"1_15_1_47"},{"num":8.1,"categoryName":"Tom Barker","name":"1_15_1_48"},{"num":6,"categoryName":"Armond Hill","name":"1_15_1_49"},{"num":5.7,"categoryName":"John Brown","name":"1_15_1_27"},{"num":5.3,"categoryName":"Randy Denton","name":"1_15_1_50"},{"num":4.9,"categoryName":"Bill Willoughby","name":"1_15_1_40"},{"num":4.5,"categoryName":"Mike Sojourner","name":"1_15_1_33"},{"num":2.9,"categoryName":"Ron Davis","name":"1_15_1_51"},{"num":2.8,"categoryName":"Henry Dickerson","name":"1_15_1_52"}],"name":"1_15_1_0"},{"num":102.1,"categoryName":"Cleveland_Cavaliers","children":[{"num":16.5,"categoryName":"Campy Russell","name":"1_15_4_35"},{"num":16.2,"categoryName":"Austin Carr","name":"1_15_4_17"},{"num":14.5,"categoryName":"Bingo Smith","name":"1_15_4_3"},{"num":12.9,"categoryName":"Jim Chones","name":"1_15_4_33"},{"num":10.4,"categoryName":"Jim Cleamons","name":"1_15_4_27"},{"num":9.3,"categoryName":"Dick Snyder","name":"1_15_4_34"},{"num":8.7,"categoryName":"Elmore Smith","name":"1_15_4_41"},{"num":8.5,"categoryName":"Jim Brewer","name":"1_15_4_30"},{"num":7.2,"categoryName":"Gary Brokaw","name":"1_15_4_42"},{"num":6.5,"categoryName":"Foots Walker","name":"1_15_4_36"},{"num":5.5,"categoryName":"Nate Thurmond","name":"1_15_4_37"},{"num":3.4,"categoryName":"Rowland Garrett","name":"1_15_4_38"},{"num":2.5,"categoryName":"John Lambert","name":"1_15_4_39"},{"num":2.3,"categoryName":"Mo Howard","name":"1_15_4_43"},{"num":1.7,"categoryName":"Chuckie Williams","name":"1_15_4_44"}],"name":"1_15_4_0"},{"num":106.4,"categoryName":"Houston_Rockets","children":[{"num":21.6,"categoryName":"Rudy Tomjanovich","name":"1_15_5_1"},{"num":17.9,"categoryName":"Calvin Murphy","name":"1_15_5_5"},{"num":13.5,"categoryName":"Moses Malone","name":"1_15_5_27"},{"num":12.7,"categoryName":"Mike Newlin","name":"1_15_5_4"},{"num":11.1,"categoryName":"John Lucas","name":"1_15_5_28"},{"num":9.4,"categoryName":"Kevin Kunnert","name":"1_15_5_19"},{"num":9.3,"categoryName":"John Johnson","name":"1_15_5_25"},{"num":5.9,"categoryName":"Dwight Jones","name":"1_15_5_29"},{"num":4.5,"categoryName":"Ed Ratleff","name":"1_15_5_15"},{"num":4.1,"categoryName":"Tom Owens","name":"1_15_5_30"},{"num":2.4,"categoryName":"Rudy White","name":"1_15_5_26"},{"num":2,"categoryName":"Goo Kennedy","name":"1_15_5_31"},{"num":1.3,"categoryName":"Dave Wohl","name":"1_15_5_16"},{"num":0,"categoryName":"Phil Hicks","name":"1_15_5_32"}],"name":"1_15_5_0"},{"num":104.6,"categoryName":"New_Orleans_Jazz","children":[{"num":31.1,"categoryName":"Pete Maravich","name":"1_15_7_1"},{"num":12.6,"categoryName":"Gail Goodrich","name":"1_15_7_27"},{"num":12.3,"categoryName":"Nate Williams","name":"1_15_7_2"},{"num":10.9,"categoryName":"Aaron James","name":"1_15_7_4"},{"num":10.6,"categoryName":"Jim McElroy","name":"1_15_7_24"},{"num":9.9,"categoryName":"Freddie Boyd","name":"1_15_7_26"},{"num":8.6,"categoryName":"Ron Behagen","name":"1_15_7_23"},{"num":8.6,"categoryName":"E.C. Coleman","name":"1_15_7_9"},{"num":6.9,"categoryName":"Rich Kelley","name":"1_15_7_25"},{"num":6.7,"categoryName":"Bud Stallworth","name":"1_15_7_7"},{"num":5.9,"categoryName":"Otto Moore","name":"1_15_7_12"},{"num":5.7,"categoryName":"Mo Howard","name":"1_15_7_28"},{"num":5.2,"categoryName":"Paul Griffin","name":"1_15_7_29"},{"num":4.5,"categoryName":"Andy Walker","name":"1_15_7_30"}],"name":"1_15_7_0"},{"num":115,"categoryName":"San_Antonio_Spurs","children":[{"num":23.1,"categoryName":"George Gervin","name":"1_15_9_1"},{"num":21.9,"categoryName":"Larry Kenon","name":"1_15_9_2"},{"num":15.6,"categoryName":"Billy Paultz","name":"1_15_9_3"},{"num":11.4,"categoryName":"Allan Bristow","name":"1_15_9_4"},{"num":10.4,"categoryName":"Mark Olberding","name":"1_15_9_5"},{"num":10.3,"categoryName":"Mike Gale","name":"1_15_9_6"},{"num":9.5,"categoryName":"James Silas","name":"1_15_9_7"},{"num":8.8,"categoryName":"Mack Calvin","name":"1_15_9_8"},{"num":8.4,"categoryName":"Coby Dietrick","name":"1_15_9_9"},{"num":6.6,"categoryName":"Louie Dampier","name":"1_15_9_10"},{"num":4.5,"categoryName":"Louie Nelson","name":"1_15_9_11"},{"num":3.1,"categoryName":"Henry Ward","name":"1_15_9_12"},{"num":2.7,"categoryName":"George Karl","name":"1_15_9_13"},{"num":1.5,"categoryName":"Mike D'Antoni","name":"1_15_9_14"}],"name":"1_15_9_0"},{"num":105.5,"categoryName":"Washington_Bullets","children":[{"num":23.7,"categoryName":"Elvin Hayes","name":"1_15_8_1"},{"num":20.2,"categoryName":"Phil Chenier","name":"1_15_8_2"},{"num":16,"categoryName":"Truck Robinson","name":"1_15_8_8"},{"num":11.1,"categoryName":"Tom Henderson","name":"1_15_8_17"},{"num":10.6,"categoryName":"Dave Bing","name":"1_15_8_14"},{"num":10.4,"categoryName":"Mitch Kupchak","name":"1_15_8_18"},{"num":7.8,"categoryName":"Larry Wright","name":"1_15_8_19"},{"num":7.8,"categoryName":"Wes Unseld","name":"1_15_8_5"},{"num":6.9,"categoryName":"Kevin Grevey","name":"1_15_8_15"},{"num":6,"categoryName":"Leonard Gray","name":"1_15_8_20"},{"num":5.4,"categoryName":"Nick Weatherspoon","name":"1_15_8_6"},{"num":2.5,"categoryName":"Bob Weiss","name":"1_15_8_21"},{"num":2.1,"categoryName":"Joe Pace","name":"1_15_8_22"},{"num":2,"categoryName":"Jimmy Jones","name":"1_15_8_7"},{"num":1.6,"categoryName":"Mike Riordan","name":"1_15_8_3"}],"name":"1_15_8_0"}],"name":"1_15_0_0","num":636}],"name":"1_0_0_0","num":1160.2},{"categoryName":"Western","children":[{"categoryName":"Midwest","children":[{"num":98.9,"categoryName":"Chicago_Bulls","children":[{"num":18.6,"categoryName":"Artis Gilmore","name":"2_32_1_37"},{"num":17.3,"categoryName":"Mickey Johnson","name":"2_32_1_30"},{"num":14.9,"categoryName":"Wilbur Holland","name":"2_32_1_38"},{"num":14.6,"categoryName":"Scott May","name":"2_32_1_39"},{"num":12.2,"categoryName":"Bob Love","name":"2_32_1_1"},{"num":10.2,"categoryName":"Norm Van Lier","name":"2_32_1_14"},{"num":8.3,"categoryName":"John Mengelt","name":"2_32_1_40"},{"num":6.8,"categoryName":"Jack Marin","name":"2_32_1_32"},{"num":5.2,"categoryName":"Paul McCracken","name":"2_32_1_41"},{"num":3.8,"categoryName":"John Laskowski","name":"2_32_1_33"},{"num":3.7,"categoryName":"Tom Boerwinkle","name":"2_32_1_4"},{"num":3.3,"categoryName":"Tom Kropp","name":"2_32_1_42"},{"num":3.3,"categoryName":"Cliff Pondexter","name":"2_32_1_34"},{"num":2.8,"categoryName":"Eric Fernsten","name":"2_32_1_36"},{"num":2.7,"categoryName":"Phil Hicks","name":"2_32_1_43"},{"num":0.8,"categoryName":"Keith Starr","name":"2_32_1_44"},{"num":0,"categoryName":"Willie Smith","name":"2_32_1_45"}],"name":"2_32_1_0"},{"num":112.6,"categoryName":"Denver_Nuggets","children":[{"num":25.9,"categoryName":"David Thompson","name":"2_32_7_1"},{"num":22.3,"categoryName":"Dan Issel","name":"2_32_7_2"},{"num":15.1,"categoryName":"Bobby Jones","name":"2_32_7_3"},{"num":11.1,"categoryName":"Mack Calvin","name":"2_32_7_4"},{"num":10,"categoryName":"Gus Gerard","name":"2_32_7_5"},{"num":8.2,"categoryName":"Willie Wise","name":"2_32_7_6"},{"num":8.2,"categoryName":"Ted McClain","name":"2_32_7_7"},{"num":7.9,"categoryName":"Jim Price","name":"2_32_7_8"},{"num":7.2,"categoryName":"Paul Silas","name":"2_32_7_9"},{"num":6.7,"categoryName":"Marvin Webster","name":"2_32_7_10"},{"num":4.8,"categoryName":"Chuck Williams","name":"2_32_7_11"},{"num":4.7,"categoryName":"Byron Beck","name":"2_32_7_12"},{"num":3.8,"categoryName":"Fatty Taylor","name":"2_32_7_13"},{"num":2.5,"categoryName":"Monte Towe","name":"2_32_7_14"}],"name":"2_32_7_0"},{"num":109.4,"categoryName":"Detroit_Pistons","children":[{"num":25.3,"categoryName":"Bob Lanier","name":"2_32_2_3"},{"num":13.3,"categoryName":"M.L. Carr","name":"2_32_2_38"},{"num":13.2,"categoryName":"Howard Porter","name":"2_32_2_26"},{"num":12.3,"categoryName":"Chris Ford","name":"2_32_2_21"},{"num":11,"categoryName":"Ralph Simpson","name":"2_32_2_39"},{"num":10.2,"categoryName":"Eric Money","name":"2_32_2_27"},{"num":9.6,"categoryName":"Marvin Barnes","name":"2_32_2_40"},{"num":8.9,"categoryName":"Kevin Porter","name":"2_32_2_30"},{"num":7.5,"categoryName":"Leon Douglas","name":"2_32_2_41"},{"num":6.9,"categoryName":"Al Eberhard","name":"2_32_2_29"},{"num":5.5,"categoryName":"George Trapp","name":"2_32_2_24"},{"num":4.5,"categoryName":"Phil Sellers","name":"2_32_2_42"},{"num":3.5,"categoryName":"Cornelius Cash","name":"2_32_2_43"},{"num":1.4,"categoryName":"Roger Brown","name":"2_32_2_36"}],"name":"2_32_2_0"},{"num":106.8,"categoryName":"Indiana_Pacers","children":[{"num":26.6,"categoryName":"Billy Knight","name":"2_32_8_1"},{"num":20.7,"categoryName":"John Williamson","name":"2_32_8_2"},{"num":13.9,"categoryName":"Dan Roundfield","name":"2_32_8_3"},{"num":13,"categoryName":"Wil Jones","name":"2_32_8_4"},{"num":11.9,"categoryName":"Dave Robisch","name":"2_32_8_5"},{"num":10.7,"categoryName":"Darnell Hillman","name":"2_32_8_6"},{"num":8.2,"categoryName":"Mike Flynn","name":"2_32_8_7"},{"num":8,"categoryName":"Don Buse","name":"2_32_8_8"},{"num":7,"categoryName":"Freddie Lewis","name":"2_32_8_9"},{"num":6.4,"categoryName":"Steve Green","name":"2_32_8_10"},{"num":4.7,"categoryName":"Mel Bennett","name":"2_32_8_11"},{"num":3.5,"categoryName":"Clyde Mayes","name":"2_32_8_12"},{"num":3,"categoryName":"Len Elmore","name":"2_32_8_13"},{"num":2.4,"categoryName":"Jerome Anderson","name":"2_32_8_14"},{"num":2.4,"categoryName":"Rudy Hackett","name":"2_32_8_15"},{"num":1,"categoryName":"Darrell Elston","name":"2_32_8_16"}],"name":"2_32_8_0"},{"num":107.7,"categoryName":"Kansas_City_Kings","children":[{"num":22.2,"categoryName":"Ron Boone","name":"2_32_6_15"},{"num":17,"categoryName":"Brian Taylor","name":"2_32_6_16"},{"num":15.4,"categoryName":"Scott Wedman","name":"2_32_6_3"},{"num":13,"categoryName":"Richard Washington","name":"2_32_6_17"},{"num":10.6,"categoryName":"Sam Lacey","name":"2_32_6_4"},{"num":10.3,"categoryName":"Bill Robinzine","name":"2_32_6_7"},{"num":6.6,"categoryName":"Ollie Johnson","name":"2_32_6_5"},{"num":6,"categoryName":"Jim Eakins","name":"2_32_6_18"},{"num":4.6,"categoryName":"Andre McCarter","name":"2_32_6_19"},{"num":3.9,"categoryName":"Mike Barr","name":"2_32_6_20"},{"num":3.8,"categoryName":"Glenn Hansen","name":"2_32_6_8"},{"num":2.9,"categoryName":"Bob Bigelow","name":"2_32_6_13"}],"name":"2_32_6_0"},{"num":108.4,"categoryName":"Milwaukee_Bucks","children":[{"num":20.8,"categoryName":"Bob Dandridge","name":"2_32_3_3"},{"num":19.3,"categoryName":"Brian Winters","name":"2_32_3_37"},{"num":14.4,"categoryName":"Junior Bridgeman","name":"2_32_3_39"},{"num":13,"categoryName":"Swen Nater","name":"2_32_3_43"},{"num":9.7,"categoryName":"Dave Meyers","name":"2_32_3_40"},{"num":8.9,"categoryName":"Gary Brokaw","name":"2_32_3_32"},{"num":8.6,"categoryName":"Quinn Buckner","name":"2_32_3_44"},{"num":8.4,"categoryName":"Elmore Smith","name":"2_32_3_38"},{"num":8.3,"categoryName":"Fred Carter","name":"2_32_3_45"},{"num":8.2,"categoryName":"Jim Price","name":"2_32_3_30"},{"num":5.8,"categoryName":"Scott Lloyd","name":"2_32_3_46"},{"num":5.6,"categoryName":"Kevin Restani","name":"2_32_3_33"},{"num":5.2,"categoryName":"Alex English","name":"2_32_3_47"},{"num":4.7,"categoryName":"Rowland Garrett","name":"2_32_3_48"},{"num":4.3,"categoryName":"Lloyd Walton","name":"2_32_3_49"},{"num":4.3,"categoryName":"Mickey Davis","name":"2_32_3_23"},{"num":2.1,"categoryName":"Glenn McDonald","name":"2_32_3_50"}],"name":"2_32_3_0"}],"name":"2_32_0_0","num":643.8},{"categoryName":"Pacific","children":[{"num":110.9,"categoryName":"Golden_State_Warriors","children":[{"num":21.8,"categoryName":"Rick Barry","name":"2_33_6_13"},{"num":19,"categoryName":"Phil Smith","name":"2_33_6_21"},{"num":17.7,"categoryName":"Jamaal Wilkes","name":"2_33_6_19"},{"num":9.3,"categoryName":"Gus Williams","name":"2_33_6_26"},{"num":9.1,"categoryName":"Robert Parish","name":"2_33_6_29"},{"num":8.2,"categoryName":"Clifford Ray","name":"2_33_6_20"},{"num":7.4,"categoryName":"Derrek Dickey","name":"2_33_6_18"},{"num":7.2,"categoryName":"Charles Dudley","name":"2_33_6_22"},{"num":7.1,"categoryName":"Charles Johnson","name":"2_33_6_14"},{"num":5.8,"categoryName":"Sonny Parker","name":"2_33_6_30"},{"num":5.4,"categoryName":"Larry McNeill","name":"2_33_6_31"},{"num":4.8,"categoryName":"Dwight Davis","name":"2_33_6_27"},{"num":4.4,"categoryName":"George Johnson","name":"2_33_6_16"},{"num":3.8,"categoryName":"Marshall Rogers","name":"2_33_6_32"}],"name":"2_33_6_0"},{"num":106.9,"categoryName":"Los_Angeles_Lakers","children":[{"num":26.2,"categoryName":"K. Abdul-Jabbar","name":"2_33_1_35"},{"num":16.4,"categoryName":"Cazzie Russell","name":"2_33_1_30"},{"num":14.6,"categoryName":"Lucius Allen","name":"2_33_1_29"},{"num":9.7,"categoryName":"Kermit Washington","name":"2_33_1_27"},{"num":9.4,"categoryName":"Earl Tatum","name":"2_33_1_45"},{"num":7.9,"categoryName":"Mack Calvin","name":"2_33_1_46"},{"num":7.3,"categoryName":"Don Ford","name":"2_33_1_37"},{"num":7.1,"categoryName":"Bo Lamar","name":"2_33_1_47"},{"num":6.3,"categoryName":"Tom Abernethy","name":"2_33_1_48"},{"num":6.1,"categoryName":"Don Chaney","name":"2_33_1_49"},{"num":5.9,"categoryName":"Johnny Neumann","name":"2_33_1_50"},{"num":4.7,"categoryName":"C.J. Kupec","name":"2_33_1_43"},{"num":3.9,"categoryName":"Cornell Warner","name":"2_33_1_38"},{"num":2.5,"categoryName":"Allen Murphy","name":"2_33_1_51"},{"num":2.1,"categoryName":"Marv Roberts","name":"2_33_1_52"}],"name":"2_33_1_0"},{"num":104.9,"categoryName":"Phoenix_Suns","children":[{"num":21.3,"categoryName":"Paul Westphal","name":"2_33_8_26"},{"num":18,"categoryName":"Alvan Adams","name":"2_33_8_27"},{"num":13.6,"categoryName":"Ricky Sobers","name":"2_33_8_30"},{"num":10.7,"categoryName":"Curtis Perry","name":"2_33_8_20"},{"num":10.2,"categoryName":"Ron Lee","name":"2_33_8_34"},{"num":9.7,"categoryName":"Gar Heard","name":"2_33_8_28"},{"num":8.5,"categoryName":"Ira Terrell","name":"2_33_8_35"},{"num":7.7,"categoryName":"Dick Van Arsdale","name":"2_33_8_3"},{"num":6.4,"categoryName":"Keith Erickson","name":"2_33_8_13"},{"num":5.8,"categoryName":"Tom Van Arsdale","name":"2_33_8_36"},{"num":5.7,"categoryName":"Dennis Awtrey","name":"2_33_8_21"},{"num":5.2,"categoryName":"Butch Feher","name":"2_33_8_37"},{"num":1.8,"categoryName":"Dale Schlueter","name":"2_33_8_38"}],"name":"2_33_8_0"},{"num":111.7,"categoryName":"Portland_Trail_Blazers","children":[{"num":20.2,"categoryName":"Maurice Lucas","name":"2_33_2_47"},{"num":18.6,"categoryName":"Bill Walton","name":"2_33_2_37"},{"num":14.7,"categoryName":"Lionel Hollins","name":"2_33_2_42"},{"num":11.4,"categoryName":"Bob Gross","name":"2_33_2_44"},{"num":10.3,"categoryName":"Dave Twardzik","name":"2_33_2_48"},{"num":10.3,"categoryName":"Larry Steele","name":"2_33_2_19"},{"num":9.3,"categoryName":"Herm Gilliam","name":"2_33_2_49"},{"num":8,"categoryName":"Johnny Davis","name":"2_33_2_50"},{"num":6.8,"categoryName":"Lloyd Neal","name":"2_33_2_22"},{"num":5.5,"categoryName":"Robin Jones","name":"2_33_2_51"},{"num":5.2,"categoryName":"Wally Walker","name":"2_33_2_52"},{"num":3.4,"categoryName":"Corky Calhoun","name":"2_33_2_53"},{"num":0.8,"categoryName":"Clyde Mayes","name":"2_33_2_54"}],"name":"2_33_2_0"},{"num":104,"categoryName":"Seattle_Supersonics","children":[{"num":17.2,"categoryName":"Fred Brown","name":"2_33_5_16"},{"num":13,"categoryName":"Slick Watts","name":"2_33_5_26"},{"num":12.8,"categoryName":"Nick Weatherspoon","name":"2_33_5_44"},{"num":11.5,"categoryName":"Leonard Gray","name":"2_33_5_31"},{"num":11,"categoryName":"Bruce Seals","name":"2_33_5_37"},{"num":9.8,"categoryName":"Mike Green","name":"2_33_5_45"},{"num":9.7,"categoryName":"Tom Burleson","name":"2_33_5_32"},{"num":9.2,"categoryName":"Dennis Johnson","name":"2_33_5_46"},{"num":7.7,"categoryName":"Willie Norwood","name":"2_33_5_40"},{"num":7.5,"categoryName":"Mike Bantom","name":"2_33_5_39"},{"num":6.7,"categoryName":"Bob Wilkerson","name":"2_33_5_47"},{"num":6,"categoryName":"Dean Tolson","name":"2_33_5_36"},{"num":4.1,"categoryName":"Bob Love","name":"2_33_5_48"},{"num":4,"categoryName":"Frank Oleynick","name":"2_33_5_41"},{"num":1,"categoryName":"Norton Barnhill","name":"2_33_5_49"}],"name":"2_33_5_0"}],"name":"2_33_0_0","num":538.4000000000001}],"name":"2_0_0_0","num":1182.2}],"num":2342.4}