{"year":1986,"name":"root","categoryName":"root","children":[{"categoryName":"Eastern","children":[{"categoryName":"Atlantic","children":[{"num":112.6,"categoryName":"Boston_Celtics","children":[{"num":28.1,"categoryName":"Larry Bird","name":"1_14_1_52"},{"num":26.1,"categoryName":"Kevin McHale","name":"1_14_1_58"},{"num":17.5,"categoryName":"Robert Parish","name":"1_14_1_57"},{"num":14.8,"categoryName":"Danny Ainge","name":"1_14_1_61"},{"num":13.4,"categoryName":"Dennis Johnson","name":"1_14_1_67"},{"num":5.7,"categoryName":"Jerry Sichting","name":"1_14_1_73"},{"num":5.5,"categoryName":"Fred Roberts","name":"1_14_1_77"},{"num":3.9,"categoryName":"Darren Daye","name":"1_14_1_78"},{"num":3.7,"categoryName":"Sam Vincent","name":"1_14_1_75"},{"num":3.3,"categoryName":"Scott Wedman","name":"1_14_1_65"},{"num":2.8,"categoryName":"Bill Walton","name":"1_14_1_72"},{"num":2.7,"categoryName":"Conner Henry","name":"1_14_1_79"},{"num":1.9,"categoryName":"Rick Carlisle","name":"1_14_1_71"},{"num":1.7,"categoryName":"Greg Kite","name":"1_14_1_68"},{"num":1.5,"categoryName":"David Thirdkill","name":"1_14_1_74"},{"num":1.3,"categoryName":"Andre Turner","name":"1_14_1_80"}],"name":"1_14_1_0"},{"num":108.5,"categoryName":"New_Jersey_Nets","children":[{"num":20.7,"categoryName":"Orlando Woolridge","name":"1_14_6_72"},{"num":18,"categoryName":"Buck Williams","name":"1_14_6_41"},{"num":16.4,"categoryName":"Mike Gminski","name":"1_14_6_32"},{"num":11.3,"categoryName":"Tony Brown","name":"1_14_6_73"},{"num":9.9,"categoryName":"Ray Williams","name":"1_14_6_40"},{"num":9.5,"categoryName":"Albert King","name":"1_14_6_43"},{"num":9.5,"categoryName":"Darryl Dawkins","name":"1_14_6_53"},{"num":8.6,"categoryName":"Pearl Washington","name":"1_14_6_74"},{"num":8.3,"categoryName":"James Bailey","name":"1_14_6_46"},{"num":7.3,"categoryName":"Leon Wood","name":"1_14_6_75"},{"num":7.2,"categoryName":"Kevin McKenna","name":"1_14_6_64"},{"num":6.6,"categoryName":"Ben Coleman","name":"1_14_6_76"},{"num":6.3,"categoryName":"Otis Birdsong","name":"1_14_6_42"},{"num":5,"categoryName":"Jeff Turner","name":"1_14_6_63"},{"num":3.6,"categoryName":"Pace Mannion","name":"1_14_6_77"},{"num":2.2,"categoryName":"Chris Engler","name":"1_14_6_67"},{"num":1.6,"categoryName":"Michael Wilson","name":"1_14_6_65"}],"name":"1_14_6_0"},{"num":103.8,"categoryName":"New_York_Knicks","children":[{"num":22.7,"categoryName":"Bernard King","name":"1_14_3_70"},{"num":21.5,"categoryName":"Patrick Ewing","name":"1_14_3_90"},{"num":19.1,"categoryName":"Gerald Wilkins","name":"1_14_3_91"},{"num":17.5,"categoryName":"Bill Cartwright","name":"1_14_3_56"},{"num":11.4,"categoryName":"Trent Tucker","name":"1_14_3_73"},{"num":10.9,"categoryName":"Gerald Henderson","name":"1_14_3_96"},{"num":10.4,"categoryName":"Kenny Walker","name":"1_14_3_97"},{"num":8.6,"categoryName":"Pat Cummings","name":"1_14_3_84"},{"num":7.6,"categoryName":"Rory Sparrow","name":"1_14_3_71"},{"num":7,"categoryName":"Louis Orr","name":"1_14_3_74"},{"num":5.8,"categoryName":"Eddie Lee Wilkins","name":"1_14_3_87"},{"num":3.9,"categoryName":"Jawann Oldham","name":"1_14_3_98"},{"num":3.9,"categoryName":"Chris McNealy","name":"1_14_3_92"},{"num":3.7,"categoryName":"Brad Wright","name":"1_14_3_99"},{"num":3.3,"categoryName":"Stewart Granger","name":"1_14_3_100"},{"num":3.1,"categoryName":"Bill Martin","name":"1_14_3_101"},{"num":2.2,"categoryName":"Bob Thornton","name":"1_14_3_93"},{"num":2,"categoryName":"McKinley Singleton","name":"1_14_3_102"}],"name":"1_14_3_0"},{"num":106.5,"categoryName":"Philadelphia_76ers","children":[{"num":23,"categoryName":"Charles Barkley","name":"1_14_4_95"},{"num":16.8,"categoryName":"Julius Erving","name":"1_14_4_57"},{"num":15.6,"categoryName":"Maurice Cheeks","name":"1_14_4_68"},{"num":14.8,"categoryName":"Cliff Robinson","name":"1_14_4_108"},{"num":13.9,"categoryName":"Roy Hinson","name":"1_14_4_109"},{"num":12.8,"categoryName":"Tim McCormick","name":"1_14_4_110"},{"num":10.6,"categoryName":"Andrew Toney","name":"1_14_4_76"},{"num":9.5,"categoryName":"Sedale Threatt","name":"1_14_4_91"},{"num":9.4,"categoryName":"Jeff Ruland","name":"1_14_4_111"},{"num":8.8,"categoryName":"David Wingate","name":"1_14_4_112"},{"num":6.8,"categoryName":"Steve Colter","name":"1_14_4_113"},{"num":5.8,"categoryName":"World B. Free","name":"1_14_4_53"},{"num":3.4,"categoryName":"Kenny Green","name":"1_14_4_102"},{"num":3.2,"categoryName":"Mark McNamara","name":"1_14_4_87"},{"num":3,"categoryName":"Jim Lampley","name":"1_14_4_114"},{"num":2.4,"categoryName":"Danny Vranes","name":"1_14_4_115"}],"name":"1_14_4_0"},{"num":106,"categoryName":"Washington_Bullets","children":[{"num":24.1,"categoryName":"Moses Malone","name":"1_14_7_65"},{"num":22,"categoryName":"Jeff Malone","name":"1_14_7_47"},{"num":13.3,"categoryName":"Jay Vincent","name":"1_14_7_66"},{"num":13.1,"categoryName":"Terry Catledge","name":"1_14_7_67"},{"num":9.2,"categoryName":"John Williams","name":"1_14_7_68"},{"num":8.5,"categoryName":"Frank Johnson","name":"1_14_7_32"},{"num":8.5,"categoryName":"Ennis Whatley","name":"1_14_7_62"},{"num":7.5,"categoryName":"Darwin Cook","name":"1_14_7_69"},{"num":7.2,"categoryName":"Michael Adams","name":"1_14_7_70"},{"num":6.6,"categoryName":"Dan Roundfield","name":"1_14_7_55"},{"num":3.6,"categoryName":"Charles Jones","name":"1_14_7_51"},{"num":3.4,"categoryName":"Jay Murphy","name":"1_14_7_71"},{"num":3.1,"categoryName":"Manute Bol","name":"1_14_7_61"},{"num":2.3,"categoryName":"Anthony Jones","name":"1_14_7_72"},{"num":2.1,"categoryName":"Mike O'Koren","name":"1_14_7_73"}],"name":"1_14_7_0"}],"name":"1_14_0_0","num":537.4},{"categoryName":"Central","children":[{"num":110,"categoryName":"Atlanta_Hawks","children":[{"num":29,"categoryName":"Dominique Wilkins","name":"1_15_1_79"},{"num":16.1,"categoryName":"Kevin Willis","name":"1_15_1_93"},{"num":12.8,"categoryName":"Doc Rivers","name":"1_15_1_86"},{"num":12.7,"categoryName":"Randy Wittman","name":"1_15_1_88"},{"num":10.4,"categoryName":"Mike McGee","name":"1_15_1_106"},{"num":8,"categoryName":"Cliff Levingston","name":"1_15_1_92"},{"num":6.8,"categoryName":"Spud Webb","name":"1_15_1_102"},{"num":6,"categoryName":"John Battle","name":"1_15_1_103"},{"num":5.6,"categoryName":"Jon Koncak","name":"1_15_1_101"},{"num":5.4,"categoryName":"Tree Rollins","name":"1_15_1_58"},{"num":5.3,"categoryName":"Antoine Carr","name":"1_15_1_94"},{"num":4.2,"categoryName":"Gus Williams","name":"1_15_1_107"},{"num":1.8,"categoryName":"Scott Hastings","name":"1_15_1_85"},{"num":0.8,"categoryName":"Cedric Henderson","name":"1_15_1_108"},{"num":0,"categoryName":"Michael Wilson","name":"1_15_1_109"}],"name":"1_15_1_0"},{"num":104.8,"categoryName":"Chicago_Bulls","children":[{"num":37.1,"categoryName":"Michael Jordan","name":"1_15_12_32"},{"num":14.5,"categoryName":"Charles Oakley","name":"1_15_12_39"},{"num":11.3,"categoryName":"John Paxson","name":"1_15_12_42"},{"num":9.7,"categoryName":"Gene Banks","name":"1_15_12_38"},{"num":8.5,"categoryName":"Brad Sellers","name":"1_15_12_47"},{"num":8.3,"categoryName":"Dave Corzine","name":"1_15_12_20"},{"num":7.9,"categoryName":"Sedale Threatt","name":"1_15_12_48"},{"num":6.9,"categoryName":"Earl Cureton","name":"1_15_12_49"},{"num":4.9,"categoryName":"Steve Colter","name":"1_15_12_50"},{"num":4.2,"categoryName":"Mike Brown","name":"1_15_12_51"},{"num":3.5,"categoryName":"Elston Turner","name":"1_15_12_52"},{"num":2.4,"categoryName":"Ben Poquette","name":"1_15_12_53"},{"num":2.3,"categoryName":"Pete Myers","name":"1_15_12_54"},{"num":1.9,"categoryName":"Granville Waiters","name":"1_15_12_55"},{"num":1,"categoryName":"Perry Young","name":"1_15_12_56"},{"num":0.8,"categoryName":"Fred Cofield","name":"1_15_12_57"},{"num":0,"categoryName":"Darren Daye","name":"1_15_12_58"}],"name":"1_15_12_0"},{"num":104.4,"categoryName":"Cleveland_Cavaliers","children":[{"num":22.9,"categoryName":"Ron Harper","name":"1_15_4_117"},{"num":15.7,"categoryName":"Brad Daugherty","name":"1_15_4_118"},{"num":14.6,"categoryName":"Hot Rod Williams","name":"1_15_4_119"},{"num":11.8,"categoryName":"Phil Hubbard","name":"1_15_4_78"},{"num":10.7,"categoryName":"John Bagley","name":"1_15_4_91"},{"num":6.9,"categoryName":"Mark Price","name":"1_15_4_120"},{"num":6.5,"categoryName":"Mark West","name":"1_15_4_109"},{"num":6.2,"categoryName":"Craig Ehlo","name":"1_15_4_121"},{"num":6.1,"categoryName":"Keith Lee","name":"1_15_4_113"},{"num":6.1,"categoryName":"Melvin Turpin","name":"1_15_4_105"},{"num":5,"categoryName":"Johnny Newman","name":"1_15_4_122"},{"num":4,"categoryName":"Tyrone Corbin","name":"1_15_4_123"},{"num":3.3,"categoryName":"Scooter McCray","name":"1_15_4_124"},{"num":3.1,"categoryName":"Ben Poquette","name":"1_15_4_102"},{"num":2.5,"categoryName":"Dirk Minniefield","name":"1_15_4_114"}],"name":"1_15_4_0"},{"num":111.2,"categoryName":"Detroit_Pistons","children":[{"num":21.5,"categoryName":"Adrian Dantley","name":"1_15_10_80"},{"num":20.6,"categoryName":"Isiah Thomas","name":"1_15_10_44"},{"num":15.7,"categoryName":"Vinnie Johnson","name":"1_15_10_47"},{"num":15.4,"categoryName":"Bill Laimbeer","name":"1_15_10_45"},{"num":11.8,"categoryName":"Joe Dumars","name":"1_15_10_75"},{"num":7.9,"categoryName":"Sidney Green","name":"1_15_10_81"},{"num":6.5,"categoryName":"Dennis Rodman","name":"1_15_10_82"},{"num":6.1,"categoryName":"Rick Mahorn","name":"1_15_10_76"},{"num":5.3,"categoryName":"John Salley","name":"1_15_10_83"},{"num":3.5,"categoryName":"Tony Campbell","name":"1_15_10_68"},{"num":3.4,"categoryName":"Kurt Nimphius","name":"1_15_10_84"},{"num":2,"categoryName":"Cozell McQueen","name":"1_15_10_85"},{"num":1.9,"categoryName":"Chuck Nevitt","name":"1_15_10_77"},{"num":1.8,"categoryName":"Jeff Taylor","name":"1_15_10_86"},{"num":0,"categoryName":"John Schweitz","name":"1_15_10_87"}],"name":"1_15_10_0"},{"num":106.1,"categoryName":"Indiana_Pacers","children":[{"num":18.8,"categoryName":"Chuck Person","name":"1_15_11_60"},{"num":15.2,"categoryName":"John Long","name":"1_15_11_61"},{"num":14.9,"categoryName":"Herb Williams","name":"1_15_11_24"},{"num":14.5,"categoryName":"Wayman Tisdale","name":"1_15_11_53"},{"num":13.2,"categoryName":"Steve Stipanovich","name":"1_15_11_35"},{"num":12,"categoryName":"Vern Fleming","name":"1_15_11_44"},{"num":6.4,"categoryName":"Clint Richardson","name":"1_15_11_55"},{"num":5.8,"categoryName":"Ron Anderson","name":"1_15_11_54"},{"num":5,"categoryName":"Clark Kellogg","name":"1_15_11_28"},{"num":4.9,"categoryName":"Kyle Macy","name":"1_15_11_62"},{"num":3.3,"categoryName":"Michael Brooks","name":"1_15_11_63"},{"num":3.3,"categoryName":"Walker Russell","name":"1_15_11_64"},{"num":2,"categoryName":"Pete Verhoeven","name":"1_15_11_65"},{"num":2,"categoryName":"Stuart Gray","name":"1_15_11_51"},{"num":1.8,"categoryName":"Greg Dreiling","name":"1_15_11_66"}],"name":"1_15_11_0"},{"num":110.4,"categoryName":"Milwaukee_Bucks","children":[{"num":20.8,"categoryName":"Terry Cummings","name":"1_15_13_34"},{"num":19.5,"categoryName":"Ricky Pierce","name":"1_15_13_36"},{"num":17.5,"categoryName":"John Lucas","name":"1_15_13_50"},{"num":13.9,"categoryName":"Paul Pressey","name":"1_15_13_21"},{"num":12.7,"categoryName":"Jack Sikma","name":"1_15_13_51"},{"num":11.8,"categoryName":"Sidney Moncrief","name":"1_15_13_4"},{"num":10.8,"categoryName":"Craig Hodges","name":"1_15_13_35"},{"num":7.9,"categoryName":"Randy Breuer","name":"1_15_13_31"},{"num":7,"categoryName":"Jerry Reynolds","name":"1_15_13_46"},{"num":5.1,"categoryName":"Junior Bridgeman","name":"1_15_13_2"},{"num":4.2,"categoryName":"Don Collins","name":"1_15_13_52"},{"num":3.8,"categoryName":"Scott Skiles","name":"1_15_13_53"},{"num":3.8,"categoryName":"Mike Glenn","name":"1_15_13_45"},{"num":3.3,"categoryName":"Keith Smith","name":"1_15_13_54"},{"num":3.3,"categoryName":"Kenny Fields","name":"1_15_13_39"},{"num":3.1,"categoryName":"Hank McDowell","name":"1_15_13_55"},{"num":3.1,"categoryName":"Dudley Bradley","name":"1_15_13_56"},{"num":3,"categoryName":"Cedric Henderson","name":"1_15_13_57"},{"num":2.4,"categoryName":"Paul Mokeski","name":"1_15_13_25"},{"num":2,"categoryName":"Jerome Henderson","name":"1_15_13_58"},{"num":1.8,"categoryName":"Marvin Webster","name":"1_15_13_59"},{"num":1.4,"categoryName":"Chris Engler","name":"1_15_13_43"}],"name":"1_15_13_0"}],"name":"1_15_0_0","num":646.9}],"name":"1_0_0_0","num":1184.3},{"categoryName":"Western","children":[{"categoryName":"Midwest","children":[{"num":116.7,"categoryName":"Dallas_Mavericks","children":[{"num":25.7,"categoryName":"Mark Aguirre","name":"2_32_10_23"},{"num":21,"categoryName":"Rolando Blackman","name":"2_32_10_24"},{"num":16,"categoryName":"Derek Harper","name":"2_32_10_34"},{"num":14.8,"categoryName":"Sam Perkins","name":"2_32_10_37"},{"num":10.8,"categoryName":"James Donaldson","name":"2_32_10_42"},{"num":9.3,"categoryName":"Detlef Schrempf","name":"2_32_10_43"},{"num":7.5,"categoryName":"Roy Tarpley","name":"2_32_10_47"},{"num":7,"categoryName":"Brad Davis","name":"2_32_10_5"},{"num":6.6,"categoryName":"Al Wood","name":"2_32_10_48"},{"num":2.7,"categoryName":"Bill Wennington","name":"2_32_10_44"},{"num":2.3,"categoryName":"Dennis Nutt","name":"2_32_10_49"},{"num":1.8,"categoryName":"Uwe Blab","name":"2_32_10_45"},{"num":1.4,"categoryName":"Myron Jackson","name":"2_32_10_50"}],"name":"2_32_10_0"},{"num":116.7,"categoryName":"Denver_Nuggets","children":[{"num":28.6,"categoryName":"Alex English","name":"2_32_7_32"},{"num":18.9,"categoryName":"Fat Lever","name":"2_32_7_60"},{"num":13,"categoryName":"Bill Hanzlik","name":"2_32_7_52"},{"num":12.2,"categoryName":"Darrell Walker","name":"2_32_7_67"},{"num":10.1,"categoryName":"Mike Evans","name":"2_32_7_51"},{"num":10,"categoryName":"Calvin Natt","name":"2_32_7_59"},{"num":9.5,"categoryName":"Blair Rasmussen","name":"2_32_7_65"},{"num":8.5,"categoryName":"Danny Schayes","name":"2_32_7_49"},{"num":8,"categoryName":"Wayne Cooper","name":"2_32_7_61"},{"num":7.9,"categoryName":"Mark Alarie","name":"2_32_7_68"},{"num":3.4,"categoryName":"Maurice Martin","name":"2_32_7_69"},{"num":3.4,"categoryName":"T.R. Dunn","name":"2_32_7_44"},{"num":2.8,"categoryName":"Otis Smith","name":"2_32_7_70"},{"num":0.4,"categoryName":"Pete Williams","name":"2_32_7_66"}],"name":"2_32_7_0"},{"num":106.9,"categoryName":"Houston_Rockets","children":[{"num":23.4,"categoryName":"Hakeem Olajuwon","name":"2_32_11_29"},{"num":15.6,"categoryName":"Ralph Sampson","name":"2_32_11_24"},{"num":14.4,"categoryName":"Rodney McCray","name":"2_32_11_26"},{"num":13.7,"categoryName":"Robert Reid","name":"2_32_11_3"},{"num":12.4,"categoryName":"Lewis Lloyd","name":"2_32_11_25"},{"num":11.3,"categoryName":"Jim Petersen","name":"2_32_11_34"},{"num":11.1,"categoryName":"Mitchell Wiggins","name":"2_32_11_31"},{"num":8.3,"categoryName":"Steve Harris","name":"2_32_11_36"},{"num":7.8,"categoryName":"Allen Leavell","name":"2_32_11_6"},{"num":7.7,"categoryName":"Dirk Minniefield","name":"2_32_11_38"},{"num":7.2,"categoryName":"Cedric Maxwell","name":"2_32_11_39"},{"num":3.8,"categoryName":"Buck Johnson","name":"2_32_11_40"},{"num":3.7,"categoryName":"Dave Feitl","name":"2_32_11_41"},{"num":2.8,"categoryName":"Richard Anderson","name":"2_32_11_42"},{"num":1.3,"categoryName":"Conner Henry","name":"2_32_11_43"}],"name":"2_32_11_0"},{"num":110.9,"categoryName":"Sacramento_Kings","children":[{"num":20.3,"categoryName":"Reggie Theus","name":"2_32_13_2"},{"num":18.9,"categoryName":"Otis Thorpe","name":"2_32_13_6"},{"num":18.7,"categoryName":"Eddie Johnson","name":"2_32_13_1"},{"num":16.6,"categoryName":"Derek Smith","name":"2_32_13_15"},{"num":11.1,"categoryName":"LaSalle Thompson","name":"2_32_13_4"},{"num":9.3,"categoryName":"Terry Tyler","name":"2_32_13_7"},{"num":7.9,"categoryName":"Joe Kleine","name":"2_32_13_9"},{"num":7.8,"categoryName":"Brook Steppe","name":"2_32_13_16"},{"num":4.6,"categoryName":"Harold Pressley","name":"2_32_13_17"},{"num":4.2,"categoryName":"Johnny Rogers","name":"2_32_13_18"},{"num":4,"categoryName":"Othell Wilson","name":"2_32_13_19"},{"num":3.5,"categoryName":"Franklin Edwards","name":"2_32_13_20"},{"num":3.3,"categoryName":"Mark Olberding","name":"2_32_13_8"},{"num":1.8,"categoryName":"Bruce Douglas","name":"2_32_13_21"},{"num":1.3,"categoryName":"Jerry Eaves","name":"2_32_13_22"}],"name":"2_32_13_0"},{"num":108.3,"categoryName":"San_Antonio_Spurs","children":[{"num":17.7,"categoryName":"Alvin Robertson","name":"2_32_12_46"},{"num":17.6,"categoryName":"Walter Berry","name":"2_32_12_65"},{"num":12.7,"categoryName":"Mike Mitchell","name":"2_32_12_15"},{"num":12.3,"categoryName":"Mychal Thompson","name":"2_32_12_66"},{"num":11.6,"categoryName":"Dave Greenwood","name":"2_32_12_56"},{"num":11.4,"categoryName":"Artis Gilmore","name":"2_32_12_23"},{"num":11.2,"categoryName":"Jon Sundvold","name":"2_32_12_57"},{"num":10.3,"categoryName":"Johnny Dawkins","name":"2_32_12_67"},{"num":8.9,"categoryName":"Tyrone Corbin","name":"2_32_12_62"},{"num":8.6,"categoryName":"Johnny Moore","name":"2_32_12_8"},{"num":6.6,"categoryName":"Larry Krystkowiak","name":"2_32_12_68"},{"num":5.8,"categoryName":"Anthony Jones","name":"2_32_12_69"},{"num":4.3,"categoryName":"Frank Brickowski","name":"2_32_12_70"},{"num":3.7,"categoryName":"Ed Nealy","name":"2_32_12_71"},{"num":3.2,"categoryName":"Kevin Duckworth","name":"2_32_12_72"},{"num":2.8,"categoryName":"Forrest McKenzie","name":"2_32_12_73"},{"num":1.5,"categoryName":"Mike Brittain","name":"2_32_12_63"}],"name":"2_32_12_0"},{"num":107.9,"categoryName":"Utah_Jazz","children":[{"num":21.7,"categoryName":"Karl Malone","name":"2_32_9_51"},{"num":15,"categoryName":"Darrell Griffith","name":"2_32_9_21"},{"num":13.8,"categoryName":"Thurl Bailey","name":"2_32_9_45"},{"num":10.1,"categoryName":"Kelly Tripucka","name":"2_32_9_56"},{"num":9.7,"categoryName":"Bob Hansen","name":"2_32_9_46"},{"num":9.6,"categoryName":"Rickey Green","name":"2_32_9_22"},{"num":7.9,"categoryName":"John Stockton","name":"2_32_9_48"},{"num":7.7,"categoryName":"Mark Eaton","name":"2_32_9_42"},{"num":5,"categoryName":"Carey Scurry","name":"2_32_9_52"},{"num":4.9,"categoryName":"Dell Curry","name":"2_32_9_57"},{"num":4.5,"categoryName":"Kent Benson","name":"2_32_9_58"},{"num":3.6,"categoryName":"Marc Iavaroni","name":"2_32_9_53"}],"name":"2_32_9_0"}],"name":"2_32_0_0","num":667.4},{"categoryName":"Pacific","children":[{"num":112,"categoryName":"Golden_State_Warriors","children":[{"num":21.2,"categoryName":"Joe Barry Carroll","name":"2_33_6_52"},{"num":18.8,"categoryName":"Sleepy Floyd","name":"2_33_6_68"},{"num":18.3,"categoryName":"Purvis Short","name":"2_33_6_40"},{"num":15.1,"categoryName":"Chris Mullin","name":"2_33_6_87"},{"num":11.2,"categoryName":"Terry Teagle","name":"2_33_6_81"},{"num":8.8,"categoryName":"Larry Smith","name":"2_33_6_53"},{"num":8.6,"categoryName":"Rod Higgins","name":"2_33_6_93"},{"num":7.1,"categoryName":"Greg Ballard","name":"2_33_6_88"},{"num":5.6,"categoryName":"Ben McDonald","name":"2_33_6_94"},{"num":5.1,"categoryName":"Jerome Whitehead","name":"2_33_6_80"},{"num":3.8,"categoryName":"Chris Washburn","name":"2_33_6_95"},{"num":3.6,"categoryName":"Perry Moss","name":"2_33_6_96"},{"num":3.1,"categoryName":"Clinton Smith","name":"2_33_6_97"},{"num":1.6,"categoryName":"Kevin Henderson","name":"2_33_6_98"}],"name":"2_33_6_0"},{"num":104.5,"categoryName":"Los_Angeles_Clippers","children":[{"num":17.1,"categoryName":"Mike Woodson","name":"2_33_10_24"},{"num":16.6,"categoryName":"Marques Johnson","name":"2_33_10_3"},{"num":15.7,"categoryName":"Michael Cage","name":"2_33_10_7"},{"num":13.6,"categoryName":"Cedric Maxwell","name":"2_33_10_15"},{"num":12.4,"categoryName":"Larry Drew","name":"2_33_10_25"},{"num":11.5,"categoryName":"Benoit Benjamin","name":"2_33_10_17"},{"num":11.2,"categoryName":"Darnell Valentine","name":"2_33_10_18"},{"num":10.6,"categoryName":"Quintin Dailey","name":"2_33_10_26"},{"num":9.2,"categoryName":"Rory White","name":"2_33_10_9"},{"num":8.7,"categoryName":"Kenny Fields","name":"2_33_10_27"},{"num":7.8,"categoryName":"Kurt Nimphius","name":"2_33_10_16"},{"num":7.7,"categoryName":"Earl Cureton","name":"2_33_10_28"},{"num":7.5,"categoryName":"Lancaster Gordon","name":"2_33_10_10"},{"num":6.8,"categoryName":"Geoff Huston","name":"2_33_10_29"},{"num":4.4,"categoryName":"Tim Kempton","name":"2_33_10_30"},{"num":2.6,"categoryName":"Steffond Johnson","name":"2_33_10_31"},{"num":2,"categoryName":"Dwayne Polee","name":"2_33_10_32"}],"name":"2_33_10_0"},{"num":117.8,"categoryName":"Los_Angeles_Lakers","children":[{"num":23.9,"categoryName":"Magic Johnson","name":"2_33_1_66"},{"num":19.4,"categoryName":"James Worthy","name":"2_33_1_86"},{"num":17.5,"categoryName":"K. Abdul-Jabbar","name":"2_33_1_35"},{"num":17,"categoryName":"Byron Scott","name":"2_33_1_91"},{"num":10.8,"categoryName":"A.C. Green","name":"2_33_1_100"},{"num":10.5,"categoryName":"Michael Cooper","name":"2_33_1_65"},{"num":10.1,"categoryName":"Mychal Thompson","name":"2_33_1_102"},{"num":5.7,"categoryName":"Kurt Rambis","name":"2_33_1_83"},{"num":5.6,"categoryName":"Billy Thompson","name":"2_33_1_103"},{"num":4.3,"categoryName":"Adrian Branch","name":"2_33_1_104"},{"num":4.2,"categoryName":"Wes Matthews","name":"2_33_1_105"},{"num":3.9,"categoryName":"Frank Brickowski","name":"2_33_1_106"},{"num":2.2,"categoryName":"Mike Smrek","name":"2_33_1_107"}],"name":"2_33_1_0"},{"num":111.1,"categoryName":"Phoenix_Suns","children":[{"num":23.6,"categoryName":"Walter Davis","name":"2_33_8_39"},{"num":22.5,"categoryName":"Larry Nance","name":"2_33_8_55"},{"num":12,"categoryName":"James Edwards","name":"2_33_8_60"},{"num":11.3,"categoryName":"Jay Humphries","name":"2_33_8_67"},{"num":11.1,"categoryName":"Alvan Adams","name":"2_33_8_27"},{"num":10.5,"categoryName":"Mike Sanders","name":"2_33_8_66"},{"num":10.5,"categoryName":"Ed Pinckney","name":"2_33_8_71"},{"num":6.7,"categoryName":"William Bedford","name":"2_33_8_77"},{"num":5.8,"categoryName":"Rafael Addison","name":"2_33_8_78"},{"num":5.5,"categoryName":"Grant Gondrezick","name":"2_33_8_79"},{"num":5.3,"categoryName":"Jeff Hornacek","name":"2_33_8_80"},{"num":5.2,"categoryName":"Kenny Gattison","name":"2_33_8_81"},{"num":4.6,"categoryName":"Bernard Thompson","name":"2_33_8_72"},{"num":2.9,"categoryName":"Nick Vanos","name":"2_33_8_74"}],"name":"2_33_8_0"},{"num":117.9,"categoryName":"Portland_Trail_Blazers","children":[{"num":26.9,"categoryName":"Kiki Vandeweghe","name":"2_33_2_95"},{"num":21.7,"categoryName":"Clyde Drexler","name":"2_33_2_92"},{"num":16.8,"categoryName":"Steve Johnson","name":"2_33_2_105"},{"num":16,"categoryName":"Sam Bowie","name":"2_33_2_96"},{"num":13.1,"categoryName":"Terry Porter","name":"2_33_2_101"},{"num":12.3,"categoryName":"Jerome Kersey","name":"2_33_2_98"},{"num":12.1,"categoryName":"Jim Paxson","name":"2_33_2_71"},{"num":10.8,"categoryName":"Kenny Carr","name":"2_33_2_84"},{"num":6,"categoryName":"Kevin Duckworth","name":"2_33_2_106"},{"num":4.1,"categoryName":"Caldwell Jones","name":"2_33_2_102"},{"num":3.3,"categoryName":"Mike Holton","name":"2_33_2_107"},{"num":2,"categoryName":"Perry Young","name":"2_33_2_108"},{"num":1.9,"categoryName":"Walter Berry","name":"2_33_2_109"},{"num":1.7,"categoryName":"Ron Rowan","name":"2_33_2_110"},{"num":1.6,"categoryName":"Chris Engler","name":"2_33_2_111"},{"num":1.3,"categoryName":"Joe Binion","name":"2_33_2_112"},{"num":0.9,"categoryName":"Fernando Martin","name":"2_33_2_113"}],"name":"2_33_2_0"},{"num":113.7,"categoryName":"Seattle_Supersonics","children":[{"num":24.9,"categoryName":"Dale Ellis","name":"2_33_5_104"},{"num":23.3,"categoryName":"Tom Chambers","name":"2_33_5_81"},{"num":23,"categoryName":"Xavier McDaniel","name":"2_33_5_97"},{"num":11.6,"categoryName":"Alton Lister","name":"2_33_5_105"},{"num":11.2,"categoryName":"Gerald Henderson","name":"2_33_5_89"},{"num":9,"categoryName":"Eddie Johnson","name":"2_33_5_106"},{"num":7.9,"categoryName":"Maurice Lucas","name":"2_33_5_107"},{"num":5.3,"categoryName":"Nate McMillan","name":"2_33_5_108"},{"num":4.9,"categoryName":"Kevin Williams","name":"2_33_5_109"},{"num":4.8,"categoryName":"Danny Young","name":"2_33_5_96"},{"num":4,"categoryName":"Terence Stansbury","name":"2_33_5_110"},{"num":3.2,"categoryName":"Clemon Johnson","name":"2_33_5_111"},{"num":3,"categoryName":"Michael Phelps","name":"2_33_5_98"},{"num":2.7,"categoryName":"Russ Schoene","name":"2_33_5_112"},{"num":1.5,"categoryName":"Curtis Kitchen","name":"2_33_5_113"}],"name":"2_33_5_0"}],"name":"2_33_0_0","num":677}],"name":"2_0_0_0","num":1344.4}],"num":2528.7}