{"year":1980,"name":"root","categoryName":"root","children":[{"categoryName":"Eastern","children":[{"categoryName":"Atlantic","children":[{"num":109.9,"categoryName":"Boston_Celtics","children":[{"num":21.2,"categoryName":"Larry Bird","name":"1_14_1_52"},{"num":18.9,"categoryName":"Robert Parish","name":"1_14_1_57"},{"num":15.2,"categoryName":"Cedric Maxwell","name":"1_14_1_36"},{"num":13.8,"categoryName":"Tiny Archibald","name":"1_14_1_44"},{"num":10,"categoryName":"Kevin McHale","name":"1_14_1_58"},{"num":9,"categoryName":"Rick Robey","name":"1_14_1_43"},{"num":8.9,"categoryName":"Chris Ford","name":"1_14_1_41"},{"num":7.8,"categoryName":"Gerald Henderson","name":"1_14_1_55"},{"num":6,"categoryName":"M.L. Carr","name":"1_14_1_54"},{"num":2.5,"categoryName":"Terry Duerod","name":"1_14_1_59"},{"num":2.1,"categoryName":"Eric Fernsten","name":"1_14_1_56"},{"num":1.2,"categoryName":"Wayne Kreklow","name":"1_14_1_60"}],"name":"1_14_1_0"},{"num":106.9,"categoryName":"New_Jersey_Nets","children":[{"num":21.4,"categoryName":"Mike Newlin","name":"1_14_6_25"},{"num":19.5,"categoryName":"Cliff Robinson","name":"1_14_6_28"},{"num":14.7,"categoryName":"Maurice Lucas","name":"1_14_6_27"},{"num":13.2,"categoryName":"Mike Gminski","name":"1_14_6_32"},{"num":11.2,"categoryName":"Darwin Cook","name":"1_14_6_33"},{"num":11,"categoryName":"Mike O'Koren","name":"1_14_6_34"},{"num":9.3,"categoryName":"Bob McAdoo","name":"1_14_6_35"},{"num":8.7,"categoryName":"Edgar Jones","name":"1_14_6_36"},{"num":7.5,"categoryName":"Bob Elliott","name":"1_14_6_21"},{"num":7,"categoryName":"Lowes Moore","name":"1_14_6_37"},{"num":6.2,"categoryName":"Eddie Jordan","name":"1_14_6_9"},{"num":5.7,"categoryName":"Foots Walker","name":"1_14_6_38"},{"num":3.8,"categoryName":"J. Van Breda Kolff","name":"1_14_6_16"},{"num":3.7,"categoryName":"Rory Sparrow","name":"1_14_6_39"}],"name":"1_14_6_0"},{"num":107.9,"categoryName":"New_York_Knicks","children":[{"num":20.1,"categoryName":"Bill Cartwright","name":"1_14_3_56"},{"num":19.7,"categoryName":"Ray Williams","name":"1_14_3_44"},{"num":16.4,"categoryName":"M.R. Richardson","name":"1_14_3_51"},{"num":16.4,"categoryName":"Campy Russell","name":"1_14_3_61"},{"num":13.2,"categoryName":"Sly Williams","name":"1_14_3_59"},{"num":8.2,"categoryName":"Mike Glenn","name":"1_14_3_50"},{"num":5.2,"categoryName":"Marvin Webster","name":"1_14_3_48"},{"num":4.9,"categoryName":"DeWayne Scales","name":"1_14_3_62"},{"num":4.7,"categoryName":"Mike Woodson","name":"1_14_3_63"},{"num":4.1,"categoryName":"Larry Demic","name":"1_14_3_57"},{"num":2.8,"categoryName":"Reggie Carter","name":"1_14_3_64"}],"name":"1_14_3_0"},{"num":111.7,"categoryName":"Philadelphia_76ers","children":[{"num":24.6,"categoryName":"Julius Erving","name":"1_14_4_57"},{"num":14,"categoryName":"Darryl Dawkins","name":"1_14_4_55"},{"num":13.5,"categoryName":"Bobby Jones","name":"1_14_4_66"},{"num":12.9,"categoryName":"Andrew Toney","name":"1_14_4_76"},{"num":12.3,"categoryName":"Doug Collins","name":"1_14_4_38"},{"num":10.8,"categoryName":"Steve Mix","name":"1_14_4_36"},{"num":9.5,"categoryName":"Lionel Hollins","name":"1_14_4_72"},{"num":9.4,"categoryName":"Maurice Cheeks","name":"1_14_4_68"},{"num":7.2,"categoryName":"Caldwell Jones","name":"1_14_4_59"},{"num":7,"categoryName":"Clint Richardson","name":"1_14_4_73"},{"num":5.1,"categoryName":"Ollie Johnson","name":"1_14_4_77"},{"num":4.2,"categoryName":"Earl Cureton","name":"1_14_4_78"},{"num":2,"categoryName":"Monti Davis","name":"1_14_4_79"}],"name":"1_14_4_0"},{"num":105.6,"categoryName":"Washington_Bullets","children":[{"num":17.8,"categoryName":"Elvin Hayes","name":"1_14_7_1"},{"num":17.2,"categoryName":"Kevin Grevey","name":"1_14_7_3"},{"num":15.5,"categoryName":"Greg Ballard","name":"1_14_7_9"},{"num":13.4,"categoryName":"Kevin Porter","name":"1_14_7_15"},{"num":12.5,"categoryName":"Mitch Kupchak","name":"1_14_7_4"},{"num":12.3,"categoryName":"Wes Matthews","name":"1_14_7_20"},{"num":10,"categoryName":"Bob Dandridge","name":"1_14_7_2"},{"num":9.8,"categoryName":"Don Collins","name":"1_14_7_21"},{"num":8,"categoryName":"Wes Unseld","name":"1_14_7_5"},{"num":7.2,"categoryName":"Carlos Terry","name":"1_14_7_22"},{"num":4.9,"categoryName":"Austin Carr","name":"1_14_7_23"},{"num":4.9,"categoryName":"Anthony Roberts","name":"1_14_7_24"},{"num":4.8,"categoryName":"Rick Mahorn","name":"1_14_7_25"},{"num":4.7,"categoryName":"John Williamson","name":"1_14_7_13"},{"num":2.8,"categoryName":"Andre McCarter","name":"1_14_7_26"},{"num":2,"categoryName":"Keith McCord","name":"1_14_7_27"},{"num":2,"categoryName":"Dave Britton","name":"1_14_7_28"},{"num":1,"categoryName":"Lewis Brown","name":"1_14_7_29"}],"name":"1_14_7_0"}],"name":"1_14_0_0","num":542},{"categoryName":"Central","children":[{"num":104.9,"categoryName":"Atlanta_Hawks","children":[{"num":21.7,"categoryName":"John Drew","name":"1_15_1_32"},{"num":19.1,"categoryName":"Eddie Johnson","name":"1_15_1_55"},{"num":17.6,"categoryName":"Dan Roundfield","name":"1_15_1_60"},{"num":12.7,"categoryName":"Don Collins","name":"1_15_1_69"},{"num":12.5,"categoryName":"Wes Matthews","name":"1_15_1_70"},{"num":12,"categoryName":"Steve Hawes","name":"1_15_1_47"},{"num":9.5,"categoryName":"Charlie Criss","name":"1_15_1_53"},{"num":7.4,"categoryName":"Tom McMillen","name":"1_15_1_56"},{"num":7,"categoryName":"Tree Rollins","name":"1_15_1_58"},{"num":5.9,"categoryName":"Sam Pellom","name":"1_15_1_67"},{"num":5,"categoryName":"Armond Hill","name":"1_15_1_49"},{"num":4.3,"categoryName":"Craig Shelton","name":"1_15_1_71"},{"num":3.8,"categoryName":"Jim McElroy","name":"1_15_1_66"},{"num":3.3,"categoryName":"Tom Burleson","name":"1_15_1_72"},{"num":3.2,"categoryName":"Art Collins","name":"1_15_1_73"}],"name":"1_15_1_0"},{"num":109,"categoryName":"Chicago_Bulls","children":[{"num":18.9,"categoryName":"Reggie Theus","name":"1_15_12_1"},{"num":17.9,"categoryName":"Artis Gilmore","name":"1_15_12_2"},{"num":14.4,"categoryName":"Dave Greenwood","name":"1_15_12_3"},{"num":14.1,"categoryName":"Larry Kenon","name":"1_15_12_4"},{"num":13.5,"categoryName":"Ricky Sobers","name":"1_15_12_5"},{"num":10,"categoryName":"Bob Wilkerson","name":"1_15_12_6"},{"num":7.6,"categoryName":"Dwight Jones","name":"1_15_12_7"},{"num":7,"categoryName":"Scott May","name":"1_15_12_8"},{"num":4.5,"categoryName":"Coby Dietrick","name":"1_15_12_9"},{"num":4.1,"categoryName":"James Wilkes","name":"1_15_12_10"},{"num":3.8,"categoryName":"Ronnie Lester","name":"1_15_12_11"},{"num":3.7,"categoryName":"Sam Worthen","name":"1_15_12_12"},{"num":1,"categoryName":"Ollie Mack","name":"1_15_12_13"}],"name":"1_15_12_0"},{"num":105.7,"categoryName":"Cleveland_Cavaliers","children":[{"num":24.5,"categoryName":"Mike Mitchell","name":"1_15_4_49"},{"num":15.2,"categoryName":"Kenny Carr","name":"1_15_4_54"},{"num":14.6,"categoryName":"Randy Smith","name":"1_15_4_52"},{"num":14.4,"categoryName":"Roger Phegley","name":"1_15_4_59"},{"num":10,"categoryName":"Mike Bratz","name":"1_15_4_60"},{"num":9.9,"categoryName":"Richard Washington","name":"1_15_4_61"},{"num":9.8,"categoryName":"Bill Laimbeer","name":"1_15_4_62"},{"num":9.4,"categoryName":"Dave Robisch","name":"1_15_4_53"},{"num":8,"categoryName":"Robert Smith","name":"1_15_4_63"},{"num":7,"categoryName":"Geoff Huston","name":"1_15_4_64"},{"num":4.1,"categoryName":"Bill Robinzine","name":"1_15_4_65"},{"num":3.5,"categoryName":"Don Ford","name":"1_15_4_55"},{"num":2.8,"categoryName":"Chad Kinch","name":"1_15_4_66"},{"num":2.5,"categoryName":"Mack Calvin","name":"1_15_4_67"},{"num":2.3,"categoryName":"Walter Jordan","name":"1_15_4_68"},{"num":2,"categoryName":"John Lambert","name":"1_15_4_39"},{"num":0.7,"categoryName":"Kim Hughes","name":"1_15_4_69"},{"num":0.7,"categoryName":"Jerome Whitehead","name":"1_15_4_70"}],"name":"1_15_4_0"},{"num":99.7,"categoryName":"Detroit_Pistons","children":[{"num":17.7,"categoryName":"John Long","name":"1_15_10_3"},{"num":15.7,"categoryName":"Kent Benson","name":"1_15_10_23"},{"num":14.5,"categoryName":"Phil Hubbard","name":"1_15_10_28"},{"num":13.7,"categoryName":"Keith Herron","name":"1_15_10_34"},{"num":13.4,"categoryName":"Terry Tyler","name":"1_15_10_5"},{"num":12.3,"categoryName":"Greg Kelser","name":"1_15_10_22"},{"num":12,"categoryName":"Bob McAdoo","name":"1_15_10_21"},{"num":7.9,"categoryName":"Wayne Robinson","name":"1_15_10_35"},{"num":7.4,"categoryName":"Larry Wright","name":"1_15_10_36"},{"num":7.1,"categoryName":"Paul Mokeski","name":"1_15_10_37"},{"num":6.6,"categoryName":"Larry Drew","name":"1_15_10_38"},{"num":4.2,"categoryName":"Ron Lee","name":"1_15_10_29"},{"num":4,"categoryName":"Edmund Lawrence","name":"1_15_10_39"},{"num":4,"categoryName":"Tony Fuller","name":"1_15_10_40"},{"num":2.7,"categoryName":"Norman Black","name":"1_15_10_41"},{"num":0,"categoryName":"Lee Johnson","name":"1_15_10_42"}],"name":"1_15_10_0"},{"num":107.6,"categoryName":"Indiana_Pacers","children":[{"num":17.5,"categoryName":"Billy Knight","name":"1_15_11_6"},{"num":15.6,"categoryName":"James Edwards","name":"1_15_11_3"},{"num":14.4,"categoryName":"Johnny Davis","name":"1_15_11_2"},{"num":14,"categoryName":"Mike Bantom","name":"1_15_11_7"},{"num":13.1,"categoryName":"George McGinnis","name":"1_15_11_5"},{"num":10.6,"categoryName":"George Johnson","name":"1_15_11_17"},{"num":10.5,"categoryName":"Louis Orr","name":"1_15_11_18"},{"num":8,"categoryName":"Dudley Bradley","name":"1_15_11_8"},{"num":7.2,"categoryName":"Clemon Johnson","name":"1_15_11_10"},{"num":5.1,"categoryName":"Don Buse","name":"1_15_11_19"},{"num":3.1,"categoryName":"Kenny Natt","name":"1_15_11_20"},{"num":2,"categoryName":"Tom Abernethy","name":"1_15_11_21"},{"num":2,"categoryName":"Jerry Sichting","name":"1_15_11_22"},{"num":0.8,"categoryName":"Dick Miller","name":"1_15_11_23"}],"name":"1_15_11_0"},{"num":113.1,"categoryName":"Milwaukee_Bucks","children":[{"num":20.3,"categoryName":"Marques Johnson","name":"1_15_13_1"},{"num":16.8,"categoryName":"Junior Bridgeman","name":"1_15_13_2"},{"num":14.3,"categoryName":"Bob Lanier","name":"1_15_13_3"},{"num":14,"categoryName":"Sidney Moncrief","name":"1_15_13_4"},{"num":13.3,"categoryName":"Quinn Buckner","name":"1_15_13_5"},{"num":12.5,"categoryName":"Mickey Johnson","name":"1_15_13_6"},{"num":11.6,"categoryName":"Brian Winters","name":"1_15_13_7"},{"num":8,"categoryName":"Pat Cummings","name":"1_15_13_8"},{"num":4.5,"categoryName":"Mike Evans","name":"1_15_13_9"},{"num":4.2,"categoryName":"Harvey Catchings","name":"1_15_13_10"},{"num":2.9,"categoryName":"Len Elmore","name":"1_15_13_11"}],"name":"1_15_13_0"}],"name":"1_15_0_0","num":640}],"name":"1_0_0_0","num":1182},{"categoryName":"Western","children":[{"categoryName":"Midwest","children":[{"num":101.5,"categoryName":"Dallas_Mavericks","children":[{"num":16.1,"categoryName":"Geoff Huston","name":"2_32_10_1"},{"num":14.4,"categoryName":"Jim Spanarkel","name":"2_32_10_2"},{"num":13.9,"categoryName":"Bill Robinzine","name":"2_32_10_3"},{"num":13.7,"categoryName":"Tom LaGarde","name":"2_32_10_4"},{"num":11.2,"categoryName":"Brad Davis","name":"2_32_10_5"},{"num":10.8,"categoryName":"Richard Washington","name":"2_32_10_6"},{"num":10.2,"categoryName":"Ollie Mack","name":"2_32_10_7"},{"num":9.3,"categoryName":"Terry Duerod","name":"2_32_10_8"},{"num":8.8,"categoryName":"Scott Lloyd","name":"2_32_10_9"},{"num":8.4,"categoryName":"Abdul Jeelani","name":"2_32_10_10"},{"num":8.1,"categoryName":"Joe Hassett","name":"2_32_10_11"},{"num":7.8,"categoryName":"Marty Byrnes","name":"2_32_10_12"},{"num":7.3,"categoryName":"Clarence Kea","name":"2_32_10_13"},{"num":6.5,"categoryName":"Winford Boynes","name":"2_32_10_14"},{"num":5.3,"categoryName":"Jerome Whitehead","name":"2_32_10_15"},{"num":3.9,"categoryName":"Stan Pietkiewicz","name":"2_32_10_16"},{"num":3.2,"categoryName":"Chad Kinch","name":"2_32_10_17"},{"num":2.7,"categoryName":"Darrell Allums","name":"2_32_10_18"},{"num":2.5,"categoryName":"Ralph Drollinger","name":"2_32_10_19"},{"num":2,"categoryName":"Austin Carr","name":"2_32_10_20"},{"num":1,"categoryName":"Monti Davis","name":"2_32_10_21"}],"name":"2_32_10_0"},{"num":121.8,"categoryName":"Denver_Nuggets","children":[{"num":25.5,"categoryName":"David Thompson","name":"2_32_7_1"},{"num":23.8,"categoryName":"Alex English","name":"2_32_7_32"},{"num":21.9,"categoryName":"Dan Issel","name":"2_32_7_2"},{"num":11.5,"categoryName":"Kiki Vandeweghe","name":"2_32_7_38"},{"num":10.7,"categoryName":"Billy McKinney","name":"2_32_7_39"},{"num":10.4,"categoryName":"Dave Robisch","name":"2_32_7_40"},{"num":8.9,"categoryName":"John Roche","name":"2_32_7_33"},{"num":8.4,"categoryName":"Cedrick Hordges","name":"2_32_7_41"},{"num":7.8,"categoryName":"Kenny Higgs","name":"2_32_7_42"},{"num":6.1,"categoryName":"Carl Nicks","name":"2_32_7_43"},{"num":5.8,"categoryName":"Glen Gondrezick","name":"2_32_7_35"},{"num":4.5,"categoryName":"T.R. Dunn","name":"2_32_7_44"},{"num":3.5,"categoryName":"Ronnie Valentine","name":"2_32_7_45"},{"num":2.9,"categoryName":"Kim Hughes","name":"2_32_7_28"},{"num":2.1,"categoryName":"James Ray","name":"2_32_7_46"},{"num":1,"categoryName":"Jawann Oldham","name":"2_32_7_47"}],"name":"2_32_7_0"},{"num":108.3,"categoryName":"Houston_Rockets","children":[{"num":27.8,"categoryName":"Moses Malone","name":"2_32_11_1"},{"num":16.7,"categoryName":"Calvin Murphy","name":"2_32_11_2"},{"num":15.9,"categoryName":"Robert Reid","name":"2_32_11_3"},{"num":11.6,"categoryName":"Rudy Tomjanovich","name":"2_32_11_4"},{"num":10.5,"categoryName":"Mike Dunleavy","name":"2_32_11_5"},{"num":8.1,"categoryName":"Allen Leavell","name":"2_32_11_6"},{"num":7.4,"categoryName":"Billy Paultz","name":"2_32_11_7"},{"num":6.3,"categoryName":"Bill Willoughby","name":"2_32_11_8"},{"num":6.1,"categoryName":"Calvin Garrett","name":"2_32_11_9"},{"num":5.3,"categoryName":"Tom Henderson","name":"2_32_11_10"},{"num":4.4,"categoryName":"Major Jones","name":"2_32_11_11"},{"num":2.8,"categoryName":"John Stroud","name":"2_32_11_12"},{"num":1.7,"categoryName":"Lee Johnson","name":"2_32_11_13"}],"name":"2_32_11_0"},{"num":106.9,"categoryName":"Kansas_City_Kings","children":[{"num":24.6,"categoryName":"Otis Birdsong","name":"2_32_6_21"},{"num":19,"categoryName":"Scott Wedman","name":"2_32_6_3"},{"num":17.5,"categoryName":"Phil Ford","name":"2_32_6_28"},{"num":14.9,"categoryName":"Reggie King","name":"2_32_6_34"},{"num":7.6,"categoryName":"Joe Meriweather","name":"2_32_6_39"},{"num":7.5,"categoryName":"Ernie Grunfeld","name":"2_32_6_36"},{"num":7.4,"categoryName":"Hawkeye Whitney","name":"2_32_6_40"},{"num":6.9,"categoryName":"Sam Lacey","name":"2_32_6_4"},{"num":6.4,"categoryName":"Jo Jo White","name":"2_32_6_41"},{"num":6,"categoryName":"Leon Douglas","name":"2_32_6_42"},{"num":3.8,"categoryName":"Frankie Sanders","name":"2_32_6_43"},{"num":3.6,"categoryName":"Gus Gerard","name":"2_32_6_33"},{"num":3.4,"categoryName":"John Lambert","name":"2_32_6_44"},{"num":3.4,"categoryName":"Lloyd Walton","name":"2_32_6_45"}],"name":"2_32_6_0"},{"num":112.3,"categoryName":"San_Antonio_Spurs","children":[{"num":27.1,"categoryName":"George Gervin","name":"2_32_12_1"},{"num":17.7,"categoryName":"James Silas","name":"2_32_12_2"},{"num":12.3,"categoryName":"Mark Olberding","name":"2_32_12_3"},{"num":10.5,"categoryName":"Dave Corzine","name":"2_32_12_4"},{"num":10.2,"categoryName":"Reggie Johnson","name":"2_32_12_5"},{"num":9.2,"categoryName":"Ron Brewer","name":"2_32_12_6"},{"num":7.5,"categoryName":"John Shumate","name":"2_32_12_7"},{"num":7.4,"categoryName":"Johnny Moore","name":"2_32_12_8"},{"num":7,"categoryName":"Kevin Restani","name":"2_32_12_9"},{"num":6.1,"categoryName":"Paul Griffin","name":"2_32_12_10"},{"num":5.7,"categoryName":"Michael Wiley","name":"2_32_12_11"},{"num":5.5,"categoryName":"Mike Gale","name":"2_32_12_12"},{"num":5,"categoryName":"George Johnson","name":"2_32_12_13"},{"num":4.7,"categoryName":"Gus Gerard","name":"2_32_12_14"}],"name":"2_32_12_0"},{"num":101.2,"categoryName":"Utah_Jazz","children":[{"num":30.7,"categoryName":"Adrian Dantley","name":"2_32_9_1"},{"num":20.6,"categoryName":"Darrell Griffith","name":"2_32_9_21"},{"num":9.5,"categoryName":"Ben Poquette","name":"2_32_9_8"},{"num":9,"categoryName":"Rickey Green","name":"2_32_9_22"},{"num":8.7,"categoryName":"Allan Bristow","name":"2_32_9_5"},{"num":8.4,"categoryName":"Billy McKinney","name":"2_32_9_23"},{"num":7.8,"categoryName":"Ron Boone","name":"2_32_9_4"},{"num":6.9,"categoryName":"Wayne Cooper","name":"2_32_9_24"},{"num":6.3,"categoryName":"Carl Nicks","name":"2_32_9_25"},{"num":5,"categoryName":"James Hardy","name":"2_32_9_13"},{"num":4.7,"categoryName":"Jeff Wilkins","name":"2_32_9_26"},{"num":3.8,"categoryName":"Jeff Judkins","name":"2_32_9_27"},{"num":3.8,"categoryName":"Mel Bennett","name":"2_32_9_28"},{"num":3.1,"categoryName":"Brett Vroman","name":"2_32_9_29"},{"num":1.8,"categoryName":"John Duren","name":"2_32_9_30"},{"num":1.3,"categoryName":"Dick Miller","name":"2_32_9_31"}],"name":"2_32_9_0"}],"name":"2_32_0_0","num":652},{"categoryName":"Pacific","children":[{"num":109.8,"categoryName":"Golden_State_Warriors","children":[{"num":24.1,"categoryName":"World B. Free","name":"2_33_6_50"},{"num":21.9,"categoryName":"Bernard King","name":"2_33_6_51"},{"num":18.9,"categoryName":"Joe Barry Carroll","name":"2_33_6_52"},{"num":16.1,"categoryName":"Purvis Short","name":"2_33_6_40"},{"num":9.6,"categoryName":"Larry Smith","name":"2_33_6_53"},{"num":9.1,"categoryName":"Joe Hassett","name":"2_33_6_54"},{"num":8.4,"categoryName":"John Lucas","name":"2_33_6_38"},{"num":6.5,"categoryName":"Sonny Parker","name":"2_33_6_30"},{"num":5.5,"categoryName":"Rudy White","name":"2_33_6_55"},{"num":4.1,"categoryName":"Lorenzo Romar","name":"2_33_6_56"},{"num":4,"categoryName":"Rickey Brown","name":"2_33_6_57"},{"num":3.2,"categoryName":"Phil Chenier","name":"2_33_6_58"},{"num":3.2,"categoryName":"Billy Reid","name":"2_33_6_59"},{"num":2.4,"categoryName":"Bill Mayfield","name":"2_33_6_60"},{"num":2.4,"categoryName":"Clifford Ray","name":"2_33_6_20"},{"num":0.4,"categoryName":"Tom Abernethy","name":"2_33_6_41"},{"num":0,"categoryName":"John Mengelt","name":"2_33_6_61"}],"name":"2_33_6_0"},{"num":111.2,"categoryName":"Los_Angeles_Lakers","children":[{"num":26.2,"categoryName":"K. Abdul-Jabbar","name":"2_33_1_35"},{"num":22.6,"categoryName":"Jamaal Wilkes","name":"2_33_1_57"},{"num":21.6,"categoryName":"Magic Johnson","name":"2_33_1_66"},{"num":17.1,"categoryName":"Norm Nixon","name":"2_33_1_56"},{"num":10.8,"categoryName":"Jim Chones","name":"2_33_1_67"},{"num":9.4,"categoryName":"Michael Cooper","name":"2_33_1_65"},{"num":5.7,"categoryName":"Mark Landsberger","name":"2_33_1_69"},{"num":5.6,"categoryName":"Butch Carter","name":"2_33_1_74"},{"num":5.1,"categoryName":"Eddie Jordan","name":"2_33_1_75"},{"num":3.2,"categoryName":"Brad Holland","name":"2_33_1_70"},{"num":2.8,"categoryName":"Jim Brewer","name":"2_33_1_76"},{"num":2.3,"categoryName":"Alan Hardy","name":"2_33_1_77"},{"num":1.7,"categoryName":"Myles Patrick","name":"2_33_1_78"},{"num":1,"categoryName":"Tony Jackson","name":"2_33_1_79"}],"name":"2_33_1_0"},{"num":110,"categoryName":"Phoenix_Suns","children":[{"num":18.8,"categoryName":"Truck Robinson","name":"2_33_8_45"},{"num":18.8,"categoryName":"Dennis Johnson","name":"2_33_8_52"},{"num":18,"categoryName":"Walter Davis","name":"2_33_8_39"},{"num":14.9,"categoryName":"Alvan Adams","name":"2_33_8_27"},{"num":8.5,"categoryName":"Jeff Cook","name":"2_33_8_50"},{"num":8.4,"categoryName":"Johnny High","name":"2_33_8_51"},{"num":8.1,"categoryName":"Kyle Macy","name":"2_33_8_53"},{"num":7,"categoryName":"Rich Kelley","name":"2_33_8_49"},{"num":5.4,"categoryName":"Alvin Scott","name":"2_33_8_41"},{"num":4.1,"categoryName":"Joel Kramer","name":"2_33_8_47"},{"num":2.6,"categoryName":"Mike Niles","name":"2_33_8_54"}],"name":"2_33_8_0"},{"num":110.7,"categoryName":"Portland_Trail_Blazers","children":[{"num":17.1,"categoryName":"Jim Paxson","name":"2_33_2_71"},{"num":17,"categoryName":"Mychal Thompson","name":"2_33_2_59"},{"num":15.2,"categoryName":"Kelvin Ransey","name":"2_33_2_73"},{"num":13.8,"categoryName":"Billy Ray Bates","name":"2_33_2_68"},{"num":13.4,"categoryName":"Calvin Natt","name":"2_33_2_66"},{"num":11.4,"categoryName":"Kermit Washington","name":"2_33_2_67"},{"num":10.6,"categoryName":"Tom Owens","name":"2_33_2_55"},{"num":7.8,"categoryName":"Bob Gross","name":"2_33_2_44"},{"num":7.5,"categoryName":"Ron Brewer","name":"2_33_2_60"},{"num":4.4,"categoryName":"Kevin Kunnert","name":"2_33_2_70"},{"num":4.3,"categoryName":"Mike Gale","name":"2_33_2_74"},{"num":3,"categoryName":"Roy Hamilton","name":"2_33_2_75"},{"num":2.7,"categoryName":"Mike Harper","name":"2_33_2_76"},{"num":1.5,"categoryName":"Geoff Crompton","name":"2_33_2_77"}],"name":"2_33_2_0"},{"num":106.5,"categoryName":"San_Diego_Clippers","children":[{"num":19.3,"categoryName":"Freeman Williams","name":"2_33_9_6"},{"num":16.8,"categoryName":"Phil Smith","name":"2_33_9_22"},{"num":15.6,"categoryName":"Swen Nater","name":"2_33_9_5"},{"num":14.7,"categoryName":"Michael Brooks","name":"2_33_9_23"},{"num":11.6,"categoryName":"Joe Bryant","name":"2_33_9_18"},{"num":10.1,"categoryName":"Brian Taylor","name":"2_33_9_10"},{"num":6.7,"categoryName":"Sidney Wicks","name":"2_33_9_7"},{"num":5.8,"categoryName":"Ron Davis","name":"2_33_9_24"},{"num":4.8,"categoryName":"Gar Heard","name":"2_33_9_25"},{"num":4.6,"categoryName":"Henry Bibby","name":"2_33_9_26"},{"num":4.1,"categoryName":"Jerome Whitehead","name":"2_33_9_13"},{"num":2.2,"categoryName":"Wally Rank","name":"2_33_9_27"},{"num":0.8,"categoryName":"Tony Price","name":"2_33_9_28"},{"num":0.7,"categoryName":"Stan Pietkiewicz","name":"2_33_9_14"}],"name":"2_33_9_0"},{"num":104,"categoryName":"Seattle_Supersonics","children":[{"num":18.7,"categoryName":"Jack Sikma","name":"2_33_5_53"},{"num":16.7,"categoryName":"Paul Westphal","name":"2_33_5_66"},{"num":15.5,"categoryName":"Fred Brown","name":"2_33_5_16"},{"num":14,"categoryName":"James Bailey","name":"2_33_5_64"},{"num":13,"categoryName":"Vinnie Johnson","name":"2_33_5_65"},{"num":13,"categoryName":"Lonnie Shelton","name":"2_33_5_59"},{"num":11.5,"categoryName":"John Johnson","name":"2_33_5_52"},{"num":8.4,"categoryName":"Wally Walker","name":"2_33_5_54"},{"num":5.4,"categoryName":"Bill Hanzlik","name":"2_33_5_67"},{"num":5.3,"categoryName":"James Donaldson","name":"2_33_5_68"},{"num":5,"categoryName":"Armond Hill","name":"2_33_5_69"},{"num":3.3,"categoryName":"Rudy White","name":"2_33_5_70"},{"num":2.2,"categoryName":"Dennis Awtrey","name":"2_33_5_63"},{"num":1.8,"categoryName":"Jacky Dorsey","name":"2_33_5_71"},{"num":1,"categoryName":"John Shumate","name":"2_33_5_72"}],"name":"2_33_5_0"}],"name":"2_33_0_0","num":652.2}],"name":"2_0_0_0","num":1304.2}],"num":2486.2}