{"year":1996,"name":"root","categoryName":"root","children":[{"categoryName":"Eastern","children":[{"categoryName":"Atlantic","children":[{"num":100.6,"categoryName":"Boston_Celtics","children":[{"num":17.5,"categoryName":"Antoine Walker","name":"1_14_1_143"},{"num":16.8,"categoryName":"David Wesley","name":"1_14_1_125"},{"num":15.4,"categoryName":"Rick Fox","name":"1_14_1_103"},{"num":15,"categoryName":"Eric Williams","name":"1_14_1_135"},{"num":14.5,"categoryName":"Todd Day","name":"1_14_1_134"},{"num":14,"categoryName":"Dino Radja","name":"1_14_1_116"},{"num":12.5,"categoryName":"Dana Barros","name":"1_14_1_133"},{"num":9.6,"categoryName":"Greg Minor","name":"1_14_1_129"},{"num":7.8,"categoryName":"Marty Conlon","name":"1_14_1_144"},{"num":7.6,"categoryName":"Dee Brown","name":"1_14_1_98"},{"num":4.8,"categoryName":"Frank Brickowski","name":"1_14_1_145"},{"num":2.8,"categoryName":"Michael Hawkins","name":"1_14_1_146"},{"num":2.5,"categoryName":"Pervis Ellison","name":"1_14_1_127"},{"num":2.4,"categoryName":"Nate Driggers","name":"1_14_1_147"},{"num":2.4,"categoryName":"Stacey King","name":"1_14_1_148"},{"num":2.2,"categoryName":"Brett Szabo","name":"1_14_1_149"},{"num":2.2,"categoryName":"Steve Hamer","name":"1_14_1_150"},{"num":1.6,"categoryName":"Alton Lister","name":"1_14_1_137"}],"name":"1_14_1_0"},{"num":94.8,"categoryName":"Miami_Heat","children":[{"num":20.3,"categoryName":"Tim Hardaway","name":"1_14_9_39"},{"num":19.8,"categoryName":"Alonzo Mourning","name":"1_14_9_38"},{"num":13.4,"categoryName":"Jamal Mashburn","name":"1_14_9_55"},{"num":12.3,"categoryName":"Voshon Lenard","name":"1_14_9_45"},{"num":11.3,"categoryName":"Sasha Danilovic","name":"1_14_9_42"},{"num":10.8,"categoryName":"Dan Majerle","name":"1_14_9_56"},{"num":9.7,"categoryName":"Isaac Austin","name":"1_14_9_57"},{"num":9.5,"categoryName":"P.J. Brown","name":"1_14_9_58"},{"num":6.3,"categoryName":"Kurt Thomas","name":"1_14_9_44"},{"num":4.9,"categoryName":"Keith Askins","name":"1_14_9_18"},{"num":4.8,"categoryName":"John Crotty","name":"1_14_9_59"},{"num":3.9,"categoryName":"Gary Grant","name":"1_14_9_60"},{"num":3,"categoryName":"Willie Anderson","name":"1_14_9_61"},{"num":2.4,"categoryName":"Ed Pinckney","name":"1_14_9_62"},{"num":2,"categoryName":"Mark Strickland","name":"1_14_9_63"},{"num":1.7,"categoryName":"Martin Muursepp","name":"1_14_9_64"},{"num":0.1,"categoryName":"James Scott","name":"1_14_9_65"},{"num":0,"categoryName":"Bruce Bowen","name":"1_14_9_66"},{"num":0,"categoryName":"Matt Fish","name":"1_14_9_67"}],"name":"1_14_9_0"},{"num":97.2,"categoryName":"New_Jersey_Nets","children":[{"num":21.8,"categoryName":"Kendall Gill","name":"1_14_6_144"},{"num":19.3,"categoryName":"Sam Cassell","name":"1_14_6_153"},{"num":17,"categoryName":"Chris Gatling","name":"1_14_6_154"},{"num":16.5,"categoryName":"Jim Jackson","name":"1_14_6_155"},{"num":16.4,"categoryName":"Kerry Kittles","name":"1_14_6_156"},{"num":15.9,"categoryName":"Robert Pack","name":"1_14_6_157"},{"num":13.4,"categoryName":"Jayson Williams","name":"1_14_6_126"},{"num":12,"categoryName":"Shawn Bradley","name":"1_14_6_145"},{"num":8.3,"categoryName":"Khalid Reeves","name":"1_14_6_149"},{"num":7.2,"categoryName":"Tony Massenburg","name":"1_14_6_158"},{"num":6.5,"categoryName":"Reggie Williams","name":"1_14_6_159"},{"num":5.9,"categoryName":"Kevin Edwards","name":"1_14_6_132"},{"num":5.6,"categoryName":"Xavier McDaniel","name":"1_14_6_160"},{"num":5.4,"categoryName":"Lloyd Daniels","name":"1_14_6_161"},{"num":5.1,"categoryName":"Eric Montross","name":"1_14_6_162"},{"num":4.2,"categoryName":"Ed O'Bannon","name":"1_14_6_147"},{"num":3,"categoryName":"Joe Kleine","name":"1_14_6_163"},{"num":2.6,"categoryName":"Evric Gray","name":"1_14_6_164"},{"num":2,"categoryName":"Jack Haley","name":"1_14_6_106"},{"num":1.6,"categoryName":"Adrian Caldwell","name":"1_14_6_165"},{"num":1.5,"categoryName":"Robert Werdann","name":"1_14_6_150"},{"num":1.4,"categoryName":"Yinka Dare","name":"1_14_6_143"},{"num":0,"categoryName":"Vincent Askew","name":"1_14_6_166"}],"name":"1_14_6_0"},{"num":95.4,"categoryName":"New_York_Knicks","children":[{"num":22.4,"categoryName":"Patrick Ewing","name":"1_14_3_90"},{"num":14.8,"categoryName":"Allan Houston","name":"1_14_3_153"},{"num":13.8,"categoryName":"John Starks","name":"1_14_3_120"},{"num":12.8,"categoryName":"Larry Johnson","name":"1_14_3_154"},{"num":10.8,"categoryName":"Charles Oakley","name":"1_14_3_112"},{"num":9.3,"categoryName":"Chris Childs","name":"1_14_3_155"},{"num":6.3,"categoryName":"Buck Williams","name":"1_14_3_156"},{"num":5.2,"categoryName":"Charlie Ward","name":"1_14_3_144"},{"num":4.8,"categoryName":"John Wallace","name":"1_14_3_157"},{"num":2,"categoryName":"Chris Jent","name":"1_14_3_158"},{"num":1.9,"categoryName":"Herb Williams","name":"1_14_3_137"},{"num":1.8,"categoryName":"Walter McCarty","name":"1_14_3_159"},{"num":1.5,"categoryName":"Scott Brooks","name":"1_14_3_160"}],"name":"1_14_3_0"},{"num":94.1,"categoryName":"Orlando_Magic","children":[{"num":20.5,"categoryName":"Penny Hardaway","name":"1_14_10_25"},{"num":17.3,"categoryName":"Rony Seikaly","name":"1_14_10_41"},{"num":12.6,"categoryName":"Horace Grant","name":"1_14_10_33"},{"num":12.5,"categoryName":"Dennis Scott","name":"1_14_10_1"},{"num":12,"categoryName":"Nick Anderson","name":"1_14_10_2"},{"num":12,"categoryName":"Donald Royal","name":"1_14_10_19"},{"num":10.6,"categoryName":"Gerald Wilkins","name":"1_14_10_42"},{"num":8.5,"categoryName":"Derek Strong","name":"1_14_10_43"},{"num":7.2,"categoryName":"Brian Shaw","name":"1_14_10_34"},{"num":6.1,"categoryName":"Darrell Armstrong","name":"1_14_10_35"},{"num":4,"categoryName":"Felton Spencer","name":"1_14_10_44"},{"num":3,"categoryName":"Danny Schayes","name":"1_14_10_45"},{"num":2.8,"categoryName":"Kenny Smith","name":"1_14_10_46"},{"num":2.3,"categoryName":"David Vaughn","name":"1_14_10_40"},{"num":1.6,"categoryName":"Amal McCaskill","name":"1_14_10_47"},{"num":1.4,"categoryName":"Brian Evans","name":"1_14_10_48"},{"num":1,"categoryName":"Dell Demps","name":"1_14_10_49"}],"name":"1_14_10_0"},{"num":100.2,"categoryName":"Philadelphia_76ers","children":[{"num":23.5,"categoryName":"Allen Iverson","name":"1_14_4_200"},{"num":20.7,"categoryName":"Jerry Stackhouse","name":"1_14_4_185"},{"num":18.1,"categoryName":"Derrick Coleman","name":"1_14_4_188"},{"num":12.2,"categoryName":"C. Weatherspoon","name":"1_14_4_157"},{"num":10.9,"categoryName":"Don MacLean","name":"1_14_4_201"},{"num":8.5,"categoryName":"Mark Davis","name":"1_14_4_202"},{"num":6.8,"categoryName":"Rex Walters","name":"1_14_4_195"},{"num":5.8,"categoryName":"Scott Williams","name":"1_14_4_176"},{"num":5.4,"categoryName":"Lucious Harris","name":"1_14_4_203"},{"num":3.6,"categoryName":"Doug Overton","name":"1_14_4_204"},{"num":3,"categoryName":"Joe Courtney","name":"1_14_4_205"},{"num":2.9,"categoryName":"Mark Hendrickson","name":"1_14_4_206"},{"num":2.9,"categoryName":"Frankie King","name":"1_14_4_207"},{"num":2.7,"categoryName":"Adrian Caldwell","name":"1_14_4_208"},{"num":1.8,"categoryName":"Michael Cage","name":"1_14_4_209"},{"num":1.6,"categoryName":"Mark Bradtke","name":"1_14_4_210"}],"name":"1_14_4_0"},{"num":99.4,"categoryName":"Washington_Bullets","children":[{"num":20.1,"categoryName":"Chris Webber","name":"1_14_7_116"},{"num":19.1,"categoryName":"Juwan Howard","name":"1_14_7_117"},{"num":17.2,"categoryName":"Rod Strickland","name":"1_14_7_132"},{"num":10.6,"categoryName":"Gheorghe Muresan","name":"1_14_7_109"},{"num":10.6,"categoryName":"Calbert Cheaney","name":"1_14_7_106"},{"num":10,"categoryName":"Tracy Murray","name":"1_14_7_133"},{"num":5.2,"categoryName":"Chris Whitney","name":"1_14_7_122"},{"num":5,"categoryName":"Jaren Jackson","name":"1_14_7_134"},{"num":4.1,"categoryName":"Harvey Grant","name":"1_14_7_80"},{"num":2.9,"categoryName":"Tim Legler","name":"1_14_7_120"},{"num":2.4,"categoryName":"Lorenzo Williams","name":"1_14_7_135"},{"num":2,"categoryName":"Gaylon Nickerson","name":"1_14_7_136"},{"num":1.3,"categoryName":"Ashraf Amaya","name":"1_14_7_137"},{"num":1.1,"categoryName":"Ben Wallace","name":"1_14_7_138"},{"num":0.4,"categoryName":"Matt Fish","name":"1_14_7_139"}],"name":"1_14_7_0"}],"name":"1_14_0_0","num":681.7},{"categoryName":"Central","children":[{"num":94.8,"categoryName":"Atlanta_Hawks","children":[{"num":20.1,"categoryName":"Steve Smith","name":"1_15_1_152"},{"num":18.1,"categoryName":"Christian Laettner","name":"1_15_1_161"},{"num":17.4,"categoryName":"Mookie Blaylock","name":"1_15_1_139"},{"num":13.3,"categoryName":"Dikembe Mutombo","name":"1_15_1_171"},{"num":9.5,"categoryName":"Tyrone Corbin","name":"1_15_1_155"},{"num":6.7,"categoryName":"Henry James","name":"1_15_1_172"},{"num":6.6,"categoryName":"Alan Henderson","name":"1_15_1_162"},{"num":6.2,"categoryName":"Willie Burton","name":"1_15_1_173"},{"num":5.7,"categoryName":"Eldridge Recasner","name":"1_15_1_174"},{"num":4.9,"categoryName":"Jon Barry","name":"1_15_1_175"},{"num":3.8,"categoryName":"Ken Norman","name":"1_15_1_153"},{"num":3.2,"categoryName":"Priest Lauderdale","name":"1_15_1_176"},{"num":0,"categoryName":"Darrin Hancock","name":"1_15_1_177"},{"num":2.5,"categoryName":"Donnie Boyce","name":"1_15_1_166"},{"num":1.4,"categoryName":"Ivano Newbill","name":"1_15_1_178"},{"num":0,"categoryName":"Anthony Miller","name":"1_15_1_179"},{"num":0,"categoryName":"Derrick Alston","name":"1_15_1_180"}],"name":"1_15_1_0"},{"num":98.9,"categoryName":"Charlotte_Hornets","children":[{"num":26.8,"categoryName":"Glen Rice","name":"1_15_15_49"},{"num":16.2,"categoryName":"Anthony Mason","name":"1_15_15_60"},{"num":14.8,"categoryName":"Dell Curry","name":"1_15_15_7"},{"num":12.6,"categoryName":"Vlade Divac","name":"1_15_15_61"},{"num":12,"categoryName":"Ricky Pierce","name":"1_15_15_62"},{"num":8.9,"categoryName":"Matt Geiger","name":"1_15_15_51"},{"num":8,"categoryName":"Muggsy Bogues","name":"1_15_15_10"},{"num":5.8,"categoryName":"Anthony Goldwire","name":"1_15_15_53"},{"num":5.4,"categoryName":"Tony Delk","name":"1_15_15_63"},{"num":5.4,"categoryName":"Scott Burrell","name":"1_15_15_37"},{"num":5,"categoryName":"Tony Smith","name":"1_15_15_64"},{"num":3.1,"categoryName":"Rafael Addison","name":"1_15_15_55"},{"num":3,"categoryName":"Malik Rose","name":"1_15_15_65"},{"num":2.8,"categoryName":"Donald Royal","name":"1_15_15_66"},{"num":2.5,"categoryName":"George Zidek","name":"1_15_15_54"},{"num":1.7,"categoryName":"Jamie Feick","name":"1_15_15_67"},{"num":1.6,"categoryName":"Tom Chambers","name":"1_15_15_68"},{"num":0,"categoryName":"Eric Leckner","name":"1_15_15_11"}],"name":"1_15_15_0"},{"num":103.1,"categoryName":"Chicago_Bulls","children":[{"num":29.6,"categoryName":"Michael Jordan","name":"1_15_12_32"},{"num":20.2,"categoryName":"Scottie Pippen","name":"1_15_12_60"},{"num":13.2,"categoryName":"Toni Kukoc","name":"1_15_12_90"},{"num":9.1,"categoryName":"Luc Longley","name":"1_15_12_92"},{"num":8.1,"categoryName":"Steve Kerr","name":"1_15_12_91"},{"num":7.3,"categoryName":"Jason Caffey","name":"1_15_12_103"},{"num":7,"categoryName":"Bison Dele","name":"1_15_12_106"},{"num":6.3,"categoryName":"Ron Harper","name":"1_15_12_96"},{"num":5.7,"categoryName":"Dennis Rodman","name":"1_15_12_101"},{"num":4.7,"categoryName":"Randy Brown","name":"1_15_12_104"},{"num":4.6,"categoryName":"Bill Wennington","name":"1_15_12_93"},{"num":3.7,"categoryName":"Robert Parish","name":"1_15_12_107"},{"num":1.9,"categoryName":"Dickey Simpkins","name":"1_15_12_100"},{"num":1.8,"categoryName":"Jud Buechler","name":"1_15_12_99"},{"num":1.5,"categoryName":"Matt Steigenga","name":"1_15_12_108"}],"name":"1_15_12_0"},{"num":87.5,"categoryName":"Cleveland_Cavaliers","children":[{"num":19.5,"categoryName":"Terrell Brandon","name":"1_15_4_150"},{"num":13.4,"categoryName":"Chris Mills","name":"1_15_4_157"},{"num":12.9,"categoryName":"Tyrone Hill","name":"1_15_4_156"},{"num":12.6,"categoryName":"Bobby Phills","name":"1_15_4_152"},{"num":10.6,"categoryName":"Danny Ferry","name":"1_15_4_144"},{"num":9.2,"categoryName":"Bob Sura","name":"1_15_4_170"},{"num":5.8,"categoryName":"Vitaly Potapenko","name":"1_15_4_178"},{"num":3.2,"categoryName":"Mark West","name":"1_15_4_109"},{"num":3.1,"categoryName":"Donny Marshall","name":"1_15_4_175"},{"num":2.7,"categoryName":"Antonio Lang","name":"1_15_4_173"},{"num":1.5,"categoryName":"Reggie Geary","name":"1_15_4_179"},{"num":1.3,"categoryName":"Shawnelle Scott","name":"1_15_4_180"},{"num":1.1,"categoryName":"Carl Thomas","name":"1_15_4_181"}],"name":"1_15_4_0"},{"num":94.2,"categoryName":"Detroit_Pistons","children":[{"num":21.4,"categoryName":"Grant Hill","name":"1_15_10_132"},{"num":14.7,"categoryName":"Joe Dumars","name":"1_15_10_75"},{"num":14.2,"categoryName":"Lindsey Hunter","name":"1_15_10_120"},{"num":13.1,"categoryName":"Otis Thorpe","name":"1_15_10_143"},{"num":10.8,"categoryName":"Terry Mills","name":"1_15_10_110"},{"num":6.3,"categoryName":"Aaron McKie","name":"1_15_10_149"},{"num":5.8,"categoryName":"Theo Ratliff","name":"1_15_10_145"},{"num":5,"categoryName":"Grant Long","name":"1_15_10_150"},{"num":4.5,"categoryName":"Stacey Augmon","name":"1_15_10_151"},{"num":3.9,"categoryName":"Michael Curry","name":"1_15_10_144"},{"num":2.8,"categoryName":"Don Reid","name":"1_15_10_146"},{"num":2.6,"categoryName":"Kenny Smith","name":"1_15_10_152"},{"num":2.5,"categoryName":"Rick Mahorn","name":"1_15_10_76"},{"num":2.5,"categoryName":"Randolph Childress","name":"1_15_10_153"},{"num":2,"categoryName":"Litterial Green","name":"1_15_10_154"},{"num":1.5,"categoryName":"Jerome Williams","name":"1_15_10_155"}],"name":"1_15_10_0"},{"num":95.4,"categoryName":"Indiana_Pacers","children":[{"num":21.6,"categoryName":"Reggie Miller","name":"1_15_11_67"},{"num":17.1,"categoryName":"Rik Smits","name":"1_15_11_73"},{"num":10.5,"categoryName":"Antonio Davis","name":"1_15_11_96"},{"num":10.4,"categoryName":"Dale Davis","name":"1_15_11_88"},{"num":9.9,"categoryName":"Travis Best","name":"1_15_11_108"},{"num":9,"categoryName":"Mark Jackson","name":"1_15_11_101"},{"num":8,"categoryName":"Derrick McKey","name":"1_15_11_94"},{"num":7.3,"categoryName":"Jalen Rose","name":"1_15_11_112"},{"num":6.4,"categoryName":"Duane Ferrell","name":"1_15_11_102"},{"num":5.7,"categoryName":"Vincent Askew","name":"1_15_11_113"},{"num":5.5,"categoryName":"Haywoode Workman","name":"1_15_11_97"},{"num":5.3,"categoryName":"Eddie Johnson","name":"1_15_11_107"},{"num":5.1,"categoryName":"Erick Dampier","name":"1_15_11_114"},{"num":4.8,"categoryName":"Fred Hoiberg","name":"1_15_11_111"},{"num":3.2,"categoryName":"Jerome Allen","name":"1_15_11_115"},{"num":3,"categoryName":"Darvin Ham","name":"1_15_11_116"},{"num":2.5,"categoryName":"Reggie Williams","name":"1_15_11_117"},{"num":1.2,"categoryName":"Brent Scott","name":"1_15_11_118"},{"num":0.3,"categoryName":"LaSalle Thompson","name":"1_15_11_72"}],"name":"1_15_11_0"},{"num":95.3,"categoryName":"Milwaukee_Bucks","children":[{"num":21.1,"categoryName":"Glenn Robinson","name":"1_15_13_111"},{"num":21,"categoryName":"Vin Baker","name":"1_15_13_105"},{"num":13.4,"categoryName":"Ray Allen","name":"1_15_13_125"},{"num":9.7,"categoryName":"Sherman Douglas","name":"1_15_13_119"},{"num":8.7,"categoryName":"Johnny Newman","name":"1_15_13_113"},{"num":8.6,"categoryName":"Armen Gilliam","name":"1_15_13_126"},{"num":6.9,"categoryName":"Elliot Perry","name":"1_15_13_127"},{"num":5.3,"categoryName":"Andrew Lang","name":"1_15_13_128"},{"num":2.9,"categoryName":"Acie Earl","name":"1_15_13_129"},{"num":2.8,"categoryName":"Chucky Brown","name":"1_15_13_130"},{"num":1.7,"categoryName":"Joe Wolf","name":"1_15_13_131"},{"num":1.4,"categoryName":"Shawn Respert","name":"1_15_13_121"},{"num":1.4,"categoryName":"Keith Tower","name":"1_15_13_132"},{"num":1.3,"categoryName":"Jimmy Carruth","name":"1_15_13_133"},{"num":1.2,"categoryName":"David Wood","name":"1_15_13_134"},{"num":0.4,"categoryName":"Darrin Hancock","name":"1_15_13_135"},{"num":0,"categoryName":"Cuonzo Martin","name":"1_15_13_136"}],"name":"1_15_13_0"},{"num":95.5,"categoryName":"Toronto_Raptors","children":[{"num":20.2,"categoryName":"Damon Stoudamire","name":"1_15_16_1"},{"num":16.4,"categoryName":"Walt Williams","name":"1_15_16_20"},{"num":14.8,"categoryName":"Marcus Camby","name":"1_15_16_21"},{"num":14.5,"categoryName":"Doug Christie","name":"1_15_16_7"},{"num":9.8,"categoryName":"Carlos Rogers","name":"1_15_16_9"},{"num":7.8,"categoryName":"Reggie Slater","name":"1_15_16_22"},{"num":7.8,"categoryName":"Popeye Jones","name":"1_15_16_23"},{"num":6.5,"categoryName":"Sharone Wright","name":"1_15_16_2"},{"num":6.5,"categoryName":"Zan Tabak","name":"1_15_16_10"},{"num":6,"categoryName":"Oliver Miller","name":"1_15_16_4"},{"num":5.6,"categoryName":"Shawn Respert","name":"1_15_16_24"},{"num":5,"categoryName":"Hubert Davis","name":"1_15_16_25"},{"num":4.6,"categoryName":"Clifford Rozier","name":"1_15_16_26"},{"num":4.3,"categoryName":"Acie Earl","name":"1_15_16_11"},{"num":4,"categoryName":"John Long","name":"1_15_16_27"},{"num":3.3,"categoryName":"Benoit Benjamin","name":"1_15_16_28"},{"num":2.8,"categoryName":"Jimmy Oliver","name":"1_15_16_29"},{"num":2.2,"categoryName":"Donald Whiteside","name":"1_15_16_30"},{"num":1.7,"categoryName":"Brad Lohaus","name":"1_15_16_31"},{"num":1.6,"categoryName":"Martin Lewis","name":"1_15_16_17"},{"num":0.8,"categoryName":"Earl Cureton","name":"1_15_16_32"}],"name":"1_15_16_0"}],"name":"1_15_0_0","num":764.6999999999999}],"name":"1_0_0_0","num":1446.4},{"categoryName":"Western","children":[{"categoryName":"Midwest","children":[{"num":90.6,"categoryName":"Dallas_Mavericks","children":[{"num":19.1,"categoryName":"Chris Gatling","name":"2_32_10_102"},{"num":16.6,"categoryName":"Sasha Danilovic","name":"2_32_10_103"},{"num":16,"categoryName":"Michael Finley","name":"2_32_10_104"},{"num":15.5,"categoryName":"Jim Jackson","name":"2_32_10_77"},{"num":14.6,"categoryName":"Shawn Bradley","name":"2_32_10_105"},{"num":13.7,"categoryName":"George McCloud","name":"2_32_10_95"},{"num":12.3,"categoryName":"Sam Cassell","name":"2_32_10_106"},{"num":11.5,"categoryName":"Robert Pack","name":"2_32_10_107"},{"num":10.6,"categoryName":"Jamal Mashburn","name":"2_32_10_86"},{"num":10.6,"categoryName":"Erick Strickland","name":"2_32_10_108"},{"num":10,"categoryName":"Derek Harper","name":"2_32_10_34"},{"num":9.9,"categoryName":"Jason Kidd","name":"2_32_10_94"},{"num":7.9,"categoryName":"A.C. Green","name":"2_32_10_109"},{"num":7.8,"categoryName":"Khalid Reeves","name":"2_32_10_110"},{"num":5,"categoryName":"Samaki Walker","name":"2_32_10_111"},{"num":4.5,"categoryName":"Jamie Watson","name":"2_32_10_112"},{"num":4.3,"categoryName":"Martin Muursepp","name":"2_32_10_113"},{"num":4.3,"categoryName":"Oliver Miller","name":"2_32_10_114"},{"num":4.1,"categoryName":"Loren Meyer","name":"2_32_10_98"},{"num":4,"categoryName":"Tony Dumas","name":"2_32_10_97"},{"num":3.9,"categoryName":"Eric Montross","name":"2_32_10_115"},{"num":2.4,"categoryName":"Ed O'Bannon","name":"2_32_10_116"},{"num":2,"categoryName":"Greg Dreiling","name":"2_32_10_93"},{"num":2,"categoryName":"Stacey King","name":"2_32_10_117"},{"num":1.8,"categoryName":"Fred Roberts","name":"2_32_10_118"},{"num":1.8,"categoryName":"Stevin Smith","name":"2_32_10_119"},{"num":1,"categoryName":"Jason Sasser","name":"2_32_10_120"}],"name":"2_32_10_0"},{"num":97.8,"categoryName":"Denver_Nuggets","children":[{"num":21.9,"categoryName":"LaPhonso Ellis","name":"2_32_7_107"},{"num":18.3,"categoryName":"Antonio McDyess","name":"2_32_7_125"},{"num":16.6,"categoryName":"Dale Ellis","name":"2_32_7_119"},{"num":14.9,"categoryName":"Bryant Stith","name":"2_32_7_109"},{"num":10.4,"categoryName":"Mark Jackson","name":"2_32_7_132"},{"num":10.2,"categoryName":"Ricky Pierce","name":"2_32_7_133"},{"num":7.9,"categoryName":"Kenny Smith","name":"2_32_7_134"},{"num":7.3,"categoryName":"Anthony Goldwire","name":"2_32_7_135"},{"num":7.1,"categoryName":"Ervin Johnson","name":"2_32_7_136"},{"num":6.8,"categoryName":"Brooks Thompson","name":"2_32_7_137"},{"num":6.8,"categoryName":"S. Marciulionis","name":"2_32_7_138"},{"num":6.2,"categoryName":"Tom Hammonds","name":"2_32_7_110"},{"num":6,"categoryName":"Vincent Askew","name":"2_32_7_139"},{"num":6,"categoryName":"Aaron Williams","name":"2_32_7_140"},{"num":5,"categoryName":"Jeff McInnis","name":"2_32_7_141"},{"num":3.8,"categoryName":"Eric Murdock","name":"2_32_7_142"},{"num":3.3,"categoryName":"George Zidek","name":"2_32_7_143"},{"num":3,"categoryName":"Jimmy King","name":"2_32_7_144"},{"num":2.6,"categoryName":"Jerome Allen","name":"2_32_7_145"},{"num":2.4,"categoryName":"Elmer Bennett","name":"2_32_7_146"},{"num":2.3,"categoryName":"Darvin Ham","name":"2_32_7_147"},{"num":1,"categoryName":"Melvin Booker","name":"2_32_7_148"},{"num":0.4,"categoryName":"LaSalle Thompson","name":"2_32_7_149"}],"name":"2_32_7_0"},{"num":100.6,"categoryName":"Houston_Rockets","children":[{"num":23.2,"categoryName":"Hakeem Olajuwon","name":"2_32_11_29"},{"num":19.2,"categoryName":"Charles Barkley","name":"2_32_11_100"},{"num":18,"categoryName":"Clyde Drexler","name":"2_32_11_85"},{"num":11.7,"categoryName":"Mario Elie","name":"2_32_11_79"},{"num":11.5,"categoryName":"Eddie Johnson","name":"2_32_11_101"},{"num":11.2,"categoryName":"Kevin Willis","name":"2_32_11_102"},{"num":9.4,"categoryName":"Matt Maloney","name":"2_32_11_103"},{"num":5.6,"categoryName":"Sam Mack","name":"2_32_11_93"},{"num":5,"categoryName":"Brent Price","name":"2_32_11_104"},{"num":5,"categoryName":"Emanual Davis","name":"2_32_11_105"},{"num":4.8,"categoryName":"Othella Harrington","name":"2_32_11_106"},{"num":4.5,"categoryName":"Matt Bullard","name":"2_32_11_67"},{"num":3.9,"categoryName":"Randy Livingston","name":"2_32_11_107"},{"num":3.7,"categoryName":"Tracy Moore","name":"2_32_11_92"},{"num":3.3,"categoryName":"Sedale Threatt","name":"2_32_11_108"},{"num":2.5,"categoryName":"Elmer Bennett","name":"2_32_11_109"},{"num":1.5,"categoryName":"Joe Stephens","name":"2_32_11_110"},{"num":0.3,"categoryName":"Charles Jones","name":"2_32_11_91"}],"name":"2_32_11_0"},{"num":96.1,"categoryName":"Minnesota_Timberwolves","children":[{"num":20.6,"categoryName":"Tom Gugliotta","name":"2_32_16_44"},{"num":17,"categoryName":"Kevin Garnett","name":"2_32_16_54"},{"num":15.8,"categoryName":"Stephon Marbury","name":"2_32_16_63"},{"num":9.3,"categoryName":"Sam Mitchell","name":"2_32_16_3"},{"num":8.3,"categoryName":"James Robinson","name":"2_32_16_64"},{"num":8,"categoryName":"Dean Garrett","name":"2_32_16_65"},{"num":7.8,"categoryName":"Doug West","name":"2_32_16_12"},{"num":6.9,"categoryName":"Terry Porter","name":"2_32_16_55"},{"num":6.1,"categoryName":"Chris Carr","name":"2_32_16_66"},{"num":3.4,"categoryName":"Stojko Vrankovic","name":"2_32_16_67"},{"num":3.3,"categoryName":"Cherokee Parks","name":"2_32_16_68"},{"num":2,"categoryName":"Reggie Jordan","name":"2_32_16_69"},{"num":1.7,"categoryName":"Shane Heal","name":"2_32_16_70"}],"name":"2_32_16_0"},{"num":90.5,"categoryName":"San_Antonio_Spurs","children":[{"num":18.2,"categoryName":"Dominique Wilkins","name":"2_32_12_158"},{"num":17.7,"categoryName":"David Robinson","name":"2_32_12_100"},{"num":14.9,"categoryName":"Sean Elliott","name":"2_32_12_104"},{"num":12.9,"categoryName":"Vernon Maxwell","name":"2_32_12_85"},{"num":12.3,"categoryName":"Vinny Del Negro","name":"2_32_12_133"},{"num":10.5,"categoryName":"Avery Johnson","name":"2_32_12_114"},{"num":9,"categoryName":"Monty Williams","name":"2_32_12_155"},{"num":8.7,"categoryName":"Will Perdue","name":"2_32_12_152"},{"num":8,"categoryName":"Carl Herrera","name":"2_32_12_157"},{"num":7.2,"categoryName":"Cory Alexander","name":"2_32_12_156"},{"num":4.6,"categoryName":"Charles Smith","name":"2_32_12_151"},{"num":4.3,"categoryName":"Gaylon Nickerson","name":"2_32_12_159"},{"num":4,"categoryName":"Darrin Hancock","name":"2_32_12_160"},{"num":3.9,"categoryName":"Greg Anderson","name":"2_32_12_74"},{"num":3.8,"categoryName":"Jamie Feick","name":"2_32_12_161"},{"num":3.7,"categoryName":"Stephen Howard","name":"2_32_12_162"},{"num":3.3,"categoryName":"Devin Gray","name":"2_32_12_163"},{"num":2.8,"categoryName":"Jason Sasser","name":"2_32_12_164"},{"num":2.6,"categoryName":"Joe Courtney","name":"2_32_12_165"},{"num":0.4,"categoryName":"Tim Kempton","name":"2_32_12_166"}],"name":"2_32_12_0"},{"num":103.1,"categoryName":"Utah_Jazz","children":[{"num":27.4,"categoryName":"Karl Malone","name":"2_32_9_51"},{"num":14.5,"categoryName":"Jeff Hornacek","name":"2_32_9_95"},{"num":14.4,"categoryName":"John Stockton","name":"2_32_9_48"},{"num":10.8,"categoryName":"Bryon Russell","name":"2_32_9_98"},{"num":7.4,"categoryName":"Antoine Carr","name":"2_32_9_106"},{"num":7.3,"categoryName":"Greg Ostertag","name":"2_32_9_112"},{"num":5.9,"categoryName":"Shandon Anderson","name":"2_32_9_113"},{"num":4.5,"categoryName":"Howard Eisley","name":"2_32_9_110"},{"num":4.3,"categoryName":"Chris Morris","name":"2_32_9_109"},{"num":4,"categoryName":"Ruben Nembhard","name":"2_32_9_114"},{"num":3.8,"categoryName":"Adam Keefe","name":"2_32_9_107"},{"num":3.6,"categoryName":"Stephen Howard","name":"2_32_9_93"},{"num":3.5,"categoryName":"Greg Foster","name":"2_32_9_111"},{"num":2.5,"categoryName":"Jamie Watson","name":"2_32_9_108"},{"num":0,"categoryName":"Brooks Thompson","name":"2_32_9_115"}],"name":"2_32_9_0"},{"num":89.2,"categoryName":"Vancouver_Grizzlies","children":[{"num":18.7,"categoryName":"S. Abdur-Rahim","name":"2_32_18_19"},{"num":16.2,"categoryName":"Bryant Reeves","name":"2_32_18_3"},{"num":14.5,"categoryName":"Anthony Peeler","name":"2_32_18_20"},{"num":9.5,"categoryName":"Greg Anthony","name":"2_32_18_1"},{"num":8.3,"categoryName":"George Lynch","name":"2_32_18_21"},{"num":7.8,"categoryName":"Blue Edwards","name":"2_32_18_4"},{"num":6.7,"categoryName":"Lawrence Moten","name":"2_32_18_11"},{"num":6.6,"categoryName":"Roy Rogers","name":"2_32_18_22"},{"num":6.2,"categoryName":"Aaron Williams","name":"2_32_18_23"},{"num":5.1,"categoryName":"Lee Mayberry","name":"2_32_18_24"},{"num":4.6,"categoryName":"Chris Robinson","name":"2_32_18_25"},{"num":3.4,"categoryName":"Pete Chilcutt","name":"2_32_18_26"},{"num":2.8,"categoryName":"Rich Manning","name":"2_32_18_16"},{"num":2.6,"categoryName":"Eric Mobley","name":"2_32_18_15"},{"num":1.8,"categoryName":"Eric Leckner","name":"2_32_18_27"},{"num":1.5,"categoryName":"Moochie Norris","name":"2_32_18_28"}],"name":"2_32_18_0"}],"name":"2_32_0_0","num":667.9000000000001},{"categoryName":"Pacific","children":[{"num":99.6,"categoryName":"Golden_State_Warriors","children":[{"num":24.2,"categoryName":"Latrell Sprewell","name":"2_33_6_146"},{"num":18.7,"categoryName":"Joe Smith","name":"2_33_6_173"},{"num":14.5,"categoryName":"Chris Mullin","name":"2_33_6_87"},{"num":11.3,"categoryName":"Mark Price","name":"2_33_6_182"},{"num":7.9,"categoryName":"B.J. Armstrong","name":"2_33_6_174"},{"num":7.3,"categoryName":"Melvin Booker","name":"2_33_6_183"},{"num":7.3,"categoryName":"Donyell Marshall","name":"2_33_6_163"},{"num":6.1,"categoryName":"Bimbo Coles","name":"2_33_6_176"},{"num":5.3,"categoryName":"Andrew DeClercq","name":"2_33_6_179"},{"num":5.1,"categoryName":"Felton Spencer","name":"2_33_6_184"},{"num":4.9,"categoryName":"Scott Burrell","name":"2_33_6_185"},{"num":4.1,"categoryName":"Todd Fuller","name":"2_33_6_186"},{"num":3.8,"categoryName":"Donald Royal","name":"2_33_6_187"},{"num":3.1,"categoryName":"Ray Owes","name":"2_33_6_188"},{"num":2.4,"categoryName":"Lou Roe","name":"2_33_6_189"},{"num":0,"categoryName":"Clifford Rozier","name":"2_33_6_170"}],"name":"2_33_6_0"},{"num":97.2,"categoryName":"Los_Angeles_Clippers","children":[{"num":14.9,"categoryName":"Loy Vaught","name":"2_33_10_69"},{"num":13.5,"categoryName":"Malik Sealy","name":"2_33_10_100"},{"num":13.2,"categoryName":"Rodney Rogers","name":"2_33_10_108"},{"num":10.9,"categoryName":"Darrick Martin","name":"2_33_10_113"},{"num":9.5,"categoryName":"Stanley Roberts","name":"2_33_10_82"},{"num":7.6,"categoryName":"Bo Outlaw","name":"2_33_10_94"},{"num":7.5,"categoryName":"Brent Barry","name":"2_33_10_109"},{"num":7.4,"categoryName":"Lamond Murray","name":"2_33_10_99"},{"num":7.3,"categoryName":"Lorenzen Wright","name":"2_33_10_114"},{"num":6.4,"categoryName":"Terry Dehere","name":"2_33_10_95"},{"num":6,"categoryName":"Eric Piatkowski","name":"2_33_10_103"},{"num":5.6,"categoryName":"Pooh Richardson","name":"2_33_10_101"},{"num":4,"categoryName":"Kevin Duckworth","name":"2_33_10_115"},{"num":3.1,"categoryName":"Rich Manning","name":"2_33_10_116"},{"num":2.3,"categoryName":"Dwayne Schintzius","name":"2_33_10_117"}],"name":"2_33_10_0"},{"num":100,"categoryName":"Los_Angeles_Lakers","children":[{"num":26.2,"categoryName":"Shaquille O'Neal","name":"2_33_1_157"},{"num":17.2,"categoryName":"Eddie Jones","name":"2_33_1_148"},{"num":15.3,"categoryName":"Nick Van Exel","name":"2_33_1_140"},{"num":14.9,"categoryName":"Elden Campbell","name":"2_33_1_125"},{"num":10.8,"categoryName":"Cedric Ceballos","name":"2_33_1_147"},{"num":9.2,"categoryName":"Robert Horry","name":"2_33_1_158"},{"num":7.6,"categoryName":"Kobe Bryant","name":"2_33_1_159"},{"num":6.8,"categoryName":"Jerome Kersey","name":"2_33_1_160"},{"num":6.7,"categoryName":"Byron Scott","name":"2_33_1_91"},{"num":4.8,"categoryName":"Travis Knight","name":"2_33_1_161"},{"num":4.2,"categoryName":"Corie Blount","name":"2_33_1_155"},{"num":4.1,"categoryName":"George McCloud","name":"2_33_1_162"},{"num":3.9,"categoryName":"Derek Fisher","name":"2_33_1_163"},{"num":3.8,"categoryName":"Sean Rooks","name":"2_33_1_164"},{"num":3,"categoryName":"Rumeal Robinson","name":"2_33_1_165"},{"num":1,"categoryName":"Larry Krystkowiak","name":"2_33_1_166"},{"num":0.8,"categoryName":"Joe Kleine","name":"2_33_1_167"}],"name":"2_33_1_0"},{"num":102.8,"categoryName":"Phoenix_Suns","children":[{"num":20.1,"categoryName":"Kevin Johnson","name":"2_33_8_84"},{"num":15.3,"categoryName":"Cedric Ceballos","name":"2_33_8_108"},{"num":14.8,"categoryName":"Sam Cassell","name":"2_33_8_144"},{"num":13.8,"categoryName":"Rex Chapman","name":"2_33_8_145"},{"num":13.5,"categoryName":"Danny Manning","name":"2_33_8_128"},{"num":13.5,"categoryName":"Wesley Person","name":"2_33_8_129"},{"num":13,"categoryName":"Michael Finley","name":"2_33_8_135"},{"num":11.6,"categoryName":"Jason Kidd","name":"2_33_8_146"},{"num":9.3,"categoryName":"Mark Bryant","name":"2_33_8_147"},{"num":8,"categoryName":"Hot Rod Williams","name":"2_33_8_136"},{"num":6.9,"categoryName":"Robert Horry","name":"2_33_8_148"},{"num":6.5,"categoryName":"Wayman Tisdale","name":"2_33_8_130"},{"num":5.7,"categoryName":"A.C. Green","name":"2_33_8_121"},{"num":5.4,"categoryName":"Loren Meyer","name":"2_33_8_149"},{"num":3.4,"categoryName":"Chucky Brown","name":"2_33_8_150"},{"num":3.4,"categoryName":"Joe Kleine","name":"2_33_8_123"},{"num":3.3,"categoryName":"Steve Nash","name":"2_33_8_151"},{"num":3,"categoryName":"Rumeal Robinson","name":"2_33_8_152"},{"num":2.7,"categoryName":"Mike Brown","name":"2_33_8_153"},{"num":2.4,"categoryName":"Dexter Boney","name":"2_33_8_154"},{"num":2.3,"categoryName":"Tony Dumas","name":"2_33_8_155"},{"num":1.7,"categoryName":"H. Llamas Grey","name":"2_33_8_156"},{"num":1.5,"categoryName":"Ben Davis","name":"2_33_8_157"}],"name":"2_33_8_0"},{"num":99,"categoryName":"Portland_Trail_Blazers","children":[{"num":17.5,"categoryName":"Kenny Anderson","name":"2_33_2_164"},{"num":16.1,"categoryName":"Isaiah Rider","name":"2_33_2_165"},{"num":15.1,"categoryName":"Rasheed Wallace","name":"2_33_2_166"},{"num":15.1,"categoryName":"Clifford Robinson","name":"2_33_2_128"},{"num":13.4,"categoryName":"Arvydas Sabonis","name":"2_33_2_156"},{"num":10.8,"categoryName":"Gary Trent","name":"2_33_2_157"},{"num":4.7,"categoryName":"Stacey Augmon","name":"2_33_2_167"},{"num":4.5,"categoryName":"Dontonio Wingfield","name":"2_33_2_159"},{"num":4.1,"categoryName":"Aaron McKie","name":"2_33_2_152"},{"num":4.1,"categoryName":"Jermaine O'Neal","name":"2_33_2_168"},{"num":4,"categoryName":"Ruben Nembhard","name":"2_33_2_169"},{"num":3.9,"categoryName":"Chris Dudley","name":"2_33_2_149"},{"num":3.9,"categoryName":"Marcus Brown","name":"2_33_2_170"},{"num":3.5,"categoryName":"Rumeal Robinson","name":"2_33_2_158"},{"num":3.1,"categoryName":"A. Djordjevic","name":"2_33_2_171"},{"num":3,"categoryName":"Mitchell Butler","name":"2_33_2_172"},{"num":2.2,"categoryName":"Reggie Jordan","name":"2_33_2_173"},{"num":1.5,"categoryName":"Randolph Childress","name":"2_33_2_160"},{"num":1.3,"categoryName":"Ennis Whatley","name":"2_33_2_137"}],"name":"2_33_2_0"},{"num":96.4,"categoryName":"Sacramento_Kings","children":[{"num":25.9,"categoryName":"Mitch Richmond","name":"2_33_11_41"},{"num":13.7,"categoryName":"Mahmoud Abdul-Rauf","name":"2_33_11_79"},{"num":12.5,"categoryName":"Olden Polynice","name":"2_33_11_58"},{"num":11.6,"categoryName":"Corliss Williamson","name":"2_33_11_75"},{"num":11,"categoryName":"Billy Owens","name":"2_33_11_73"},{"num":10.5,"categoryName":"Brian Grant","name":"2_33_11_66"},{"num":6.9,"categoryName":"Tyus Edney","name":"2_33_11_72"},{"num":6.6,"categoryName":"Michael Smith","name":"2_33_11_67"},{"num":5,"categoryName":"Kevin Gamble","name":"2_33_11_76"},{"num":3.6,"categoryName":"Jeff Grayer","name":"2_33_11_80"},{"num":3.4,"categoryName":"Lionel Simmons","name":"2_33_11_26"},{"num":2.9,"categoryName":"Bobby Hurley","name":"2_33_11_60"},{"num":2.7,"categoryName":"Devin Gray","name":"2_33_11_81"},{"num":2.6,"categoryName":"Duane Causwell","name":"2_33_11_31"},{"num":1.6,"categoryName":"Kevin Salvadori","name":"2_33_11_82"},{"num":1.2,"categoryName":"Lloyd Daniels","name":"2_33_11_83"}],"name":"2_33_11_0"},{"num":100.9,"categoryName":"Seattle_Supersonics","children":[{"num":21.8,"categoryName":"Gary Payton","name":"2_33_5_133"},{"num":18.7,"categoryName":"Shawn Kemp","name":"2_33_5_126"},{"num":16.8,"categoryName":"Detlef Schrempf","name":"2_33_5_143"},{"num":13.9,"categoryName":"Hersey Hawkins","name":"2_33_5_152"},{"num":11,"categoryName":"Sam Perkins","name":"2_33_5_139"},{"num":8.2,"categoryName":"Terry Cummings","name":"2_33_5_156"},{"num":4.6,"categoryName":"Nate McMillan","name":"2_33_5_108"},{"num":4.3,"categoryName":"Larry Stewart","name":"2_33_5_157"},{"num":3.8,"categoryName":"Jim McIlvaine","name":"2_33_5_158"},{"num":3.6,"categoryName":"David Wingate","name":"2_33_5_153"},{"num":3.5,"categoryName":"Craig Ehlo","name":"2_33_5_159"},{"num":3.3,"categoryName":"Greg Graham","name":"2_33_5_160"},{"num":3,"categoryName":"Eric Snow","name":"2_33_5_155"},{"num":2.5,"categoryName":"Antonio Harvey","name":"2_33_5_161"},{"num":1.9,"categoryName":"Steve Scheffler","name":"2_33_5_142"},{"num":0,"categoryName":"Elmore Spencer","name":"2_33_5_162"}],"name":"2_33_5_0"}],"name":"2_33_0_0","num":695.9}],"name":"2_0_0_0","num":1363.8000000000002}],"num":2810.2000000000003}