{"year":1963,"name":"root","categoryName":"root","children":[{"categoryName":"Eastern","children":[{"num":113,"categoryName":"Boston_Celtics","children":[{"num":19.9,"categoryName":"John Havlicek","name":"1_1_103_0"},{"num":19.4,"categoryName":"Sam Jones","name":"1_1_93_0"},{"num":16.5,"categoryName":"Tom Heinsohn","name":"1_1_89_0"},{"num":15,"categoryName":"Bill Russell","name":"1_1_90_0"},{"num":11.4,"categoryName":"Tom Sanders","name":"1_1_99_0"},{"num":9.8,"categoryName":"Willie Naulls","name":"1_1_107_0"},{"num":8.6,"categoryName":"Frank Ramsey","name":"1_1_80_0"},{"num":8.2,"categoryName":"K.C. Jones","name":"1_1_95_0"},{"num":6.7,"categoryName":"Clyde Lovellette","name":"1_1_104_0"},{"num":3.3,"categoryName":"Larry Siegfried","name":"1_1_108_0"},{"num":2.5,"categoryName":"Jim Loscutoff","name":"1_1_86_0"},{"num":1.3,"categoryName":"Johnny McCarthy","name":"1_1_109_0"}],"name":"1_1_0_0"},{"num":114.7,"categoryName":"Cincinnati_Royals","children":[{"num":31.4,"categoryName":"Oscar Robertson","name":"1_9_1_0"},{"num":17.7,"categoryName":"Jerry Lucas","name":"1_9_13_0"},{"num":17.3,"categoryName":"Wayne Embry","name":"1_9_3_0"},{"num":15.9,"categoryName":"Jack Twyman","name":"1_9_2_0"},{"num":11,"categoryName":"Bob Boozer","name":"1_9_4_0"},{"num":9.4,"categoryName":"Adrian Smith","name":"1_9_7_0"},{"num":8.6,"categoryName":"Tom Hawkins","name":"1_9_6_0"},{"num":8.3,"categoryName":"Bucky Bockhorn","name":"1_9_5_0"},{"num":4.1,"categoryName":"Bud Olsen","name":"1_9_10_0"},{"num":4,"categoryName":"Larry Staverman","name":"1_9_14_0"},{"num":3.8,"categoryName":"Jay Arnette","name":"1_9_15_0"},{"num":2.8,"categoryName":"Tom Thacker","name":"1_9_16_0"}],"name":"1_9_0_0"},{"num":112.2,"categoryName":"New_York_Knicks","children":[{"num":17.5,"categoryName":"Bob Boozer","name":"1_2_116_0"},{"num":17.3,"categoryName":"Len Chappell","name":"1_2_117_0"},{"num":16,"categoryName":"Bill McGill","name":"1_2_118_0"},{"num":15.4,"categoryName":"Art Heyman","name":"1_2_119_0"},{"num":14.5,"categoryName":"Johnny Green","name":"1_2_93_0"},{"num":14.1,"categoryName":"Johnny Egan","name":"1_2_120_0"},{"num":13,"categoryName":"Richie Guerin","name":"1_2_73_0"},{"num":9.1,"categoryName":"Tom Gola","name":"1_2_109_0"},{"num":8.7,"categoryName":"Al Butler","name":"1_2_100_0"},{"num":7.6,"categoryName":"John Rudometkin","name":"1_2_113_0"},{"num":5.8,"categoryName":"Jerry Harkness","name":"1_2_121_0"},{"num":4.9,"categoryName":"Bevo Nordmann","name":"1_2_110_0"},{"num":4.8,"categoryName":"Tom Hoover","name":"1_2_122_0"},{"num":4.7,"categoryName":"Dave Budd","name":"1_2_96_0"},{"num":4.5,"categoryName":"Donnie Butcher","name":"1_2_105_0"},{"num":4.2,"categoryName":"Gene Conley","name":"1_2_111_0"},{"num":4,"categoryName":"Bob Duffy","name":"1_2_123_0"},{"num":3.2,"categoryName":"Paul Hogue","name":"1_2_112_0"}],"name":"1_2_0_0"},{"num":112.2,"categoryName":"Philadelphia_76ers","children":[{"num":23.3,"categoryName":"Hal Greer","name":"1_10_1_0"},{"num":17.3,"categoryName":"Chet Walker","name":"1_10_2_0"},{"num":16.8,"categoryName":"Red Kerr","name":"1_10_3_0"},{"num":13.1,"categoryName":"Lee Shaffer","name":"1_10_4_0"},{"num":11.8,"categoryName":"Larry Costello","name":"1_10_5_0"},{"num":11.6,"categoryName":"Paul Neumann","name":"1_10_6_0"},{"num":11,"categoryName":"Dave Gambee","name":"1_10_7_0"},{"num":8.2,"categoryName":"Ben Warley","name":"1_10_8_0"},{"num":8,"categoryName":"Al Bianchi","name":"1_10_9_0"},{"num":6.5,"categoryName":"Connie Dierking","name":"1_10_10_0"},{"num":5.6,"categoryName":"Dolph Schayes","name":"1_10_11_0"},{"num":4.9,"categoryName":"Jerry Greenspan","name":"1_10_12_0"},{"num":3.4,"categoryName":"Hubie White","name":"1_10_13_0"},{"num":1,"categoryName":"Len Chappell","name":"1_10_14_0"}],"name":"1_10_0_0"}],"name":"1_0_0_0","num":452.09999999999997},{"categoryName":"Western","children":[{"num":111.9,"categoryName":"Baltimore_Bullets","children":[{"num":27,"categoryName":"Walt Bellamy","name":"2_26_1_0"},{"num":20.8,"categoryName":"Terry Dischinger","name":"2_26_2_0"},{"num":17.3,"categoryName":"Gus Johnson","name":"2_26_3_0"},{"num":14.4,"categoryName":"Rod Thorn","name":"2_26_4_0"},{"num":10.3,"categoryName":"Si Green","name":"2_26_5_0"},{"num":9.2,"categoryName":"Kevin Loughery","name":"2_26_6_0"},{"num":6.3,"categoryName":"Don Kojis","name":"2_26_7_0"},{"num":5.2,"categoryName":"Bill McGill","name":"2_26_8_0"},{"num":4.5,"categoryName":"Charlie Hardnett","name":"2_26_9_0"},{"num":4.2,"categoryName":"Gene Shue","name":"2_26_10_0"},{"num":3.7,"categoryName":"Barney Cable","name":"2_26_11_0"},{"num":2.7,"categoryName":"Larry Staverman","name":"2_26_12_0"},{"num":2.1,"categoryName":"Larry Comley","name":"2_26_13_0"},{"num":2,"categoryName":"Roger Strickland","name":"2_26_14_0"},{"num":1,"categoryName":"Mel Peterson","name":"2_26_15_0"},{"num":0.8,"categoryName":"Paul Hogue","name":"2_26_16_0"}],"name":"2_26_0_0"},{"num":107.8,"categoryName":"Detroit_Pistons","children":[{"num":21.6,"categoryName":"Bailey Howell","name":"2_21_22_0"},{"num":17.6,"categoryName":"Ray Scott","name":"2_21_32_0"},{"num":17.3,"categoryName":"Don Ohl","name":"2_21_26_0"},{"num":11.1,"categoryName":"Johnny Egan","name":"2_21_33_0"},{"num":11,"categoryName":"Reggie Harding","name":"2_21_38_0"},{"num":10.6,"categoryName":"Bob Ferry","name":"2_21_28_0"},{"num":9.1,"categoryName":"Jackie Moreland","name":"2_21_29_0"},{"num":8.6,"categoryName":"Dave DeBusschere","name":"2_21_34_0"},{"num":8.6,"categoryName":"Donnie Butcher","name":"2_21_39_0"},{"num":8.2,"categoryName":"Willie Jones","name":"2_21_30_0"},{"num":5.7,"categoryName":"Larry Staverman","name":"2_21_40_0"},{"num":5.4,"categoryName":"Eddie Miles","name":"2_21_41_0"},{"num":5.1,"categoryName":"Bob Duffy","name":"2_21_42_0"},{"num":4.8,"categoryName":"Darrall Imhoff","name":"2_21_37_0"},{"num":2,"categoryName":"Kevin Loughery","name":"2_21_35_0"}],"name":"2_21_0_0"},{"num":109.7,"categoryName":"Los_Angeles_Lakers","children":[{"num":28.7,"categoryName":"Jerry West","name":"2_22_2_0"},{"num":25.4,"categoryName":"Elgin Baylor","name":"2_22_1_0"},{"num":18.4,"categoryName":"Dick Barnett","name":"2_22_17_0"},{"num":12.3,"categoryName":"Rudy LaRusso","name":"2_22_3_0"},{"num":6.6,"categoryName":"LeRoy Ellis","name":"2_22_18_0"},{"num":5.5,"categoryName":"Frank Selvy","name":"2_22_5_0"},{"num":5.2,"categoryName":"Don Nelson","name":"2_22_21_0"},{"num":4.9,"categoryName":"Jim Krebs","name":"2_22_7_0"},{"num":4.3,"categoryName":"Gene Wiley","name":"2_22_19_0"},{"num":3.9,"categoryName":"Jim King","name":"2_22_22_0"},{"num":1.7,"categoryName":"Hub Reed","name":"2_22_23_0"},{"num":1.4,"categoryName":"Mel Gibson","name":"2_22_24_0"}],"name":"2_22_0_0"},{"num":107.7,"categoryName":"San_Francisco_Warriors","children":[{"num":36.9,"categoryName":"Wilt Chamberlain","name":"2_25_1_0"},{"num":13.5,"categoryName":"Tom Meschery","name":"2_25_2_0"},{"num":13.2,"categoryName":"Wayne Hightower","name":"2_25_8_0"},{"num":11,"categoryName":"Guy Rodgers","name":"2_25_3_0"},{"num":10.9,"categoryName":"Al Attles","name":"2_25_6_0"},{"num":10,"categoryName":"Gary Phillips","name":"2_25_7_0"},{"num":7,"categoryName":"Nate Thurmond","name":"2_25_17_0"},{"num":5.1,"categoryName":"Gary Hill","name":"2_25_18_0"},{"num":3.3,"categoryName":"Kenny Sears","name":"2_25_11_0"},{"num":3.2,"categoryName":"George Lee","name":"2_25_10_0"},{"num":2.5,"categoryName":"John Windsor","name":"2_25_19_0"}],"name":"2_25_0_0"},{"num":110,"categoryName":"St._Louis_Hawks","children":[{"num":27.4,"categoryName":"Bob Pettit","name":"2_19_1_0"},{"num":18.4,"categoryName":"Cliff Hagan","name":"2_19_18_0"},{"num":13.1,"categoryName":"Zelmo Beaty","name":"2_19_51_0"},{"num":13.1,"categoryName":"Richie Guerin","name":"2_19_60_0"},{"num":12,"categoryName":"Lenny Wilkens","name":"2_19_31_0"},{"num":8.6,"categoryName":"Chico Vaughn","name":"2_19_52_0"},{"num":8.5,"categoryName":"Bill Bridges","name":"2_19_55_0"},{"num":6.6,"categoryName":"John Barnhill","name":"2_19_50_0"},{"num":5.6,"categoryName":"Mike Farmer","name":"2_19_53_0"},{"num":4.1,"categoryName":"Gene Tormohlen","name":"2_19_59_0"},{"num":2.4,"categoryName":"Bevo Nordmann","name":"2_19_57_0"},{"num":1.8,"categoryName":"Gerry Ward","name":"2_19_61_0"},{"num":1,"categoryName":"Bob Duffy","name":"2_19_56_0"},{"num":0,"categoryName":"Ken Rohloff","name":"2_19_62_0"}],"name":"2_19_0_0"}],"name":"2_0_0_0","num":547.0999999999999}],"num":999.1999999999998}