{"year":1961,"name":"root","categoryName":"root","children":[{"categoryName":"Eastern","children":[{"num":121.1,"categoryName":"Boston_Celtics","children":[{"num":22.1,"categoryName":"Tom Heinsohn","name":"1_1_89_0"},{"num":18.9,"categoryName":"Bill Russell","name":"1_1_90_0"},{"num":18.4,"categoryName":"Sam Jones","name":"1_1_93_0"},{"num":15.7,"categoryName":"Bob Cousy","name":"1_1_58_0"},{"num":15.3,"categoryName":"Frank Ramsey","name":"1_1_80_0"},{"num":11.2,"categoryName":"Tom Sanders","name":"1_1_99_0"},{"num":9.2,"categoryName":"K.C. Jones","name":"1_1_95_0"},{"num":6.2,"categoryName":"Al Butler","name":"1_1_100_0"},{"num":5.3,"categoryName":"Jim Loscutoff","name":"1_1_86_0"},{"num":4,"categoryName":"Gary Phillips","name":"1_1_101_0"},{"num":3.7,"categoryName":"Carl Braun","name":"1_1_102_0"},{"num":3.6,"categoryName":"Gene Guarilia","name":"1_1_98_0"}],"name":"1_1_0_0"},{"num":114.8,"categoryName":"New_York_Knicks","children":[{"num":29.5,"categoryName":"Richie Guerin","name":"1_2_73_0"},{"num":25,"categoryName":"Willie Naulls","name":"1_2_72_0"},{"num":15.9,"categoryName":"Johnny Green","name":"1_2_93_0"},{"num":14.7,"categoryName":"Al Butler","name":"1_2_100_0"},{"num":11.9,"categoryName":"Phil Jordon","name":"1_2_76_0"},{"num":6.5,"categoryName":"Dave Budd","name":"1_2_96_0"},{"num":6.4,"categoryName":"Cleveland Buckner","name":"1_2_101_0"},{"num":5.9,"categoryName":"Darrall Imhoff","name":"1_2_99_0"},{"num":4.4,"categoryName":"Sam Stith","name":"1_2_102_0"},{"num":3.4,"categoryName":"Whitey Martin","name":"1_2_103_0"},{"num":3.3,"categoryName":"George Blaney","name":"1_2_104_0"},{"num":2.9,"categoryName":"Donnie Butcher","name":"1_2_105_0"},{"num":2.6,"categoryName":"Bill Smith","name":"1_2_106_0"},{"num":1.9,"categoryName":"Ed Burton","name":"1_2_107_0"},{"num":1.6,"categoryName":"Doug Kistler","name":"1_2_108_0"}],"name":"1_2_0_0"},{"num":125.4,"categoryName":"Philadelphia_Warriors","children":[{"num":50.4,"categoryName":"Wilt Chamberlain","name":"1_3_85_0"},{"num":21.9,"categoryName":"Paul Arizin","name":"1_3_32_0"},{"num":13.7,"categoryName":"Tom Gola","name":"1_3_69_0"},{"num":12.1,"categoryName":"Tom Meschery","name":"1_3_90_0"},{"num":11.3,"categoryName":"Al Attles","name":"1_3_86_0"},{"num":8.2,"categoryName":"Guy Rodgers","name":"1_3_80_0"},{"num":5.4,"categoryName":"York Larese","name":"1_3_91_0"},{"num":4.6,"categoryName":"Ed Conlin","name":"1_3_87_0"},{"num":4.1,"categoryName":"Bob McNeill","name":"1_3_92_0"},{"num":2.4,"categoryName":"Frank Radovich","name":"1_3_93_0"},{"num":2.3,"categoryName":"Joe Ruklick","name":"1_3_88_0"},{"num":2,"categoryName":"Ted Luckenbill","name":"1_3_94_0"}],"name":"1_3_0_0"},{"num":120.7,"categoryName":"Syracuse_Nationals","children":[{"num":22.8,"categoryName":"Hal Greer","name":"1_8_49_0"},{"num":16.9,"categoryName":"Lee Shaffer","name":"1_8_60_0"},{"num":16.7,"categoryName":"Dave Gambee","name":"1_8_54_0"},{"num":16.3,"categoryName":"Red Kerr","name":"1_8_32_0"},{"num":14.7,"categoryName":"Dolph Schayes","name":"1_8_1_0"},{"num":13.8,"categoryName":"Larry Costello","name":"1_8_47_0"},{"num":10.3,"categoryName":"Al Bianchi","name":"1_8_39_0"},{"num":7.7,"categoryName":"Joe Roberts","name":"1_8_57_0"},{"num":6.3,"categoryName":"Swede Halbrook","name":"1_8_56_0"},{"num":6,"categoryName":"Paul Neumann","name":"1_8_61_0"},{"num":5.1,"categoryName":"Joe Graboski","name":"1_8_62_0"},{"num":1.3,"categoryName":"Chuck Osborne","name":"1_8_63_0"}],"name":"1_8_0_0"}],"name":"1_0_0_0","num":481.99999999999994},{"categoryName":"Western","children":[{"num":110.9,"categoryName":"Chicago_Packers","children":[{"num":31.6,"categoryName":"Walt Bellamy","name":"2_23_1_0"},{"num":16.1,"categoryName":"Slick Leonard","name":"2_23_2_0"},{"num":14.3,"categoryName":"Andy Johnson","name":"2_23_3_0"},{"num":13.7,"categoryName":"Barney Cable","name":"2_23_4_0"},{"num":10.4,"categoryName":"Ralph Davis","name":"2_23_5_0"},{"num":6.7,"categoryName":"Horace Walker","name":"2_23_6_0"},{"num":6.7,"categoryName":"Charlie Tyra","name":"2_23_7_0"},{"num":5.5,"categoryName":"Howie Carl","name":"2_23_8_0"},{"num":4.8,"categoryName":"Jack Turner","name":"2_23_9_0"},{"num":4.6,"categoryName":"Dave Piontek","name":"2_23_10_0"},{"num":3.1,"categoryName":"York Larese","name":"2_23_11_0"},{"num":1.3,"categoryName":"George Bon Salle","name":"2_23_12_0"},{"num":0,"categoryName":"Archie Dees","name":"2_23_13_0"},{"num":0,"categoryName":"Woody Sauldsberry","name":"2_23_14_0"},{"num":0,"categoryName":"Joe Graboski","name":"2_23_15_0"},{"num":0,"categoryName":"Si Green","name":"2_23_16_0"},{"num":0,"categoryName":"Vern Hatton","name":"2_23_17_0"}],"name":"2_23_0_0"},{"num":123.1,"categoryName":"Cincinnati_Royals","children":[{"num":30.8,"categoryName":"Oscar Robertson","name":"2_20_24_0"},{"num":22.9,"categoryName":"Jack Twyman","name":"2_20_2_0"},{"num":19.8,"categoryName":"Wayne Embry","name":"2_20_15_0"},{"num":15.8,"categoryName":"Bucky Bockhorn","name":"2_20_17_0"},{"num":13.7,"categoryName":"Bob Boozer","name":"2_20_26_0"},{"num":7.2,"categoryName":"Adrian Smith","name":"2_20_31_0"},{"num":5.9,"categoryName":"Joe Buckhalter","name":"2_20_32_0"},{"num":5.8,"categoryName":"Hub Reed","name":"2_20_29_0"},{"num":2.3,"categoryName":"Bevo Nordmann","name":"2_20_33_0"},{"num":2,"categoryName":"Bob Wiesenhahn","name":"2_20_34_0"},{"num":1.5,"categoryName":"Dave Zeller","name":"2_20_35_0"}],"name":"2_20_0_0"},{"num":115.4,"categoryName":"Detroit_Pistons","children":[{"num":19.9,"categoryName":"Bailey Howell","name":"2_21_22_0"},{"num":19,"categoryName":"Gene Shue","name":"2_21_2_0"},{"num":17,"categoryName":"Don Ohl","name":"2_21_26_0"},{"num":13.9,"categoryName":"Bob Ferry","name":"2_21_28_0"},{"num":13.3,"categoryName":"Ray Scott","name":"2_21_32_0"},{"num":9.4,"categoryName":"Walter Dukes","name":"2_21_4_0"},{"num":7.6,"categoryName":"George Lee","name":"2_21_27_0"},{"num":7.4,"categoryName":"Jackie Moreland","name":"2_21_29_0"},{"num":6.1,"categoryName":"Willie Jones","name":"2_21_30_0"},{"num":5.5,"categoryName":"Johnny Egan","name":"2_21_33_0"},{"num":5.1,"categoryName":"Shellie McMillon","name":"2_21_20_0"},{"num":2.8,"categoryName":"Chuck Noble","name":"2_21_9_0"}],"name":"2_21_0_0"},{"num":118.5,"categoryName":"Los_Angeles_Lakers","children":[{"num":38.3,"categoryName":"Elgin Baylor","name":"2_22_1_0"},{"num":30.8,"categoryName":"Jerry West","name":"2_22_2_0"},{"num":17.2,"categoryName":"Rudy LaRusso","name":"2_22_3_0"},{"num":14.7,"categoryName":"Frank Selvy","name":"2_22_5_0"},{"num":10,"categoryName":"Jim Krebs","name":"2_22_7_0"},{"num":9.1,"categoryName":"Tom Hawkins","name":"2_22_6_0"},{"num":5.5,"categoryName":"Hot Rod Hundley","name":"2_22_4_0"},{"num":5.4,"categoryName":"Ray Felix","name":"2_22_8_0"},{"num":3.9,"categoryName":"Howie Jolliff","name":"2_22_10_0"},{"num":3.3,"categoryName":"Bob Sims","name":"2_22_13_0"},{"num":1.9,"categoryName":"Wayne Yates","name":"2_22_14_0"},{"num":1.8,"categoryName":"Bob McNeill","name":"2_22_15_0"},{"num":0,"categoryName":"Bobby Smith","name":"2_22_16_0"}],"name":"2_22_0_0"},{"num":118.9,"categoryName":"St._Louis_Hawks","children":[{"num":31.1,"categoryName":"Bob Pettit","name":"2_19_1_0"},{"num":22.9,"categoryName":"Cliff Hagan","name":"2_19_18_0"},{"num":20.9,"categoryName":"Clyde Lovellette","name":"2_19_27_0"},{"num":18.2,"categoryName":"Lenny Wilkens","name":"2_19_31_0"},{"num":11.8,"categoryName":"Shellie McMillon","name":"2_19_39_0"},{"num":10,"categoryName":"Barney Cable","name":"2_19_40_0"},{"num":9.7,"categoryName":"Larry Foust","name":"2_19_33_0"},{"num":9.7,"categoryName":"Bob Sims","name":"2_19_41_0"},{"num":7.8,"categoryName":"Fred LaCour","name":"2_19_35_0"},{"num":7.5,"categoryName":"Al Ferrari","name":"2_19_8_0"},{"num":7.1,"categoryName":"Stacey Arceneaux","name":"2_19_42_0"},{"num":5.5,"categoryName":"Cleo Hill","name":"2_19_43_0"},{"num":3.2,"categoryName":"Johnny McCarthy","name":"2_19_32_0"},{"num":2.4,"categoryName":"Jimmy Darrow","name":"2_19_44_0"},{"num":2,"categoryName":"Dick Eichhorst","name":"2_19_45_0"},{"num":1,"categoryName":"Ron Horn","name":"2_19_46_0"},{"num":0,"categoryName":"Archie Dees","name":"2_19_47_0"},{"num":0,"categoryName":"Woody Sauldsberry","name":"2_19_34_0"},{"num":0,"categoryName":"Joe Graboski","name":"2_19_48_0"},{"num":0,"categoryName":"Si Green","name":"2_19_28_0"},{"num":0,"categoryName":"Vern Hatton","name":"2_19_49_0"}],"name":"2_19_0_0"}],"name":"2_0_0_0","num":586.8}],"num":1068.8}