fileName,attr0,attr1,attr2,attr3,attr4,attr5,attr6,attr7,attr8,attr9,attr10,attr11,attr12,attr13,attr14,attr15,attr16,attr17,attr18,attr19,attr20,attr21,attr22,attr23,attr24,attr25,attr26,attr27,attr28,attr29,attr30,attr31,attr32,attr33,attr34,attr35,attr36,attr37,attr38,attr39,attr40,attr41,attr42,attr43,attr44,attr45,attr46,attr47,attr48,attr49,attr50,attr51,attr52,attr53,attr54,attr55,attr56,attr57,attr58,attr59,attr60,attr61,attr62,attr63,attr64,attr65,attr66,attr67,attr68,attr69,attr70,attr71,attr72,attr73,attr74,attr75,attr76,attr77,attr78,attr79,attr80,attr81,attr82,attr83,attr84,attr85,attr86,attr87,attr88,attr89,attr90,attr91,attr92
20120121-R06-81XX.csv,0,533,549,675,692,858,687,689,689,690,691,691,690,465,485,535,539,543,530,550,564,521,537,619,567,642,702,563,720,716,552,702,550,696,837,329,835,421,824,326,817,374,726,766,683,683,683,682,883,680,891,675,879,498,750,589,738,591,761,301,338,581,546,591,787,591,791,591,793,590,793,370,589,775,364,590,775,364,590,789,590,708,803,667,1023,665,1175,665,1189,665,1167,665,1159
20120121-R07-75XX.csv,533,0,448,556,571,777,566,568,568,569,570,570,569,366,386,436,440,444,431,451,465,422,438,520,448,543,603,444,621,617,433,603,431,597,738,214,736,302,725,213,718,261,627,667,562,562,562,561,794,559,802,554,790,379,651,468,639,470,662,232,237,462,447,470,688,470,692,470,694,469,694,257,468,676,251,469,676,251,469,690,469,589,860,548,924,546,1076,546,1090,546,1068,546,1060
20120121-R07-77XX.csv,549,448,0,590,607,793,602,604,604,605,606,606,605,382,402,452,456,460,447,467,481,438,454,536,482,559,619,478,637,633,467,619,465,613,754,244,752,336,741,241,734,289,643,679,598,598,598,597,810,595,818,590,806,413,667,504,655,506,678,248,219,496,463,506,704,506,708,506,710,505,710,285,504,692,279,505,692,279,505,702,505,623,876,582,936,580,1088,580,1102,580,1080,580,1072
20120121-R08-76XX.csv,675,556,590,0,713,919,708,710,710,711,712,712,711,508,528,578,582,586,573,593,607,564,580,662,590,685,745,586,763,759,575,745,573,739,880,354,878,444,867,353,860,405,769,809,704,704,704,703,936,701,944,696,932,521,793,610,781,612,804,374,379,598,589,612,830,612,834,612,836,611,836,393,610,818,387,611,818,387,611,832,611,731,1002,690,1066,688,1218,688,1232,688,1210,688,1202
20120122-R05-72XX.csv,692,571,607,713,0,936,29,81,81,82,83,83,82,525,545,595,599,603,590,610,624,581,597,679,589,702,762,585,780,776,530,762,528,756,897,369,895,451,884,368,877,392,786,826,87,87,87,86,953,88,961,87,949,252,810,189,798,191,821,391,396,619,606,193,847,193,851,193,853,192,853,414,191,835,408,192,835,408,192,849,192,632,1019,597,1083,595,1235,595,1249,595,1227,595,1219
20120122-R05-73XX.csv,858,777,793,919,936,0,931,933,933,934,935,935,934,665,677,755,759,759,750,766,776,745,757,847,811,870,938,807,948,944,796,926,794,924,1065,573,1071,665,1060,570,1053,618,970,1010,927,927,927,926,813,924,821,919,817,742,870,833,858,835,881,577,582,825,720,835,907,835,911,835,913,834,913,614,833,895,608,834,895,608,834,909,834,952,1097,911,1267,909,1419,909,1433,909,1411,909,1403
20120123-R05-72XX.csv,687,566,602,708,29,931,0,64,64,65,66,66,65,520,540,590,594,598,585,605,619,576,592,674,584,697,757,580,775,771,525,757,523,751,892,364,890,446,879,363,872,387,781,821,78,78,82,81,948,83,956,82,944,247,805,184,793,186,816,386,391,614,601,188,842,188,846,188,848,187,848,409,186,830,403,187,830,403,187,844,187,627,1014,592,1078,590,1230,590,1244,590,1222,590,1214
20120124-R05-72XX.csv,689,568,604,710,81,933,64,0,0,51,52,52,51,522,542,592,596,600,587,607,621,578,594,676,586,699,759,582,777,773,527,759,525,753,894,366,892,448,881,365,874,389,783,823,64,64,68,79,950,81,958,84,946,249,807,186,795,188,818,388,393,616,603,190,844,190,848,190,850,189,850,411,188,832,405,189,832,405,189,846,189,629,1016,594,1080,592,1232,592,1246,592,1224,592,1216
20120125-R05-72XX.csv,689,568,604,710,81,933,64,0,0,51,52,52,51,522,542,592,596,600,587,607,621,578,594,676,586,699,759,582,777,773,527,759,525,753,894,366,892,448,881,365,874,389,783,823,64,64,68,79,950,81,958,84,946,249,807,186,795,188,818,388,393,616,603,190,844,190,848,190,850,189,850,411,188,832,405,189,832,405,189,846,189,629,1016,594,1080,592,1232,592,1246,592,1224,592,1216
20120126-R05-72XX.csv,690,569,605,711,82,934,65,51,51,0,1,1,0,523,543,593,597,601,588,608,622,579,595,677,587,700,760,583,778,774,528,760,526,754,895,367,893,449,882,366,875,390,784,824,13,13,17,28,951,30,959,35,947,200,808,137,796,137,819,389,394,617,604,139,845,139,849,139,851,138,851,412,139,833,406,140,833,406,140,847,140,628,1017,593,1081,593,1233,593,1247,593,1225,593,1217
20120127-R05-72XX.csv,691,570,606,712,83,935,66,52,52,1,0,0,1,524,544,594,598,602,589,609,623,580,596,678,588,701,761,584,779,775,529,761,527,755,896,368,894,450,883,367,876,391,785,825,12,12,16,29,952,31,960,36,948,201,809,138,797,138,820,390,395,618,605,140,846,140,850,140,852,139,852,413,140,834,407,141,834,407,141,848,141,629,1018,594,1082,594,1234,594,1248,594,1226,594,1218
20120128-R05-72XX.csv,691,570,606,712,83,935,66,52,52,1,0,0,1,524,544,594,598,602,589,609,623,580,596,678,588,701,761,584,779,775,529,761,527,755,896,368,894,450,883,367,876,391,785,825,12,12,16,29,952,31,960,36,948,201,809,138,797,138,820,390,395,618,605,140,846,140,850,140,852,139,852,413,140,834,407,141,834,407,141,848,141,629,1018,594,1082,594,1234,594,1248,594,1226,594,1218
20120129-R05-72XX.csv,690,569,605,711,82,934,65,51,51,0,1,1,0,523,543,593,597,601,588,608,622,579,595,677,587,700,760,583,778,774,528,760,526,754,895,367,893,449,882,366,875,390,784,824,13,13,17,28,951,30,959,35,947,200,808,137,796,137,819,389,394,617,604,139,845,139,849,139,851,138,851,412,139,833,406,140,833,406,140,847,140,628,1017,593,1081,593,1233,593,1247,593,1225,593,1217
20120601-R05-73XX.csv,465,366,382,508,525,665,520,522,522,523,524,524,523,0,88,198,194,202,205,225,227,210,220,390,400,409,489,396,495,491,385,477,383,471,612,162,628,254,617,159,610,207,547,595,516,516,516,515,706,513,714,508,702,331,579,422,567,424,590,166,171,414,379,424,616,424,620,424,622,423,622,203,422,604,197,423,604,197,423,618,423,541,760,500,856,498,1008,498,1022,498,1000,498,992
20120602-R05-73XX.csv,485,386,402,528,545,677,540,542,542,543,544,544,543,88,0,190,186,202,213,229,235,218,224,410,420,429,509,416,515,511,405,497,403,491,632,182,648,274,637,179,630,227,567,615,536,536,536,535,698,533,706,528,698,351,575,442,563,444,590,186,191,434,395,444,616,444,620,444,622,443,622,223,442,608,217,443,608,217,443,622,443,561,780,520,876,518,1028,518,1042,518,1020,518,1012
20120603-R05-73XX.csv,535,436,452,578,595,755,590,592,592,593,594,594,593,198,190,0,64,76,91,115,125,186,188,448,470,471,547,466,561,557,455,543,453,537,678,232,690,324,679,229,672,277,617,661,586,586,586,585,740,583,748,578,736,401,621,492,609,494,640,236,241,484,449,494,666,494,670,494,672,493,672,273,492,658,267,493,658,267,493,672,493,611,850,570,914,568,1066,568,1080,568,1058,568,1050
20120605-R05-73XX.csv,539,440,456,582,599,759,594,596,596,597,598,598,597,194,186,64,0,72,95,115,125,190,192,452,474,471,551,470,561,553,459,547,457,533,674,236,694,328,683,233,676,281,621,669,590,590,590,589,736,587,744,582,732,405,617,496,605,498,636,240,245,488,449,498,662,498,666,498,668,497,668,277,496,654,271,497,654,271,497,668,497,615,850,574,918,572,1070,572,1084,572,1062,572,1054
20120606-R05-73XX.csv,543,444,460,586,603,759,598,600,600,601,602,602,601,202,202,76,72,0,99,115,121,194,196,452,478,471,555,474,561,553,463,547,461,533,674,240,698,332,687,237,680,285,625,673,594,594,594,593,744,591,752,586,740,409,613,500,601,502,636,244,249,492,449,502,662,502,666,502,668,501,668,281,500,654,275,501,654,275,501,676,501,619,854,578,922,576,1074,576,1088,576,1066,576,1058
20120607-R05-73XX.csv,530,431,447,573,590,750,585,587,587,588,589,589,588,205,213,91,95,99,0,80,94,159,161,441,465,464,540,461,554,550,450,536,448,530,671,227,683,319,672,224,665,272,610,644,581,581,581,580,743,578,751,573,739,396,596,487,584,489,615,231,236,479,436,489,633,489,637,489,639,488,639,268,487,633,262,488,633,262,488,671,488,606,853,565,905,563,1057,563,1071,563,1049,563,1041
20120608-R05-73XX.csv,550,451,467,593,610,766,605,607,607,608,609,609,608,225,229,115,115,115,80,0,102,179,173,461,485,480,560,481,570,566,470,556,468,546,687,247,703,339,692,244,685,292,630,660,601,601,601,600,755,598,763,593,751,416,584,507,572,509,599,251,256,499,444,509,621,509,625,509,627,508,627,288,507,617,282,508,617,282,508,679,508,626,869,585,925,583,1077,583,1091,583,1069,583,1061
20120609-R05-73XX.csv,564,465,481,607,624,776,619,621,621,622,623,623,622,227,235,125,125,121,94,102,0,169,171,471,499,490,570,495,580,576,484,562,482,556,697,261,717,353,706,258,699,306,644,682,615,615,615,614,773,612,781,607,769,430,630,521,618,523,621,265,270,513,458,523,643,523,647,523,649,522,649,302,521,639,296,522,639,296,522,697,522,640,875,599,939,597,1091,597,1105,597,1083,597,1075
20120610-R05-73XX.csv,521,422,438,564,581,745,576,578,578,579,580,580,579,210,218,186,190,194,159,179,169,0,90,432,456,455,535,452,553,549,441,535,439,529,670,218,678,310,667,215,660,263,601,639,572,572,572,571,750,569,758,564,746,387,603,478,591,480,606,222,227,470,431,480,628,480,632,480,634,479,634,259,478,600,253,479,600,253,479,570,479,597,848,556,904,554,1056,554,1070,554,1048,554,1040
20120611-R05-73XX.csv,537,438,454,580,597,757,592,594,594,595,596,596,595,220,224,188,192,196,161,173,171,90,0,438,472,457,541,468,555,551,457,541,455,531,672,234,688,326,677,231,670,279,615,655,588,588,588,587,754,585,762,580,750,403,607,494,595,496,610,238,243,486,447,496,632,496,636,496,638,495,638,275,494,600,269,495,600,269,495,616,495,613,860,572,920,570,1072,570,1086,570,1064,570,1056
20120612-R05-73XX.csv,619,520,536,662,679,847,674,676,676,677,678,678,677,390,410,448,452,452,441,461,471,432,438,0,554,103,371,550,377,381,539,423,537,479,620,316,704,408,693,313,686,361,651,677,670,670,670,669,868,667,876,662,864,485,729,576,717,578,740,320,325,568,533,578,766,578,770,578,772,577,772,357,576,754,351,577,754,351,577,764,577,695,918,654,990,652,1142,652,1156,652,1134,652,1126
20120613-R05-72XX.csv,567,448,482,590,589,811,584,586,586,587,588,588,587,400,420,470,474,478,465,485,499,456,472,554,0,577,637,20,655,651,173,637,171,631,772,240,770,320,759,243,752,295,661,701,580,580,580,579,828,577,836,572,824,409,685,486,673,488,696,266,271,496,481,488,722,488,726,488,728,487,728,289,486,710,283,487,710,283,487,724,487,609,894,568,958,566,1110,566,1124,566,1102,566,1094
20120613-R05-73XX.csv,642,543,559,685,702,870,697,699,699,700,701,701,700,409,429,471,471,471,464,480,490,455,457,103,577,0,372,573,374,378,562,424,560,480,613,339,715,431,704,336,697,384,674,700,693,693,693,692,887,690,895,685,883,508,748,599,736,601,763,343,348,591,556,601,789,601,793,601,795,600,795,380,599,773,374,600,773,374,600,783,600,718,929,677,1021,675,1173,675,1187,675,1165,675,1157
20120614-R05-73XX.csv,702,603,619,745,762,938,757,759,759,760,761,761,760,489,509,547,551,555,540,560,570,535,541,371,637,372,0,633,26,38,622,84,620,136,337,399,767,491,756,396,749,444,734,820,753,753,753,752,955,750,963,745,951,568,812,659,800,661,823,403,408,651,616,661,849,661,853,661,855,660,855,440,659,837,434,660,837,434,660,851,660,778,993,737,1089,735,1241,735,1255,735,1233,735,1225
20120615-R05-72XX.csv,563,444,478,586,585,807,580,582,582,583,584,584,583,396,416,466,470,474,461,481,495,452,468,550,20,573,633,0,651,647,157,633,167,627,768,236,766,316,755,239,748,291,657,697,576,576,576,575,824,573,832,568,820,405,681,482,669,484,692,262,267,492,477,484,718,484,722,484,724,483,724,285,482,706,279,483,706,279,483,720,483,605,890,564,954,562,1106,562,1120,562,1098,562,1090
20120615-R05-73XX.csv,720,621,637,763,780,948,775,777,777,778,779,779,778,495,515,561,561,561,554,570,580,553,555,377,655,374,26,651,0,28,640,82,638,138,335,417,785,509,774,414,767,462,752,834,771,771,771,770,973,768,981,763,969,586,830,677,818,679,841,421,426,669,634,679,867,679,871,679,873,678,873,458,677,855,452,678,855,452,678,869,678,796,999,755,1107,753,1259,753,1273,753,1251,753,1243
20120616-R05-73XX.csv,716,617,633,759,776,944,771,773,773,774,775,775,774,491,511,557,553,553,550,566,576,549,551,381,651,378,38,647,28,0,636,70,634,126,323,413,781,505,770,410,763,458,748,830,767,767,767,766,965,764,973,759,961,582,822,673,810,675,833,417,422,665,630,675,859,675,863,675,865,674,865,454,673,847,448,674,847,448,674,861,674,792,1003,751,1103,749,1255,749,1269,749,1247,749,1239
20120617-R05-72XX.csv,552,433,467,575,530,796,525,527,527,528,529,529,528,385,405,455,459,463,450,470,484,441,457,539,173,562,622,157,640,636,0,622,30,616,757,223,755,297,744,226,737,210,646,686,521,521,521,520,813,518,821,513,809,368,670,427,658,429,681,251,256,481,466,429,707,429,711,429,713,428,713,274,427,695,268,428,695,268,428,709,428,550,879,521,943,519,1095,519,1109,519,1087,519,1079
20120617-R05-73XX.csv,702,603,619,745,762,926,757,759,759,760,761,761,760,477,497,543,547,547,536,556,562,535,541,423,637,424,84,633,82,70,622,0,620,88,285,399,739,491,724,396,721,444,726,812,753,753,753,752,955,750,963,745,951,568,812,659,800,661,823,403,408,651,616,661,849,661,853,661,855,660,855,440,659,837,434,660,837,434,660,851,660,778,989,737,1085,735,1241,735,1255,735,1233,735,1225
20120618-R05-72XX.csv,550,431,465,573,528,794,523,525,525,526,527,527,526,383,403,453,457,461,448,468,482,439,455,537,171,560,620,167,638,634,30,620,0,614,755,221,753,295,742,224,735,208,644,684,519,519,519,518,811,516,819,511,807,366,668,425,656,427,679,249,254,479,464,427,705,427,709,427,711,426,711,272,425,693,266,426,693,266,426,707,426,548,877,519,941,517,1093,517,1107,517,1085,517,1077
20120618-R05-73XX.csv,696,597,613,739,756,924,751,753,753,754,755,755,754,471,491,537,533,533,530,546,556,529,531,479,631,480,136,627,138,126,616,88,614,0,217,393,729,485,714,390,711,438,720,806,747,747,747,746,941,744,949,739,941,562,802,653,790,655,813,397,402,645,610,655,839,655,843,655,845,654,845,434,653,827,428,654,827,428,654,841,654,772,983,731,1075,729,1231,729,1245,729,1223,729,1215
20120619-R05-73XX.csv,837,738,754,880,897,1065,892,894,894,895,896,896,895,612,632,678,674,674,671,687,697,670,672,620,772,613,337,768,335,323,757,285,755,217,0,534,562,626,583,531,580,579,657,947,888,888,888,887,1082,885,1090,880,1078,703,939,794,927,796,954,538,543,786,751,796,980,796,984,796,986,795,986,575,794,964,569,795,964,569,795,978,795,913,1124,872,1212,870,1368,870,1382,870,1360,870,1352
20120621-R05-72XX.csv,329,214,244,354,369,573,364,366,366,367,368,368,367,162,182,232,236,240,227,247,261,218,234,316,240,339,399,236,417,413,223,399,221,393,534,0,532,92,521,3,514,57,423,463,360,360,360,359,590,357,598,352,586,179,447,266,435,268,458,28,33,260,243,268,484,268,488,268,490,267,490,53,266,472,47,267,472,47,267,486,267,385,656,344,720,342,872,342,886,342,864,342,856
20120621-R05-73XX.csv,835,736,752,878,895,1071,890,892,892,893,894,894,893,628,648,690,694,698,683,703,717,678,688,704,770,715,767,766,785,781,755,739,753,729,562,532,0,624,185,529,230,577,543,953,886,886,886,885,1092,883,1100,878,1088,701,949,792,937,794,960,536,541,784,749,794,986,794,990,794,992,793,992,573,792,974,567,793,974,567,793,988,793,911,1118,870,1202,868,1358,868,1372,868,1350,868,1342
20120622-R05-72XX.csv,421,302,336,444,451,665,446,448,448,449,450,450,449,254,274,324,328,332,319,339,353,310,326,408,320,431,491,316,509,505,297,491,295,485,626,92,624,0,613,95,606,141,515,555,442,442,442,441,682,439,690,434,678,261,539,348,527,350,550,120,125,350,335,350,576,350,580,350,582,349,582,143,348,564,137,349,564,137,349,578,349,471,748,430,812,428,964,428,978,428,956,428,948
20120622-R05-73XX.csv,824,725,741,867,884,1060,879,881,881,882,883,883,882,617,637,679,683,687,672,692,706,667,677,693,759,704,756,755,774,770,744,724,742,714,583,521,185,613,0,518,121,566,434,938,875,875,875,874,1081,872,1089,867,1077,690,938,781,926,783,949,525,530,773,738,783,975,783,979,783,981,782,981,562,781,963,556,782,963,556,782,977,782,900,1115,859,1155,857,1319,857,1333,857,1311,857,1303
20120623-R05-72XX.csv,326,213,241,353,368,570,363,365,365,366,367,367,366,159,179,229,233,237,224,244,258,215,231,313,243,336,396,239,414,410,226,396,224,390,531,3,529,95,518,0,511,54,420,460,359,359,359,358,587,356,595,351,583,176,444,265,432,267,455,25,30,259,240,267,481,267,485,267,487,266,487,52,265,469,46,266,469,46,266,483,266,384,653,343,717,341,869,341,883,341,861,341,853
20120623-R05-73XX.csv,817,718,734,860,877,1053,872,874,874,875,876,876,875,610,630,672,676,680,665,685,699,660,670,686,752,697,749,748,767,763,737,721,735,711,580,514,230,606,121,511,0,559,427,935,868,868,868,867,1074,865,1082,860,1070,683,931,774,919,776,942,518,523,766,731,776,968,776,972,776,974,775,974,555,774,956,549,775,956,549,775,970,775,893,1108,852,1152,850,1316,850,1330,850,1308,850,1300
20120625-R05-72XX.csv,374,261,289,405,392,618,387,389,389,390,391,391,390,207,227,277,281,285,272,292,306,263,279,361,295,384,444,291,462,458,210,444,208,438,579,57,577,141,566,54,559,0,468,508,383,383,383,382,635,380,643,375,631,212,492,289,480,291,503,73,78,311,288,291,529,291,533,291,535,290,535,104,289,517,98,290,517,98,290,531,290,396,701,367,765,365,917,365,931,365,909,365,901
20120625-R05-73XX.csv,726,627,643,769,786,970,781,783,783,784,785,785,784,547,567,617,621,625,610,630,644,601,615,651,661,674,734,657,752,748,646,726,644,720,657,423,543,515,434,420,427,468,0,852,777,777,777,776,987,774,995,769,983,592,844,683,832,685,855,427,432,675,640,685,881,685,885,685,887,684,887,464,683,869,458,684,869,458,684,883,684,802,1041,761,1033,759,1197,759,1211,759,1189,759,1181
20120729-R05-73XX.csv,766,667,679,809,826,1010,821,823,823,824,825,825,824,595,615,661,669,673,644,660,682,639,655,677,701,700,820,697,834,830,686,812,684,806,947,463,953,555,938,460,935,508,852,0,817,817,817,816,1019,814,1027,809,1015,632,820,723,808,725,819,467,472,715,668,725,829,725,833,725,835,724,835,504,723,833,498,724,833,498,724,795,724,842,1057,801,1089,799,1245,799,1255,799,1237,799,1233
20121210-R05-72XX.csv,683,562,598,704,87,927,78,64,64,13,12,12,13,516,536,586,590,594,581,601,615,572,588,670,580,693,753,576,771,767,521,753,519,747,888,360,886,442,875,359,868,383,777,817,0,0,4,21,944,23,952,28,940,193,801,130,789,130,812,382,387,610,597,132,838,132,842,132,844,131,844,405,132,826,399,133,826,399,133,840,133,621,1010,586,1074,586,1226,586,1240,586,1218,586,1210
20121211-R05-72XX.csv,683,562,598,704,87,927,78,64,64,13,12,12,13,516,536,586,590,594,581,601,615,572,588,670,580,693,753,576,771,767,521,753,519,747,888,360,886,442,875,359,868,383,777,817,0,0,4,21,944,23,952,28,940,193,801,130,789,130,812,382,387,610,597,132,838,132,842,132,844,131,844,405,132,826,399,133,826,399,133,840,133,621,1010,586,1074,586,1226,586,1240,586,1218,586,1210
20121212-R05-72XX.csv,683,562,598,704,87,927,82,68,68,17,16,16,17,516,536,586,590,594,581,601,615,572,588,670,580,693,753,576,771,767,521,753,519,747,888,360,886,442,875,359,868,383,777,817,4,4,0,17,944,19,952,24,940,193,801,130,789,130,812,382,387,610,597,132,838,132,842,132,844,131,844,405,132,826,399,133,826,399,133,840,133,621,1010,586,1074,586,1226,586,1240,586,1218,586,1210
20121217-R05-72XX.csv,682,561,597,703,86,926,81,79,79,28,29,29,28,515,535,585,589,593,580,600,614,571,587,669,579,692,752,575,770,766,520,752,518,746,887,359,885,441,874,358,867,382,776,816,21,21,17,0,943,2,951,23,939,192,800,129,788,129,811,381,386,609,596,131,837,131,841,131,843,130,843,404,131,825,398,132,825,398,132,839,132,620,1009,585,1073,585,1225,585,1239,585,1217,585,1209
20121217-R05-73XX.csv,883,794,810,936,953,813,948,950,950,951,952,952,951,706,698,740,736,744,743,755,773,750,754,868,828,887,955,824,973,965,813,955,811,941,1082,590,1092,682,1081,587,1074,635,987,1019,944,944,944,943,0,941,8,936,32,759,677,850,689,852,788,594,599,842,711,852,814,852,818,852,820,851,820,631,850,806,625,851,806,625,851,820,851,969,1166,928,1284,926,1436,926,1450,926,1428,926,1420
20121218-R05-72XX.csv,680,559,595,701,88,924,83,81,81,30,31,31,30,513,533,583,587,591,578,598,612,569,585,667,577,690,750,573,768,764,518,750,516,744,885,357,883,439,872,356,865,380,774,814,23,23,19,2,941,0,949,21,937,190,798,127,786,127,809,379,384,607,594,129,835,129,839,129,841,128,841,402,129,823,396,130,823,396,130,837,130,618,1007,583,1071,583,1223,583,1237,583,1215,583,1207
20121218-R05-73XX.csv,891,802,818,944,961,821,956,958,958,959,960,960,959,714,706,748,744,752,751,763,781,758,762,876,836,895,963,832,981,973,821,963,819,949,1090,598,1100,690,1089,595,1082,643,995,1027,952,952,952,951,8,949,0,944,32,767,685,858,697,860,796,602,607,850,719,860,818,860,818,860,820,859,820,639,858,814,633,859,814,633,859,824,859,977,1174,936,1292,934,1444,934,1458,934,1436,934,1428
20121220-R05-72XX.csv,675,554,590,696,87,919,82,84,84,35,36,36,35,508,528,578,582,586,573,593,607,564,580,662,572,685,745,568,763,759,513,745,511,739,880,352,878,434,867,351,860,375,769,809,28,28,24,23,936,21,944,0,932,185,793,122,781,124,804,374,379,602,589,126,830,126,834,126,836,125,836,397,124,818,391,125,818,391,125,832,125,615,1002,580,1066,578,1218,578,1232,578,1210,578,1202
20121220-R05-73XX.csv,879,790,806,932,949,817,944,946,946,947,948,948,947,702,698,736,732,740,739,751,769,746,750,864,824,883,951,820,969,961,809,951,807,941,1078,586,1088,678,1077,583,1070,631,983,1015,940,940,940,939,32,937,32,932,0,755,673,846,685,848,784,590,595,838,707,848,810,848,810,848,812,847,812,627,846,802,621,847,802,621,847,816,847,965,1162,924,1272,922,1424,922,1438,922,1416,922,1408
20121222-R05-72XX.csv,498,379,413,521,252,742,247,249,249,200,201,201,200,331,351,401,405,409,396,416,430,387,403,485,409,508,568,405,586,582,368,568,366,562,703,179,701,261,690,176,683,212,592,632,193,193,193,192,759,190,767,185,755,0,616,91,604,93,627,197,202,427,412,95,653,95,657,95,659,94,659,222,93,641,216,94,641,216,94,655,94,524,825,487,889,485,1041,485,1055,485,1033,485,1025
20121222-R05-73XX.csv,750,651,667,793,810,870,805,807,807,808,809,809,808,579,575,621,617,613,596,584,630,603,607,729,685,748,812,681,830,822,670,812,668,802,939,447,949,539,938,444,931,492,844,820,801,801,801,800,677,798,685,793,673,616,0,707,12,709,151,451,456,699,256,709,165,709,169,709,171,708,171,488,707,173,482,708,173,482,708,573,708,826,1065,785,1117,783,1269,783,1283,783,1261,783,1253
20121223-R05-72XX.csv,589,468,504,610,189,833,184,186,186,137,138,138,137,422,442,492,496,500,487,507,521,478,494,576,486,599,659,482,677,673,427,659,425,653,794,266,792,348,781,265,774,289,683,723,130,130,130,129,850,127,858,122,846,91,707,0,695,2,718,288,293,516,503,24,744,24,748,24,750,23,750,311,22,732,305,23,732,305,23,746,23,529,916,494,980,492,1132,492,1146,492,1124,492,1116
20121223-R05-73XX.csv,738,639,655,781,798,858,793,795,795,796,797,797,796,567,563,609,605,601,584,572,618,591,595,717,673,736,800,669,818,810,658,800,656,790,927,435,937,527,926,432,919,480,832,808,789,789,789,788,689,786,697,781,685,604,12,695,0,697,139,439,444,687,244,697,153,697,157,697,159,696,159,476,695,161,470,696,161,470,696,561,696,814,1053,773,1105,771,1257,771,1271,771,1249,771,1241
20121224-R05-72XX.csv,591,470,506,612,191,835,186,188,188,137,138,138,137,424,444,494,498,502,489,509,523,480,496,578,488,601,661,484,679,675,429,661,427,655,796,268,794,350,783,267,776,291,685,725,130,130,130,129,852,127,860,124,848,93,709,2,697,0,720,290,295,518,505,22,746,22,750,22,752,23,752,313,24,734,307,23,734,307,23,748,23,529,918,494,982,494,1134,494,1148,494,1126,494,1118
20130101-R05-73XX.csv,761,662,678,804,821,881,816,818,818,819,820,820,819,590,590,640,636,636,615,599,621,606,610,740,696,763,823,692,841,833,681,823,679,813,954,458,960,550,949,455,942,503,855,819,812,812,812,811,788,809,796,804,784,627,151,718,139,720,0,462,467,710,215,720,30,720,34,720,32,719,32,499,718,34,493,719,34,493,719,556,719,837,1076,796,1128,794,1280,794,1294,794,1272,794,1264
20130101-R06-81XX.csv,301,232,248,374,391,577,386,388,388,389,390,390,389,166,186,236,240,244,231,251,265,222,238,320,266,343,403,262,421,417,251,403,249,397,538,28,536,120,525,25,518,73,427,467,382,382,382,381,594,379,602,374,590,197,451,288,439,290,462,0,37,280,247,290,488,290,492,290,494,289,494,69,288,476,63,289,476,63,289,490,289,407,656,366,724,364,876,364,890,364,868,364,860
20130101-R07-77XX.csv,338,237,219,379,396,582,391,393,393,394,395,395,394,171,191,241,245,249,236,256,270,227,243,325,271,348,408,267,426,422,256,408,254,402,543,33,541,125,530,30,523,78,432,472,387,387,387,386,599,384,607,379,595,202,456,293,444,295,467,37,0,285,252,295,493,295,497,295,499,294,499,74,293,481,68,294,481,68,294,495,294,412,665,371,729,369,881,369,895,369,873,369,865
20130101-R08-76XX.csv,581,462,496,598,619,825,614,616,616,617,618,618,617,414,434,484,488,492,479,499,513,470,486,568,496,591,651,492,669,665,481,651,479,645,786,260,784,350,773,259,766,311,675,715,610,610,610,609,842,607,850,602,838,427,699,516,687,518,710,280,285,0,495,518,736,518,740,518,742,517,742,211,516,724,217,517,724,217,517,738,517,625,908,596,972,594,1124,594,1138,594,1116,594,1108
20130102-R05-73XX.csv,546,447,463,589,606,720,601,603,603,604,605,605,604,379,395,449,449,449,436,444,458,431,447,533,481,556,616,477,634,630,466,616,464,610,751,243,749,335,738,240,731,288,640,668,597,597,597,596,711,594,719,589,707,412,256,503,244,505,215,247,252,495,0,505,241,505,245,505,247,504,247,284,503,233,278,504,233,278,504,529,504,622,869,581,929,579,1081,579,1095,579,1073,579,1065
20130103-R05-72XX.csv,591,470,506,612,193,835,188,190,190,139,140,140,139,424,444,494,498,502,489,509,523,480,496,578,488,601,661,484,679,675,429,661,427,655,796,268,794,350,783,267,776,291,685,725,132,132,132,131,852,129,860,126,848,95,709,24,697,22,720,290,295,518,505,0,746,12,750,12,752,17,752,313,22,734,307,21,734,307,21,748,21,529,918,494,982,494,1134,494,1148,494,1126,494,1118
20130103-R05-73XX.csv,787,688,704,830,847,907,842,844,844,845,846,846,845,616,616,666,662,662,633,621,643,628,632,766,722,789,849,718,867,859,707,849,705,839,980,484,986,576,975,481,968,529,881,829,838,838,838,837,814,835,818,830,810,653,165,744,153,746,30,488,493,736,241,746,0,746,4,746,6,745,6,525,744,52,519,745,52,519,745,574,745,863,1102,822,1150,820,1306,820,1316,820,1294,820,1290
20130104-R05-72XX.csv,591,470,506,612,193,835,188,190,190,139,140,140,139,424,444,494,498,502,489,509,523,480,496,578,488,601,661,484,679,675,429,661,427,655,796,268,794,350,783,267,776,291,685,725,132,132,132,131,852,129,860,126,848,95,709,24,697,22,720,290,295,518,505,12,746,0,750,12,752,17,752,313,22,734,307,21,734,307,21,748,21,529,918,494,982,494,1134,494,1148,494,1126,494,1118
20130104-R05-73XX.csv,791,692,708,834,851,911,846,848,848,849,850,850,849,620,620,670,666,666,637,625,647,632,636,770,726,793,853,722,871,863,711,853,709,843,984,488,990,580,979,485,972,533,885,833,842,842,842,841,818,839,818,834,810,657,169,748,157,750,34,492,497,740,245,750,4,750,0,750,2,749,2,529,748,56,523,749,56,523,749,578,749,867,1106,826,1154,824,1310,824,1320,824,1298,824,1294
20130105-R05-72XX.csv,591,470,506,612,193,835,188,190,190,139,140,140,139,424,444,494,498,502,489,509,523,480,496,578,488,601,661,484,679,675,429,661,427,655,796,268,794,350,783,267,776,291,685,725,132,132,132,131,852,129,860,126,848,95,709,24,697,22,720,290,295,518,505,12,746,12,750,0,752,17,752,313,22,734,307,21,734,307,21,748,21,529,918,494,982,494,1134,494,1148,494,1126,494,1118
20130105-R05-73XX.csv,793,694,710,836,853,913,848,850,850,851,852,852,851,622,622,672,668,668,639,627,649,634,638,772,728,795,855,724,873,865,713,855,711,845,986,490,992,582,981,487,974,535,887,835,844,844,844,843,820,841,820,836,812,659,171,750,159,752,32,494,499,742,247,752,6,752,2,752,0,751,0,531,750,54,525,751,54,525,751,580,751,869,1108,828,1156,826,1312,826,1322,826,1300,826,1296
20130106-R05-72XX.csv,590,469,505,611,192,834,187,189,189,138,139,139,138,423,443,493,497,501,488,508,522,479,495,577,487,600,660,483,678,674,428,660,426,654,795,267,793,349,782,266,775,290,684,724,131,131,131,130,851,128,859,125,847,94,708,23,696,23,719,289,294,517,504,17,745,17,749,17,751,0,751,312,21,733,306,22,733,306,22,747,22,528,917,493,981,493,1133,493,1147,493,1125,493,1117
20130106-R05-73XX.csv,793,694,710,836,853,913,848,850,850,851,852,852,851,622,622,672,668,668,639,627,649,634,638,772,728,795,855,724,873,865,713,855,711,845,986,490,992,582,981,487,974,535,887,835,844,844,844,843,820,841,820,836,812,659,171,750,159,752,32,494,499,742,247,752,6,752,2,752,0,751,0,531,750,54,525,751,54,525,751,580,751,869,1108,828,1156,826,1312,826,1322,826,1300,826,1296
20130107-R08-76XX.csv,370,257,285,393,414,614,409,411,411,412,413,413,412,203,223,273,277,281,268,288,302,259,275,357,289,380,440,285,458,454,274,440,272,434,575,53,573,143,562,52,555,104,464,504,405,405,405,404,631,402,639,397,627,222,488,311,476,313,499,69,74,211,284,313,525,313,529,313,531,312,531,0,311,513,6,312,513,6,312,527,312,430,697,389,761,387,913,387,927,387,905,387,897
20130108-R05-72XX.csv,589,468,504,610,191,833,186,188,188,139,140,140,139,422,442,492,496,500,487,507,521,478,494,576,486,599,659,482,677,673,427,659,425,653,794,266,792,348,781,265,774,289,683,723,132,132,132,131,850,129,858,124,846,93,707,22,695,24,718,288,293,516,503,22,744,22,748,22,750,21,750,311,0,732,305,1,732,305,1,746,1,529,916,494,980,492,1132,492,1146,492,1124,492,1116
20130108-R05-73XX.csv,775,676,692,818,835,895,830,832,832,833,834,834,833,604,608,658,654,654,633,617,639,600,600,754,710,773,837,706,855,847,695,837,693,827,964,472,974,564,963,469,956,517,869,833,826,826,826,825,806,823,814,818,802,641,173,732,161,734,34,476,481,724,233,734,52,734,56,734,54,733,54,513,732,0,507,733,0,507,733,538,733,851,1090,810,1142,808,1294,808,1308,808,1286,808,1278
20130108-R08-76XX.csv,364,251,279,387,408,608,403,405,405,406,407,407,406,197,217,267,271,275,262,282,296,253,269,351,283,374,434,279,452,448,268,434,266,428,569,47,567,137,556,46,549,98,458,498,399,399,399,398,625,396,633,391,621,216,482,305,470,307,493,63,68,217,278,307,519,307,523,307,525,306,525,6,305,507,0,306,507,0,306,521,306,424,691,383,755,381,907,381,921,381,899,381,891
20130109-R05-72XX.csv,590,469,505,611,192,834,187,189,189,140,141,141,140,423,443,493,497,501,488,508,522,479,495,577,487,600,660,483,678,674,428,660,426,654,795,267,793,349,782,266,775,290,684,724,133,133,133,132,851,130,859,125,847,94,708,23,696,23,719,289,294,517,504,21,745,21,749,21,751,22,751,312,1,733,306,0,733,306,0,747,0,530,917,495,981,493,1133,493,1147,493,1125,493,1117
20130109-R05-73XX.csv,775,676,692,818,835,895,830,832,832,833,834,834,833,604,608,658,654,654,633,617,639,600,600,754,710,773,837,706,855,847,695,837,693,827,964,472,974,564,963,469,956,517,869,833,826,826,826,825,806,823,814,818,802,641,173,732,161,734,34,476,481,724,233,734,52,734,56,734,54,733,54,513,732,0,507,733,0,507,733,538,733,851,1090,810,1142,808,1294,808,1308,808,1286,808,1278
20130109-R08-76XX.csv,364,251,279,387,408,608,403,405,405,406,407,407,406,197,217,267,271,275,262,282,296,253,269,351,283,374,434,279,452,448,268,434,266,428,569,47,567,137,556,46,549,98,458,498,399,399,399,398,625,396,633,391,621,216,482,305,470,307,493,63,68,217,278,307,519,307,523,307,525,306,525,6,305,507,0,306,507,0,306,521,306,424,691,383,755,381,907,381,921,381,899,381,891
20130110-R05-72XX.csv,590,469,505,611,192,834,187,189,189,140,141,141,140,423,443,493,497,501,488,508,522,479,495,577,487,600,660,483,678,674,428,660,426,654,795,267,793,349,782,266,775,290,684,724,133,133,133,132,851,130,859,125,847,94,708,23,696,23,719,289,294,517,504,21,745,21,749,21,751,22,751,312,1,733,306,0,733,306,0,747,0,530,917,495,981,493,1133,493,1147,493,1125,493,1117
20130110-R05-73XX.csv,789,690,702,832,849,909,844,846,846,847,848,848,847,618,622,672,668,676,671,679,697,570,616,764,724,783,851,720,869,861,709,851,707,841,978,486,988,578,977,483,970,531,883,795,840,840,840,839,820,837,824,832,816,655,573,746,561,748,556,490,495,738,529,748,574,748,578,748,580,747,580,527,746,538,521,747,538,521,747,0,747,865,1068,824,1104,822,1260,822,1270,822,1248,822,1244
20130111-R05-72XX.csv,590,469,505,611,192,834,187,189,189,140,141,141,140,423,443,493,497,501,488,508,522,479,495,577,487,600,660,483,678,674,428,660,426,654,795,267,793,349,782,266,775,290,684,724,133,133,133,132,851,130,859,125,847,94,708,23,696,23,719,289,294,517,504,21,745,21,749,21,751,22,751,312,1,733,306,0,733,306,0,747,0,530,917,495,981,493,1133,493,1147,493,1125,493,1117
20130508-R05-72XX.csv,708,589,623,731,632,952,627,629,629,628,629,629,628,541,561,611,615,619,606,626,640,597,613,695,609,718,778,605,796,792,550,778,548,772,913,385,911,471,900,384,893,396,802,842,621,621,621,620,969,618,977,615,965,524,826,529,814,529,837,407,412,625,622,529,863,529,867,529,869,528,869,430,529,851,424,530,851,424,530,865,530,0,1035,595,1099,595,1251,595,1265,595,1243,595,1235
20130508-R05-73XX.csv,803,860,876,1002,1019,1097,1014,1016,1016,1017,1018,1018,1017,760,780,850,850,854,853,869,875,848,860,918,894,929,993,890,999,1003,879,989,877,983,1124,656,1118,748,1115,653,1108,701,1041,1057,1010,1010,1010,1009,1166,1007,1174,1002,1162,825,1065,916,1053,918,1076,656,665,908,869,918,1102,918,1106,918,1108,917,1108,697,916,1090,691,917,1090,691,917,1068,917,1035,0,994,1326,992,1478,992,1492,992,1470,992,1462
20130801-R05-72XX.csv,667,548,582,690,597,911,592,594,594,593,594,594,593,500,520,570,574,578,565,585,599,556,572,654,568,677,737,564,755,751,521,737,519,731,872,344,870,430,859,343,852,367,761,801,586,586,586,585,928,583,936,580,924,487,785,494,773,494,796,366,371,596,581,494,822,494,826,494,828,493,828,389,494,810,383,495,810,383,495,824,495,595,994,0,1058,18,1210,18,1224,18,1202,18,1194
20130801-R05-73XX.csv,1023,924,936,1066,1083,1267,1078,1080,1080,1081,1082,1082,1081,856,876,914,918,922,905,925,939,904,920,990,958,1021,1089,954,1107,1103,943,1085,941,1075,1212,720,1202,812,1155,717,1152,765,1033,1089,1074,1074,1074,1073,1284,1071,1292,1066,1272,889,1117,980,1105,982,1128,724,729,972,929,982,1150,982,1154,982,1156,981,1156,761,980,1142,755,981,1142,755,981,1104,981,1099,1326,1058,0,1056,194,1056,184,1056,182,1056,246
20130802-R05-72XX.csv,665,546,580,688,595,909,590,592,592,593,594,594,593,498,518,568,572,576,563,583,597,554,570,652,566,675,735,562,753,749,519,735,517,729,870,342,868,428,857,341,850,365,759,799,586,586,586,585,926,583,934,578,922,485,783,492,771,494,794,364,369,594,579,494,820,494,824,494,826,493,826,387,492,808,381,493,808,381,493,822,493,595,992,18,1056,0,1208,0,1222,16,1200,16,1192
20130802-R05-73XX.csv,1175,1076,1088,1218,1235,1419,1230,1232,1232,1233,1234,1234,1233,1008,1028,1066,1070,1074,1057,1077,1091,1056,1072,1142,1110,1173,1241,1106,1259,1255,1095,1241,1093,1231,1368,872,1358,964,1319,869,1316,917,1197,1245,1226,1226,1226,1225,1436,1223,1444,1218,1424,1041,1269,1132,1257,1134,1280,876,881,1124,1081,1134,1306,1134,1310,1134,1312,1133,1312,913,1132,1294,907,1133,1294,907,1133,1260,1133,1251,1478,1210,194,1208,0,1208,14,1208,20,1208,84
20130803-R05-72XX.csv,665,546,580,688,595,909,590,592,592,593,594,594,593,498,518,568,572,576,563,583,597,554,570,652,566,675,735,562,753,749,519,735,517,729,870,342,868,428,857,341,850,365,759,799,586,586,586,585,926,583,934,578,922,485,783,492,771,494,794,364,369,594,579,494,820,494,824,494,826,493,826,387,492,808,381,493,808,381,493,822,493,595,992,18,1056,0,1208,0,1222,16,1200,16,1192
20130803-R05-73XX.csv,1189,1090,1102,1232,1249,1433,1244,1246,1246,1247,1248,1248,1247,1022,1042,1080,1084,1088,1071,1091,1105,1070,1086,1156,1124,1187,1255,1120,1273,1269,1109,1255,1107,1245,1382,886,1372,978,1333,883,1330,931,1211,1255,1240,1240,1240,1239,1450,1237,1458,1232,1438,1055,1283,1146,1271,1148,1294,890,895,1138,1095,1148,1316,1148,1320,1148,1322,1147,1322,927,1146,1308,921,1147,1308,921,1147,1270,1147,1265,1492,1224,184,1222,14,1222,0,1222,26,1222,94
20130804-R05-72XX.csv,665,546,580,688,595,909,590,592,592,593,594,594,593,498,518,568,572,576,563,583,597,554,570,652,566,675,735,562,753,749,519,735,517,729,870,342,868,428,857,341,850,365,759,799,586,586,586,585,926,583,934,578,922,485,783,492,771,494,794,364,369,594,579,494,820,494,824,494,826,493,826,387,492,808,381,493,808,381,493,822,493,595,992,18,1056,16,1208,16,1222,0,1200,0,1192
20130804-R05-73XX.csv,1167,1068,1080,1210,1227,1411,1222,1224,1224,1225,1226,1226,1225,1000,1020,1058,1062,1066,1049,1069,1083,1048,1064,1134,1102,1165,1233,1098,1251,1247,1087,1233,1085,1223,1360,864,1350,956,1311,861,1308,909,1189,1237,1218,1218,1218,1217,1428,1215,1436,1210,1416,1033,1261,1124,1249,1126,1272,868,873,1116,1073,1126,1294,1126,1298,1126,1300,1125,1300,905,1124,1286,899,1125,1286,899,1125,1248,1125,1243,1470,1202,182,1200,20,1200,26,1200,0,1200,68
20130805-R05-72XX.csv,665,546,580,688,595,909,590,592,592,593,594,594,593,498,518,568,572,576,563,583,597,554,570,652,566,675,735,562,753,749,519,735,517,729,870,342,868,428,857,341,850,365,759,799,586,586,586,585,926,583,934,578,922,485,783,492,771,494,794,364,369,594,579,494,820,494,824,494,826,493,826,387,492,808,381,493,808,381,493,822,493,595,992,18,1056,16,1208,16,1222,0,1200,0,1192
20130805-R05-73XX.csv,1159,1060,1072,1202,1219,1403,1214,1216,1216,1217,1218,1218,1217,992,1012,1050,1054,1058,1041,1061,1075,1040,1056,1126,1094,1157,1225,1090,1243,1239,1079,1225,1077,1215,1352,856,1342,948,1303,853,1300,901,1181,1233,1210,1210,1210,1209,1420,1207,1428,1202,1408,1025,1253,1116,1241,1118,1264,860,865,1108,1065,1118,1290,1118,1294,1118,1296,1117,1296,897,1116,1278,891,1117,1278,891,1117,1244,1117,1235,1462,1194,246,1192,84,1192,94,1192,68,1192,0
